[2026-09-13 19:33:16] Local assets and memory preflight passed; importing runtime
/fact_data/xinyaowang/vllm-omni-pi05-numerical-fixes/vllm_omni/__init__.py:19: RuntimeWarning: Failed to import version from _version.py: No module named 'vllm_omni._version'
This typically happens in development mode before building.
Using fallback version 'dev'.
  from .version import __version__, __version_tuple__  # isort:skip # noqa: F401
WARNING 09-13 19:35:18 [patch.py:165] Monkey-patched unregister_vllm_metrics() to scope drops to non-omni vllm:* collectors. Remove this patch once vLLM adds _STAT_LOGGER_METRIC_NAMES.
==WARNING== Note: Running with unmodified GPU clocks. If not controlled otherwise, profiling results may be inconsistent.
==PROF== Connected to process 2728813 (/usr/bin/python3.12)
[2026-09-13 19:36:11] Initializing pipeline with local tokenizer and checkpoint
INFO 09-13 19:36:13 [modeling_pi05.py:1911] pi0.5: no action normalization stats on config.norm_stats; returned actions are in the model's normalized space.
[2026-09-13 19:36:13] Streaming real checkpoint tensors into model
INFO 09-13 19:36:17 [modeling_pi05.py:4572] pi0.5 load_weights: 812 tensors loaded, 0 skipped, 0 missing.
[2026-09-13 19:36:17] All checkpoint parameters loaded
[2026-09-13 19:36:20] Pipeline initialized on GPU
[2026-09-13 19:36:20] Validated input cameras: {'provided_keys': ['observation.images.base_0_rgb', 'observation.images.left_wrist_0_rgb', 'observation.images.right_wrist_0_rgb'], 'required_keys': ['observation.images.base_0_rgb', 'observation.images.left_wrist_0_rgb', 'observation.images.right_wrist_0_rgb'], 'matched_camera_count': 3, 'all_requested_cameras_present': True, 'image_masks': [True, True, True], 'prefix_metadata': {'prefix_valid_len': 918, 'prefix_masks_contiguous': True}, 'language_valid_tokens': 150}
[2026-09-13 19:36:20] Optimized backend warmup, Triton compilation and graph capture
2026-09-13T19:37:11+08:00 Fingerprinting actual model parameters before profiling
2026-09-13T19:37:22+08:00 Warming VLM/expert/combined scopes and checking production replay
2026-09-13T19:37:24+08:00 NCU: all VLA kernels with VLM/Action Expert attribution
==PROF== Profiling "triton_poi_fused__to_copy_con..." - 0: 0%....50%....100% - 3 passes
==PROF== Profiling "nchwToNhwcKernel" - 1: 0%....50%....100% - 3 passes
==PROF== Profiling "nchwToNhwcKernel" - 2: 0%....50%....100% - 3 passes
==PROF== Profiling "Kernel" - 3: 0%....50%....100% - 3 passes
==PROF== Profiling "nhwcToNchwKernel" - 4: 0%....50%....100% - 3 passes
==PROF== Profiling "triton_red_fused__to_copy_add..." - 5: 0%....50%....100% - 3 passes
==PROF== Profiling "triton_per_fused__to_copy_add..." - 6: 0%....50%....100% - 3 passes
==PROF== Profiling "triton_poi_fused__to_copy_add..." - 7: 0%....50%....100% - 3 passes
==PROF== Profiling "nvjet_sm110_tst_128x128_64x6_..." - 8: 0%....50%....100% - 3 passes
==PROF== Profiling "nvjet_sm110_tst_128x128_64x6_..." - 9: 0%....50%....100% - 3 passes
==PROF== Profiling "nvjet_sm110_tst_128x128_64x6_..." - 10: 0%....50%....100% - 3 passes
==PROF== Profiling "flash_fwd_kernel" - 11: 0%....50%....100% - 3 passes
==PROF== Profiling "nvjet_sm110_tst_128x128_64x6_..." - 12: 0%....50%....100% - 3 passes
==PROF== Profiling "triton_red_fused__to_copy_add..." - 13: 0%....50%....100% - 3 passes
==PROF== Profiling "nvjet_sm110_tst_224x128_64x7_..." - 14: 0%....50%....100% - 3 passes
==PROF== Profiling "triton_poi_fused_gelu_view_5" - 15: 0%....50%....100% - 3 passes
==PROF== Profiling "nvjet_sm110_tst_144x128_64x6_..." - 16: 0%....50%....100% - 3 passes
==PROF== Profiling "triton_red_fused_add_native_l..." - 17: 0%....50%....100% - 3 passes
==PROF== Profiling "nvjet_sm110_tst_128x128_64x6_..." - 18: 0%....50%....100% - 3 passes
==PROF== Profiling "nvjet_sm110_tst_128x128_64x6_..." - 19: 0%....50%....100% - 3 passes
==PROF== Profiling "nvjet_sm110_tst_128x128_64x6_..." - 20: 0%....50%....100% - 3 passes
==PROF== Profiling "flash_fwd_kernel" - 21: 0%....50%....100% - 3 passes
==PROF== Profiling "nvjet_sm110_tst_128x128_64x6_..." - 22: 0%....50%....100% - 3 passes
==PROF== Profiling "triton_red_fused_add_native_l..." - 23: 0%....50%....100% - 3 passes
==PROF== Profiling "nvjet_sm110_tst_224x128_64x7_..." - 24: 0%....50%....100% - 3 passes
==PROF== Profiling "triton_poi_fused_gelu_view_5" - 25: 0%....50%....100% - 3 passes
==PROF== Profiling "nvjet_sm110_tst_144x128_64x6_..." - 26: 0%....50%....100% - 3 passes
==PROF== Profiling "triton_red_fused_add_native_l..." - 27: 0%....50%....100% - 3 passes
==PROF== Profiling "nvjet_sm110_tst_128x128_64x6_..." - 28: 0%....50%....100% - 3 passes
==PROF== Profiling "nvjet_sm110_tst_128x128_64x6_..." - 29: 0%....50%....100% - 3 passes
==PROF== Profiling "nvjet_sm110_tst_128x128_64x6_..." - 30: 0%....50%....100% - 3 passes
==PROF== Profiling "flash_fwd_kernel" - 31: 0%....50%....100% - 3 passes
==PROF== Profiling "nvjet_sm110_tst_128x128_64x6_..." - 32: 0%....50%....100% - 3 passes
==PROF== Profiling "triton_red_fused_add_native_l..." - 33: 0%....50%....100% - 3 passes
==PROF== Profiling "nvjet_sm110_tst_224x128_64x7_..." - 34: 0%....50%....100% - 3 passes
==PROF== Profiling "triton_poi_fused_gelu_view_5" - 35: 0%....50%....100% - 3 passes
==PROF== Profiling "nvjet_sm110_tst_144x128_64x6_..." - 36: 0%....50%....100% - 3 passes
==PROF== Profiling "triton_red_fused_add_native_l..." - 37: 0%....50%....100% - 3 passes
==PROF== Profiling "nvjet_sm110_tst_128x128_64x6_..." - 38: 0%....50%....100% - 3 passes
==PROF== Profiling "nvjet_sm110_tst_128x128_64x6_..." - 39: 0%....50%....100% - 3 passes
==PROF== Profiling "nvjet_sm110_tst_128x128_64x6_..." - 40: 0%....50%....100% - 3 passes
==PROF== Profiling "flash_fwd_kernel" - 41: 0%....50%....100% - 3 passes
==PROF== Profiling "nvjet_sm110_tst_128x128_64x6_..." - 42: 0%....50%....100% - 3 passes
==PROF== Profiling "triton_red_fused_add_native_l..." - 43: 0%....50%....100% - 3 passes
==PROF== Profiling "nvjet_sm110_tst_224x128_64x7_..." - 44: 0%....50%....100% - 3 passes
==PROF== Profiling "triton_poi_fused_gelu_view_5" - 45: 0%....50%....100% - 3 passes
==PROF== Profiling "nvjet_sm110_tst_144x128_64x6_..." - 46: 0%....50%....100% - 3 passes
==PROF== Profiling "triton_red_fused_add_native_l..." - 47: 0%....50%....100% - 3 passes
==PROF== Profiling "nvjet_sm110_tst_128x128_64x6_..." - 48: 0%....50%....100% - 3 passes
==PROF== Profiling "nvjet_sm110_tst_128x128_64x6_..." - 49: 0%....50%....100% - 3 passes
==PROF== Profiling "nvjet_sm110_tst_128x128_64x6_..." - 50: 0%....50%....100% - 3 passes
==PROF== Profiling "flash_fwd_kernel" - 51: 0%....50%....100% - 3 passes
==PROF== Profiling "nvjet_sm110_tst_128x128_64x6_..." - 52: 0%....50%....100% - 3 passes
==PROF== Profiling "triton_red_fused_add_native_l..." - 53: 0%....50%....100% - 3 passes
==PROF== Profiling "nvjet_sm110_tst_224x128_64x7_..." - 54: 0%....50%....100% - 3 passes
==PROF== Profiling "triton_poi_fused_gelu_view_5" - 55: 0%....50%....100% - 3 passes
==PROF== Profiling "nvjet_sm110_tst_144x128_64x6_..." - 56: 0%....50%....100% - 3 passes
==PROF== Profiling "triton_red_fused_add_native_l..." - 57: 0%....50%....100% - 3 passes
==PROF== Profiling "nvjet_sm110_tst_128x128_64x6_..." - 58: 0%....50%....100% - 3 passes
==PROF== Profiling "nvjet_sm110_tst_128x128_64x6_..." - 59: 0%....50%....100% - 3 passes
==PROF== Profiling "nvjet_sm110_tst_128x128_64x6_..." - 60: 0%....50%....100% - 3 passes
==PROF== Profiling "flash_fwd_kernel" - 61: 0%....50%....100% - 3 passes
==PROF== Profiling "nvjet_sm110_tst_128x128_64x6_..." - 62: 0%....50%....100% - 3 passes
==PROF== Profiling "triton_red_fused_add_native_l..." - 63: 0%....50%....100% - 3 passes
==PROF== Profiling "nvjet_sm110_tst_224x128_64x7_..." - 64: 0%....50%....100% - 3 passes
==PROF== Profiling "triton_poi_fused_gelu_view_5" - 65: 0%....50%....100% - 3 passes
==PROF== Profiling "nvjet_sm110_tst_144x128_64x6_..." - 66: 0%....50%....100% - 3 passes
==PROF== Profiling "triton_red_fused_add_native_l..." - 67: 0%....50%....100% - 3 passes
==PROF== Profiling "nvjet_sm110_tst_128x128_64x6_..." - 68: 0%....50%....100% - 3 passes
==PROF== Profiling "nvjet_sm110_tst_128x128_64x6_..." - 69: 0%....50%....100% - 3 passes
==PROF== Profiling "nvjet_sm110_tst_128x128_64x6_..." - 70: 0%....50%....100% - 3 passes
==PROF== Profiling "flash_fwd_kernel" - 71: 0%....50%....100% - 3 passes
==PROF== Profiling "nvjet_sm110_tst_128x128_64x6_..." - 72: 0%....50%....100% - 3 passes
==PROF== Profiling "triton_red_fused_add_native_l..." - 73: 0%....50%....100% - 3 passes
==PROF== Profiling "nvjet_sm110_tst_224x128_64x7_..." - 74: 0%....50%....100% - 3 passes
==PROF== Profiling "triton_poi_fused_gelu_view_5" - 75: 0%....50%....100% - 3 passes
==PROF== Profiling "nvjet_sm110_tst_144x128_64x6_..." - 76: 0%....50%....100% - 3 passes
==PROF== Profiling "triton_red_fused_add_native_l..." - 77: 0%....50%....100% - 3 passes
==PROF== Profiling "nvjet_sm110_tst_128x128_64x6_..." - 78: 0%....50%....100% - 3 passes
==PROF== Profiling "nvjet_sm110_tst_128x128_64x6_..." - 79: 0%....50%....100% - 3 passes
==PROF== Profiling "nvjet_sm110_tst_128x128_64x6_..." - 80: 0%....50%....100% - 3 passes
==PROF== Profiling "flash_fwd_kernel" - 81: 0%....50%....100% - 3 passes
==PROF== Profiling "nvjet_sm110_tst_128x128_64x6_..." - 82: 0%....50%....100% - 3 passes
==PROF== Profiling "triton_red_fused_add_native_l..." - 83: 0%....50%....100% - 3 passes
==PROF== Profiling "nvjet_sm110_tst_224x128_64x7_..." - 84: 0%....50%....100% - 3 passes
==PROF== Profiling "triton_poi_fused_gelu_view_5" - 85: 0%....50%....100% - 3 passes
==PROF== Profiling "nvjet_sm110_tst_144x128_64x6_..." - 86: 0%....50%....100% - 3 passes
==PROF== Profiling "triton_red_fused_add_native_l..." - 87: 0%....50%....100% - 3 passes
==PROF== Profiling "nvjet_sm110_tst_128x128_64x6_..." - 88: 0%....50%....100% - 3 passes
==PROF== Profiling "nvjet_sm110_tst_128x128_64x6_..." - 89: 0%....50%....100% - 3 passes
==PROF== Profiling "nvjet_sm110_tst_128x128_64x6_..." - 90: 0%....50%....100% - 3 passes
==PROF== Profiling "flash_fwd_kernel" - 91: 0%....50%....100% - 3 passes
==PROF== Profiling "nvjet_sm110_tst_128x128_64x6_..." - 92: 0%....50%....100% - 3 passes
==PROF== Profiling "triton_red_fused_add_native_l..." - 93: 0%....50%....100% - 3 passes
==PROF== Profiling "nvjet_sm110_tst_224x128_64x7_..." - 94: 0%....50%....100% - 3 passes
==PROF== Profiling "triton_poi_fused_gelu_view_5" - 95: 0%....50%....100% - 3 passes
==PROF== Profiling "nvjet_sm110_tst_144x128_64x6_..." - 96: 0%....50%....100% - 3 passes
==PROF== Profiling "triton_red_fused_add_native_l..." - 97: 0%....50%....100% - 3 passes
==PROF== Profiling "nvjet_sm110_tst_128x128_64x6_..." - 98: 0%....50%....100% - 3 passes
==PROF== Profiling "nvjet_sm110_tst_128x128_64x6_..." - 99: 0%....50%....100% - 3 passes
==PROF== Profiling "nvjet_sm110_tst_128x128_64x6_..." - 100: 0%....50%....100% - 3 passes
==PROF== Profiling "flash_fwd_kernel" - 101: 0%....50%....100% - 3 passes
==PROF== Profiling "nvjet_sm110_tst_128x128_64x6_..." - 102: 0%....50%....100% - 3 passes
==PROF== Profiling "triton_red_fused_add_native_l..." - 103: 0%....50%....100% - 3 passes
==PROF== Profiling "nvjet_sm110_tst_224x128_64x7_..." - 104: 0%....50%....100% - 3 passes
==PROF== Profiling "triton_poi_fused_gelu_view_5" - 105: 0%....50%....100% - 3 passes
==PROF== Profiling "nvjet_sm110_tst_144x128_64x6_..." - 106: 0%....50%....100% - 3 passes
==PROF== Profiling "triton_red_fused_add_native_l..." - 107: 0%....50%....100% - 3 passes
==PROF== Profiling "nvjet_sm110_tst_128x128_64x6_..." - 108: 0%....50%....100% - 3 passes
==PROF== Profiling "nvjet_sm110_tst_128x128_64x6_..." - 109: 0%....50%....100% - 3 passes
==PROF== Profiling "nvjet_sm110_tst_128x128_64x6_..." - 110: 0%....50%....100% - 3 passes
==PROF== Profiling "flash_fwd_kernel" - 111: 0%....50%....100% - 3 passes
==PROF== Profiling "nvjet_sm110_tst_128x128_64x6_..." - 112: 0%....50%....100% - 3 passes
==PROF== Profiling "triton_red_fused_add_native_l..." - 113: 0%....50%....100% - 3 passes
==PROF== Profiling "nvjet_sm110_tst_224x128_64x7_..." - 114: 0%....50%....100% - 3 passes
==PROF== Profiling "triton_poi_fused_gelu_view_5" - 115: 0%....50%....100% - 3 passes
==PROF== Profiling "nvjet_sm110_tst_144x128_64x6_..." - 116: 0%....50%....100% - 3 passes
==PROF== Profiling "triton_red_fused_add_native_l..." - 117: 0%....50%....100% - 3 passes
==PROF== Profiling "nvjet_sm110_tst_128x128_64x6_..." - 118: 0%....50%....100% - 3 passes
==PROF== Profiling "nvjet_sm110_tst_128x128_64x6_..." - 119: 0%....50%....100% - 3 passes
==PROF== Profiling "nvjet_sm110_tst_128x128_64x6_..." - 120: 0%....50%....100% - 3 passes
==PROF== Profiling "flash_fwd_kernel" - 121: 0%....50%....100% - 3 passes
==PROF== Profiling "nvjet_sm110_tst_128x128_64x6_..." - 122: 0%....50%....100% - 3 passes
==PROF== Profiling "triton_red_fused_add_native_l..." - 123: 0%....50%....100% - 3 passes
==PROF== Profiling "nvjet_sm110_tst_224x128_64x7_..." - 124: 0%....50%....100% - 3 passes
==PROF== Profiling "triton_poi_fused_gelu_view_5" - 125: 0%....50%....100% - 3 passes
==PROF== Profiling "nvjet_sm110_tst_144x128_64x6_..." - 126: 0%....50%....100% - 3 passes
==PROF== Profiling "triton_red_fused_add_native_l..." - 127: 0%....50%....100% - 3 passes
==PROF== Profiling "nvjet_sm110_tst_128x128_64x6_..." - 128: 0%....50%....100% - 3 passes
==PROF== Profiling "nvjet_sm110_tst_128x128_64x6_..." - 129: 0%....50%....100% - 3 passes
==PROF== Profiling "nvjet_sm110_tst_128x128_64x6_..." - 130: 0%....50%....100% - 3 passes
==PROF== Profiling "flash_fwd_kernel" - 131: 0%....50%....100% - 3 passes
==PROF== Profiling "nvjet_sm110_tst_128x128_64x6_..." - 132: 0%....50%....100% - 3 passes
==PROF== Profiling "triton_red_fused_add_native_l..." - 133: 0%....50%....100% - 3 passes
==PROF== Profiling "nvjet_sm110_tst_224x128_64x7_..." - 134: 0%....50%....100% - 3 passes
==PROF== Profiling "triton_poi_fused_gelu_view_5" - 135: 0%....50%....100% - 3 passes
==PROF== Profiling "nvjet_sm110_tst_144x128_64x6_..." - 136: 0%....50%....100% - 3 passes
==PROF== Profiling "triton_red_fused_add_native_l..." - 137: 0%....50%....100% - 3 passes
==PROF== Profiling "nvjet_sm110_tst_128x128_64x6_..." - 138: 0%....50%....100% - 3 passes
==PROF== Profiling "nvjet_sm110_tst_128x128_64x6_..." - 139: 0%....50%....100% - 3 passes
==PROF== Profiling "nvjet_sm110_tst_128x128_64x6_..." - 140: 0%....50%....100% - 3 passes
==PROF== Profiling "flash_fwd_kernel" - 141: 0%....50%....100% - 3 passes
==PROF== Profiling "nvjet_sm110_tst_128x128_64x6_..." - 142: 0%....50%....100% - 3 passes
==PROF== Profiling "triton_red_fused_add_native_l..." - 143: 0%....50%....100% - 3 passes
==PROF== Profiling "nvjet_sm110_tst_224x128_64x7_..." - 144: 0%....50%....100% - 3 passes
==PROF== Profiling "triton_poi_fused_gelu_view_5" - 145: 0%....50%....100% - 3 passes
==PROF== Profiling "nvjet_sm110_tst_144x128_64x6_..." - 146: 0%....50%....100% - 3 passes
==PROF== Profiling "triton_red_fused_add_native_l..." - 147: 0%....50%....100% - 3 passes
==PROF== Profiling "nvjet_sm110_tst_128x128_64x6_..." - 148: 0%....50%....100% - 3 passes
==PROF== Profiling "nvjet_sm110_tst_128x128_64x6_..." - 149: 0%....50%....100% - 3 passes
==PROF== Profiling "nvjet_sm110_tst_128x128_64x6_..." - 150: 0%....50%....100% - 3 passes
==PROF== Profiling "flash_fwd_kernel" - 151: 0%....50%....100% - 3 passes
==PROF== Profiling "nvjet_sm110_tst_128x128_64x6_..." - 152: 0%....50%....100% - 3 passes
==PROF== Profiling "triton_red_fused_add_native_l..." - 153: 0%....50%....100% - 3 passes
==PROF== Profiling "nvjet_sm110_tst_224x128_64x7_..." - 154: 0%....50%....100% - 3 passes
==PROF== Profiling "triton_poi_fused_gelu_view_5" - 155: 0%....50%....100% - 3 passes
==PROF== Profiling "nvjet_sm110_tst_144x128_64x6_..." - 156: 0%....50%....100% - 3 passes
==PROF== Profiling "triton_red_fused_add_native_l..." - 157: 0%....50%....100% - 3 passes
==PROF== Profiling "nvjet_sm110_tst_128x128_64x6_..." - 158: 0%....50%....100% - 3 passes
==PROF== Profiling "nvjet_sm110_tst_128x128_64x6_..." - 159: 0%....50%....100% - 3 passes
==PROF== Profiling "nvjet_sm110_tst_128x128_64x6_..." - 160: 0%....50%....100% - 3 passes
==PROF== Profiling "flash_fwd_kernel" - 161: 0%....50%....100% - 3 passes
==PROF== Profiling "nvjet_sm110_tst_128x128_64x6_..." - 162: 0%....50%....100% - 3 passes
==PROF== Profiling "triton_red_fused_add_native_l..." - 163: 0%....50%....100% - 3 passes
==PROF== Profiling "nvjet_sm110_tst_224x128_64x7_..." - 164: 0%....50%....100% - 3 passes
==PROF== Profiling "triton_poi_fused_gelu_view_5" - 165: 0%....50%....100% - 3 passes
==PROF== Profiling "nvjet_sm110_tst_144x128_64x6_..." - 166: 0%....50%....100% - 3 passes
==PROF== Profiling "triton_red_fused_add_native_l..." - 167: 0%....50%....100% - 3 passes
==PROF== Profiling "nvjet_sm110_tst_128x128_64x6_..." - 168: 0%....50%....100% - 3 passes
==PROF== Profiling "nvjet_sm110_tst_128x128_64x6_..." - 169: 0%....50%....100% - 3 passes
==PROF== Profiling "nvjet_sm110_tst_128x128_64x6_..." - 170: 0%....50%....100% - 3 passes
==PROF== Profiling "flash_fwd_kernel" - 171: 0%....50%....100% - 3 passes
==PROF== Profiling "nvjet_sm110_tst_128x128_64x6_..." - 172: 0%....50%....100% - 3 passes
==PROF== Profiling "triton_red_fused_add_native_l..." - 173: 0%....50%....100% - 3 passes
==PROF== Profiling "nvjet_sm110_tst_224x128_64x7_..." - 174: 0%....50%....100% - 3 passes
==PROF== Profiling "triton_poi_fused_gelu_view_5" - 175: 0%....50%....100% - 3 passes
==PROF== Profiling "nvjet_sm110_tst_144x128_64x6_..." - 176: 0%....50%....100% - 3 passes
==PROF== Profiling "triton_red_fused_add_native_l..." - 177: 0%....50%....100% - 3 passes
==PROF== Profiling "nvjet_sm110_tst_128x128_64x6_..." - 178: 0%....50%....100% - 3 passes
==PROF== Profiling "nvjet_sm110_tst_128x128_64x6_..." - 179: 0%....50%....100% - 3 passes
==PROF== Profiling "nvjet_sm110_tst_128x128_64x6_..." - 180: 0%....50%....100% - 3 passes
==PROF== Profiling "flash_fwd_kernel" - 181: 0%....50%....100% - 3 passes
==PROF== Profiling "nvjet_sm110_tst_128x128_64x6_..." - 182: 0%....50%....100% - 3 passes
==PROF== Profiling "triton_red_fused_add_native_l..." - 183: 0%....50%....100% - 3 passes
==PROF== Profiling "nvjet_sm110_tst_224x128_64x7_..." - 184: 0%....50%....100% - 3 passes
==PROF== Profiling "triton_poi_fused_gelu_view_5" - 185: 0%....50%....100% - 3 passes
==PROF== Profiling "nvjet_sm110_tst_144x128_64x6_..." - 186: 0%....50%....100% - 3 passes
==PROF== Profiling "triton_red_fused_add_native_l..." - 187: 0%....50%....100% - 3 passes
==PROF== Profiling "nvjet_sm110_tst_128x128_64x6_..." - 188: 0%....50%....100% - 3 passes
==PROF== Profiling "nvjet_sm110_tst_128x128_64x6_..." - 189: 0%....50%....100% - 3 passes
==PROF== Profiling "nvjet_sm110_tst_128x128_64x6_..." - 190: 0%....50%....100% - 3 passes
==PROF== Profiling "flash_fwd_kernel" - 191: 0%....50%....100% - 3 passes
==PROF== Profiling "nvjet_sm110_tst_128x128_64x6_..." - 192: 0%....50%....100% - 3 passes
==PROF== Profiling "triton_red_fused_add_native_l..." - 193: 0%....50%....100% - 3 passes
==PROF== Profiling "nvjet_sm110_tst_224x128_64x7_..." - 194: 0%....50%....100% - 3 passes
==PROF== Profiling "triton_poi_fused_gelu_view_5" - 195: 0%....50%....100% - 3 passes
==PROF== Profiling "nvjet_sm110_tst_144x128_64x6_..." - 196: 0%....50%....100% - 3 passes
==PROF== Profiling "triton_red_fused_add_native_l..." - 197: 0%....50%....100% - 3 passes
==PROF== Profiling "nvjet_sm110_tst_128x128_64x6_..." - 198: 0%....50%....100% - 3 passes
==PROF== Profiling "nvjet_sm110_tst_128x128_64x6_..." - 199: 0%....50%....100% - 3 passes
==PROF== Profiling "nvjet_sm110_tst_128x128_64x6_..." - 200: 0%....50%....100% - 3 passes
==PROF== Profiling "flash_fwd_kernel" - 201: 0%....50%....100% - 3 passes
==PROF== Profiling "nvjet_sm110_tst_128x128_64x6_..." - 202: 0%....50%....100% - 3 passes
==PROF== Profiling "triton_red_fused_add_native_l..." - 203: 0%....50%....100% - 3 passes
==PROF== Profiling "nvjet_sm110_tst_224x128_64x7_..." - 204: 0%....50%....100% - 3 passes
==PROF== Profiling "triton_poi_fused_gelu_view_5" - 205: 0%....50%....100% - 3 passes
==PROF== Profiling "nvjet_sm110_tst_144x128_64x6_..." - 206: 0%....50%....100% - 3 passes
==PROF== Profiling "triton_red_fused_add_native_l..." - 207: 0%....50%....100% - 3 passes
==PROF== Profiling "nvjet_sm110_tst_128x128_64x6_..." - 208: 0%....50%....100% - 3 passes
==PROF== Profiling "nvjet_sm110_tst_128x128_64x6_..." - 209: 0%....50%....100% - 3 passes
==PROF== Profiling "nvjet_sm110_tst_128x128_64x6_..." - 210: 0%....50%....100% - 3 passes
==PROF== Profiling "flash_fwd_kernel" - 211: 0%....50%....100% - 3 passes
==PROF== Profiling "nvjet_sm110_tst_128x128_64x6_..." - 212: 0%....50%....100% - 3 passes
==PROF== Profiling "triton_red_fused_add_native_l..." - 213: 0%....50%....100% - 3 passes
==PROF== Profiling "nvjet_sm110_tst_224x128_64x7_..." - 214: 0%....50%....100% - 3 passes
==PROF== Profiling "triton_poi_fused_gelu_view_5" - 215: 0%....50%....100% - 3 passes
==PROF== Profiling "nvjet_sm110_tst_144x128_64x6_..." - 216: 0%....50%....100% - 3 passes
==PROF== Profiling "triton_red_fused_add_native_l..." - 217: 0%....50%....100% - 3 passes
==PROF== Profiling "nvjet_sm110_tst_128x128_64x6_..." - 218: 0%....50%....100% - 3 passes
==PROF== Profiling "nvjet_sm110_tst_128x128_64x6_..." - 219: 0%....50%....100% - 3 passes
==PROF== Profiling "nvjet_sm110_tst_128x128_64x6_..." - 220: 0%....50%....100% - 3 passes
==PROF== Profiling "flash_fwd_kernel" - 221: 0%....50%....100% - 3 passes
==PROF== Profiling "nvjet_sm110_tst_128x128_64x6_..." - 222: 0%....50%....100% - 3 passes
==PROF== Profiling "triton_red_fused_add_native_l..." - 223: 0%....50%....100% - 3 passes
==PROF== Profiling "nvjet_sm110_tst_224x128_64x7_..." - 224: 0%....50%....100% - 3 passes
==PROF== Profiling "triton_poi_fused_gelu_view_5" - 225: 0%....50%....100% - 3 passes
==PROF== Profiling "nvjet_sm110_tst_144x128_64x6_..." - 226: 0%....50%....100% - 3 passes
==PROF== Profiling "triton_red_fused_add_native_l..." - 227: 0%....50%....100% - 3 passes
==PROF== Profiling "nvjet_sm110_tst_128x128_64x6_..." - 228: 0%....50%....100% - 3 passes
==PROF== Profiling "nvjet_sm110_tst_128x128_64x6_..." - 229: 0%....50%....100% - 3 passes
==PROF== Profiling "nvjet_sm110_tst_128x128_64x6_..." - 230: 0%....50%....100% - 3 passes
==PROF== Profiling "flash_fwd_kernel" - 231: 0%....50%....100% - 3 passes
==PROF== Profiling "nvjet_sm110_tst_128x128_64x6_..." - 232: 0%....50%....100% - 3 passes
==PROF== Profiling "triton_red_fused_add_native_l..." - 233: 0%....50%....100% - 3 passes
==PROF== Profiling "nvjet_sm110_tst_224x128_64x7_..." - 234: 0%....50%....100% - 3 passes
==PROF== Profiling "triton_poi_fused_gelu_view_5" - 235: 0%....50%....100% - 3 passes
==PROF== Profiling "nvjet_sm110_tst_144x128_64x6_..." - 236: 0%....50%....100% - 3 passes
==PROF== Profiling "triton_red_fused_add_native_l..." - 237: 0%....50%....100% - 3 passes
==PROF== Profiling "nvjet_sm110_tst_128x128_64x6_..." - 238: 0%....50%....100% - 3 passes
==PROF== Profiling "nvjet_sm110_tst_128x128_64x6_..." - 239: 0%....50%....100% - 3 passes
==PROF== Profiling "nvjet_sm110_tst_128x128_64x6_..." - 240: 0%....50%....100% - 3 passes
==PROF== Profiling "flash_fwd_kernel" - 241: 0%....50%....100% - 3 passes
==PROF== Profiling "nvjet_sm110_tst_128x128_64x6_..." - 242: 0%....50%....100% - 3 passes
==PROF== Profiling "triton_red_fused_add_native_l..." - 243: 0%....50%....100% - 3 passes
==PROF== Profiling "nvjet_sm110_tst_224x128_64x7_..." - 244: 0%....50%....100% - 3 passes
==PROF== Profiling "triton_poi_fused_gelu_view_5" - 245: 0%....50%....100% - 3 passes
==PROF== Profiling "nvjet_sm110_tst_144x128_64x6_..." - 246: 0%....50%....100% - 3 passes
==PROF== Profiling "triton_red_fused_add_native_l..." - 247: 0%....50%....100% - 3 passes
==PROF== Profiling "nvjet_sm110_tst_128x128_64x6_..." - 248: 0%....50%....100% - 3 passes
==PROF== Profiling "nvjet_sm110_tst_128x128_64x6_..." - 249: 0%....50%....100% - 3 passes
==PROF== Profiling "nvjet_sm110_tst_128x128_64x6_..." - 250: 0%....50%....100% - 3 passes
==PROF== Profiling "flash_fwd_kernel" - 251: 0%....50%....100% - 3 passes
==PROF== Profiling "nvjet_sm110_tst_128x128_64x6_..." - 252: 0%....50%....100% - 3 passes
==PROF== Profiling "triton_red_fused_add_native_l..." - 253: 0%....50%....100% - 3 passes
==PROF== Profiling "nvjet_sm110_tst_224x128_64x7_..." - 254: 0%....50%....100% - 3 passes
==PROF== Profiling "triton_poi_fused_gelu_view_5" - 255: 0%....50%....100% - 3 passes
==PROF== Profiling "nvjet_sm110_tst_144x128_64x6_..." - 256: 0%....50%....100% - 3 passes
==PROF== Profiling "triton_red_fused_add_native_l..." - 257: 0%....50%....100% - 3 passes
==PROF== Profiling "nvjet_sm110_tst_128x128_64x6_..." - 258: 0%....50%....100% - 3 passes
==PROF== Profiling "nvjet_sm110_tst_128x128_64x6_..." - 259: 0%....50%....100% - 3 passes
==PROF== Profiling "nvjet_sm110_tst_128x128_64x6_..." - 260: 0%....50%....100% - 3 passes
==PROF== Profiling "flash_fwd_kernel" - 261: 0%....50%....100% - 3 passes
==PROF== Profiling "nvjet_sm110_tst_128x128_64x6_..." - 262: 0%....50%....100% - 3 passes
==PROF== Profiling "triton_red_fused_add_native_l..." - 263: 0%....50%....100% - 3 passes
==PROF== Profiling "nvjet_sm110_tst_224x128_64x7_..." - 264: 0%....50%....100% - 3 passes
==PROF== Profiling "triton_poi_fused_gelu_view_5" - 265: 0%....50%....100% - 3 passes
==PROF== Profiling "nvjet_sm110_tst_144x128_64x6_..." - 266: 0%....50%....100% - 3 passes
==PROF== Profiling "triton_red_fused_add_native_l..." - 267: 0%....50%....100% - 3 passes
==PROF== Profiling "nvjet_sm110_tst_128x128_64x6_..." - 268: 0%....50%....100% - 3 passes
==PROF== Profiling "nvjet_sm110_tst_128x128_64x6_..." - 269: 0%....50%....100% - 3 passes
==PROF== Profiling "nvjet_sm110_tst_128x128_64x6_..." - 270: 0%....50%....100% - 3 passes
==PROF== Profiling "flash_fwd_kernel" - 271: 0%....50%....100% - 3 passes
==PROF== Profiling "nvjet_sm110_tst_128x128_64x6_..." - 272: 0%....50%....100% - 3 passes
==PROF== Profiling "triton_red_fused_add_native_l..." - 273: 0%....50%....100% - 3 passes
==PROF== Profiling "nvjet_sm110_tst_224x128_64x7_..." - 274: 0%....50%....100% - 3 passes
==PROF== Profiling "triton_poi_fused_gelu_view_5" - 275: 0%....50%....100% - 3 passes
==PROF== Profiling "nvjet_sm110_tst_144x128_64x6_..." - 276: 0%....50%....100% - 3 passes
==PROF== Profiling "triton_red_fused_add_native_l..." - 277: 0%....50%....100% - 3 passes
==PROF== Profiling "nvjet_sm110_tst_512x64_64x2_1..." - 278: 0%....50%....100% - 3 passes
==PROF== Profiling "triton_poi_fused_mul_view_11" - 279: 0%....50%....100% - 3 passes
==PROF== Profiling "triton_poi_fused__to_copy_con..." - 280: 0%....50%....100% - 3 passes
==PROF== Profiling "nchwToNhwcKernel" - 281: 0%....50%....100% - 3 passes
==PROF== Profiling "nchwToNhwcKernel" - 282: 0%....50%....100% - 3 passes
==PROF== Profiling "Kernel" - 283: 0%....50%....100% - 3 passes
==PROF== Profiling "nhwcToNchwKernel" - 284: 0%....50%....100% - 3 passes
==PROF== Profiling "triton_red_fused__to_copy_add..." - 285: 0%....50%....100% - 3 passes
==PROF== Profiling "triton_per_fused__to_copy_add..." - 286: 0%....50%....100% - 3 passes
==PROF== Profiling "triton_poi_fused__to_copy_add..." - 287: 0%....50%....100% - 3 passes
==PROF== Profiling "nvjet_sm110_tst_128x128_64x6_..." - 288: 0%....50%....100% - 3 passes
==PROF== Profiling "nvjet_sm110_tst_128x128_64x6_..." - 289: 0%....50%....100% - 3 passes
==PROF== Profiling "nvjet_sm110_tst_128x128_64x6_..." - 290: 0%....50%....100% - 3 passes
==PROF== Profiling "flash_fwd_kernel" - 291: 0%....50%....100% - 3 passes
==PROF== Profiling "nvjet_sm110_tst_128x128_64x6_..." - 292: 0%....50%....100% - 3 passes
==PROF== Profiling "triton_red_fused__to_copy_add..." - 293: 0%....50%....100% - 3 passes
==PROF== Profiling "nvjet_sm110_tst_224x128_64x7_..." - 294: 0%....50%....100% - 3 passes
==PROF== Profiling "triton_poi_fused_gelu_view_5" - 295: 0%....50%....100% - 3 passes
==PROF== Profiling "nvjet_sm110_tst_144x128_64x6_..." - 296: 0%....50%....100% - 3 passes
==PROF== Profiling "triton_red_fused_add_native_l..." - 297: 0%....50%....100% - 3 passes
==PROF== Profiling "nvjet_sm110_tst_128x128_64x6_..." - 298: 0%....50%....100% - 3 passes
==PROF== Profiling "nvjet_sm110_tst_128x128_64x6_..." - 299: 0%....50%....100% - 3 passes
==PROF== Profiling "nvjet_sm110_tst_128x128_64x6_..." - 300: 0%....50%....100% - 3 passes
==PROF== Profiling "flash_fwd_kernel" - 301: 0%....50%....100% - 3 passes
==PROF== Profiling "nvjet_sm110_tst_128x128_64x6_..." - 302: 0%....50%....100% - 3 passes
==PROF== Profiling "triton_red_fused_add_native_l..." - 303: 0%....50%....100% - 3 passes
==PROF== Profiling "nvjet_sm110_tst_224x128_64x7_..." - 304: 0%....50%....100% - 3 passes
==PROF== Profiling "triton_poi_fused_gelu_view_5" - 305: 0%....50%....100% - 3 passes
==PROF== Profiling "nvjet_sm110_tst_144x128_64x6_..." - 306: 0%....50%....100% - 3 passes
==PROF== Profiling "triton_red_fused_add_native_l..." - 307: 0%....50%....100% - 3 passes
==PROF== Profiling "nvjet_sm110_tst_128x128_64x6_..." - 308: 0%....50%....100% - 3 passes
==PROF== Profiling "nvjet_sm110_tst_128x128_64x6_..." - 309: 0%....50%....100% - 3 passes
==PROF== Profiling "nvjet_sm110_tst_128x128_64x6_..." - 310: 0%....50%....100% - 3 passes
==PROF== Profiling "flash_fwd_kernel" - 311: 0%....50%....100% - 3 passes
==PROF== Profiling "nvjet_sm110_tst_128x128_64x6_..." - 312: 0%....50%....100% - 3 passes
==PROF== Profiling "triton_red_fused_add_native_l..." - 313: 0%....50%....100% - 3 passes
==PROF== Profiling "nvjet_sm110_tst_224x128_64x7_..." - 314: 0%....50%....100% - 3 passes
==PROF== Profiling "triton_poi_fused_gelu_view_5" - 315: 0%....50%....100% - 3 passes
==PROF== Profiling "nvjet_sm110_tst_144x128_64x6_..." - 316: 0%....50%....100% - 3 passes
==PROF== Profiling "triton_red_fused_add_native_l..." - 317: 0%....50%....100% - 3 passes
==PROF== Profiling "nvjet_sm110_tst_128x128_64x6_..." - 318: 0%....50%....100% - 3 passes
==PROF== Profiling "nvjet_sm110_tst_128x128_64x6_..." - 319: 0%....50%....100% - 3 passes
==PROF== Profiling "nvjet_sm110_tst_128x128_64x6_..." - 320: 0%....50%....100% - 3 passes
==PROF== Profiling "flash_fwd_kernel" - 321: 0%....50%....100% - 3 passes
==PROF== Profiling "nvjet_sm110_tst_128x128_64x6_..." - 322: 0%....50%....100% - 3 passes
==PROF== Profiling "triton_red_fused_add_native_l..." - 323: 0%....50%....100% - 3 passes
==PROF== Profiling "nvjet_sm110_tst_224x128_64x7_..." - 324: 0%....50%....100% - 3 passes
==PROF== Profiling "triton_poi_fused_gelu_view_5" - 325: 0%....50%....100% - 3 passes
==PROF== Profiling "nvjet_sm110_tst_144x128_64x6_..." - 326: 0%....50%....100% - 3 passes
==PROF== Profiling "triton_red_fused_add_native_l..." - 327: 0%....50%....100% - 3 passes
==PROF== Profiling "nvjet_sm110_tst_128x128_64x6_..." - 328: 0%....50%....100% - 3 passes
==PROF== Profiling "nvjet_sm110_tst_128x128_64x6_..." - 329: 0%....50%....100% - 3 passes
==PROF== Profiling "nvjet_sm110_tst_128x128_64x6_..." - 330: 0%....50%....100% - 3 passes
==PROF== Profiling "flash_fwd_kernel" - 331: 0%....50%....100% - 3 passes
==PROF== Profiling "nvjet_sm110_tst_128x128_64x6_..." - 332: 0%....50%....100% - 3 passes
==PROF== Profiling "triton_red_fused_add_native_l..." - 333: 0%....50%....100% - 3 passes
==PROF== Profiling "nvjet_sm110_tst_224x128_64x7_..." - 334: 0%....50%....100% - 3 passes
==PROF== Profiling "triton_poi_fused_gelu_view_5" - 335: 0%....50%....100% - 3 passes
==PROF== Profiling "nvjet_sm110_tst_144x128_64x6_..." - 336: 0%....50%....100% - 3 passes
==PROF== Profiling "triton_red_fused_add_native_l..." - 337: 0%....50%....100% - 3 passes
==PROF== Profiling "nvjet_sm110_tst_128x128_64x6_..." - 338: 0%....50%....100% - 3 passes
==PROF== Profiling "nvjet_sm110_tst_128x128_64x6_..." - 339: 0%....50%....100% - 3 passes
==PROF== Profiling "nvjet_sm110_tst_128x128_64x6_..." - 340: 0%....50%....100% - 3 passes
==PROF== Profiling "flash_fwd_kernel" - 341: 0%....50%....100% - 3 passes
==PROF== Profiling "nvjet_sm110_tst_128x128_64x6_..." - 342: 0%....50%....100% - 3 passes
==PROF== Profiling "triton_red_fused_add_native_l..." - 343: 0%....50%....100% - 3 passes
==PROF== Profiling "nvjet_sm110_tst_224x128_64x7_..." - 344: 0%....50%....100% - 3 passes
==PROF== Profiling "triton_poi_fused_gelu_view_5" - 345: 0%....50%....100% - 3 passes
==PROF== Profiling "nvjet_sm110_tst_144x128_64x6_..." - 346: 0%....50%....100% - 3 passes
==PROF== Profiling "triton_red_fused_add_native_l..." - 347: 0%....50%....100% - 3 passes
==PROF== Profiling "nvjet_sm110_tst_128x128_64x6_..." - 348: 0%....50%....100% - 3 passes
==PROF== Profiling "nvjet_sm110_tst_128x128_64x6_..." - 349: 0%....50%....100% - 3 passes
==PROF== Profiling "nvjet_sm110_tst_128x128_64x6_..." - 350: 0%....50%....100% - 3 passes
==PROF== Profiling "flash_fwd_kernel" - 351: 0%....50%....100% - 3 passes
==PROF== Profiling "nvjet_sm110_tst_128x128_64x6_..." - 352: 0%....50%....100% - 3 passes
==PROF== Profiling "triton_red_fused_add_native_l..." - 353: 0%....50%....100% - 3 passes
==PROF== Profiling "nvjet_sm110_tst_224x128_64x7_..." - 354: 0%....50%....100% - 3 passes
==PROF== Profiling "triton_poi_fused_gelu_view_5" - 355: 0%....50%....100% - 3 passes
==PROF== Profiling "nvjet_sm110_tst_144x128_64x6_..." - 356: 0%....50%....100% - 3 passes
==PROF== Profiling "triton_red_fused_add_native_l..." - 357: 0%....50%....100% - 3 passes
==PROF== Profiling "nvjet_sm110_tst_128x128_64x6_..." - 358: 0%....50%....100% - 3 passes
==PROF== Profiling "nvjet_sm110_tst_128x128_64x6_..." - 359: 0%....50%....100% - 3 passes
==PROF== Profiling "nvjet_sm110_tst_128x128_64x6_..." - 360: 0%....50%....100% - 3 passes
==PROF== Profiling "flash_fwd_kernel" - 361: 0%....50%....100% - 3 passes
==PROF== Profiling "nvjet_sm110_tst_128x128_64x6_..." - 362: 0%....50%....100% - 3 passes
==PROF== Profiling "triton_red_fused_add_native_l..." - 363: 0%....50%....100% - 3 passes
==PROF== Profiling "nvjet_sm110_tst_224x128_64x7_..." - 364: 0%....50%....100% - 3 passes
==PROF== Profiling "triton_poi_fused_gelu_view_5" - 365: 0%....50%....100% - 3 passes
==PROF== Profiling "nvjet_sm110_tst_144x128_64x6_..." - 366: 0%....50%....100% - 3 passes
==PROF== Profiling "triton_red_fused_add_native_l..." - 367: 0%....50%....100% - 3 passes
==PROF== Profiling "nvjet_sm110_tst_128x128_64x6_..." - 368: 0%....50%....100% - 3 passes
==PROF== Profiling "nvjet_sm110_tst_128x128_64x6_..." - 369: 0%....50%....100% - 3 passes
==PROF== Profiling "nvjet_sm110_tst_128x128_64x6_..." - 370: 0%....50%....100% - 3 passes
==PROF== Profiling "flash_fwd_kernel" - 371: 0%....50%....100% - 3 passes
==PROF== Profiling "nvjet_sm110_tst_128x128_64x6_..." - 372: 0%....50%....100% - 3 passes
==PROF== Profiling "triton_red_fused_add_native_l..." - 373: 0%....50%....100% - 3 passes
==PROF== Profiling "nvjet_sm110_tst_224x128_64x7_..." - 374: 0%....50%....100% - 3 passes
==PROF== Profiling "triton_poi_fused_gelu_view_5" - 375: 0%....50%....100% - 3 passes
==PROF== Profiling "nvjet_sm110_tst_144x128_64x6_..." - 376: 0%....50%....100% - 3 passes
==PROF== Profiling "triton_red_fused_add_native_l..." - 377: 0%....50%....100% - 3 passes
==PROF== Profiling "nvjet_sm110_tst_128x128_64x6_..." - 378: 0%....50%....100% - 3 passes
==PROF== Profiling "nvjet_sm110_tst_128x128_64x6_..." - 379: 0%....50%....100% - 3 passes
==PROF== Profiling "nvjet_sm110_tst_128x128_64x6_..." - 380: 0%....50%....100% - 3 passes
==PROF== Profiling "flash_fwd_kernel" - 381: 0%....50%....100% - 3 passes
==PROF== Profiling "nvjet_sm110_tst_128x128_64x6_..." - 382: 0%....50%....100% - 3 passes
==PROF== Profiling "triton_red_fused_add_native_l..." - 383: 0%....50%....100% - 3 passes
==PROF== Profiling "nvjet_sm110_tst_224x128_64x7_..." - 384: 0%....50%....100% - 3 passes
==PROF== Profiling "triton_poi_fused_gelu_view_5" - 385: 0%....50%....100% - 3 passes
==PROF== Profiling "nvjet_sm110_tst_144x128_64x6_..." - 386: 0%....50%....100% - 3 passes
==PROF== Profiling "triton_red_fused_add_native_l..." - 387: 0%....50%....100% - 3 passes
==PROF== Profiling "nvjet_sm110_tst_128x128_64x6_..." - 388: 0%....50%....100% - 3 passes
==PROF== Profiling "nvjet_sm110_tst_128x128_64x6_..." - 389: 0%....50%....100% - 3 passes
==PROF== Profiling "nvjet_sm110_tst_128x128_64x6_..." - 390: 0%....50%....100% - 3 passes
==PROF== Profiling "flash_fwd_kernel" - 391: 0%....50%....100% - 3 passes
==PROF== Profiling "nvjet_sm110_tst_128x128_64x6_..." - 392: 0%....50%....100% - 3 passes
==PROF== Profiling "triton_red_fused_add_native_l..." - 393: 0%....50%....100% - 3 passes
==PROF== Profiling "nvjet_sm110_tst_224x128_64x7_..." - 394: 0%....50%....100% - 3 passes
==PROF== Profiling "triton_poi_fused_gelu_view_5" - 395: 0%....50%....100% - 3 passes
==PROF== Profiling "nvjet_sm110_tst_144x128_64x6_..." - 396: 0%....50%....100% - 3 passes
==PROF== Profiling "triton_red_fused_add_native_l..." - 397: 0%....50%....100% - 3 passes
==PROF== Profiling "nvjet_sm110_tst_128x128_64x6_..." - 398: 0%....50%....100% - 3 passes
==PROF== Profiling "nvjet_sm110_tst_128x128_64x6_..." - 399: 0%....50%....100% - 3 passes
==PROF== Profiling "nvjet_sm110_tst_128x128_64x6_..." - 400: 0%....50%....100% - 3 passes
==PROF== Profiling "flash_fwd_kernel" - 401: 0%....50%....100% - 3 passes
==PROF== Profiling "nvjet_sm110_tst_128x128_64x6_..." - 402: 0%....50%....100% - 3 passes
==PROF== Profiling "triton_red_fused_add_native_l..." - 403: 0%....50%....100% - 3 passes
==PROF== Profiling "nvjet_sm110_tst_224x128_64x7_..." - 404: 0%....50%....100% - 3 passes
==PROF== Profiling "triton_poi_fused_gelu_view_5" - 405: 0%....50%....100% - 3 passes
==PROF== Profiling "nvjet_sm110_tst_144x128_64x6_..." - 406: 0%....50%....100% - 3 passes
==PROF== Profiling "triton_red_fused_add_native_l..." - 407: 0%....50%....100% - 3 passes
==PROF== Profiling "nvjet_sm110_tst_128x128_64x6_..." - 408: 0%....50%....100% - 3 passes
==PROF== Profiling "nvjet_sm110_tst_128x128_64x6_..." - 409: 0%....50%....100% - 3 passes
==PROF== Profiling "nvjet_sm110_tst_128x128_64x6_..." - 410: 0%....50%....100% - 3 passes
==PROF== Profiling "flash_fwd_kernel" - 411: 0%....50%....100% - 3 passes
==PROF== Profiling "nvjet_sm110_tst_128x128_64x6_..." - 412: 0%....50%....100% - 3 passes
==PROF== Profiling "triton_red_fused_add_native_l..." - 413: 0%....50%....100% - 3 passes
==PROF== Profiling "nvjet_sm110_tst_224x128_64x7_..." - 414: 0%....50%....100% - 3 passes
==PROF== Profiling "triton_poi_fused_gelu_view_5" - 415: 0%....50%....100% - 3 passes
==PROF== Profiling "nvjet_sm110_tst_144x128_64x6_..." - 416: 0%....50%....100% - 3 passes
==PROF== Profiling "triton_red_fused_add_native_l..." - 417: 0%....50%....100% - 3 passes
==PROF== Profiling "nvjet_sm110_tst_128x128_64x6_..." - 418: 0%....50%....100% - 3 passes
==PROF== Profiling "nvjet_sm110_tst_128x128_64x6_..." - 419: 0%....50%....100% - 3 passes
==PROF== Profiling "nvjet_sm110_tst_128x128_64x6_..." - 420: 0%....50%....100% - 3 passes
==PROF== Profiling "flash_fwd_kernel" - 421: 0%....50%....100% - 3 passes
==PROF== Profiling "nvjet_sm110_tst_128x128_64x6_..." - 422: 0%....50%....100% - 3 passes
==PROF== Profiling "triton_red_fused_add_native_l..." - 423: 0%....50%....100% - 3 passes
==PROF== Profiling "nvjet_sm110_tst_224x128_64x7_..." - 424: 0%....50%....100% - 3 passes
==PROF== Profiling "triton_poi_fused_gelu_view_5" - 425: 0%....50%....100% - 3 passes
==PROF== Profiling "nvjet_sm110_tst_144x128_64x6_..." - 426: 0%....50%....100% - 3 passes
==PROF== Profiling "triton_red_fused_add_native_l..." - 427: 0%....50%....100% - 3 passes
==PROF== Profiling "nvjet_sm110_tst_128x128_64x6_..." - 428: 0%....50%....100% - 3 passes
==PROF== Profiling "nvjet_sm110_tst_128x128_64x6_..." - 429: 0%....50%....100% - 3 passes
==PROF== Profiling "nvjet_sm110_tst_128x128_64x6_..." - 430: 0%....50%....100% - 3 passes
==PROF== Profiling "flash_fwd_kernel" - 431: 0%....50%....100% - 3 passes
==PROF== Profiling "nvjet_sm110_tst_128x128_64x6_..." - 432: 0%....50%....100% - 3 passes
==PROF== Profiling "triton_red_fused_add_native_l..." - 433: 0%....50%....100% - 3 passes
==PROF== Profiling "nvjet_sm110_tst_224x128_64x7_..." - 434: 0%....50%....100% - 3 passes
==PROF== Profiling "triton_poi_fused_gelu_view_5" - 435: 0%....50%....100% - 3 passes
==PROF== Profiling "nvjet_sm110_tst_144x128_64x6_..." - 436: 0%....50%....100% - 3 passes
==PROF== Profiling "triton_red_fused_add_native_l..." - 437: 0%....50%....100% - 3 passes
==PROF== Profiling "nvjet_sm110_tst_128x128_64x6_..." - 438: 0%....50%....100% - 3 passes
==PROF== Profiling "nvjet_sm110_tst_128x128_64x6_..." - 439: 0%....50%....100% - 3 passes
==PROF== Profiling "nvjet_sm110_tst_128x128_64x6_..." - 440: 0%....50%....100% - 3 passes
==PROF== Profiling "flash_fwd_kernel" - 441: 0%....50%....100% - 3 passes
==PROF== Profiling "nvjet_sm110_tst_128x128_64x6_..." - 442: 0%....50%....100% - 3 passes
==PROF== Profiling "triton_red_fused_add_native_l..." - 443: 0%....50%....100% - 3 passes
==PROF== Profiling "nvjet_sm110_tst_224x128_64x7_..." - 444: 0%....50%....100% - 3 passes
==PROF== Profiling "triton_poi_fused_gelu_view_5" - 445: 0%....50%....100% - 3 passes
==PROF== Profiling "nvjet_sm110_tst_144x128_64x6_..." - 446: 0%....50%....100% - 3 passes
==PROF== Profiling "triton_red_fused_add_native_l..." - 447: 0%....50%....100% - 3 passes
==PROF== Profiling "nvjet_sm110_tst_128x128_64x6_..." - 448: 0%....50%....100% - 3 passes
==PROF== Profiling "nvjet_sm110_tst_128x128_64x6_..." - 449: 0%....50%....100% - 3 passes
==PROF== Profiling "nvjet_sm110_tst_128x128_64x6_..." - 450: 0%....50%....100% - 3 passes
==PROF== Profiling "flash_fwd_kernel" - 451: 0%....50%....100% - 3 passes
==PROF== Profiling "nvjet_sm110_tst_128x128_64x6_..." - 452: 0%....50%....100% - 3 passes
==PROF== Profiling "triton_red_fused_add_native_l..." - 453: 0%....50%....100% - 3 passes
==PROF== Profiling "nvjet_sm110_tst_224x128_64x7_..." - 454: 0%....50%....100% - 3 passes
==PROF== Profiling "triton_poi_fused_gelu_view_5" - 455: 0%....50%....100% - 3 passes
==PROF== Profiling "nvjet_sm110_tst_144x128_64x6_..." - 456: 0%....50%....100% - 3 passes
==PROF== Profiling "triton_red_fused_add_native_l..." - 457: 0%....50%....100% - 3 passes
==PROF== Profiling "nvjet_sm110_tst_128x128_64x6_..." - 458: 0%....50%....100% - 3 passes
==PROF== Profiling "nvjet_sm110_tst_128x128_64x6_..." - 459: 0%....50%....100% - 3 passes
==PROF== Profiling "nvjet_sm110_tst_128x128_64x6_..." - 460: 0%....50%....100% - 3 passes
==PROF== Profiling "flash_fwd_kernel" - 461: 0%....50%....100% - 3 passes
==PROF== Profiling "nvjet_sm110_tst_128x128_64x6_..." - 462: 0%....50%....100% - 3 passes
==PROF== Profiling "triton_red_fused_add_native_l..." - 463: 0%....50%....100% - 3 passes
==PROF== Profiling "nvjet_sm110_tst_224x128_64x7_..." - 464: 0%....50%....100% - 3 passes
==PROF== Profiling "triton_poi_fused_gelu_view_5" - 465: 0%....50%....100% - 3 passes
==PROF== Profiling "nvjet_sm110_tst_144x128_64x6_..." - 466: 0%....50%....100% - 3 passes
==PROF== Profiling "triton_red_fused_add_native_l..." - 467: 0%....50%....100% - 3 passes
==PROF== Profiling "nvjet_sm110_tst_128x128_64x6_..." - 468: 0%....50%....100% - 3 passes
==PROF== Profiling "nvjet_sm110_tst_128x128_64x6_..." - 469: 0%....50%....100% - 3 passes
==PROF== Profiling "nvjet_sm110_tst_128x128_64x6_..." - 470: 0%....50%....100% - 3 passes
==PROF== Profiling "flash_fwd_kernel" - 471: 0%....50%....100% - 3 passes
==PROF== Profiling "nvjet_sm110_tst_128x128_64x6_..." - 472: 0%....50%....100% - 3 passes
==PROF== Profiling "triton_red_fused_add_native_l..." - 473: 0%....50%....100% - 3 passes
==PROF== Profiling "nvjet_sm110_tst_224x128_64x7_..." - 474: 0%....50%....100% - 3 passes
==PROF== Profiling "triton_poi_fused_gelu_view_5" - 475: 0%....50%....100% - 3 passes
==PROF== Profiling "nvjet_sm110_tst_144x128_64x6_..." - 476: 0%....50%....100% - 3 passes
==PROF== Profiling "triton_red_fused_add_native_l..." - 477: 0%....50%....100% - 3 passes
==PROF== Profiling "nvjet_sm110_tst_128x128_64x6_..." - 478: 0%....50%....100% - 3 passes
==PROF== Profiling "nvjet_sm110_tst_128x128_64x6_..." - 479: 0%....50%....100% - 3 passes
==PROF== Profiling "nvjet_sm110_tst_128x128_64x6_..." - 480: 0%....50%....100% - 3 passes
==PROF== Profiling "flash_fwd_kernel" - 481: 0%....50%....100% - 3 passes
==PROF== Profiling "nvjet_sm110_tst_128x128_64x6_..." - 482: 0%....50%....100% - 3 passes
==PROF== Profiling "triton_red_fused_add_native_l..." - 483: 0%....50%....100% - 3 passes
==PROF== Profiling "nvjet_sm110_tst_224x128_64x7_..." - 484: 0%....50%....100% - 3 passes
==PROF== Profiling "triton_poi_fused_gelu_view_5" - 485: 0%....50%....100% - 3 passes
==PROF== Profiling "nvjet_sm110_tst_144x128_64x6_..." - 486: 0%....50%....100% - 3 passes
==PROF== Profiling "triton_red_fused_add_native_l..." - 487: 0%....50%....100% - 3 passes
==PROF== Profiling "nvjet_sm110_tst_128x128_64x6_..." - 488: 0%....50%....100% - 3 passes
==PROF== Profiling "nvjet_sm110_tst_128x128_64x6_..." - 489: 0%....50%....100% - 3 passes
==PROF== Profiling "nvjet_sm110_tst_128x128_64x6_..." - 490: 0%....50%....100% - 3 passes
==PROF== Profiling "flash_fwd_kernel" - 491: 0%....50%....100% - 3 passes
==PROF== Profiling "nvjet_sm110_tst_128x128_64x6_..." - 492: 0%....50%....100% - 3 passes
==PROF== Profiling "triton_red_fused_add_native_l..." - 493: 0%....50%....100% - 3 passes
==PROF== Profiling "nvjet_sm110_tst_224x128_64x7_..." - 494: 0%....50%....100% - 3 passes
==PROF== Profiling "triton_poi_fused_gelu_view_5" - 495: 0%....50%....100% - 3 passes
==PROF== Profiling "nvjet_sm110_tst_144x128_64x6_..." - 496: 0%....50%....100% - 3 passes
==PROF== Profiling "triton_red_fused_add_native_l..." - 497: 0%....50%....100% - 3 passes
==PROF== Profiling "nvjet_sm110_tst_128x128_64x6_..." - 498: 0%....50%....100% - 3 passes
==PROF== Profiling "nvjet_sm110_tst_128x128_64x6_..." - 499: 0%....50%....100% - 3 passes
==PROF== Profiling "nvjet_sm110_tst_128x128_64x6_..." - 500: 0%....50%....100% - 3 passes
==PROF== Profiling "flash_fwd_kernel" - 501: 0%....50%....100% - 3 passes
==PROF== Profiling "nvjet_sm110_tst_128x128_64x6_..." - 502: 0%....50%....100% - 3 passes
==PROF== Profiling "triton_red_fused_add_native_l..." - 503: 0%....50%....100% - 3 passes
==PROF== Profiling "nvjet_sm110_tst_224x128_64x7_..." - 504: 0%....50%....100% - 3 passes
==PROF== Profiling "triton_poi_fused_gelu_view_5" - 505: 0%....50%....100% - 3 passes
==PROF== Profiling "nvjet_sm110_tst_144x128_64x6_..." - 506: 0%....50%....100% - 3 passes
==PROF== Profiling "triton_red_fused_add_native_l..." - 507: 0%....50%....100% - 3 passes
==PROF== Profiling "nvjet_sm110_tst_128x128_64x6_..." - 508: 0%....50%....100% - 3 passes
==PROF== Profiling "nvjet_sm110_tst_128x128_64x6_..." - 509: 0%....50%....100% - 3 passes
==PROF== Profiling "nvjet_sm110_tst_128x128_64x6_..." - 510: 0%....50%....100% - 3 passes
==PROF== Profiling "flash_fwd_kernel" - 511: 0%....50%....100% - 3 passes
==PROF== Profiling "nvjet_sm110_tst_128x128_64x6_..." - 512: 0%....50%....100% - 3 passes
==PROF== Profiling "triton_red_fused_add_native_l..." - 513: 0%....50%....100% - 3 passes
==PROF== Profiling "nvjet_sm110_tst_224x128_64x7_..." - 514: 0%....50%....100% - 3 passes
==PROF== Profiling "triton_poi_fused_gelu_view_5" - 515: 0%....50%....100% - 3 passes
==PROF== Profiling "nvjet_sm110_tst_144x128_64x6_..." - 516: 0%....50%....100% - 3 passes
==PROF== Profiling "triton_red_fused_add_native_l..." - 517: 0%....50%....100% - 3 passes
==PROF== Profiling "nvjet_sm110_tst_128x128_64x6_..." - 518: 0%....50%....100% - 3 passes
==PROF== Profiling "nvjet_sm110_tst_128x128_64x6_..." - 519: 0%....50%....100% - 3 passes
==PROF== Profiling "nvjet_sm110_tst_128x128_64x6_..." - 520: 0%....50%....100% - 3 passes
==PROF== Profiling "flash_fwd_kernel" - 521: 0%....50%....100% - 3 passes
==PROF== Profiling "nvjet_sm110_tst_128x128_64x6_..." - 522: 0%....50%....100% - 3 passes
==PROF== Profiling "triton_red_fused_add_native_l..." - 523: 0%....50%....100% - 3 passes
==PROF== Profiling "nvjet_sm110_tst_224x128_64x7_..." - 524: 0%....50%....100% - 3 passes
==PROF== Profiling "triton_poi_fused_gelu_view_5" - 525: 0%....50%....100% - 3 passes
==PROF== Profiling "nvjet_sm110_tst_144x128_64x6_..." - 526: 0%....50%....100% - 3 passes
==PROF== Profiling "triton_red_fused_add_native_l..." - 527: 0%....50%....100% - 3 passes
==PROF== Profiling "nvjet_sm110_tst_128x128_64x6_..." - 528: 0%....50%....100% - 3 passes
==PROF== Profiling "nvjet_sm110_tst_128x128_64x6_..." - 529: 0%....50%....100% - 3 passes
==PROF== Profiling "nvjet_sm110_tst_128x128_64x6_..." - 530: 0%....50%....100% - 3 passes
==PROF== Profiling "flash_fwd_kernel" - 531: 0%....50%....100% - 3 passes
==PROF== Profiling "nvjet_sm110_tst_128x128_64x6_..." - 532: 0%....50%....100% - 3 passes
==PROF== Profiling "triton_red_fused_add_native_l..." - 533: 0%....50%....100% - 3 passes
==PROF== Profiling "nvjet_sm110_tst_224x128_64x7_..." - 534: 0%....50%....100% - 3 passes
==PROF== Profiling "triton_poi_fused_gelu_view_5" - 535: 0%....50%....100% - 3 passes
==PROF== Profiling "nvjet_sm110_tst_144x128_64x6_..." - 536: 0%....50%....100% - 3 passes
==PROF== Profiling "triton_red_fused_add_native_l..." - 537: 0%....50%....100% - 3 passes
==PROF== Profiling "nvjet_sm110_tst_128x128_64x6_..." - 538: 0%....50%....100% - 3 passes
==PROF== Profiling "nvjet_sm110_tst_128x128_64x6_..." - 539: 0%....50%....100% - 3 passes
==PROF== Profiling "nvjet_sm110_tst_128x128_64x6_..." - 540: 0%....50%....100% - 3 passes
==PROF== Profiling "flash_fwd_kernel" - 541: 0%....50%....100% - 3 passes
==PROF== Profiling "nvjet_sm110_tst_128x128_64x6_..." - 542: 0%....50%....100% - 3 passes
==PROF== Profiling "triton_red_fused_add_native_l..." - 543: 0%....50%....100% - 3 passes
==PROF== Profiling "nvjet_sm110_tst_224x128_64x7_..." - 544: 0%....50%....100% - 3 passes
==PROF== Profiling "triton_poi_fused_gelu_view_5" - 545: 0%....50%....100% - 3 passes
==PROF== Profiling "nvjet_sm110_tst_144x128_64x6_..." - 546: 0%....50%....100% - 3 passes
==PROF== Profiling "triton_red_fused_add_native_l..." - 547: 0%....50%....100% - 3 passes
==PROF== Profiling "nvjet_sm110_tst_128x128_64x6_..." - 548: 0%....50%....100% - 3 passes
==PROF== Profiling "nvjet_sm110_tst_128x128_64x6_..." - 549: 0%....50%....100% - 3 passes
==PROF== Profiling "nvjet_sm110_tst_128x128_64x6_..." - 550: 0%....50%....100% - 3 passes
==PROF== Profiling "flash_fwd_kernel" - 551: 0%....50%....100% - 3 passes
==PROF== Profiling "nvjet_sm110_tst_128x128_64x6_..." - 552: 0%....50%....100% - 3 passes
==PROF== Profiling "triton_red_fused_add_native_l..." - 553: 0%....50%....100% - 3 passes
==PROF== Profiling "nvjet_sm110_tst_224x128_64x7_..." - 554: 0%....50%....100% - 3 passes
==PROF== Profiling "triton_poi_fused_gelu_view_5" - 555: 0%....50%....100% - 3 passes
==PROF== Profiling "nvjet_sm110_tst_144x128_64x6_..." - 556: 0%....50%....100% - 3 passes
==PROF== Profiling "triton_red_fused_add_native_l..." - 557: 0%....50%....100% - 3 passes
==PROF== Profiling "nvjet_sm110_tst_512x64_64x2_1..." - 558: 0%....50%....100% - 3 passes
==PROF== Profiling "triton_poi_fused_mul_view_11" - 559: 0%....50%....100% - 3 passes
==PROF== Profiling "triton_poi_fused__to_copy_con..." - 560: 0%....50%....100% - 3 passes
==PROF== Profiling "nchwToNhwcKernel" - 561: 0%....50%....100% - 3 passes
==PROF== Profiling "nchwToNhwcKernel" - 562: 0%....50%....100% - 3 passes
==PROF== Profiling "Kernel" - 563: 0%....50%....100% - 3 passes
==PROF== Profiling "nhwcToNchwKernel" - 564: 0%....50%....100% - 3 passes
==PROF== Profiling "triton_red_fused__to_copy_add..." - 565: 0%....50%....100% - 3 passes
==PROF== Profiling "triton_per_fused__to_copy_add..." - 566: 0%....50%....100% - 3 passes
==PROF== Profiling "triton_poi_fused__to_copy_add..." - 567: 0%....50%....100% - 3 passes
==PROF== Profiling "nvjet_sm110_tst_128x128_64x6_..." - 568: 0%....50%....100% - 3 passes
==PROF== Profiling "nvjet_sm110_tst_128x128_64x6_..." - 569: 0%....50%....100% - 3 passes
==PROF== Profiling "nvjet_sm110_tst_128x128_64x6_..." - 570: 0%....50%....100% - 3 passes
==PROF== Profiling "flash_fwd_kernel" - 571: 0%....50%....100% - 3 passes
==PROF== Profiling "nvjet_sm110_tst_128x128_64x6_..." - 572: 0%....50%....100% - 3 passes
==PROF== Profiling "triton_red_fused__to_copy_add..." - 573: 0%....50%....100% - 3 passes
==PROF== Profiling "nvjet_sm110_tst_224x128_64x7_..." - 574: 0%....50%....100% - 3 passes
==PROF== Profiling "triton_poi_fused_gelu_view_5" - 575: 0%....50%....100% - 3 passes
==PROF== Profiling "nvjet_sm110_tst_144x128_64x6_..." - 576: 0%....50%....100% - 3 passes
==PROF== Profiling "triton_red_fused_add_native_l..." - 577: 0%....50%....100% - 3 passes
==PROF== Profiling "nvjet_sm110_tst_128x128_64x6_..." - 578: 0%....50%....100% - 3 passes
==PROF== Profiling "nvjet_sm110_tst_128x128_64x6_..." - 579: 0%....50%....100% - 3 passes
==PROF== Profiling "nvjet_sm110_tst_128x128_64x6_..." - 580: 0%....50%....100% - 3 passes
==PROF== Profiling "flash_fwd_kernel" - 581: 0%....50%....100% - 3 passes
==PROF== Profiling "nvjet_sm110_tst_128x128_64x6_..." - 582: 0%....50%....100% - 3 passes
==PROF== Profiling "triton_red_fused_add_native_l..." - 583: 0%....50%....100% - 3 passes
==PROF== Profiling "nvjet_sm110_tst_224x128_64x7_..." - 584: 0%....50%....100% - 3 passes
==PROF== Profiling "triton_poi_fused_gelu_view_5" - 585: 0%....50%....100% - 3 passes
==PROF== Profiling "nvjet_sm110_tst_144x128_64x6_..." - 586: 0%....50%....100% - 3 passes
==PROF== Profiling "triton_red_fused_add_native_l..." - 587: 0%....50%....100% - 3 passes
==PROF== Profiling "nvjet_sm110_tst_128x128_64x6_..." - 588: 0%....50%....100% - 3 passes
==PROF== Profiling "nvjet_sm110_tst_128x128_64x6_..." - 589: 0%....50%....100% - 3 passes
==PROF== Profiling "nvjet_sm110_tst_128x128_64x6_..." - 590: 0%....50%....100% - 3 passes
==PROF== Profiling "flash_fwd_kernel" - 591: 0%....50%....100% - 3 passes
==PROF== Profiling "nvjet_sm110_tst_128x128_64x6_..." - 592: 0%....50%....100% - 3 passes
==PROF== Profiling "triton_red_fused_add_native_l..." - 593: 0%....50%....100% - 3 passes
==PROF== Profiling "nvjet_sm110_tst_224x128_64x7_..." - 594: 0%....50%....100% - 3 passes
==PROF== Profiling "triton_poi_fused_gelu_view_5" - 595: 0%....50%....100% - 3 passes
==PROF== Profiling "nvjet_sm110_tst_144x128_64x6_..." - 596: 0%....50%....100% - 3 passes
==PROF== Profiling "triton_red_fused_add_native_l..." - 597: 0%....50%....100% - 3 passes
==PROF== Profiling "nvjet_sm110_tst_128x128_64x6_..." - 598: 0%....50%....100% - 3 passes
==PROF== Profiling "nvjet_sm110_tst_128x128_64x6_..." - 599: 0%....50%....100% - 3 passes
==PROF== Profiling "nvjet_sm110_tst_128x128_64x6_..." - 600: 0%....50%....100% - 3 passes
==PROF== Profiling "flash_fwd_kernel" - 601: 0%....50%....100% - 3 passes
==PROF== Profiling "nvjet_sm110_tst_128x128_64x6_..." - 602: 0%....50%....100% - 3 passes
==PROF== Profiling "triton_red_fused_add_native_l..." - 603: 0%....50%....100% - 3 passes
==PROF== Profiling "nvjet_sm110_tst_224x128_64x7_..." - 604: 0%....50%....100% - 3 passes
==PROF== Profiling "triton_poi_fused_gelu_view_5" - 605: 0%....50%....100% - 3 passes
==PROF== Profiling "nvjet_sm110_tst_144x128_64x6_..." - 606: 0%....50%....100% - 3 passes
==PROF== Profiling "triton_red_fused_add_native_l..." - 607: 0%....50%....100% - 3 passes
==PROF== Profiling "nvjet_sm110_tst_128x128_64x6_..." - 608: 0%....50%....100% - 3 passes
==PROF== Profiling "nvjet_sm110_tst_128x128_64x6_..." - 609: 0%....50%....100% - 3 passes
==PROF== Profiling "nvjet_sm110_tst_128x128_64x6_..." - 610: 0%....50%....100% - 3 passes
==PROF== Profiling "flash_fwd_kernel" - 611: 0%....50%....100% - 3 passes
==PROF== Profiling "nvjet_sm110_tst_128x128_64x6_..." - 612: 0%....50%....100% - 3 passes
==PROF== Profiling "triton_red_fused_add_native_l..." - 613: 0%....50%....100% - 3 passes
==PROF== Profiling "nvjet_sm110_tst_224x128_64x7_..." - 614: 0%....50%....100% - 3 passes
==PROF== Profiling "triton_poi_fused_gelu_view_5" - 615: 0%....50%....100% - 3 passes
==PROF== Profiling "nvjet_sm110_tst_144x128_64x6_..." - 616: 0%....50%....100% - 3 passes
==PROF== Profiling "triton_red_fused_add_native_l..." - 617: 0%....50%....100% - 3 passes
==PROF== Profiling "nvjet_sm110_tst_128x128_64x6_..." - 618: 0%....50%....100% - 3 passes
==PROF== Profiling "nvjet_sm110_tst_128x128_64x6_..." - 619: 0%....50%....100% - 3 passes
==PROF== Profiling "nvjet_sm110_tst_128x128_64x6_..." - 620: 0%....50%....100% - 3 passes
==PROF== Profiling "flash_fwd_kernel" - 621: 0%....50%....100% - 3 passes
==PROF== Profiling "nvjet_sm110_tst_128x128_64x6_..." - 622: 0%....50%....100% - 3 passes
==PROF== Profiling "triton_red_fused_add_native_l..." - 623: 0%....50%....100% - 3 passes
==PROF== Profiling "nvjet_sm110_tst_224x128_64x7_..." - 624: 0%....50%....100% - 3 passes
==PROF== Profiling "triton_poi_fused_gelu_view_5" - 625: 0%....50%....100% - 3 passes
==PROF== Profiling "nvjet_sm110_tst_144x128_64x6_..." - 626: 0%....50%....100% - 3 passes
==PROF== Profiling "triton_red_fused_add_native_l..." - 627: 0%....50%....100% - 3 passes
==PROF== Profiling "nvjet_sm110_tst_128x128_64x6_..." - 628: 0%....50%....100% - 3 passes
==PROF== Profiling "nvjet_sm110_tst_128x128_64x6_..." - 629: 0%....50%....100% - 3 passes
==PROF== Profiling "nvjet_sm110_tst_128x128_64x6_..." - 630: 0%....50%....100% - 3 passes
==PROF== Profiling "flash_fwd_kernel" - 631: 0%....50%....100% - 3 passes
==PROF== Profiling "nvjet_sm110_tst_128x128_64x6_..." - 632: 0%....50%....100% - 3 passes
==PROF== Profiling "triton_red_fused_add_native_l..." - 633: 0%....50%....100% - 3 passes
==PROF== Profiling "nvjet_sm110_tst_224x128_64x7_..." - 634: 0%....50%....100% - 3 passes
==PROF== Profiling "triton_poi_fused_gelu_view_5" - 635: 0%....50%....100% - 3 passes
==PROF== Profiling "nvjet_sm110_tst_144x128_64x6_..." - 636: 0%....50%....100% - 3 passes
==PROF== Profiling "triton_red_fused_add_native_l..." - 637: 0%....50%....100% - 3 passes
==PROF== Profiling "nvjet_sm110_tst_128x128_64x6_..." - 638: 0%....50%....100% - 3 passes
==PROF== Profiling "nvjet_sm110_tst_128x128_64x6_..." - 639: 0%....50%....100% - 3 passes
==PROF== Profiling "nvjet_sm110_tst_128x128_64x6_..." - 640: 0%....50%....100% - 3 passes
==PROF== Profiling "flash_fwd_kernel" - 641: 0%....50%....100% - 3 passes
==PROF== Profiling "nvjet_sm110_tst_128x128_64x6_..." - 642: 0%....50%....100% - 3 passes
==PROF== Profiling "triton_red_fused_add_native_l..." - 643: 0%....50%....100% - 3 passes
==PROF== Profiling "nvjet_sm110_tst_224x128_64x7_..." - 644: 0%....50%....100% - 3 passes
==PROF== Profiling "triton_poi_fused_gelu_view_5" - 645: 0%....50%....100% - 3 passes
==PROF== Profiling "nvjet_sm110_tst_144x128_64x6_..." - 646: 0%....50%....100% - 3 passes
==PROF== Profiling "triton_red_fused_add_native_l..." - 647: 0%....50%....100% - 3 passes
==PROF== Profiling "nvjet_sm110_tst_128x128_64x6_..." - 648: 0%....50%....100% - 3 passes
==PROF== Profiling "nvjet_sm110_tst_128x128_64x6_..." - 649: 0%....50%....100% - 3 passes
==PROF== Profiling "nvjet_sm110_tst_128x128_64x6_..." - 650: 0%....50%....100% - 3 passes
==PROF== Profiling "flash_fwd_kernel" - 651: 0%....50%....100% - 3 passes
==PROF== Profiling "nvjet_sm110_tst_128x128_64x6_..." - 652: 0%....50%....100% - 3 passes
==PROF== Profiling "triton_red_fused_add_native_l..." - 653: 0%....50%....100% - 3 passes
==PROF== Profiling "nvjet_sm110_tst_224x128_64x7_..." - 654: 0%....50%....100% - 3 passes
==PROF== Profiling "triton_poi_fused_gelu_view_5" - 655: 0%....50%....100% - 3 passes
==PROF== Profiling "nvjet_sm110_tst_144x128_64x6_..." - 656: 0%....50%....100% - 3 passes
==PROF== Profiling "triton_red_fused_add_native_l..." - 657: 0%....50%....100% - 3 passes
==PROF== Profiling "nvjet_sm110_tst_128x128_64x6_..." - 658: 0%....50%....100% - 3 passes
==PROF== Profiling "nvjet_sm110_tst_128x128_64x6_..." - 659: 0%....50%....100% - 3 passes
==PROF== Profiling "nvjet_sm110_tst_128x128_64x6_..." - 660: 0%....50%....100% - 3 passes
==PROF== Profiling "flash_fwd_kernel" - 661: 0%....50%....100% - 3 passes
==PROF== Profiling "nvjet_sm110_tst_128x128_64x6_..." - 662: 0%....50%....100% - 3 passes
==PROF== Profiling "triton_red_fused_add_native_l..." - 663: 0%....50%....100% - 3 passes
==PROF== Profiling "nvjet_sm110_tst_224x128_64x7_..." - 664: 0%....50%....100% - 3 passes
==PROF== Profiling "triton_poi_fused_gelu_view_5" - 665: 0%....50%....100% - 3 passes
==PROF== Profiling "nvjet_sm110_tst_144x128_64x6_..." - 666: 0%....50%....100% - 3 passes
==PROF== Profiling "triton_red_fused_add_native_l..." - 667: 0%....50%....100% - 3 passes
==PROF== Profiling "nvjet_sm110_tst_128x128_64x6_..." - 668: 0%....50%....100% - 3 passes
==PROF== Profiling "nvjet_sm110_tst_128x128_64x6_..." - 669: 0%....50%....100% - 3 passes
==PROF== Profiling "nvjet_sm110_tst_128x128_64x6_..." - 670: 0%....50%....100% - 3 passes
==PROF== Profiling "flash_fwd_kernel" - 671: 0%....50%....100% - 3 passes
==PROF== Profiling "nvjet_sm110_tst_128x128_64x6_..." - 672: 0%....50%....100% - 3 passes
==PROF== Profiling "triton_red_fused_add_native_l..." - 673: 0%....50%....100% - 3 passes
==PROF== Profiling "nvjet_sm110_tst_224x128_64x7_..." - 674: 0%....50%....100% - 3 passes
==PROF== Profiling "triton_poi_fused_gelu_view_5" - 675: 0%....50%....100% - 3 passes
==PROF== Profiling "nvjet_sm110_tst_144x128_64x6_..." - 676: 0%....50%....100% - 3 passes
==PROF== Profiling "triton_red_fused_add_native_l..." - 677: 0%....50%....100% - 3 passes
==PROF== Profiling "nvjet_sm110_tst_128x128_64x6_..." - 678: 0%....50%....100% - 3 passes
==PROF== Profiling "nvjet_sm110_tst_128x128_64x6_..." - 679: 0%....50%....100% - 3 passes
==PROF== Profiling "nvjet_sm110_tst_128x128_64x6_..." - 680: 0%....50%....100% - 3 passes
==PROF== Profiling "flash_fwd_kernel" - 681: 0%....50%....100% - 3 passes
==PROF== Profiling "nvjet_sm110_tst_128x128_64x6_..." - 682: 0%....50%....100% - 3 passes
==PROF== Profiling "triton_red_fused_add_native_l..." - 683: 0%....50%....100% - 3 passes
==PROF== Profiling "nvjet_sm110_tst_224x128_64x7_..." - 684: 0%....50%....100% - 3 passes
==PROF== Profiling "triton_poi_fused_gelu_view_5" - 685: 0%....50%....100% - 3 passes
==PROF== Profiling "nvjet_sm110_tst_144x128_64x6_..." - 686: 0%....50%....100% - 3 passes
==PROF== Profiling "triton_red_fused_add_native_l..." - 687: 0%....50%....100% - 3 passes
==PROF== Profiling "nvjet_sm110_tst_128x128_64x6_..." - 688: 0%....50%....100% - 3 passes
==PROF== Profiling "nvjet_sm110_tst_128x128_64x6_..." - 689: 0%....50%....100% - 3 passes
==PROF== Profiling "nvjet_sm110_tst_128x128_64x6_..." - 690: 0%....50%....100% - 3 passes
==PROF== Profiling "flash_fwd_kernel" - 691: 0%....50%....100% - 3 passes
==PROF== Profiling "nvjet_sm110_tst_128x128_64x6_..." - 692: 0%....50%....100% - 3 passes
==PROF== Profiling "triton_red_fused_add_native_l..." - 693: 0%....50%....100% - 3 passes
==PROF== Profiling "nvjet_sm110_tst_224x128_64x7_..." - 694: 0%....50%....100% - 3 passes
==PROF== Profiling "triton_poi_fused_gelu_view_5" - 695: 0%....50%....100% - 3 passes
==PROF== Profiling "nvjet_sm110_tst_144x128_64x6_..." - 696: 0%....50%....100% - 3 passes
==PROF== Profiling "triton_red_fused_add_native_l..." - 697: 0%....50%....100% - 3 passes
==PROF== Profiling "nvjet_sm110_tst_128x128_64x6_..." - 698: 0%....50%....100% - 3 passes
==PROF== Profiling "nvjet_sm110_tst_128x128_64x6_..." - 699: 0%....50%....100% - 3 passes
==PROF== Profiling "nvjet_sm110_tst_128x128_64x6_..." - 700: 0%....50%....100% - 3 passes
==PROF== Profiling "flash_fwd_kernel" - 701: 0%....50%....100% - 3 passes
==PROF== Profiling "nvjet_sm110_tst_128x128_64x6_..." - 702: 0%....50%....100% - 3 passes
==PROF== Profiling "triton_red_fused_add_native_l..." - 703: 0%....50%....100% - 3 passes
==PROF== Profiling "nvjet_sm110_tst_224x128_64x7_..." - 704: 0%....50%....100% - 3 passes
==PROF== Profiling "triton_poi_fused_gelu_view_5" - 705: 0%....50%....100% - 3 passes
==PROF== Profiling "nvjet_sm110_tst_144x128_64x6_..." - 706: 0%....50%....100% - 3 passes
==PROF== Profiling "triton_red_fused_add_native_l..." - 707: 0%....50%....100% - 3 passes
==PROF== Profiling "nvjet_sm110_tst_128x128_64x6_..." - 708: 0%....50%....100% - 3 passes
==PROF== Profiling "nvjet_sm110_tst_128x128_64x6_..." - 709: 0%....50%....100% - 3 passes
==PROF== Profiling "nvjet_sm110_tst_128x128_64x6_..." - 710: 0%....50%....100% - 3 passes
==PROF== Profiling "flash_fwd_kernel" - 711: 0%....50%....100% - 3 passes
==PROF== Profiling "nvjet_sm110_tst_128x128_64x6_..." - 712: 0%....50%....100% - 3 passes
==PROF== Profiling "triton_red_fused_add_native_l..." - 713: 0%....50%....100% - 3 passes
==PROF== Profiling "nvjet_sm110_tst_224x128_64x7_..." - 714: 0%....50%....100% - 3 passes
==PROF== Profiling "triton_poi_fused_gelu_view_5" - 715: 0%....50%....100% - 3 passes
==PROF== Profiling "nvjet_sm110_tst_144x128_64x6_..." - 716: 0%....50%....100% - 3 passes
==PROF== Profiling "triton_red_fused_add_native_l..." - 717: 0%....50%....100% - 3 passes
==PROF== Profiling "nvjet_sm110_tst_128x128_64x6_..." - 718: 0%....50%....100% - 3 passes
==PROF== Profiling "nvjet_sm110_tst_128x128_64x6_..." - 719: 0%....50%....100% - 3 passes
==PROF== Profiling "nvjet_sm110_tst_128x128_64x6_..." - 720: 0%....50%....100% - 3 passes
==PROF== Profiling "flash_fwd_kernel" - 721: 0%....50%....100% - 3 passes
==PROF== Profiling "nvjet_sm110_tst_128x128_64x6_..." - 722: 0%....50%....100% - 3 passes
==PROF== Profiling "triton_red_fused_add_native_l..." - 723: 0%....50%....100% - 3 passes
==PROF== Profiling "nvjet_sm110_tst_224x128_64x7_..." - 724: 0%....50%....100% - 3 passes
==PROF== Profiling "triton_poi_fused_gelu_view_5" - 725: 0%....50%....100% - 3 passes
==PROF== Profiling "nvjet_sm110_tst_144x128_64x6_..." - 726: 0%....50%....100% - 3 passes
==PROF== Profiling "triton_red_fused_add_native_l..." - 727: 0%....50%....100% - 3 passes
==PROF== Profiling "nvjet_sm110_tst_128x128_64x6_..." - 728: 0%....50%....100% - 3 passes
==PROF== Profiling "nvjet_sm110_tst_128x128_64x6_..." - 729: 0%....50%....100% - 3 passes
==PROF== Profiling "nvjet_sm110_tst_128x128_64x6_..." - 730: 0%....50%....100% - 3 passes
==PROF== Profiling "flash_fwd_kernel" - 731: 0%....50%....100% - 3 passes
==PROF== Profiling "nvjet_sm110_tst_128x128_64x6_..." - 732: 0%....50%....100% - 3 passes
==PROF== Profiling "triton_red_fused_add_native_l..." - 733: 0%....50%....100% - 3 passes
==PROF== Profiling "nvjet_sm110_tst_224x128_64x7_..." - 734: 0%....50%....100% - 3 passes
==PROF== Profiling "triton_poi_fused_gelu_view_5" - 735: 0%....50%....100% - 3 passes
==PROF== Profiling "nvjet_sm110_tst_144x128_64x6_..." - 736: 0%....50%....100% - 3 passes
==PROF== Profiling "triton_red_fused_add_native_l..." - 737: 0%....50%....100% - 3 passes
==PROF== Profiling "nvjet_sm110_tst_128x128_64x6_..." - 738: 0%....50%....100% - 3 passes
==PROF== Profiling "nvjet_sm110_tst_128x128_64x6_..." - 739: 0%....50%....100% - 3 passes
==PROF== Profiling "nvjet_sm110_tst_128x128_64x6_..." - 740: 0%....50%....100% - 3 passes
==PROF== Profiling "flash_fwd_kernel" - 741: 0%....50%....100% - 3 passes
==PROF== Profiling "nvjet_sm110_tst_128x128_64x6_..." - 742: 0%....50%....100% - 3 passes
==PROF== Profiling "triton_red_fused_add_native_l..." - 743: 0%....50%....100% - 3 passes
==PROF== Profiling "nvjet_sm110_tst_224x128_64x7_..." - 744: 0%....50%....100% - 3 passes
==PROF== Profiling "triton_poi_fused_gelu_view_5" - 745: 0%....50%....100% - 3 passes
==PROF== Profiling "nvjet_sm110_tst_144x128_64x6_..." - 746: 0%....50%....100% - 3 passes
==PROF== Profiling "triton_red_fused_add_native_l..." - 747: 0%....50%....100% - 3 passes
==PROF== Profiling "nvjet_sm110_tst_128x128_64x6_..." - 748: 0%....50%....100% - 3 passes
==PROF== Profiling "nvjet_sm110_tst_128x128_64x6_..." - 749: 0%....50%....100% - 3 passes
==PROF== Profiling "nvjet_sm110_tst_128x128_64x6_..." - 750: 0%....50%....100% - 3 passes
==PROF== Profiling "flash_fwd_kernel" - 751: 0%....50%....100% - 3 passes
==PROF== Profiling "nvjet_sm110_tst_128x128_64x6_..." - 752: 0%....50%....100% - 3 passes
==PROF== Profiling "triton_red_fused_add_native_l..." - 753: 0%....50%....100% - 3 passes
==PROF== Profiling "nvjet_sm110_tst_224x128_64x7_..." - 754: 0%....50%....100% - 3 passes
==PROF== Profiling "triton_poi_fused_gelu_view_5" - 755: 0%....50%....100% - 3 passes
==PROF== Profiling "nvjet_sm110_tst_144x128_64x6_..." - 756: 0%....50%....100% - 3 passes
==PROF== Profiling "triton_red_fused_add_native_l..." - 757: 0%....50%....100% - 3 passes
==PROF== Profiling "nvjet_sm110_tst_128x128_64x6_..." - 758: 0%....50%....100% - 3 passes
==PROF== Profiling "nvjet_sm110_tst_128x128_64x6_..." - 759: 0%....50%....100% - 3 passes
==PROF== Profiling "nvjet_sm110_tst_128x128_64x6_..." - 760: 0%....50%....100% - 3 passes
==PROF== Profiling "flash_fwd_kernel" - 761: 0%....50%....100% - 3 passes
==PROF== Profiling "nvjet_sm110_tst_128x128_64x6_..." - 762: 0%....50%....100% - 3 passes
==PROF== Profiling "triton_red_fused_add_native_l..." - 763: 0%....50%....100% - 3 passes
==PROF== Profiling "nvjet_sm110_tst_224x128_64x7_..." - 764: 0%....50%....100% - 3 passes
==PROF== Profiling "triton_poi_fused_gelu_view_5" - 765: 0%....50%....100% - 3 passes
==PROF== Profiling "nvjet_sm110_tst_144x128_64x6_..." - 766: 0%....50%....100% - 3 passes
==PROF== Profiling "triton_red_fused_add_native_l..." - 767: 0%....50%....100% - 3 passes
==PROF== Profiling "nvjet_sm110_tst_128x128_64x6_..." - 768: 0%....50%....100% - 3 passes
==PROF== Profiling "nvjet_sm110_tst_128x128_64x6_..." - 769: 0%....50%....100% - 3 passes
==PROF== Profiling "nvjet_sm110_tst_128x128_64x6_..." - 770: 0%....50%....100% - 3 passes
==PROF== Profiling "flash_fwd_kernel" - 771: 0%....50%....100% - 3 passes
==PROF== Profiling "nvjet_sm110_tst_128x128_64x6_..." - 772: 0%....50%....100% - 3 passes
==PROF== Profiling "triton_red_fused_add_native_l..." - 773: 0%....50%....100% - 3 passes
==PROF== Profiling "nvjet_sm110_tst_224x128_64x7_..." - 774: 0%....50%....100% - 3 passes
==PROF== Profiling "triton_poi_fused_gelu_view_5" - 775: 0%....50%....100% - 3 passes
==PROF== Profiling "nvjet_sm110_tst_144x128_64x6_..." - 776: 0%....50%....100% - 3 passes
==PROF== Profiling "triton_red_fused_add_native_l..." - 777: 0%....50%....100% - 3 passes
==PROF== Profiling "nvjet_sm110_tst_128x128_64x6_..." - 778: 0%....50%....100% - 3 passes
==PROF== Profiling "nvjet_sm110_tst_128x128_64x6_..." - 779: 0%....50%....100% - 3 passes
==PROF== Profiling "nvjet_sm110_tst_128x128_64x6_..." - 780: 0%....50%....100% - 3 passes
==PROF== Profiling "flash_fwd_kernel" - 781: 0%....50%....100% - 3 passes
==PROF== Profiling "nvjet_sm110_tst_128x128_64x6_..." - 782: 0%....50%....100% - 3 passes
==PROF== Profiling "triton_red_fused_add_native_l..." - 783: 0%....50%....100% - 3 passes
==PROF== Profiling "nvjet_sm110_tst_224x128_64x7_..." - 784: 0%....50%....100% - 3 passes
==PROF== Profiling "triton_poi_fused_gelu_view_5" - 785: 0%....50%....100% - 3 passes
==PROF== Profiling "nvjet_sm110_tst_144x128_64x6_..." - 786: 0%....50%....100% - 3 passes
==PROF== Profiling "triton_red_fused_add_native_l..." - 787: 0%....50%....100% - 3 passes
==PROF== Profiling "nvjet_sm110_tst_128x128_64x6_..." - 788: 0%....50%....100% - 3 passes
==PROF== Profiling "nvjet_sm110_tst_128x128_64x6_..." - 789: 0%....50%....100% - 3 passes
==PROF== Profiling "nvjet_sm110_tst_128x128_64x6_..." - 790: 0%....50%....100% - 3 passes
==PROF== Profiling "flash_fwd_kernel" - 791: 0%....50%....100% - 3 passes
==PROF== Profiling "nvjet_sm110_tst_128x128_64x6_..." - 792: 0%....50%....100% - 3 passes
==PROF== Profiling "triton_red_fused_add_native_l..." - 793: 0%....50%....100% - 3 passes
==PROF== Profiling "nvjet_sm110_tst_224x128_64x7_..." - 794: 0%....50%....100% - 3 passes
==PROF== Profiling "triton_poi_fused_gelu_view_5" - 795: 0%....50%....100% - 3 passes
==PROF== Profiling "nvjet_sm110_tst_144x128_64x6_..." - 796: 0%....50%....100% - 3 passes
==PROF== Profiling "triton_red_fused_add_native_l..." - 797: 0%....50%....100% - 3 passes
==PROF== Profiling "nvjet_sm110_tst_128x128_64x6_..." - 798: 0%....50%....100% - 3 passes
==PROF== Profiling "nvjet_sm110_tst_128x128_64x6_..." - 799: 0%....50%....100% - 3 passes
==PROF== Profiling "nvjet_sm110_tst_128x128_64x6_..." - 800: 0%....50%....100% - 3 passes
==PROF== Profiling "flash_fwd_kernel" - 801: 0%....50%....100% - 3 passes
==PROF== Profiling "nvjet_sm110_tst_128x128_64x6_..." - 802: 0%....50%....100% - 3 passes
==PROF== Profiling "triton_red_fused_add_native_l..." - 803: 0%....50%....100% - 3 passes
==PROF== Profiling "nvjet_sm110_tst_224x128_64x7_..." - 804: 0%....50%....100% - 3 passes
==PROF== Profiling "triton_poi_fused_gelu_view_5" - 805: 0%....50%....100% - 3 passes
==PROF== Profiling "nvjet_sm110_tst_144x128_64x6_..." - 806: 0%....50%....100% - 3 passes
==PROF== Profiling "triton_red_fused_add_native_l..." - 807: 0%....50%....100% - 3 passes
==PROF== Profiling "nvjet_sm110_tst_128x128_64x6_..." - 808: 0%....50%....100% - 3 passes
==PROF== Profiling "nvjet_sm110_tst_128x128_64x6_..." - 809: 0%....50%....100% - 3 passes
==PROF== Profiling "nvjet_sm110_tst_128x128_64x6_..." - 810: 0%....50%....100% - 3 passes
==PROF== Profiling "flash_fwd_kernel" - 811: 0%....50%....100% - 3 passes
==PROF== Profiling "nvjet_sm110_tst_128x128_64x6_..." - 812: 0%....50%....100% - 3 passes
==PROF== Profiling "triton_red_fused_add_native_l..." - 813: 0%....50%....100% - 3 passes
==PROF== Profiling "nvjet_sm110_tst_224x128_64x7_..." - 814: 0%....50%....100% - 3 passes
==PROF== Profiling "triton_poi_fused_gelu_view_5" - 815: 0%....50%....100% - 3 passes
==PROF== Profiling "nvjet_sm110_tst_144x128_64x6_..." - 816: 0%....50%....100% - 3 passes
==PROF== Profiling "triton_red_fused_add_native_l..." - 817: 0%....50%....100% - 3 passes
==PROF== Profiling "nvjet_sm110_tst_128x128_64x6_..." - 818: 0%....50%....100% - 3 passes
==PROF== Profiling "nvjet_sm110_tst_128x128_64x6_..." - 819: 0%....50%....100% - 3 passes
==PROF== Profiling "nvjet_sm110_tst_128x128_64x6_..." - 820: 0%....50%....100% - 3 passes
==PROF== Profiling "flash_fwd_kernel" - 821: 0%....50%....100% - 3 passes
==PROF== Profiling "nvjet_sm110_tst_128x128_64x6_..." - 822: 0%....50%....100% - 3 passes
==PROF== Profiling "triton_red_fused_add_native_l..." - 823: 0%....50%....100% - 3 passes
==PROF== Profiling "nvjet_sm110_tst_224x128_64x7_..." - 824: 0%....50%....100% - 3 passes
==PROF== Profiling "triton_poi_fused_gelu_view_5" - 825: 0%....50%....100% - 3 passes
==PROF== Profiling "nvjet_sm110_tst_144x128_64x6_..." - 826: 0%....50%....100% - 3 passes
==PROF== Profiling "triton_red_fused_add_native_l..." - 827: 0%....50%....100% - 3 passes
==PROF== Profiling "nvjet_sm110_tst_128x128_64x6_..." - 828: 0%....50%....100% - 3 passes
==PROF== Profiling "nvjet_sm110_tst_128x128_64x6_..." - 829: 0%....50%....100% - 3 passes
==PROF== Profiling "nvjet_sm110_tst_128x128_64x6_..." - 830: 0%....50%....100% - 3 passes
==PROF== Profiling "flash_fwd_kernel" - 831: 0%....50%....100% - 3 passes
==PROF== Profiling "nvjet_sm110_tst_128x128_64x6_..." - 832: 0%....50%....100% - 3 passes
==PROF== Profiling "triton_red_fused_add_native_l..." - 833: 0%....50%....100% - 3 passes
==PROF== Profiling "nvjet_sm110_tst_224x128_64x7_..." - 834: 0%....50%....100% - 3 passes
==PROF== Profiling "triton_poi_fused_gelu_view_5" - 835: 0%....50%....100% - 3 passes
==PROF== Profiling "nvjet_sm110_tst_144x128_64x6_..." - 836: 0%....50%....100% - 3 passes
==PROF== Profiling "triton_red_fused_add_native_l..." - 837: 0%....50%....100% - 3 passes
==PROF== Profiling "nvjet_sm110_tst_512x64_64x2_1..." - 838: 0%....50%....100% - 3 passes
==PROF== Profiling "triton_poi_fused_mul_view_11" - 839: 0%....50%....100% - 3 passes
==PROF== Profiling "vectorized_gather_kernel" - 840: 0%....50%....100% - 3 passes
==PROF== Profiling "elementwise_kernel" - 841: 0%....50%....100% - 3 passes
==PROF== Profiling "CatArrayBatchedCopy_vectorized" - 842: 0%....50%....100% - 3 passes
==PROF== Profiling "vectorized_elementwise_kernel" - 843: 0%....50%....100% - 3 passes
==PROF== Profiling "unrolled_elementwise_kernel" - 844: 0%....50%....100% - 3 passes
==PROF== Profiling "_build_gemma_rope_from_positi..." - 845: 0%....50%....100% - 3 passes
==PROF== Profiling "_rms_norm_kernel" - 846: 0%....50%....100% - 3 passes
==PROF== Profiling "_matmul_gemma_rope_qkv" - 847: 0%....50%....100% - 3 passes
==PROF== Profiling "_matmul_abt_scale" - 848: 0%....50%....100% - 3 passes
==PROF== Profiling "_softmax_mask_vector" - 849: 0%....50%....100% - 3 passes
==PROF== Profiling "_matmul_small" - 850: 0%....50%....100% - 3 passes
==PROF== Profiling "_matmul_small_res" - 851: 0%....50%....100% - 3 passes
==PROF== Profiling "_rms_norm_kernel" - 852: 0%....50%....100% - 3 passes
==PROF== Profiling "nvjet_sm110_tst_256x232_64x3_..." - 853: 0%....50%....100% - 3 passes
==PROF== Profiling "triton_poi_fused_gelu_mul_spl..." - 854: 0%....50%....100% - 3 passes
==PROF== Profiling "nvjet_sm110_tst_256x184_64x3_..." - 855: 0%....50%....100% - 3 passes
==PROF== Profiling "_rms_norm_kernel" - 856: 0%....50%....100% - 3 passes
==PROF== Profiling "_matmul_gemma_rope_qkv" - 857: 0%....50%....100% - 3 passes
==PROF== Profiling "_matmul_abt_scale" - 858: 0%....50%....100% - 3 passes
==PROF== Profiling "_softmax_mask_vector" - 859: 0%....50%....100% - 3 passes
==PROF== Profiling "_matmul_small" - 860: 0%....50%....100% - 3 passes
==PROF== Profiling "_matmul_small_res" - 861: 0%....50%....100% - 3 passes
==PROF== Profiling "_rms_norm_kernel" - 862: 0%....50%....100% - 3 passes
==PROF== Profiling "nvjet_sm110_tst_256x232_64x3_..." - 863: 0%....50%....100% - 3 passes
==PROF== Profiling "triton_poi_fused_gelu_mul_spl..." - 864: 0%....50%....100% - 3 passes
==PROF== Profiling "nvjet_sm110_tst_256x184_64x3_..." - 865: 0%....50%....100% - 3 passes
==PROF== Profiling "_rms_norm_kernel" - 866: 0%....50%....100% - 3 passes
==PROF== Profiling "_matmul_gemma_rope_qkv" - 867: 0%....50%....100% - 3 passes
==PROF== Profiling "_matmul_abt_scale" - 868: 0%....50%....100% - 3 passes
==PROF== Profiling "_softmax_mask_vector" - 869: 0%....50%....100% - 3 passes
==PROF== Profiling "_matmul_small" - 870: 0%....50%....100% - 3 passes
==PROF== Profiling "_matmul_small_res" - 871: 0%....50%....100% - 3 passes
==PROF== Profiling "_rms_norm_kernel" - 872: 0%....50%....100% - 3 passes
==PROF== Profiling "nvjet_sm110_tst_256x232_64x3_..." - 873: 0%....50%....100% - 3 passes
==PROF== Profiling "triton_poi_fused_gelu_mul_spl..." - 874: 0%....50%....100% - 3 passes
==PROF== Profiling "nvjet_sm110_tst_256x184_64x3_..." - 875: 0%....50%....100% - 3 passes
==PROF== Profiling "_rms_norm_kernel" - 876: 0%....50%....100% - 3 passes
==PROF== Profiling "_matmul_gemma_rope_qkv" - 877: 0%....50%....100% - 3 passes
==PROF== Profiling "_matmul_abt_scale" - 878: 0%....50%....100% - 3 passes
==PROF== Profiling "_softmax_mask_vector" - 879: 0%....50%....100% - 3 passes
==PROF== Profiling "_matmul_small" - 880: 0%....50%....100% - 3 passes
==PROF== Profiling "_matmul_small_res" - 881: 0%....50%....100% - 3 passes
==PROF== Profiling "_rms_norm_kernel" - 882: 0%....50%....100% - 3 passes
==PROF== Profiling "nvjet_sm110_tst_256x232_64x3_..." - 883: 0%....50%....100% - 3 passes
==PROF== Profiling "triton_poi_fused_gelu_mul_spl..." - 884: 0%....50%....100% - 3 passes
==PROF== Profiling "nvjet_sm110_tst_256x184_64x3_..." - 885: 0%....50%....100% - 3 passes
==PROF== Profiling "_rms_norm_kernel" - 886: 0%....50%....100% - 3 passes
==PROF== Profiling "_matmul_gemma_rope_qkv" - 887: 0%....50%....100% - 3 passes
==PROF== Profiling "_matmul_abt_scale" - 888: 0%....50%....100% - 3 passes
==PROF== Profiling "_softmax_mask_vector" - 889: 0%....50%....100% - 3 passes
==PROF== Profiling "_matmul_small" - 890: 0%....50%....100% - 3 passes
==PROF== Profiling "_matmul_small_res" - 891: 0%....50%....100% - 3 passes
==PROF== Profiling "_rms_norm_kernel" - 892: 0%....50%....100% - 3 passes
==PROF== Profiling "nvjet_sm110_tst_256x232_64x3_..." - 893: 0%....50%....100% - 3 passes
==PROF== Profiling "triton_poi_fused_gelu_mul_spl..." - 894: 0%....50%....100% - 3 passes
==PROF== Profiling "nvjet_sm110_tst_256x184_64x3_..." - 895: 0%....50%....100% - 3 passes
==PROF== Profiling "_rms_norm_kernel" - 896: 0%....50%....100% - 3 passes
==PROF== Profiling "_matmul_gemma_rope_qkv" - 897: 0%....50%....100% - 3 passes
==PROF== Profiling "_matmul_abt_scale" - 898: 0%....50%....100% - 3 passes
==PROF== Profiling "_softmax_mask_vector" - 899: 0%....50%....100% - 3 passes
==PROF== Profiling "_matmul_small" - 900: 0%....50%....100% - 3 passes
==PROF== Profiling "_matmul_small_res" - 901: 0%....50%....100% - 3 passes
==PROF== Profiling "_rms_norm_kernel" - 902: 0%....50%....100% - 3 passes
==PROF== Profiling "nvjet_sm110_tst_256x232_64x3_..." - 903: 0%....50%....100% - 3 passes
==PROF== Profiling "triton_poi_fused_gelu_mul_spl..." - 904: 0%....50%....100% - 3 passes
==PROF== Profiling "nvjet_sm110_tst_256x184_64x3_..." - 905: 0%....50%....100% - 3 passes
==PROF== Profiling "_rms_norm_kernel" - 906: 0%....50%....100% - 3 passes
==PROF== Profiling "_matmul_gemma_rope_qkv" - 907: 0%....50%....100% - 3 passes
==PROF== Profiling "_matmul_abt_scale" - 908: 0%....50%....100% - 3 passes
==PROF== Profiling "_softmax_mask_vector" - 909: 0%....50%....100% - 3 passes
==PROF== Profiling "_matmul_small" - 910: 0%....50%....100% - 3 passes
==PROF== Profiling "_matmul_small_res" - 911: 0%....50%....100% - 3 passes
==PROF== Profiling "_rms_norm_kernel" - 912: 0%....50%....100% - 3 passes
==PROF== Profiling "nvjet_sm110_tst_256x232_64x3_..." - 913: 0%....50%....100% - 3 passes
==PROF== Profiling "triton_poi_fused_gelu_mul_spl..." - 914: 0%....50%....100% - 3 passes
==PROF== Profiling "nvjet_sm110_tst_256x184_64x3_..." - 915: 0%....50%....100% - 3 passes
==PROF== Profiling "_rms_norm_kernel" - 916: 0%....50%....100% - 3 passes
==PROF== Profiling "_matmul_gemma_rope_qkv" - 917: 0%....50%....100% - 3 passes
==PROF== Profiling "_matmul_abt_scale" - 918: 0%....50%....100% - 3 passes
==PROF== Profiling "_softmax_mask_vector" - 919: 0%....50%....100% - 3 passes
==PROF== Profiling "_matmul_small" - 920: 0%....50%....100% - 3 passes
==PROF== Profiling "_matmul_small_res" - 921: 0%....50%....100% - 3 passes
==PROF== Profiling "_rms_norm_kernel" - 922: 0%....50%....100% - 3 passes
==PROF== Profiling "nvjet_sm110_tst_256x232_64x3_..." - 923: 0%....50%....100% - 3 passes
==PROF== Profiling "triton_poi_fused_gelu_mul_spl..." - 924: 0%....50%....100% - 3 passes
==PROF== Profiling "nvjet_sm110_tst_256x184_64x3_..." - 925: 0%....50%....100% - 3 passes
==PROF== Profiling "_rms_norm_kernel" - 926: 0%....50%....100% - 3 passes
==PROF== Profiling "_matmul_gemma_rope_qkv" - 927: 0%....50%....100% - 3 passes
==PROF== Profiling "_matmul_abt_scale" - 928: 0%....50%....100% - 3 passes
==PROF== Profiling "_softmax_mask_vector" - 929: 0%....50%....100% - 3 passes
==PROF== Profiling "_matmul_small" - 930: 0%....50%....100% - 3 passes
==PROF== Profiling "_matmul_small_res" - 931: 0%....50%....100% - 3 passes
==PROF== Profiling "_rms_norm_kernel" - 932: 0%....50%....100% - 3 passes
==PROF== Profiling "nvjet_sm110_tst_256x232_64x3_..." - 933: 0%....50%....100% - 3 passes
==PROF== Profiling "triton_poi_fused_gelu_mul_spl..." - 934: 0%....50%....100% - 3 passes
==PROF== Profiling "nvjet_sm110_tst_256x184_64x3_..." - 935: 0%....50%....100% - 3 passes
==PROF== Profiling "_rms_norm_kernel" - 936: 0%....50%....100% - 3 passes
==PROF== Profiling "_matmul_gemma_rope_qkv" - 937: 0%....50%....100% - 3 passes
==PROF== Profiling "_matmul_abt_scale" - 938: 0%....50%....100% - 3 passes
==PROF== Profiling "_softmax_mask_vector" - 939: 0%....50%....100% - 3 passes
==PROF== Profiling "_matmul_small" - 940: 0%....50%....100% - 3 passes
==PROF== Profiling "_matmul_small_res" - 941: 0%....50%....100% - 3 passes
==PROF== Profiling "_rms_norm_kernel" - 942: 0%....50%....100% - 3 passes
==PROF== Profiling "nvjet_sm110_tst_256x232_64x3_..." - 943: 0%....50%....100% - 3 passes
==PROF== Profiling "triton_poi_fused_gelu_mul_spl..." - 944: 0%....50%....100% - 3 passes
==PROF== Profiling "nvjet_sm110_tst_256x184_64x3_..." - 945: 0%....50%....100% - 3 passes
==PROF== Profiling "_rms_norm_kernel" - 946: 0%....50%....100% - 3 passes
==PROF== Profiling "_matmul_gemma_rope_qkv" - 947: 0%....50%....100% - 3 passes
==PROF== Profiling "_matmul_abt_scale" - 948: 0%....50%....100% - 3 passes
==PROF== Profiling "_softmax_mask_vector" - 949: 0%....50%....100% - 3 passes
==PROF== Profiling "_matmul_small" - 950: 0%....50%....100% - 3 passes
==PROF== Profiling "_matmul_small_res" - 951: 0%....50%....100% - 3 passes
==PROF== Profiling "_rms_norm_kernel" - 952: 0%....50%....100% - 3 passes
==PROF== Profiling "nvjet_sm110_tst_256x232_64x3_..." - 953: 0%....50%....100% - 3 passes
==PROF== Profiling "triton_poi_fused_gelu_mul_spl..." - 954: 0%....50%....100% - 3 passes
==PROF== Profiling "nvjet_sm110_tst_256x184_64x3_..." - 955: 0%....50%....100% - 3 passes
==PROF== Profiling "_rms_norm_kernel" - 956: 0%....50%....100% - 3 passes
==PROF== Profiling "_matmul_gemma_rope_qkv" - 957: 0%....50%....100% - 3 passes
==PROF== Profiling "_matmul_abt_scale" - 958: 0%....50%....100% - 3 passes
==PROF== Profiling "_softmax_mask_vector" - 959: 0%....50%....100% - 3 passes
==PROF== Profiling "_matmul_small" - 960: 0%....50%....100% - 3 passes
==PROF== Profiling "_matmul_small_res" - 961: 0%....50%....100% - 3 passes
==PROF== Profiling "_rms_norm_kernel" - 962: 0%....50%....100% - 3 passes
==PROF== Profiling "nvjet_sm110_tst_256x232_64x3_..." - 963: 0%....50%....100% - 3 passes
==PROF== Profiling "triton_poi_fused_gelu_mul_spl..." - 964: 0%....50%....100% - 3 passes
==PROF== Profiling "nvjet_sm110_tst_256x184_64x3_..." - 965: 0%....50%....100% - 3 passes
==PROF== Profiling "_rms_norm_kernel" - 966: 0%....50%....100% - 3 passes
==PROF== Profiling "_matmul_gemma_rope_qkv" - 967: 0%....50%....100% - 3 passes
==PROF== Profiling "_matmul_abt_scale" - 968: 0%....50%....100% - 3 passes
==PROF== Profiling "_softmax_mask_vector" - 969: 0%....50%....100% - 3 passes
==PROF== Profiling "_matmul_small" - 970: 0%....50%....100% - 3 passes
==PROF== Profiling "_matmul_small_res" - 971: 0%....50%....100% - 3 passes
==PROF== Profiling "_rms_norm_kernel" - 972: 0%....50%....100% - 3 passes
==PROF== Profiling "nvjet_sm110_tst_256x232_64x3_..." - 973: 0%....50%....100% - 3 passes
==PROF== Profiling "triton_poi_fused_gelu_mul_spl..." - 974: 0%....50%....100% - 3 passes
==PROF== Profiling "nvjet_sm110_tst_256x184_64x3_..." - 975: 0%....50%....100% - 3 passes
==PROF== Profiling "_rms_norm_kernel" - 976: 0%....50%....100% - 3 passes
==PROF== Profiling "_matmul_gemma_rope_qkv" - 977: 0%....50%....100% - 3 passes
==PROF== Profiling "_matmul_abt_scale" - 978: 0%....50%....100% - 3 passes
==PROF== Profiling "_softmax_mask_vector" - 979: 0%....50%....100% - 3 passes
==PROF== Profiling "_matmul_small" - 980: 0%....50%....100% - 3 passes
==PROF== Profiling "_matmul_small_res" - 981: 0%....50%....100% - 3 passes
==PROF== Profiling "_rms_norm_kernel" - 982: 0%....50%....100% - 3 passes
==PROF== Profiling "nvjet_sm110_tst_256x232_64x3_..." - 983: 0%....50%....100% - 3 passes
==PROF== Profiling "triton_poi_fused_gelu_mul_spl..." - 984: 0%....50%....100% - 3 passes
==PROF== Profiling "nvjet_sm110_tst_256x184_64x3_..." - 985: 0%....50%....100% - 3 passes
==PROF== Profiling "_rms_norm_kernel" - 986: 0%....50%....100% - 3 passes
==PROF== Profiling "_matmul_gemma_rope_qkv" - 987: 0%....50%....100% - 3 passes
==PROF== Profiling "_matmul_abt_scale" - 988: 0%....50%....100% - 3 passes
==PROF== Profiling "_softmax_mask_vector" - 989: 0%....50%....100% - 3 passes
==PROF== Profiling "_matmul_small" - 990: 0%....50%....100% - 3 passes
==PROF== Profiling "_matmul_small_res" - 991: 0%....50%....100% - 3 passes
==PROF== Profiling "_rms_norm_kernel" - 992: 0%....50%....100% - 3 passes
==PROF== Profiling "nvjet_sm110_tst_256x232_64x3_..." - 993: 0%....50%....100% - 3 passes
==PROF== Profiling "triton_poi_fused_gelu_mul_spl..." - 994: 0%....50%....100% - 3 passes
==PROF== Profiling "nvjet_sm110_tst_256x184_64x3_..." - 995: 0%....50%....100% - 3 passes
==PROF== Profiling "_rms_norm_kernel" - 996: 0%....50%....100% - 3 passes
==PROF== Profiling "_matmul_gemma_rope_qkv" - 997: 0%....50%....100% - 3 passes
==PROF== Profiling "_matmul_abt_scale" - 998: 0%....50%....100% - 3 passes
==PROF== Profiling "_softmax_mask_vector" - 999: 0%....50%....100% - 3 passes
==PROF== Profiling "_matmul_small" - 1000: 0%....50%....100% - 3 passes
==PROF== Profiling "_matmul_small_res" - 1001: 0%....50%....100% - 3 passes
==PROF== Profiling "_rms_norm_kernel" - 1002: 0%....50%....100% - 3 passes
==PROF== Profiling "nvjet_sm110_tst_256x232_64x3_..." - 1003: 0%....50%....100% - 3 passes
==PROF== Profiling "triton_poi_fused_gelu_mul_spl..." - 1004: 0%....50%....100% - 3 passes
==PROF== Profiling "nvjet_sm110_tst_256x184_64x3_..." - 1005: 0%....50%....100% - 3 passes
==PROF== Profiling "_rms_norm_kernel" - 1006: 0%....50%....100% - 3 passes
==PROF== Profiling "_matmul_gemma_rope_qkv" - 1007: 0%....50%....100% - 3 passes
==PROF== Profiling "_matmul_abt_scale" - 1008: 0%....50%....100% - 3 passes
==PROF== Profiling "_softmax_mask_vector" - 1009: 0%....50%....100% - 3 passes
==PROF== Profiling "_matmul_small" - 1010: 0%....50%....100% - 3 passes
==PROF== Profiling "_matmul_small_res" - 1011: 0%....50%....100% - 3 passes
==PROF== Profiling "_rms_norm_kernel" - 1012: 0%....50%....100% - 3 passes
==PROF== Profiling "nvjet_sm110_tst_256x232_64x3_..." - 1013: 0%....50%....100% - 3 passes
==PROF== Profiling "triton_poi_fused_gelu_mul_spl..." - 1014: 0%....50%....100% - 3 passes
==PROF== Profiling "nvjet_sm110_tst_256x184_64x3_..." - 1015: 0%....50%....100% - 3 passes
==PROF== Profiling "_rms_norm_kernel" - 1016: 0%....50%....100% - 3 passes
==PROF== Profiling "_matmul_gemma_rope_qkv" - 1017: 0%....50%....100% - 3 passes
==PROF== Profiling "vectorized_elementwise_kernel" - 1018: 0%....50%....100% - 3 passes
==PROF== Profiling "unrolled_elementwise_kernel" - 1019: 0%....50%....100% - 3 passes
==PROF== Profiling "vectorized_elementwise_kernel" - 1020: 0%....50%....100% - 3 passes
==PROF== Profiling "_matmul_small_bias" - 1021: 0%....50%....100% - 3 passes
==PROF== Profiling "_adarms_norm_kernel" - 1022: 0%....50%....100% - 3 passes
==PROF== Profiling "_matmul_gemma_rope_qkv" - 1023: 0%....50%....100% - 3 passes
==PROF== Profiling "_matmul_abt_scale" - 1024: 0%....50%....100% - 3 passes
==PROF== Profiling "_softmax_prefix_suffix_mask_v..." - 1025: 0%....50%....100% - 3 passes
==PROF== Profiling "_matmul_small" - 1026: 0%....50%....100% - 3 passes
==PROF== Profiling "_matmul_small_res_gate_oproj" - 1027: 0%....50%....100% - 3 passes
==PROF== Profiling "_adarms_norm_kernel" - 1028: 0%....50%....100% - 3 passes
==PROF== Profiling "_matmul_small_gate" - 1029: 0%....50%....100% - 3 passes
==PROF== Profiling "_matmul_small_res_gate_ffn_down" - 1030: 0%....50%....100% - 3 passes
==PROF== Profiling "_adarms_norm_kernel" - 1031: 0%....50%....100% - 3 passes
==PROF== Profiling "_matmul_gemma_rope_qkv" - 1032: 0%....50%....100% - 3 passes
==PROF== Profiling "_matmul_abt_scale" - 1033: 0%....50%....100% - 3 passes
==PROF== Profiling "_softmax_prefix_suffix_mask_v..." - 1034: 0%....50%....100% - 3 passes
==PROF== Profiling "_matmul_small" - 1035: 0%....50%....100% - 3 passes
==PROF== Profiling "_matmul_small_res_gate_oproj" - 1036: 0%....50%....100% - 3 passes
==PROF== Profiling "_adarms_norm_kernel" - 1037: 0%....50%....100% - 3 passes
==PROF== Profiling "_matmul_small_gate" - 1038: 0%....50%....100% - 3 passes
==PROF== Profiling "_matmul_small_res_gate_ffn_down" - 1039: 0%....50%....100% - 3 passes
==PROF== Profiling "_adarms_norm_kernel" - 1040: 0%....50%....100% - 3 passes
==PROF== Profiling "_matmul_gemma_rope_qkv" - 1041: 0%....50%....100% - 3 passes
==PROF== Profiling "_matmul_abt_scale" - 1042: 0%....50%....100% - 3 passes
==PROF== Profiling "_softmax_prefix_suffix_mask_v..." - 1043: 0%....50%....100% - 3 passes
==PROF== Profiling "_matmul_small" - 1044: 0%....50%....100% - 3 passes
==PROF== Profiling "_matmul_small_res_gate_oproj" - 1045: 0%....50%....100% - 3 passes
==PROF== Profiling "_adarms_norm_kernel" - 1046: 0%....50%....100% - 3 passes
==PROF== Profiling "_matmul_small_gate" - 1047: 0%....50%....100% - 3 passes
==PROF== Profiling "_matmul_small_res_gate_ffn_down" - 1048: 0%....50%....100% - 3 passes
==PROF== Profiling "_adarms_norm_kernel" - 1049: 0%....50%....100% - 3 passes
==PROF== Profiling "_matmul_gemma_rope_qkv" - 1050: 0%....50%....100% - 3 passes
==PROF== Profiling "_matmul_abt_scale" - 1051: 0%....50%....100% - 3 passes
==PROF== Profiling "_softmax_prefix_suffix_mask_v..." - 1052: 0%....50%....100% - 3 passes
==PROF== Profiling "_matmul_small" - 1053: 0%....50%....100% - 3 passes
==PROF== Profiling "_matmul_small_res_gate_oproj" - 1054: 0%....50%....100% - 3 passes
==PROF== Profiling "_adarms_norm_kernel" - 1055: 0%....50%....100% - 3 passes
==PROF== Profiling "_matmul_small_gate" - 1056: 0%....50%....100% - 3 passes
==PROF== Profiling "_matmul_small_res_gate_ffn_down" - 1057: 0%....50%....100% - 3 passes
==PROF== Profiling "_adarms_norm_kernel" - 1058: 0%....50%....100% - 3 passes
==PROF== Profiling "_matmul_gemma_rope_qkv" - 1059: 0%....50%....100% - 3 passes
==PROF== Profiling "_matmul_abt_scale" - 1060: 0%....50%....100% - 3 passes
==PROF== Profiling "_softmax_prefix_suffix_mask_v..." - 1061: 0%....50%....100% - 3 passes
==PROF== Profiling "_matmul_small" - 1062: 0%....50%....100% - 3 passes
==PROF== Profiling "_matmul_small_res_gate_oproj" - 1063: 0%....50%....100% - 3 passes
==PROF== Profiling "_adarms_norm_kernel" - 1064: 0%....50%....100% - 3 passes
==PROF== Profiling "_matmul_small_gate" - 1065: 0%....50%....100% - 3 passes
==PROF== Profiling "_matmul_small_res_gate_ffn_down" - 1066: 0%....50%....100% - 3 passes
==PROF== Profiling "_adarms_norm_kernel" - 1067: 0%....50%....100% - 3 passes
==PROF== Profiling "_matmul_gemma_rope_qkv" - 1068: 0%....50%....100% - 3 passes
==PROF== Profiling "_matmul_abt_scale" - 1069: 0%....50%....100% - 3 passes
==PROF== Profiling "_softmax_prefix_suffix_mask_v..." - 1070: 0%....50%....100% - 3 passes
==PROF== Profiling "_matmul_small" - 1071: 0%....50%....100% - 3 passes
==PROF== Profiling "_matmul_small_res_gate_oproj" - 1072: 0%....50%....100% - 3 passes
==PROF== Profiling "_adarms_norm_kernel" - 1073: 0%....50%....100% - 3 passes
==PROF== Profiling "_matmul_small_gate" - 1074: 0%....50%....100% - 3 passes
==PROF== Profiling "_matmul_small_res_gate_ffn_down" - 1075: 0%....50%....100% - 3 passes
==PROF== Profiling "_adarms_norm_kernel" - 1076: 0%....50%....100% - 3 passes
==PROF== Profiling "_matmul_gemma_rope_qkv" - 1077: 0%....50%....100% - 3 passes
==PROF== Profiling "_matmul_abt_scale" - 1078: 0%....50%....100% - 3 passes
==PROF== Profiling "_softmax_prefix_suffix_mask_v..." - 1079: 0%....50%....100% - 3 passes
==PROF== Profiling "_matmul_small" - 1080: 0%....50%....100% - 3 passes
==PROF== Profiling "_matmul_small_res_gate_oproj" - 1081: 0%....50%....100% - 3 passes
==PROF== Profiling "_adarms_norm_kernel" - 1082: 0%....50%....100% - 3 passes
==PROF== Profiling "_matmul_small_gate" - 1083: 0%....50%....100% - 3 passes
==PROF== Profiling "_matmul_small_res_gate_ffn_down" - 1084: 0%....50%....100% - 3 passes
==PROF== Profiling "_adarms_norm_kernel" - 1085: 0%....50%....100% - 3 passes
==PROF== Profiling "_matmul_gemma_rope_qkv" - 1086: 0%....50%....100% - 3 passes
==PROF== Profiling "_matmul_abt_scale" - 1087: 0%....50%....100% - 3 passes
==PROF== Profiling "_softmax_prefix_suffix_mask_v..." - 1088: 0%....50%....100% - 3 passes
==PROF== Profiling "_matmul_small" - 1089: 0%....50%....100% - 3 passes
==PROF== Profiling "_matmul_small_res_gate_oproj" - 1090: 0%....50%....100% - 3 passes
==PROF== Profiling "_adarms_norm_kernel" - 1091: 0%....50%....100% - 3 passes
==PROF== Profiling "_matmul_small_gate" - 1092: 0%....50%....100% - 3 passes
==PROF== Profiling "_matmul_small_res_gate_ffn_down" - 1093: 0%....50%....100% - 3 passes
==PROF== Profiling "_adarms_norm_kernel" - 1094: 0%....50%....100% - 3 passes
==PROF== Profiling "_matmul_gemma_rope_qkv" - 1095: 0%....50%....100% - 3 passes
==PROF== Profiling "_matmul_abt_scale" - 1096: 0%....50%....100% - 3 passes
==PROF== Profiling "_softmax_prefix_suffix_mask_v..." - 1097: 0%....50%....100% - 3 passes
==PROF== Profiling "_matmul_small" - 1098: 0%....50%....100% - 3 passes
==PROF== Profiling "_matmul_small_res_gate_oproj" - 1099: 0%....50%....100% - 3 passes
==PROF== Profiling "_adarms_norm_kernel" - 1100: 0%....50%....100% - 3 passes
==PROF== Profiling "_matmul_small_gate" - 1101: 0%....50%....100% - 3 passes
==PROF== Profiling "_matmul_small_res_gate_ffn_down" - 1102: 0%....50%....100% - 3 passes
==PROF== Profiling "_adarms_norm_kernel" - 1103: 0%....50%....100% - 3 passes
==PROF== Profiling "_matmul_gemma_rope_qkv" - 1104: 0%....50%....100% - 3 passes
==PROF== Profiling "_matmul_abt_scale" - 1105: 0%....50%....100% - 3 passes
==PROF== Profiling "_softmax_prefix_suffix_mask_v..." - 1106: 0%....50%....100% - 3 passes
==PROF== Profiling "_matmul_small" - 1107: 0%....50%....100% - 3 passes
==PROF== Profiling "_matmul_small_res_gate_oproj" - 1108: 0%....50%....100% - 3 passes
==PROF== Profiling "_adarms_norm_kernel" - 1109: 0%....50%....100% - 3 passes
==PROF== Profiling "_matmul_small_gate" - 1110: 0%....50%....100% - 3 passes
==PROF== Profiling "_matmul_small_res_gate_ffn_down" - 1111: 0%....50%....100% - 3 passes
==PROF== Profiling "_adarms_norm_kernel" - 1112: 0%....50%....100% - 3 passes
==PROF== Profiling "_matmul_gemma_rope_qkv" - 1113: 0%....50%....100% - 3 passes
==PROF== Profiling "_matmul_abt_scale" - 1114: 0%....50%....100% - 3 passes
==PROF== Profiling "_softmax_prefix_suffix_mask_v..." - 1115: 0%....50%....100% - 3 passes
==PROF== Profiling "_matmul_small" - 1116: 0%....50%....100% - 3 passes
==PROF== Profiling "_matmul_small_res_gate_oproj" - 1117: 0%....50%....100% - 3 passes
==PROF== Profiling "_adarms_norm_kernel" - 1118: 0%....50%....100% - 3 passes
==PROF== Profiling "_matmul_small_gate" - 1119: 0%....50%....100% - 3 passes
==PROF== Profiling "_matmul_small_res_gate_ffn_down" - 1120: 0%....50%....100% - 3 passes
==PROF== Profiling "_adarms_norm_kernel" - 1121: 0%....50%....100% - 3 passes
==PROF== Profiling "_matmul_gemma_rope_qkv" - 1122: 0%....50%....100% - 3 passes
==PROF== Profiling "_matmul_abt_scale" - 1123: 0%....50%....100% - 3 passes
==PROF== Profiling "_softmax_prefix_suffix_mask_v..." - 1124: 0%....50%....100% - 3 passes
==PROF== Profiling "_matmul_small" - 1125: 0%....50%....100% - 3 passes
==PROF== Profiling "_matmul_small_res_gate_oproj" - 1126: 0%....50%....100% - 3 passes
==PROF== Profiling "_adarms_norm_kernel" - 1127: 0%....50%....100% - 3 passes
==PROF== Profiling "_matmul_small_gate" - 1128: 0%....50%....100% - 3 passes
==PROF== Profiling "_matmul_small_res_gate_ffn_down" - 1129: 0%....50%....100% - 3 passes
==PROF== Profiling "_adarms_norm_kernel" - 1130: 0%....50%....100% - 3 passes
==PROF== Profiling "_matmul_gemma_rope_qkv" - 1131: 0%....50%....100% - 3 passes
==PROF== Profiling "_matmul_abt_scale" - 1132: 0%....50%....100% - 3 passes
==PROF== Profiling "_softmax_prefix_suffix_mask_v..." - 1133: 0%....50%....100% - 3 passes
==PROF== Profiling "_matmul_small" - 1134: 0%....50%....100% - 3 passes
==PROF== Profiling "_matmul_small_res_gate_oproj" - 1135: 0%....50%....100% - 3 passes
==PROF== Profiling "_adarms_norm_kernel" - 1136: 0%....50%....100% - 3 passes
==PROF== Profiling "_matmul_small_gate" - 1137: 0%....50%....100% - 3 passes
==PROF== Profiling "_matmul_small_res_gate_ffn_down" - 1138: 0%....50%....100% - 3 passes
==PROF== Profiling "_adarms_norm_kernel" - 1139: 0%....50%....100% - 3 passes
==PROF== Profiling "_matmul_gemma_rope_qkv" - 1140: 0%....50%....100% - 3 passes
==PROF== Profiling "_matmul_abt_scale" - 1141: 0%....50%....100% - 3 passes
==PROF== Profiling "_softmax_prefix_suffix_mask_v..." - 1142: 0%....50%....100% - 3 passes
==PROF== Profiling "_matmul_small" - 1143: 0%....50%....100% - 3 passes
==PROF== Profiling "_matmul_small_res_gate_oproj" - 1144: 0%....50%....100% - 3 passes
==PROF== Profiling "_adarms_norm_kernel" - 1145: 0%....50%....100% - 3 passes
==PROF== Profiling "_matmul_small_gate" - 1146: 0%....50%....100% - 3 passes
==PROF== Profiling "_matmul_small_res_gate_ffn_down" - 1147: 0%....50%....100% - 3 passes
==PROF== Profiling "_adarms_norm_kernel" - 1148: 0%....50%....100% - 3 passes
==PROF== Profiling "_matmul_gemma_rope_qkv" - 1149: 0%....50%....100% - 3 passes
==PROF== Profiling "_matmul_abt_scale" - 1150: 0%....50%....100% - 3 passes
==PROF== Profiling "_softmax_prefix_suffix_mask_v..." - 1151: 0%....50%....100% - 3 passes
==PROF== Profiling "_matmul_small" - 1152: 0%....50%....100% - 3 passes
==PROF== Profiling "_matmul_small_res_gate_oproj" - 1153: 0%....50%....100% - 3 passes
==PROF== Profiling "_adarms_norm_kernel" - 1154: 0%....50%....100% - 3 passes
==PROF== Profiling "_matmul_small_gate" - 1155: 0%....50%....100% - 3 passes
==PROF== Profiling "_matmul_small_res_gate_ffn_down" - 1156: 0%....50%....100% - 3 passes
==PROF== Profiling "_adarms_norm_kernel" - 1157: 0%....50%....100% - 3 passes
==PROF== Profiling "_matmul_gemma_rope_qkv" - 1158: 0%....50%....100% - 3 passes
==PROF== Profiling "_matmul_abt_scale" - 1159: 0%....50%....100% - 3 passes
==PROF== Profiling "_softmax_prefix_suffix_mask_v..." - 1160: 0%....50%....100% - 3 passes
==PROF== Profiling "_matmul_small" - 1161: 0%....50%....100% - 3 passes
==PROF== Profiling "_matmul_small_res_gate_oproj" - 1162: 0%....50%....100% - 3 passes
==PROF== Profiling "_adarms_norm_kernel" - 1163: 0%....50%....100% - 3 passes
==PROF== Profiling "_matmul_small_gate" - 1164: 0%....50%....100% - 3 passes
==PROF== Profiling "_matmul_small_res_gate_ffn_down" - 1165: 0%....50%....100% - 3 passes
==PROF== Profiling "_adarms_norm_kernel" - 1166: 0%....50%....100% - 3 passes
==PROF== Profiling "_matmul_gemma_rope_qkv" - 1167: 0%....50%....100% - 3 passes
==PROF== Profiling "_matmul_abt_scale" - 1168: 0%....50%....100% - 3 passes
==PROF== Profiling "_softmax_prefix_suffix_mask_v..." - 1169: 0%....50%....100% - 3 passes
==PROF== Profiling "_matmul_small" - 1170: 0%....50%....100% - 3 passes
==PROF== Profiling "_matmul_small_res_gate_oproj" - 1171: 0%....50%....100% - 3 passes
==PROF== Profiling "_adarms_norm_kernel" - 1172: 0%....50%....100% - 3 passes
==PROF== Profiling "_matmul_small_gate" - 1173: 0%....50%....100% - 3 passes
==PROF== Profiling "_matmul_small_res_gate_ffn_down" - 1174: 0%....50%....100% - 3 passes
==PROF== Profiling "_adarms_norm_kernel" - 1175: 0%....50%....100% - 3 passes
==PROF== Profiling "_matmul_gemma_rope_qkv" - 1176: 0%....50%....100% - 3 passes
==PROF== Profiling "_matmul_abt_scale" - 1177: 0%....50%....100% - 3 passes
==PROF== Profiling "_softmax_prefix_suffix_mask_v..." - 1178: 0%....50%....100% - 3 passes
==PROF== Profiling "_matmul_small" - 1179: 0%....50%....100% - 3 passes
==PROF== Profiling "_matmul_small_res_gate_oproj" - 1180: 0%....50%....100% - 3 passes
==PROF== Profiling "_adarms_norm_kernel" - 1181: 0%....50%....100% - 3 passes
==PROF== Profiling "_matmul_small_gate" - 1182: 0%....50%....100% - 3 passes
==PROF== Profiling "_matmul_small_res_gate_ffn_down" - 1183: 0%....50%....100% - 3 passes
==PROF== Profiling "_adarms_norm_kernel" - 1184: 0%....50%....100% - 3 passes
==PROF== Profiling "_matmul_small_bias_res" - 1185: 0%....50%....100% - 3 passes
==PROF== Profiling "_matmul_small_bias" - 1186: 0%....50%....100% - 3 passes
==PROF== Profiling "_adarms_norm_kernel" - 1187: 0%....50%....100% - 3 passes
==PROF== Profiling "_matmul_gemma_rope_qkv" - 1188: 0%....50%....100% - 3 passes
==PROF== Profiling "_matmul_abt_scale" - 1189: 0%....50%....100% - 3 passes
==PROF== Profiling "_softmax_prefix_suffix_mask_v..." - 1190: 0%....50%....100% - 3 passes
==PROF== Profiling "_matmul_small" - 1191: 0%....50%....100% - 3 passes
==PROF== Profiling "_matmul_small_res_gate_oproj" - 1192: 0%....50%....100% - 3 passes
==PROF== Profiling "_adarms_norm_kernel" - 1193: 0%....50%....100% - 3 passes
==PROF== Profiling "_matmul_small_gate" - 1194: 0%....50%....100% - 3 passes
==PROF== Profiling "_matmul_small_res_gate_ffn_down" - 1195: 0%....50%....100% - 3 passes
==PROF== Profiling "_adarms_norm_kernel" - 1196: 0%....50%....100% - 3 passes
==PROF== Profiling "_matmul_gemma_rope_qkv" - 1197: 0%....50%....100% - 3 passes
==PROF== Profiling "_matmul_abt_scale" - 1198: 0%....50%....100% - 3 passes
==PROF== Profiling "_softmax_prefix_suffix_mask_v..." - 1199: 0%....50%....100% - 3 passes
==PROF== Profiling "_matmul_small" - 1200: 0%....50%....100% - 3 passes
==PROF== Profiling "_matmul_small_res_gate_oproj" - 1201: 0%....50%....100% - 3 passes
==PROF== Profiling "_adarms_norm_kernel" - 1202: 0%....50%....100% - 3 passes
==PROF== Profiling "_matmul_small_gate" - 1203: 0%....50%....100% - 3 passes
==PROF== Profiling "_matmul_small_res_gate_ffn_down" - 1204: 0%....50%....100% - 3 passes
==PROF== Profiling "_adarms_norm_kernel" - 1205: 0%....50%....100% - 3 passes
==PROF== Profiling "_matmul_gemma_rope_qkv" - 1206: 0%....50%....100% - 3 passes
==PROF== Profiling "_matmul_abt_scale" - 1207: 0%....50%....100% - 3 passes
==PROF== Profiling "_softmax_prefix_suffix_mask_v..." - 1208: 0%....50%....100% - 3 passes
==PROF== Profiling "_matmul_small" - 1209: 0%....50%....100% - 3 passes
==PROF== Profiling "_matmul_small_res_gate_oproj" - 1210: 0%....50%....100% - 3 passes
==PROF== Profiling "_adarms_norm_kernel" - 1211: 0%....50%....100% - 3 passes
==PROF== Profiling "_matmul_small_gate" - 1212: 0%....50%....100% - 3 passes
==PROF== Profiling "_matmul_small_res_gate_ffn_down" - 1213: 0%....50%....100% - 3 passes
==PROF== Profiling "_adarms_norm_kernel" - 1214: 0%....50%....100% - 3 passes
==PROF== Profiling "_matmul_gemma_rope_qkv" - 1215: 0%....50%....100% - 3 passes
==PROF== Profiling "_matmul_abt_scale" - 1216: 0%....50%....100% - 3 passes
==PROF== Profiling "_softmax_prefix_suffix_mask_v..." - 1217: 0%....50%....100% - 3 passes
==PROF== Profiling "_matmul_small" - 1218: 0%....50%....100% - 3 passes
==PROF== Profiling "_matmul_small_res_gate_oproj" - 1219: 0%....50%....100% - 3 passes
==PROF== Profiling "_adarms_norm_kernel" - 1220: 0%....50%....100% - 3 passes
==PROF== Profiling "_matmul_small_gate" - 1221: 0%....50%....100% - 3 passes
==PROF== Profiling "_matmul_small_res_gate_ffn_down" - 1222: 0%....50%....100% - 3 passes
==PROF== Profiling "_adarms_norm_kernel" - 1223: 0%....50%....100% - 3 passes
==PROF== Profiling "_matmul_gemma_rope_qkv" - 1224: 0%....50%....100% - 3 passes
==PROF== Profiling "_matmul_abt_scale" - 1225: 0%....50%....100% - 3 passes
==PROF== Profiling "_softmax_prefix_suffix_mask_v..." - 1226: 0%....50%....100% - 3 passes
==PROF== Profiling "_matmul_small" - 1227: 0%....50%....100% - 3 passes
==PROF== Profiling "_matmul_small_res_gate_oproj" - 1228: 0%....50%....100% - 3 passes
==PROF== Profiling "_adarms_norm_kernel" - 1229: 0%....50%....100% - 3 passes
==PROF== Profiling "_matmul_small_gate" - 1230: 0%....50%....100% - 3 passes
==PROF== Profiling "_matmul_small_res_gate_ffn_down" - 1231: 0%....50%....100% - 3 passes
==PROF== Profiling "_adarms_norm_kernel" - 1232: 0%....50%....100% - 3 passes
==PROF== Profiling "_matmul_gemma_rope_qkv" - 1233: 0%....50%....100% - 3 passes
==PROF== Profiling "_matmul_abt_scale" - 1234: 0%....50%....100% - 3 passes
==PROF== Profiling "_softmax_prefix_suffix_mask_v..." - 1235: 0%....50%....100% - 3 passes
==PROF== Profiling "_matmul_small" - 1236: 0%....50%....100% - 3 passes
==PROF== Profiling "_matmul_small_res_gate_oproj" - 1237: 0%....50%....100% - 3 passes
==PROF== Profiling "_adarms_norm_kernel" - 1238: 0%....50%....100% - 3 passes
==PROF== Profiling "_matmul_small_gate" - 1239: 0%....50%....100% - 3 passes
==PROF== Profiling "_matmul_small_res_gate_ffn_down" - 1240: 0%....50%....100% - 3 passes
==PROF== Profiling "_adarms_norm_kernel" - 1241: 0%....50%....100% - 3 passes
==PROF== Profiling "_matmul_gemma_rope_qkv" - 1242: 0%....50%....100% - 3 passes
==PROF== Profiling "_matmul_abt_scale" - 1243: 0%....50%....100% - 3 passes
==PROF== Profiling "_softmax_prefix_suffix_mask_v..." - 1244: 0%....50%....100% - 3 passes
==PROF== Profiling "_matmul_small" - 1245: 0%....50%....100% - 3 passes
==PROF== Profiling "_matmul_small_res_gate_oproj" - 1246: 0%....50%....100% - 3 passes
==PROF== Profiling "_adarms_norm_kernel" - 1247: 0%....50%....100% - 3 passes
==PROF== Profiling "_matmul_small_gate" - 1248: 0%....50%....100% - 3 passes
==PROF== Profiling "_matmul_small_res_gate_ffn_down" - 1249: 0%....50%....100% - 3 passes
==PROF== Profiling "_adarms_norm_kernel" - 1250: 0%....50%....100% - 3 passes
==PROF== Profiling "_matmul_gemma_rope_qkv" - 1251: 0%....50%....100% - 3 passes
==PROF== Profiling "_matmul_abt_scale" - 1252: 0%....50%....100% - 3 passes
==PROF== Profiling "_softmax_prefix_suffix_mask_v..." - 1253: 0%....50%....100% - 3 passes
==PROF== Profiling "_matmul_small" - 1254: 0%....50%....100% - 3 passes
==PROF== Profiling "_matmul_small_res_gate_oproj" - 1255: 0%....50%....100% - 3 passes
==PROF== Profiling "_adarms_norm_kernel" - 1256: 0%....50%....100% - 3 passes
==PROF== Profiling "_matmul_small_gate" - 1257: 0%....50%....100% - 3 passes
==PROF== Profiling "_matmul_small_res_gate_ffn_down" - 1258: 0%....50%....100% - 3 passes
==PROF== Profiling "_adarms_norm_kernel" - 1259: 0%....50%....100% - 3 passes
==PROF== Profiling "_matmul_gemma_rope_qkv" - 1260: 0%....50%....100% - 3 passes
==PROF== Profiling "_matmul_abt_scale" - 1261: 0%....50%....100% - 3 passes
==PROF== Profiling "_softmax_prefix_suffix_mask_v..." - 1262: 0%....50%....100% - 3 passes
==PROF== Profiling "_matmul_small" - 1263: 0%....50%....100% - 3 passes
==PROF== Profiling "_matmul_small_res_gate_oproj" - 1264: 0%....50%....100% - 3 passes
==PROF== Profiling "_adarms_norm_kernel" - 1265: 0%....50%....100% - 3 passes
==PROF== Profiling "_matmul_small_gate" - 1266: 0%....50%....100% - 3 passes
==PROF== Profiling "_matmul_small_res_gate_ffn_down" - 1267: 0%....50%....100% - 3 passes
==PROF== Profiling "_adarms_norm_kernel" - 1268: 0%....50%....100% - 3 passes
==PROF== Profiling "_matmul_gemma_rope_qkv" - 1269: 0%....50%....100% - 3 passes
==PROF== Profiling "_matmul_abt_scale" - 1270: 0%....50%....100% - 3 passes
==PROF== Profiling "_softmax_prefix_suffix_mask_v..." - 1271: 0%....50%....100% - 3 passes
==PROF== Profiling "_matmul_small" - 1272: 0%....50%....100% - 3 passes
==PROF== Profiling "_matmul_small_res_gate_oproj" - 1273: 0%....50%....100% - 3 passes
==PROF== Profiling "_adarms_norm_kernel" - 1274: 0%....50%....100% - 3 passes
==PROF== Profiling "_matmul_small_gate" - 1275: 0%....50%....100% - 3 passes
==PROF== Profiling "_matmul_small_res_gate_ffn_down" - 1276: 0%....50%....100% - 3 passes
==PROF== Profiling "_adarms_norm_kernel" - 1277: 0%....50%....100% - 3 passes
==PROF== Profiling "_matmul_gemma_rope_qkv" - 1278: 0%....50%....100% - 3 passes
==PROF== Profiling "_matmul_abt_scale" - 1279: 0%....50%....100% - 3 passes
==PROF== Profiling "_softmax_prefix_suffix_mask_v..." - 1280: 0%....50%....100% - 3 passes
==PROF== Profiling "_matmul_small" - 1281: 0%....50%....100% - 3 passes
==PROF== Profiling "_matmul_small_res_gate_oproj" - 1282: 0%....50%....100% - 3 passes
==PROF== Profiling "_adarms_norm_kernel" - 1283: 0%....50%....100% - 3 passes
==PROF== Profiling "_matmul_small_gate" - 1284: 0%....50%....100% - 3 passes
==PROF== Profiling "_matmul_small_res_gate_ffn_down" - 1285: 0%....50%....100% - 3 passes
==PROF== Profiling "_adarms_norm_kernel" - 1286: 0%....50%....100% - 3 passes
==PROF== Profiling "_matmul_gemma_rope_qkv" - 1287: 0%....50%....100% - 3 passes
==PROF== Profiling "_matmul_abt_scale" - 1288: 0%....50%....100% - 3 passes
==PROF== Profiling "_softmax_prefix_suffix_mask_v..." - 1289: 0%....50%....100% - 3 passes
==PROF== Profiling "_matmul_small" - 1290: 0%....50%....100% - 3 passes
==PROF== Profiling "_matmul_small_res_gate_oproj" - 1291: 0%....50%....100% - 3 passes
==PROF== Profiling "_adarms_norm_kernel" - 1292: 0%....50%....100% - 3 passes
==PROF== Profiling "_matmul_small_gate" - 1293: 0%....50%....100% - 3 passes
==PROF== Profiling "_matmul_small_res_gate_ffn_down" - 1294: 0%....50%....100% - 3 passes
==PROF== Profiling "_adarms_norm_kernel" - 1295: 0%....50%....100% - 3 passes
==PROF== Profiling "_matmul_gemma_rope_qkv" - 1296: 0%....50%....100% - 3 passes
==PROF== Profiling "_matmul_abt_scale" - 1297: 0%....50%....100% - 3 passes
==PROF== Profiling "_softmax_prefix_suffix_mask_v..." - 1298: 0%....50%....100% - 3 passes
==PROF== Profiling "_matmul_small" - 1299: 0%....50%....100% - 3 passes
==PROF== Profiling "_matmul_small_res_gate_oproj" - 1300: 0%....50%....100% - 3 passes
==PROF== Profiling "_adarms_norm_kernel" - 1301: 0%....50%....100% - 3 passes
==PROF== Profiling "_matmul_small_gate" - 1302: 0%....50%....100% - 3 passes
==PROF== Profiling "_matmul_small_res_gate_ffn_down" - 1303: 0%....50%....100% - 3 passes
==PROF== Profiling "_adarms_norm_kernel" - 1304: 0%....50%....100% - 3 passes
==PROF== Profiling "_matmul_gemma_rope_qkv" - 1305: 0%....50%....100% - 3 passes
==PROF== Profiling "_matmul_abt_scale" - 1306: 0%....50%....100% - 3 passes
==PROF== Profiling "_softmax_prefix_suffix_mask_v..." - 1307: 0%....50%....100% - 3 passes
==PROF== Profiling "_matmul_small" - 1308: 0%....50%....100% - 3 passes
==PROF== Profiling "_matmul_small_res_gate_oproj" - 1309: 0%....50%....100% - 3 passes
==PROF== Profiling "_adarms_norm_kernel" - 1310: 0%....50%....100% - 3 passes
==PROF== Profiling "_matmul_small_gate" - 1311: 0%....50%....100% - 3 passes
==PROF== Profiling "_matmul_small_res_gate_ffn_down" - 1312: 0%....50%....100% - 3 passes
==PROF== Profiling "_adarms_norm_kernel" - 1313: 0%....50%....100% - 3 passes
==PROF== Profiling "_matmul_gemma_rope_qkv" - 1314: 0%....50%....100% - 3 passes
==PROF== Profiling "_matmul_abt_scale" - 1315: 0%....50%....100% - 3 passes
==PROF== Profiling "_softmax_prefix_suffix_mask_v..." - 1316: 0%....50%....100% - 3 passes
==PROF== Profiling "_matmul_small" - 1317: 0%....50%....100% - 3 passes
==PROF== Profiling "_matmul_small_res_gate_oproj" - 1318: 0%....50%....100% - 3 passes
==PROF== Profiling "_adarms_norm_kernel" - 1319: 0%....50%....100% - 3 passes
==PROF== Profiling "_matmul_small_gate" - 1320: 0%....50%....100% - 3 passes
==PROF== Profiling "_matmul_small_res_gate_ffn_down" - 1321: 0%....50%....100% - 3 passes
==PROF== Profiling "_adarms_norm_kernel" - 1322: 0%....50%....100% - 3 passes
==PROF== Profiling "_matmul_gemma_rope_qkv" - 1323: 0%....50%....100% - 3 passes
==PROF== Profiling "_matmul_abt_scale" - 1324: 0%....50%....100% - 3 passes
==PROF== Profiling "_softmax_prefix_suffix_mask_v..." - 1325: 0%....50%....100% - 3 passes
==PROF== Profiling "_matmul_small" - 1326: 0%....50%....100% - 3 passes
==PROF== Profiling "_matmul_small_res_gate_oproj" - 1327: 0%....50%....100% - 3 passes
==PROF== Profiling "_adarms_norm_kernel" - 1328: 0%....50%....100% - 3 passes
==PROF== Profiling "_matmul_small_gate" - 1329: 0%....50%....100% - 3 passes
==PROF== Profiling "_matmul_small_res_gate_ffn_down" - 1330: 0%....50%....100% - 3 passes
==PROF== Profiling "_adarms_norm_kernel" - 1331: 0%....50%....100% - 3 passes
==PROF== Profiling "_matmul_gemma_rope_qkv" - 1332: 0%....50%....100% - 3 passes
==PROF== Profiling "_matmul_abt_scale" - 1333: 0%....50%....100% - 3 passes
==PROF== Profiling "_softmax_prefix_suffix_mask_v..." - 1334: 0%....50%....100% - 3 passes
==PROF== Profiling "_matmul_small" - 1335: 0%....50%....100% - 3 passes
==PROF== Profiling "_matmul_small_res_gate_oproj" - 1336: 0%....50%....100% - 3 passes
==PROF== Profiling "_adarms_norm_kernel" - 1337: 0%....50%....100% - 3 passes
==PROF== Profiling "_matmul_small_gate" - 1338: 0%....50%....100% - 3 passes
==PROF== Profiling "_matmul_small_res_gate_ffn_down" - 1339: 0%....50%....100% - 3 passes
==PROF== Profiling "_adarms_norm_kernel" - 1340: 0%....50%....100% - 3 passes
==PROF== Profiling "_matmul_gemma_rope_qkv" - 1341: 0%....50%....100% - 3 passes
==PROF== Profiling "_matmul_abt_scale" - 1342: 0%....50%....100% - 3 passes
==PROF== Profiling "_softmax_prefix_suffix_mask_v..." - 1343: 0%....50%....100% - 3 passes
==PROF== Profiling "_matmul_small" - 1344: 0%....50%....100% - 3 passes
==PROF== Profiling "_matmul_small_res_gate_oproj" - 1345: 0%....50%....100% - 3 passes
==PROF== Profiling "_adarms_norm_kernel" - 1346: 0%....50%....100% - 3 passes
==PROF== Profiling "_matmul_small_gate" - 1347: 0%....50%....100% - 3 passes
==PROF== Profiling "_matmul_small_res_gate_ffn_down" - 1348: 0%....50%....100% - 3 passes
==PROF== Profiling "_adarms_norm_kernel" - 1349: 0%....50%....100% - 3 passes
==PROF== Profiling "_matmul_small_bias_res" - 1350: 0%....50%....100% - 3 passes
==PROF== Profiling "_matmul_small_bias" - 1351: 0%....50%....100% - 3 passes
==PROF== Profiling "_adarms_norm_kernel" - 1352: 0%....50%....100% - 3 passes
==PROF== Profiling "_matmul_gemma_rope_qkv" - 1353: 0%....50%....100% - 3 passes
==PROF== Profiling "_matmul_abt_scale" - 1354: 0%....50%....100% - 3 passes
==PROF== Profiling "_softmax_prefix_suffix_mask_v..." - 1355: 0%....50%....100% - 3 passes
==PROF== Profiling "_matmul_small" - 1356: 0%....50%....100% - 3 passes
==PROF== Profiling "_matmul_small_res_gate_oproj" - 1357: 0%....50%....100% - 3 passes
==PROF== Profiling "_adarms_norm_kernel" - 1358: 0%....50%....100% - 3 passes
==PROF== Profiling "_matmul_small_gate" - 1359: 0%....50%....100% - 3 passes
==PROF== Profiling "_matmul_small_res_gate_ffn_down" - 1360: 0%....50%....100% - 3 passes
==PROF== Profiling "_adarms_norm_kernel" - 1361: 0%....50%....100% - 3 passes
==PROF== Profiling "_matmul_gemma_rope_qkv" - 1362: 0%....50%....100% - 3 passes
==PROF== Profiling "_matmul_abt_scale" - 1363: 0%....50%....100% - 3 passes
==PROF== Profiling "_softmax_prefix_suffix_mask_v..." - 1364: 0%....50%....100% - 3 passes
==PROF== Profiling "_matmul_small" - 1365: 0%....50%....100% - 3 passes
==PROF== Profiling "_matmul_small_res_gate_oproj" - 1366: 0%....50%....100% - 3 passes
==PROF== Profiling "_adarms_norm_kernel" - 1367: 0%....50%....100% - 3 passes
==PROF== Profiling "_matmul_small_gate" - 1368: 0%....50%....100% - 3 passes
==PROF== Profiling "_matmul_small_res_gate_ffn_down" - 1369: 0%....50%....100% - 3 passes
==PROF== Profiling "_adarms_norm_kernel" - 1370: 0%....50%....100% - 3 passes
==PROF== Profiling "_matmul_gemma_rope_qkv" - 1371: 0%....50%....100% - 3 passes
==PROF== Profiling "_matmul_abt_scale" - 1372: 0%....50%....100% - 3 passes
==PROF== Profiling "_softmax_prefix_suffix_mask_v..." - 1373: 0%....50%....100% - 3 passes
==PROF== Profiling "_matmul_small" - 1374: 0%....50%....100% - 3 passes
==PROF== Profiling "_matmul_small_res_gate_oproj" - 1375: 0%....50%....100% - 3 passes
==PROF== Profiling "_adarms_norm_kernel" - 1376: 0%....50%....100% - 3 passes
==PROF== Profiling "_matmul_small_gate" - 1377: 0%....50%....100% - 3 passes
==PROF== Profiling "_matmul_small_res_gate_ffn_down" - 1378: 0%....50%....100% - 3 passes
==PROF== Profiling "_adarms_norm_kernel" - 1379: 0%....50%....100% - 3 passes
==PROF== Profiling "_matmul_gemma_rope_qkv" - 1380: 0%....50%....100% - 3 passes
==PROF== Profiling "_matmul_abt_scale" - 1381: 0%....50%....100% - 3 passes
==PROF== Profiling "_softmax_prefix_suffix_mask_v..." - 1382: 0%....50%....100% - 3 passes
==PROF== Profiling "_matmul_small" - 1383: 0%....50%....100% - 3 passes
==PROF== Profiling "_matmul_small_res_gate_oproj" - 1384: 0%....50%....100% - 3 passes
==PROF== Profiling "_adarms_norm_kernel" - 1385: 0%....50%....100% - 3 passes
==PROF== Profiling "_matmul_small_gate" - 1386: 0%....50%....100% - 3 passes
==PROF== Profiling "_matmul_small_res_gate_ffn_down" - 1387: 0%....50%....100% - 3 passes
==PROF== Profiling "_adarms_norm_kernel" - 1388: 0%....50%....100% - 3 passes
==PROF== Profiling "_matmul_gemma_rope_qkv" - 1389: 0%....50%....100% - 3 passes
==PROF== Profiling "_matmul_abt_scale" - 1390: 0%....50%....100% - 3 passes
==PROF== Profiling "_softmax_prefix_suffix_mask_v..." - 1391: 0%....50%....100% - 3 passes
==PROF== Profiling "_matmul_small" - 1392: 0%....50%....100% - 3 passes
==PROF== Profiling "_matmul_small_res_gate_oproj" - 1393: 0%....50%....100% - 3 passes
==PROF== Profiling "_adarms_norm_kernel" - 1394: 0%....50%....100% - 3 passes
==PROF== Profiling "_matmul_small_gate" - 1395: 0%....50%....100% - 3 passes
==PROF== Profiling "_matmul_small_res_gate_ffn_down" - 1396: 0%....50%....100% - 3 passes
==PROF== Profiling "_adarms_norm_kernel" - 1397: 0%....50%....100% - 3 passes
==PROF== Profiling "_matmul_gemma_rope_qkv" - 1398: 0%....50%....100% - 3 passes
==PROF== Profiling "_matmul_abt_scale" - 1399: 0%....50%....100% - 3 passes
==PROF== Profiling "_softmax_prefix_suffix_mask_v..." - 1400: 0%....50%....100% - 3 passes
==PROF== Profiling "_matmul_small" - 1401: 0%....50%....100% - 3 passes
==PROF== Profiling "_matmul_small_res_gate_oproj" - 1402: 0%....50%....100% - 3 passes
==PROF== Profiling "_adarms_norm_kernel" - 1403: 0%....50%....100% - 3 passes
==PROF== Profiling "_matmul_small_gate" - 1404: 0%....50%....100% - 3 passes
==PROF== Profiling "_matmul_small_res_gate_ffn_down" - 1405: 0%....50%....100% - 3 passes
==PROF== Profiling "_adarms_norm_kernel" - 1406: 0%....50%....100% - 3 passes
==PROF== Profiling "_matmul_gemma_rope_qkv" - 1407: 0%....50%....100% - 3 passes
==PROF== Profiling "_matmul_abt_scale" - 1408: 0%....50%....100% - 3 passes
==PROF== Profiling "_softmax_prefix_suffix_mask_v..." - 1409: 0%....50%....100% - 3 passes
==PROF== Profiling "_matmul_small" - 1410: 0%....50%....100% - 3 passes
==PROF== Profiling "_matmul_small_res_gate_oproj" - 1411: 0%....50%....100% - 3 passes
==PROF== Profiling "_adarms_norm_kernel" - 1412: 0%....50%....100% - 3 passes
==PROF== Profiling "_matmul_small_gate" - 1413: 0%....50%....100% - 3 passes
==PROF== Profiling "_matmul_small_res_gate_ffn_down" - 1414: 0%....50%....100% - 3 passes
==PROF== Profiling "_adarms_norm_kernel" - 1415: 0%....50%....100% - 3 passes
==PROF== Profiling "_matmul_gemma_rope_qkv" - 1416: 0%....50%....100% - 3 passes
==PROF== Profiling "_matmul_abt_scale" - 1417: 0%....50%....100% - 3 passes
==PROF== Profiling "_softmax_prefix_suffix_mask_v..." - 1418: 0%....50%....100% - 3 passes
==PROF== Profiling "_matmul_small" - 1419: 0%....50%....100% - 3 passes
==PROF== Profiling "_matmul_small_res_gate_oproj" - 1420: 0%....50%....100% - 3 passes
==PROF== Profiling "_adarms_norm_kernel" - 1421: 0%....50%....100% - 3 passes
==PROF== Profiling "_matmul_small_gate" - 1422: 0%....50%....100% - 3 passes
==PROF== Profiling "_matmul_small_res_gate_ffn_down" - 1423: 0%....50%....100% - 3 passes
==PROF== Profiling "_adarms_norm_kernel" - 1424: 0%....50%....100% - 3 passes
==PROF== Profiling "_matmul_gemma_rope_qkv" - 1425: 0%....50%....100% - 3 passes
==PROF== Profiling "_matmul_abt_scale" - 1426: 0%....50%....100% - 3 passes
==PROF== Profiling "_softmax_prefix_suffix_mask_v..." - 1427: 0%....50%....100% - 3 passes
==PROF== Profiling "_matmul_small" - 1428: 0%....50%....100% - 3 passes
==PROF== Profiling "_matmul_small_res_gate_oproj" - 1429: 0%....50%....100% - 3 passes
==PROF== Profiling "_adarms_norm_kernel" - 1430: 0%....50%....100% - 3 passes
==PROF== Profiling "_matmul_small_gate" - 1431: 0%....50%....100% - 3 passes
==PROF== Profiling "_matmul_small_res_gate_ffn_down" - 1432: 0%....50%....100% - 3 passes
==PROF== Profiling "_adarms_norm_kernel" - 1433: 0%....50%....100% - 3 passes
==PROF== Profiling "_matmul_gemma_rope_qkv" - 1434: 0%....50%....100% - 3 passes
==PROF== Profiling "_matmul_abt_scale" - 1435: 0%....50%....100% - 3 passes
==PROF== Profiling "_softmax_prefix_suffix_mask_v..." - 1436: 0%....50%....100% - 3 passes
==PROF== Profiling "_matmul_small" - 1437: 0%....50%....100% - 3 passes
==PROF== Profiling "_matmul_small_res_gate_oproj" - 1438: 0%....50%....100% - 3 passes
==PROF== Profiling "_adarms_norm_kernel" - 1439: 0%....50%....100% - 3 passes
==PROF== Profiling "_matmul_small_gate" - 1440: 0%....50%....100% - 3 passes
==PROF== Profiling "_matmul_small_res_gate_ffn_down" - 1441: 0%....50%....100% - 3 passes
==PROF== Profiling "_adarms_norm_kernel" - 1442: 0%....50%....100% - 3 passes
==PROF== Profiling "_matmul_gemma_rope_qkv" - 1443: 0%....50%....100% - 3 passes
==PROF== Profiling "_matmul_abt_scale" - 1444: 0%....50%....100% - 3 passes
==PROF== Profiling "_softmax_prefix_suffix_mask_v..." - 1445: 0%....50%....100% - 3 passes
==PROF== Profiling "_matmul_small" - 1446: 0%....50%....100% - 3 passes
==PROF== Profiling "_matmul_small_res_gate_oproj" - 1447: 0%....50%....100% - 3 passes
==PROF== Profiling "_adarms_norm_kernel" - 1448: 0%....50%....100% - 3 passes
==PROF== Profiling "_matmul_small_gate" - 1449: 0%....50%....100% - 3 passes
==PROF== Profiling "_matmul_small_res_gate_ffn_down" - 1450: 0%....50%....100% - 3 passes
==PROF== Profiling "_adarms_norm_kernel" - 1451: 0%....50%....100% - 3 passes
==PROF== Profiling "_matmul_gemma_rope_qkv" - 1452: 0%....50%....100% - 3 passes
==PROF== Profiling "_matmul_abt_scale" - 1453: 0%....50%....100% - 3 passes
==PROF== Profiling "_softmax_prefix_suffix_mask_v..." - 1454: 0%....50%....100% - 3 passes
==PROF== Profiling "_matmul_small" - 1455: 0%....50%....100% - 3 passes
==PROF== Profiling "_matmul_small_res_gate_oproj" - 1456: 0%....50%....100% - 3 passes
==PROF== Profiling "_adarms_norm_kernel" - 1457: 0%....50%....100% - 3 passes
==PROF== Profiling "_matmul_small_gate" - 1458: 0%....50%....100% - 3 passes
==PROF== Profiling "_matmul_small_res_gate_ffn_down" - 1459: 0%....50%....100% - 3 passes
==PROF== Profiling "_adarms_norm_kernel" - 1460: 0%....50%....100% - 3 passes
==PROF== Profiling "_matmul_gemma_rope_qkv" - 1461: 0%....50%....100% - 3 passes
==PROF== Profiling "_matmul_abt_scale" - 1462: 0%....50%....100% - 3 passes
==PROF== Profiling "_softmax_prefix_suffix_mask_v..." - 1463: 0%....50%....100% - 3 passes
==PROF== Profiling "_matmul_small" - 1464: 0%....50%....100% - 3 passes
==PROF== Profiling "_matmul_small_res_gate_oproj" - 1465: 0%....50%....100% - 3 passes
==PROF== Profiling "_adarms_norm_kernel" - 1466: 0%....50%....100% - 3 passes
==PROF== Profiling "_matmul_small_gate" - 1467: 0%....50%....100% - 3 passes
==PROF== Profiling "_matmul_small_res_gate_ffn_down" - 1468: 0%....50%....100% - 3 passes
==PROF== Profiling "_adarms_norm_kernel" - 1469: 0%....50%....100% - 3 passes
==PROF== Profiling "_matmul_gemma_rope_qkv" - 1470: 0%....50%....100% - 3 passes
==PROF== Profiling "_matmul_abt_scale" - 1471: 0%....50%....100% - 3 passes
==PROF== Profiling "_softmax_prefix_suffix_mask_v..." - 1472: 0%....50%....100% - 3 passes
==PROF== Profiling "_matmul_small" - 1473: 0%....50%....100% - 3 passes
==PROF== Profiling "_matmul_small_res_gate_oproj" - 1474: 0%....50%....100% - 3 passes
==PROF== Profiling "_adarms_norm_kernel" - 1475: 0%....50%....100% - 3 passes
==PROF== Profiling "_matmul_small_gate" - 1476: 0%....50%....100% - 3 passes
==PROF== Profiling "_matmul_small_res_gate_ffn_down" - 1477: 0%....50%....100% - 3 passes
==PROF== Profiling "_adarms_norm_kernel" - 1478: 0%....50%....100% - 3 passes
==PROF== Profiling "_matmul_gemma_rope_qkv" - 1479: 0%....50%....100% - 3 passes
==PROF== Profiling "_matmul_abt_scale" - 1480: 0%....50%....100% - 3 passes
==PROF== Profiling "_softmax_prefix_suffix_mask_v..." - 1481: 0%....50%....100% - 3 passes
==PROF== Profiling "_matmul_small" - 1482: 0%....50%....100% - 3 passes
==PROF== Profiling "_matmul_small_res_gate_oproj" - 1483: 0%....50%....100% - 3 passes
==PROF== Profiling "_adarms_norm_kernel" - 1484: 0%....50%....100% - 3 passes
==PROF== Profiling "_matmul_small_gate" - 1485: 0%....50%....100% - 3 passes
==PROF== Profiling "_matmul_small_res_gate_ffn_down" - 1486: 0%....50%....100% - 3 passes
==PROF== Profiling "_adarms_norm_kernel" - 1487: 0%....50%....100% - 3 passes
==PROF== Profiling "_matmul_gemma_rope_qkv" - 1488: 0%....50%....100% - 3 passes
==PROF== Profiling "_matmul_abt_scale" - 1489: 0%....50%....100% - 3 passes
==PROF== Profiling "_softmax_prefix_suffix_mask_v..." - 1490: 0%....50%....100% - 3 passes
==PROF== Profiling "_matmul_small" - 1491: 0%....50%....100% - 3 passes
==PROF== Profiling "_matmul_small_res_gate_oproj" - 1492: 0%....50%....100% - 3 passes
==PROF== Profiling "_adarms_norm_kernel" - 1493: 0%....50%....100% - 3 passes
==PROF== Profiling "_matmul_small_gate" - 1494: 0%....50%....100% - 3 passes
==PROF== Profiling "_matmul_small_res_gate_ffn_down" - 1495: 0%....50%....100% - 3 passes
==PROF== Profiling "_adarms_norm_kernel" - 1496: 0%....50%....100% - 3 passes
==PROF== Profiling "_matmul_gemma_rope_qkv" - 1497: 0%....50%....100% - 3 passes
==PROF== Profiling "_matmul_abt_scale" - 1498: 0%....50%....100% - 3 passes
==PROF== Profiling "_softmax_prefix_suffix_mask_v..." - 1499: 0%....50%....100% - 3 passes
==PROF== Profiling "_matmul_small" - 1500: 0%....50%....100% - 3 passes
==PROF== Profiling "_matmul_small_res_gate_oproj" - 1501: 0%....50%....100% - 3 passes
==PROF== Profiling "_adarms_norm_kernel" - 1502: 0%....50%....100% - 3 passes
==PROF== Profiling "_matmul_small_gate" - 1503: 0%....50%....100% - 3 passes
==PROF== Profiling "_matmul_small_res_gate_ffn_down" - 1504: 0%....50%....100% - 3 passes
==PROF== Profiling "_adarms_norm_kernel" - 1505: 0%....50%....100% - 3 passes
==PROF== Profiling "_matmul_gemma_rope_qkv" - 1506: 0%....50%....100% - 3 passes
==PROF== Profiling "_matmul_abt_scale" - 1507: 0%....50%....100% - 3 passes
==PROF== Profiling "_softmax_prefix_suffix_mask_v..." - 1508: 0%....50%....100% - 3 passes
==PROF== Profiling "_matmul_small" - 1509: 0%....50%....100% - 3 passes
==PROF== Profiling "_matmul_small_res_gate_oproj" - 1510: 0%....50%....100% - 3 passes
==PROF== Profiling "_adarms_norm_kernel" - 1511: 0%....50%....100% - 3 passes
==PROF== Profiling "_matmul_small_gate" - 1512: 0%....50%....100% - 3 passes
==PROF== Profiling "_matmul_small_res_gate_ffn_down" - 1513: 0%....50%....100% - 3 passes
==PROF== Profiling "_adarms_norm_kernel" - 1514: 0%....50%....100% - 3 passes
==PROF== Profiling "_matmul_small_bias_res" - 1515: 0%....50%....100% - 3 passes
==PROF== Profiling "_matmul_small_bias" - 1516: 0%....50%....100% - 3 passes
==PROF== Profiling "_adarms_norm_kernel" - 1517: 0%....50%....100% - 3 passes
==PROF== Profiling "_matmul_gemma_rope_qkv" - 1518: 0%....50%....100% - 3 passes
==PROF== Profiling "_matmul_abt_scale" - 1519: 0%....50%....100% - 3 passes
==PROF== Profiling "_softmax_prefix_suffix_mask_v..." - 1520: 0%....50%....100% - 3 passes
==PROF== Profiling "_matmul_small" - 1521: 0%....50%....100% - 3 passes
==PROF== Profiling "_matmul_small_res_gate_oproj" - 1522: 0%....50%....100% - 3 passes
==PROF== Profiling "_adarms_norm_kernel" - 1523: 0%....50%....100% - 3 passes
==PROF== Profiling "_matmul_small_gate" - 1524: 0%....50%....100% - 3 passes
==PROF== Profiling "_matmul_small_res_gate_ffn_down" - 1525: 0%....50%....100% - 3 passes
==PROF== Profiling "_adarms_norm_kernel" - 1526: 0%....50%....100% - 3 passes
==PROF== Profiling "_matmul_gemma_rope_qkv" - 1527: 0%....50%....100% - 3 passes
==PROF== Profiling "_matmul_abt_scale" - 1528: 0%....50%....100% - 3 passes
==PROF== Profiling "_softmax_prefix_suffix_mask_v..." - 1529: 0%....50%....100% - 3 passes
==PROF== Profiling "_matmul_small" - 1530: 0%....50%....100% - 3 passes
==PROF== Profiling "_matmul_small_res_gate_oproj" - 1531: 0%....50%....100% - 3 passes
==PROF== Profiling "_adarms_norm_kernel" - 1532: 0%....50%....100% - 3 passes
==PROF== Profiling "_matmul_small_gate" - 1533: 0%....50%....100% - 3 passes
==PROF== Profiling "_matmul_small_res_gate_ffn_down" - 1534: 0%....50%....100% - 3 passes
==PROF== Profiling "_adarms_norm_kernel" - 1535: 0%....50%....100% - 3 passes
==PROF== Profiling "_matmul_gemma_rope_qkv" - 1536: 0%....50%....100% - 3 passes
==PROF== Profiling "_matmul_abt_scale" - 1537: 0%....50%....100% - 3 passes
==PROF== Profiling "_softmax_prefix_suffix_mask_v..." - 1538: 0%....50%....100% - 3 passes
==PROF== Profiling "_matmul_small" - 1539: 0%....50%....100% - 3 passes
==PROF== Profiling "_matmul_small_res_gate_oproj" - 1540: 0%....50%....100% - 3 passes
==PROF== Profiling "_adarms_norm_kernel" - 1541: 0%....50%....100% - 3 passes
==PROF== Profiling "_matmul_small_gate" - 1542: 0%....50%....100% - 3 passes
==PROF== Profiling "_matmul_small_res_gate_ffn_down" - 1543: 0%....50%....100% - 3 passes
==PROF== Profiling "_adarms_norm_kernel" - 1544: 0%....50%....100% - 3 passes
==PROF== Profiling "_matmul_gemma_rope_qkv" - 1545: 0%....50%....100% - 3 passes
==PROF== Profiling "_matmul_abt_scale" - 1546: 0%....50%....100% - 3 passes
==PROF== Profiling "_softmax_prefix_suffix_mask_v..." - 1547: 0%....50%....100% - 3 passes
==PROF== Profiling "_matmul_small" - 1548: 0%....50%....100% - 3 passes
==PROF== Profiling "_matmul_small_res_gate_oproj" - 1549: 0%....50%....100% - 3 passes
==PROF== Profiling "_adarms_norm_kernel" - 1550: 0%....50%....100% - 3 passes
==PROF== Profiling "_matmul_small_gate" - 1551: 0%....50%....100% - 3 passes
==PROF== Profiling "_matmul_small_res_gate_ffn_down" - 1552: 0%....50%....100% - 3 passes
==PROF== Profiling "_adarms_norm_kernel" - 1553: 0%....50%....100% - 3 passes
==PROF== Profiling "_matmul_gemma_rope_qkv" - 1554: 0%....50%....100% - 3 passes
==PROF== Profiling "_matmul_abt_scale" - 1555: 0%....50%....100% - 3 passes
==PROF== Profiling "_softmax_prefix_suffix_mask_v..." - 1556: 0%....50%....100% - 3 passes
==PROF== Profiling "_matmul_small" - 1557: 0%....50%....100% - 3 passes
==PROF== Profiling "_matmul_small_res_gate_oproj" - 1558: 0%....50%....100% - 3 passes
==PROF== Profiling "_adarms_norm_kernel" - 1559: 0%....50%....100% - 3 passes
==PROF== Profiling "_matmul_small_gate" - 1560: 0%....50%....100% - 3 passes
==PROF== Profiling "_matmul_small_res_gate_ffn_down" - 1561: 0%....50%....100% - 3 passes
==PROF== Profiling "_adarms_norm_kernel" - 1562: 0%....50%....100% - 3 passes
==PROF== Profiling "_matmul_gemma_rope_qkv" - 1563: 0%....50%....100% - 3 passes
==PROF== Profiling "_matmul_abt_scale" - 1564: 0%....50%....100% - 3 passes
==PROF== Profiling "_softmax_prefix_suffix_mask_v..." - 1565: 0%....50%....100% - 3 passes
==PROF== Profiling "_matmul_small" - 1566: 0%....50%....100% - 3 passes
==PROF== Profiling "_matmul_small_res_gate_oproj" - 1567: 0%....50%....100% - 3 passes
==PROF== Profiling "_adarms_norm_kernel" - 1568: 0%....50%....100% - 3 passes
==PROF== Profiling "_matmul_small_gate" - 1569: 0%....50%....100% - 3 passes
==PROF== Profiling "_matmul_small_res_gate_ffn_down" - 1570: 0%....50%....100% - 3 passes
==PROF== Profiling "_adarms_norm_kernel" - 1571: 0%....50%....100% - 3 passes
==PROF== Profiling "_matmul_gemma_rope_qkv" - 1572: 0%....50%....100% - 3 passes
==PROF== Profiling "_matmul_abt_scale" - 1573: 0%....50%....100% - 3 passes
==PROF== Profiling "_softmax_prefix_suffix_mask_v..." - 1574: 0%....50%....100% - 3 passes
==PROF== Profiling "_matmul_small" - 1575: 0%....50%....100% - 3 passes
==PROF== Profiling "_matmul_small_res_gate_oproj" - 1576: 0%....50%....100% - 3 passes
==PROF== Profiling "_adarms_norm_kernel" - 1577: 0%....50%....100% - 3 passes
==PROF== Profiling "_matmul_small_gate" - 1578: 0%....50%....100% - 3 passes
==PROF== Profiling "_matmul_small_res_gate_ffn_down" - 1579: 0%....50%....100% - 3 passes
==PROF== Profiling "_adarms_norm_kernel" - 1580: 0%....50%....100% - 3 passes
==PROF== Profiling "_matmul_gemma_rope_qkv" - 1581: 0%....50%....100% - 3 passes
==PROF== Profiling "_matmul_abt_scale" - 1582: 0%....50%....100% - 3 passes
==PROF== Profiling "_softmax_prefix_suffix_mask_v..." - 1583: 0%....50%....100% - 3 passes
==PROF== Profiling "_matmul_small" - 1584: 0%....50%....100% - 3 passes
==PROF== Profiling "_matmul_small_res_gate_oproj" - 1585: 0%....50%....100% - 3 passes
==PROF== Profiling "_adarms_norm_kernel" - 1586: 0%....50%....100% - 3 passes
==PROF== Profiling "_matmul_small_gate" - 1587: 0%....50%....100% - 3 passes
==PROF== Profiling "_matmul_small_res_gate_ffn_down" - 1588: 0%....50%....100% - 3 passes
==PROF== Profiling "_adarms_norm_kernel" - 1589: 0%....50%....100% - 3 passes
==PROF== Profiling "_matmul_gemma_rope_qkv" - 1590: 0%....50%....100% - 3 passes
==PROF== Profiling "_matmul_abt_scale" - 1591: 0%....50%....100% - 3 passes
==PROF== Profiling "_softmax_prefix_suffix_mask_v..." - 1592: 0%....50%....100% - 3 passes
==PROF== Profiling "_matmul_small" - 1593: 0%....50%....100% - 3 passes
==PROF== Profiling "_matmul_small_res_gate_oproj" - 1594: 0%....50%....100% - 3 passes
==PROF== Profiling "_adarms_norm_kernel" - 1595: 0%....50%....100% - 3 passes
==PROF== Profiling "_matmul_small_gate" - 1596: 0%....50%....100% - 3 passes
==PROF== Profiling "_matmul_small_res_gate_ffn_down" - 1597: 0%....50%....100% - 3 passes
==PROF== Profiling "_adarms_norm_kernel" - 1598: 0%....50%....100% - 3 passes
==PROF== Profiling "_matmul_gemma_rope_qkv" - 1599: 0%....50%....100% - 3 passes
==PROF== Profiling "_matmul_abt_scale" - 1600: 0%....50%....100% - 3 passes
==PROF== Profiling "_softmax_prefix_suffix_mask_v..." - 1601: 0%....50%....100% - 3 passes
==PROF== Profiling "_matmul_small" - 1602: 0%....50%....100% - 3 passes
==PROF== Profiling "_matmul_small_res_gate_oproj" - 1603: 0%....50%....100% - 3 passes
==PROF== Profiling "_adarms_norm_kernel" - 1604: 0%....50%....100% - 3 passes
==PROF== Profiling "_matmul_small_gate" - 1605: 0%....50%....100% - 3 passes
==PROF== Profiling "_matmul_small_res_gate_ffn_down" - 1606: 0%....50%....100% - 3 passes
==PROF== Profiling "_adarms_norm_kernel" - 1607: 0%....50%....100% - 3 passes
==PROF== Profiling "_matmul_gemma_rope_qkv" - 1608: 0%....50%....100% - 3 passes
==PROF== Profiling "_matmul_abt_scale" - 1609: 0%....50%....100% - 3 passes
==PROF== Profiling "_softmax_prefix_suffix_mask_v..." - 1610: 0%....50%....100% - 3 passes
==PROF== Profiling "_matmul_small" - 1611: 0%....50%....100% - 3 passes
==PROF== Profiling "_matmul_small_res_gate_oproj" - 1612: 0%....50%....100% - 3 passes
==PROF== Profiling "_adarms_norm_kernel" - 1613: 0%....50%....100% - 3 passes
==PROF== Profiling "_matmul_small_gate" - 1614: 0%....50%....100% - 3 passes
==PROF== Profiling "_matmul_small_res_gate_ffn_down" - 1615: 0%....50%....100% - 3 passes
==PROF== Profiling "_adarms_norm_kernel" - 1616: 0%....50%....100% - 3 passes
==PROF== Profiling "_matmul_gemma_rope_qkv" - 1617: 0%....50%....100% - 3 passes
==PROF== Profiling "_matmul_abt_scale" - 1618: 0%....50%....100% - 3 passes
==PROF== Profiling "_softmax_prefix_suffix_mask_v..." - 1619: 0%....50%....100% - 3 passes
==PROF== Profiling "_matmul_small" - 1620: 0%....50%....100% - 3 passes
==PROF== Profiling "_matmul_small_res_gate_oproj" - 1621: 0%....50%....100% - 3 passes
==PROF== Profiling "_adarms_norm_kernel" - 1622: 0%....50%....100% - 3 passes
==PROF== Profiling "_matmul_small_gate" - 1623: 0%....50%....100% - 3 passes
==PROF== Profiling "_matmul_small_res_gate_ffn_down" - 1624: 0%....50%....100% - 3 passes
==PROF== Profiling "_adarms_norm_kernel" - 1625: 0%....50%....100% - 3 passes
==PROF== Profiling "_matmul_gemma_rope_qkv" - 1626: 0%....50%....100% - 3 passes
==PROF== Profiling "_matmul_abt_scale" - 1627: 0%....50%....100% - 3 passes
==PROF== Profiling "_softmax_prefix_suffix_mask_v..." - 1628: 0%....50%....100% - 3 passes
==PROF== Profiling "_matmul_small" - 1629: 0%....50%....100% - 3 passes
==PROF== Profiling "_matmul_small_res_gate_oproj" - 1630: 0%....50%....100% - 3 passes
==PROF== Profiling "_adarms_norm_kernel" - 1631: 0%....50%....100% - 3 passes
==PROF== Profiling "_matmul_small_gate" - 1632: 0%....50%....100% - 3 passes
==PROF== Profiling "_matmul_small_res_gate_ffn_down" - 1633: 0%....50%....100% - 3 passes
==PROF== Profiling "_adarms_norm_kernel" - 1634: 0%....50%....100% - 3 passes
==PROF== Profiling "_matmul_gemma_rope_qkv" - 1635: 0%....50%....100% - 3 passes
==PROF== Profiling "_matmul_abt_scale" - 1636: 0%....50%....100% - 3 passes
==PROF== Profiling "_softmax_prefix_suffix_mask_v..." - 1637: 0%....50%....100% - 3 passes
==PROF== Profiling "_matmul_small" - 1638: 0%....50%....100% - 3 passes
==PROF== Profiling "_matmul_small_res_gate_oproj" - 1639: 0%....50%....100% - 3 passes
==PROF== Profiling "_adarms_norm_kernel" - 1640: 0%....50%....100% - 3 passes
==PROF== Profiling "_matmul_small_gate" - 1641: 0%....50%....100% - 3 passes
==PROF== Profiling "_matmul_small_res_gate_ffn_down" - 1642: 0%....50%....100% - 3 passes
==PROF== Profiling "_adarms_norm_kernel" - 1643: 0%....50%....100% - 3 passes
==PROF== Profiling "_matmul_gemma_rope_qkv" - 1644: 0%....50%....100% - 3 passes
==PROF== Profiling "_matmul_abt_scale" - 1645: 0%....50%....100% - 3 passes
==PROF== Profiling "_softmax_prefix_suffix_mask_v..." - 1646: 0%....50%....100% - 3 passes
==PROF== Profiling "_matmul_small" - 1647: 0%....50%....100% - 3 passes
==PROF== Profiling "_matmul_small_res_gate_oproj" - 1648: 0%....50%....100% - 3 passes
==PROF== Profiling "_adarms_norm_kernel" - 1649: 0%....50%....100% - 3 passes
==PROF== Profiling "_matmul_small_gate" - 1650: 0%....50%....100% - 3 passes
==PROF== Profiling "_matmul_small_res_gate_ffn_down" - 1651: 0%....50%....100% - 3 passes
==PROF== Profiling "_adarms_norm_kernel" - 1652: 0%....50%....100% - 3 passes
==PROF== Profiling "_matmul_gemma_rope_qkv" - 1653: 0%....50%....100% - 3 passes
==PROF== Profiling "_matmul_abt_scale" - 1654: 0%....50%....100% - 3 passes
==PROF== Profiling "_softmax_prefix_suffix_mask_v..." - 1655: 0%....50%....100% - 3 passes
==PROF== Profiling "_matmul_small" - 1656: 0%....50%....100% - 3 passes
==PROF== Profiling "_matmul_small_res_gate_oproj" - 1657: 0%....50%....100% - 3 passes
==PROF== Profiling "_adarms_norm_kernel" - 1658: 0%....50%....100% - 3 passes
==PROF== Profiling "_matmul_small_gate" - 1659: 0%....50%....100% - 3 passes
==PROF== Profiling "_matmul_small_res_gate_ffn_down" - 1660: 0%....50%....100% - 3 passes
==PROF== Profiling "_adarms_norm_kernel" - 1661: 0%....50%....100% - 3 passes
==PROF== Profiling "_matmul_gemma_rope_qkv" - 1662: 0%....50%....100% - 3 passes
==PROF== Profiling "_matmul_abt_scale" - 1663: 0%....50%....100% - 3 passes
==PROF== Profiling "_softmax_prefix_suffix_mask_v..." - 1664: 0%....50%....100% - 3 passes
==PROF== Profiling "_matmul_small" - 1665: 0%....50%....100% - 3 passes
==PROF== Profiling "_matmul_small_res_gate_oproj" - 1666: 0%....50%....100% - 3 passes
==PROF== Profiling "_adarms_norm_kernel" - 1667: 0%....50%....100% - 3 passes
==PROF== Profiling "_matmul_small_gate" - 1668: 0%....50%....100% - 3 passes
==PROF== Profiling "_matmul_small_res_gate_ffn_down" - 1669: ==PROF== Trying to shutdown target application

==ERROR== Failed to profile "_matmul_small_res_gate_ffn_down" in process 2728813
==PROF== Trying to shutdown target application
==ERROR== An error occurred while trying to profile.
==PROF== Report: /fact_data/xinyaowang/vla_vllm_profiling/results/processed/0913/28/ncu/vla.ncu-rep
