[2026-09-13 13:01:32] Local assets and memory preflight passed; importing runtime
/fact_data/xinyaowang/vla_vllm_profiling/vllm-omni/vllm_omni/__init__.py:19: RuntimeWarning: Failed to import version from _version.py: No module named 'vllm_omni._version'
This typically happens in development mode before building.
Using fallback version 'dev'.
  from .version import __version__, __version_tuple__  # isort:skip # noqa: F401
WARNING 09-13 13:04:07 [patch.py:165] Monkey-patched unregister_vllm_metrics() to scope drops to non-omni vllm:* collectors. Remove this patch once vLLM adds _STAT_LOGGER_METRIC_NAMES.
==WARNING== Note: Running with unmodified GPU clocks. If not controlled otherwise, profiling results may be inconsistent.
==PROF== Connected to process 2366711 (/usr/bin/python3.12)
[2026-09-13 13:05:08] Initializing pipeline with local tokenizer and checkpoint
INFO 09-13 13:05:11 [modeling_pi05.py:1911] pi0.5: no action normalization stats on config.norm_stats; returned actions are in the model's normalized space.
[2026-09-13 13:05:11] Streaming real checkpoint tensors into model
[2026-09-13 13:06:58] Loaded 206 checkpoint tensors (4.54 GiB)
INFO 09-13 13:07:22 [modeling_pi05.py:4570] pi0.5 load_weights: 812 tensors loaded, 0 skipped, 0 missing.
[2026-09-13 13:07:23] All checkpoint parameters loaded
[2026-09-13 13:07:26] Pipeline initialized on GPU
[2026-09-13 13:07:26] Optimized backend warmup, Triton compilation and graph capture
[2026-09-13 13:08:14] Starting NCU-scoped Action Expert invocation
==PROF== Profiling "vectorized_elementwise_kernel" - 0: 0%....50%....100% - 3 passes
==PROF== Profiling "unrolled_elementwise_kernel" - 1: 0%....50%....100% - 3 passes
==PROF== Profiling "vectorized_elementwise_kernel" - 2: 0%....50%....100% - 3 passes
==PROF== Profiling "_matmul_small_bias" - 3: 0%....50%....100% - 3 passes
==PROF== Profiling "_adarms_norm_kernel" - 4: 0%....50%....100% - 3 passes
==PROF== Profiling "_matmul_rope_qkv" - 5: 0%....50%....100% - 3 passes
==PROF== Profiling "_matmul_abt_scale" - 6: 0%....50%....100% - 3 passes
==PROF== Profiling "_softmax_prefix_suffix_mask_v..." - 7: 0%....50%....100% - 3 passes
==PROF== Profiling "_matmul_small" - 8: 0%....50%....100% - 3 passes
==PROF== Profiling "_matmul_small_res_gate_oproj" - 9: 0%....50%....100% - 3 passes
==PROF== Profiling "_adarms_norm_kernel" - 10: 0%....50%....100% - 3 passes
==PROF== Profiling "_matmul_small_gate" - 11: 0%....50%....100% - 3 passes
==PROF== Profiling "_matmul_small_res_gate_ffn_down" - 12: 0%....50%....100% - 3 passes
==PROF== Profiling "_adarms_norm_kernel" - 13: 0%....50%....100% - 3 passes
==PROF== Profiling "_matmul_rope_qkv" - 14: 0%....50%....100% - 3 passes
==PROF== Profiling "_matmul_abt_scale" - 15: 0%....50%....100% - 3 passes
==PROF== Profiling "_softmax_prefix_suffix_mask_v..." - 16: 0%....50%....100% - 3 passes
==PROF== Profiling "_matmul_small" - 17: 0%....50%....100% - 3 passes
==PROF== Profiling "_matmul_small_res_gate_oproj" - 18: 0%....50%....100% - 3 passes
==PROF== Profiling "_adarms_norm_kernel" - 19: 0%....50%....100% - 3 passes
==PROF== Profiling "_matmul_small_gate" - 20: 0%....50%....100% - 3 passes
==PROF== Profiling "_matmul_small_res_gate_ffn_down" - 21: 0%....50%....100% - 3 passes
==PROF== Profiling "_adarms_norm_kernel" - 22: 0%....50%....100% - 3 passes
==PROF== Profiling "_matmul_rope_qkv" - 23: 0%....50%....100% - 3 passes
==PROF== Profiling "_matmul_abt_scale" - 24: 0%....50%....100% - 3 passes
==PROF== Profiling "_softmax_prefix_suffix_mask_v..." - 25: 0%....50%....100% - 3 passes
==PROF== Profiling "_matmul_small" - 26: 0%....50%....100% - 3 passes
==PROF== Profiling "_matmul_small_res_gate_oproj" - 27: 0%....50%....100% - 3 passes
==PROF== Profiling "_adarms_norm_kernel" - 28: 0%....50%....100% - 3 passes
==PROF== Profiling "_matmul_small_gate" - 29: 0%....50%....100% - 3 passes
==PROF== Profiling "_matmul_small_res_gate_ffn_down" - 30: 0%....50%....100% - 3 passes
==PROF== Profiling "_adarms_norm_kernel" - 31: 0%....50%....100% - 3 passes
==PROF== Profiling "_matmul_rope_qkv" - 32: 0%....50%....100% - 3 passes
==PROF== Profiling "_matmul_abt_scale" - 33: 0%....50%....100% - 3 passes
==PROF== Profiling "_softmax_prefix_suffix_mask_v..." - 34: 0%....50%....100% - 3 passes
==PROF== Profiling "_matmul_small" - 35: 0%....50%....100% - 3 passes
==PROF== Profiling "_matmul_small_res_gate_oproj" - 36: 0%....50%....100% - 3 passes
==PROF== Profiling "_adarms_norm_kernel" - 37: 0%....50%....100% - 3 passes
==PROF== Profiling "_matmul_small_gate" - 38: 0%....50%....100% - 3 passes
==PROF== Profiling "_matmul_small_res_gate_ffn_down" - 39: 0%....50%....100% - 3 passes
==PROF== Profiling "_adarms_norm_kernel" - 40: 0%....50%....100% - 3 passes
==PROF== Profiling "_matmul_rope_qkv" - 41: 0%....50%....100% - 3 passes
==PROF== Profiling "_matmul_abt_scale" - 42: 0%....50%....100% - 3 passes
==PROF== Profiling "_softmax_prefix_suffix_mask_v..." - 43: 0%....50%....100% - 3 passes
==PROF== Profiling "_matmul_small" - 44: 0%....50%....100% - 3 passes
==PROF== Profiling "_matmul_small_res_gate_oproj" - 45: 0%....50%....100% - 3 passes
==PROF== Profiling "_adarms_norm_kernel" - 46: 0%....50%....100% - 3 passes
==PROF== Profiling "_matmul_small_gate" - 47: 0%....50%....100% - 3 passes
==PROF== Profiling "_matmul_small_res_gate_ffn_down" - 48: 0%....50%....100% - 3 passes
==PROF== Profiling "_adarms_norm_kernel" - 49: 0%....50%....100% - 3 passes
==PROF== Profiling "_matmul_rope_qkv" - 50: 0%....50%....100% - 3 passes
==PROF== Profiling "_matmul_abt_scale" - 51: 0%....50%....100% - 3 passes
==PROF== Profiling "_softmax_prefix_suffix_mask_v..." - 52: 0%....50%....100% - 3 passes
==PROF== Profiling "_matmul_small" - 53: 0%....50%....100% - 3 passes
==PROF== Profiling "_matmul_small_res_gate_oproj" - 54: 0%....50%....100% - 3 passes
==PROF== Profiling "_adarms_norm_kernel" - 55: 0%....50%....100% - 3 passes
==PROF== Profiling "_matmul_small_gate" - 56: 0%....50%....100% - 3 passes
==PROF== Profiling "_matmul_small_res_gate_ffn_down" - 57: 0%....50%....100% - 3 passes
==PROF== Profiling "_adarms_norm_kernel" - 58: 0%....50%....100% - 3 passes
==PROF== Profiling "_matmul_rope_qkv" - 59: 0%....50%....100% - 3 passes
==PROF== Profiling "_matmul_abt_scale" - 60: 0%....50%....100% - 3 passes
==PROF== Profiling "_softmax_prefix_suffix_mask_v..." - 61: 0%....50%....100% - 3 passes
==PROF== Profiling "_matmul_small" - 62: 0%....50%....100% - 3 passes
==PROF== Profiling "_matmul_small_res_gate_oproj" - 63: 0%....50%....100% - 3 passes
==PROF== Profiling "_adarms_norm_kernel" - 64: 0%....50%....100% - 3 passes
==PROF== Profiling "_matmul_small_gate" - 65: 0%....50%....100% - 3 passes
==PROF== Profiling "_matmul_small_res_gate_ffn_down" - 66: 0%....50%....100% - 3 passes
==PROF== Profiling "_adarms_norm_kernel" - 67: 0%....50%....100% - 3 passes
==PROF== Profiling "_matmul_rope_qkv" - 68: 0%....50%....100% - 3 passes
==PROF== Profiling "_matmul_abt_scale" - 69: 0%....50%....100% - 3 passes
==PROF== Profiling "_softmax_prefix_suffix_mask_v..." - 70: 0%....50%....100% - 3 passes
==PROF== Profiling "_matmul_small" - 71: 0%....50%....100% - 3 passes
==PROF== Profiling "_matmul_small_res_gate_oproj" - 72: 0%....50%....100% - 3 passes
==PROF== Profiling "_adarms_norm_kernel" - 73: 0%....50%....100% - 3 passes
==PROF== Profiling "_matmul_small_gate" - 74: 0%....50%....100% - 3 passes
==PROF== Profiling "_matmul_small_res_gate_ffn_down" - 75: 0%....50%....100% - 3 passes
==PROF== Profiling "_adarms_norm_kernel" - 76: 0%....50%....100% - 3 passes
==PROF== Profiling "_matmul_rope_qkv" - 77: 0%....50%....100% - 3 passes
==PROF== Profiling "_matmul_abt_scale" - 78: 0%....50%....100% - 3 passes
==PROF== Profiling "_softmax_prefix_suffix_mask_v..." - 79: 0%....50%....100% - 3 passes
==PROF== Profiling "_matmul_small" - 80: 0%....50%....100% - 3 passes
==PROF== Profiling "_matmul_small_res_gate_oproj" - 81: 0%....50%....100% - 3 passes
==PROF== Profiling "_adarms_norm_kernel" - 82: 0%....50%....100% - 3 passes
==PROF== Profiling "_matmul_small_gate" - 83: 0%....50%....100% - 3 passes
==PROF== Profiling "_matmul_small_res_gate_ffn_down" - 84: 0%....50%....100% - 3 passes
==PROF== Profiling "_adarms_norm_kernel" - 85: 0%....50%....100% - 3 passes
==PROF== Profiling "_matmul_rope_qkv" - 86: 0%....50%....100% - 3 passes
==PROF== Profiling "_matmul_abt_scale" - 87: 0%....50%....100% - 3 passes
==PROF== Profiling "_softmax_prefix_suffix_mask_v..." - 88: 0%....50%....100% - 3 passes
==PROF== Profiling "_matmul_small" - 89: 0%....50%....100% - 3 passes
==PROF== Profiling "_matmul_small_res_gate_oproj" - 90: 0%....50%....100% - 3 passes
==PROF== Profiling "_adarms_norm_kernel" - 91: 0%....50%....100% - 3 passes
==PROF== Profiling "_matmul_small_gate" - 92: 0%....50%....100% - 3 passes
==PROF== Profiling "_matmul_small_res_gate_ffn_down" - 93: 0%....50%....100% - 3 passes
==PROF== Profiling "_adarms_norm_kernel" - 94: 0%....50%....100% - 3 passes
==PROF== Profiling "_matmul_rope_qkv" - 95: 0%....50%....100% - 3 passes
==PROF== Profiling "_matmul_abt_scale" - 96: 0%....50%....100% - 3 passes
==PROF== Profiling "_softmax_prefix_suffix_mask_v..." - 97: 0%....50%....100% - 3 passes
==PROF== Profiling "_matmul_small" - 98: 0%....50%....100% - 3 passes
==PROF== Profiling "_matmul_small_res_gate_oproj" - 99: 0%....50%....100% - 3 passes
==PROF== Profiling "_adarms_norm_kernel" - 100: 0%....50%....100% - 3 passes
==PROF== Profiling "_matmul_small_gate" - 101: 0%....50%....100% - 3 passes
==PROF== Profiling "_matmul_small_res_gate_ffn_down" - 102: 0%....50%....100% - 3 passes
==PROF== Profiling "_adarms_norm_kernel" - 103: 0%....50%....100% - 3 passes
==PROF== Profiling "_matmul_rope_qkv" - 104: 0%....50%....100% - 3 passes
==PROF== Profiling "_matmul_abt_scale" - 105: 0%....50%....100% - 3 passes
==PROF== Profiling "_softmax_prefix_suffix_mask_v..." - 106: 0%....50%....100% - 3 passes
==PROF== Profiling "_matmul_small" - 107: 0%....50%....100% - 3 passes
==PROF== Profiling "_matmul_small_res_gate_oproj" - 108: 0%....50%....100% - 3 passes
==PROF== Profiling "_adarms_norm_kernel" - 109: 0%....50%....100% - 3 passes
==PROF== Profiling "_matmul_small_gate" - 110: 0%....50%....100% - 3 passes
==PROF== Profiling "_matmul_small_res_gate_ffn_down" - 111: 0%....50%....100% - 3 passes
==PROF== Profiling "_adarms_norm_kernel" - 112: 0%....50%....100% - 3 passes
==PROF== Profiling "_matmul_rope_qkv" - 113: 0%....50%....100% - 3 passes
==PROF== Profiling "_matmul_abt_scale" - 114: 0%....50%....100% - 3 passes
==PROF== Profiling "_softmax_prefix_suffix_mask_v..." - 115: 0%....50%....100% - 3 passes
==PROF== Profiling "_matmul_small" - 116: 0%....50%....100% - 3 passes
==PROF== Profiling "_matmul_small_res_gate_oproj" - 117: 0%....50%....100% - 3 passes
==PROF== Profiling "_adarms_norm_kernel" - 118: 0%....50%....100% - 3 passes
==PROF== Profiling "_matmul_small_gate" - 119: 0%....50%....100% - 3 passes
==PROF== Profiling "_matmul_small_res_gate_ffn_down" - 120: 0%....50%....100% - 3 passes
==PROF== Profiling "_adarms_norm_kernel" - 121: 0%....50%....100% - 3 passes
==PROF== Profiling "_matmul_rope_qkv" - 122: 0%....50%....100% - 3 passes
==PROF== Profiling "_matmul_abt_scale" - 123: 0%....50%....100% - 3 passes
==PROF== Profiling "_softmax_prefix_suffix_mask_v..." - 124: 0%....50%....100% - 3 passes
==PROF== Profiling "_matmul_small" - 125: 0%....50%....100% - 3 passes
==PROF== Profiling "_matmul_small_res_gate_oproj" - 126: 0%....50%....100% - 3 passes
==PROF== Profiling "_adarms_norm_kernel" - 127: 0%....50%....100% - 3 passes
==PROF== Profiling "_matmul_small_gate" - 128: 0%....50%....100% - 3 passes
==PROF== Profiling "_matmul_small_res_gate_ffn_down" - 129: 0%....50%....100% - 3 passes
==PROF== Profiling "_adarms_norm_kernel" - 130: 0%....50%....100% - 3 passes
==PROF== Profiling "_matmul_rope_qkv" - 131: 0%....50%....100% - 3 passes
==PROF== Profiling "_matmul_abt_scale" - 132: 0%....50%....100% - 3 passes
==PROF== Profiling "_softmax_prefix_suffix_mask_v..." - 133: 0%....50%....100% - 3 passes
==PROF== Profiling "_matmul_small" - 134: 0%....50%....100% - 3 passes
==PROF== Profiling "_matmul_small_res_gate_oproj" - 135: 0%....50%....100% - 3 passes
==PROF== Profiling "_adarms_norm_kernel" - 136: 0%....50%....100% - 3 passes
==PROF== Profiling "_matmul_small_gate" - 137: 0%....50%....100% - 3 passes
==PROF== Profiling "_matmul_small_res_gate_ffn_down" - 138: 0%....50%....100% - 3 passes
==PROF== Profiling "_adarms_norm_kernel" - 139: 0%....50%....100% - 3 passes
==PROF== Profiling "_matmul_rope_qkv" - 140: 0%....50%....100% - 3 passes
==PROF== Profiling "_matmul_abt_scale" - 141: 0%....50%....100% - 3 passes
==PROF== Profiling "_softmax_prefix_suffix_mask_v..." - 142: 0%....50%....100% - 3 passes
==PROF== Profiling "_matmul_small" - 143: 0%....50%....100% - 3 passes
==PROF== Profiling "_matmul_small_res_gate_oproj" - 144: 0%....50%....100% - 3 passes
==PROF== Profiling "_adarms_norm_kernel" - 145: 0%....50%....100% - 3 passes
==PROF== Profiling "_matmul_small_gate" - 146: 0%....50%....100% - 3 passes
==PROF== Profiling "_matmul_small_res_gate_ffn_down" - 147: 0%....50%....100% - 3 passes
==PROF== Profiling "_adarms_norm_kernel" - 148: 0%....50%....100% - 3 passes
==PROF== Profiling "_matmul_rope_qkv" - 149: 0%....50%....100% - 3 passes
==PROF== Profiling "_matmul_abt_scale" - 150: 0%....50%....100% - 3 passes
==PROF== Profiling "_softmax_prefix_suffix_mask_v..." - 151: 0%....50%....100% - 3 passes
==PROF== Profiling "_matmul_small" - 152: 0%....50%....100% - 3 passes
==PROF== Profiling "_matmul_small_res_gate_oproj" - 153: 0%....50%....100% - 3 passes
==PROF== Profiling "_adarms_norm_kernel" - 154: 0%....50%....100% - 3 passes
==PROF== Profiling "_matmul_small_gate" - 155: 0%....50%....100% - 3 passes
==PROF== Profiling "_matmul_small_res_gate_ffn_down" - 156: 0%....50%....100% - 3 passes
==PROF== Profiling "_adarms_norm_kernel" - 157: 0%....50%....100% - 3 passes
==PROF== Profiling "_matmul_rope_qkv" - 158: 0%....50%....100% - 3 passes
==PROF== Profiling "_matmul_abt_scale" - 159: 0%....50%....100% - 3 passes
==PROF== Profiling "_softmax_prefix_suffix_mask_v..." - 160: 0%....50%....100% - 3 passes
==PROF== Profiling "_matmul_small" - 161: 0%....50%....100% - 3 passes
==PROF== Profiling "_matmul_small_res_gate_oproj" - 162: 0%....50%....100% - 3 passes
==PROF== Profiling "_adarms_norm_kernel" - 163: 0%....50%....100% - 3 passes
==PROF== Profiling "_matmul_small_gate" - 164: 0%....50%....100% - 3 passes
==PROF== Profiling "_matmul_small_res_gate_ffn_down" - 165: 0%....50%....100% - 3 passes
==PROF== Profiling "_adarms_norm_kernel" - 166: 0%....50%....100% - 3 passes
==PROF== Profiling "_matmul_small_bias_res" - 167: 0%....50%....100% - 3 passes
==PROF== Profiling "_matmul_small_bias" - 168: 0%....50%....100% - 3 passes
==PROF== Profiling "_adarms_norm_kernel" - 169: 0%....50%....100% - 3 passes
==PROF== Profiling "_matmul_rope_qkv" - 170: 0%....50%....100% - 3 passes
==PROF== Profiling "_matmul_abt_scale" - 171: 0%....50%....100% - 3 passes
==PROF== Profiling "_softmax_prefix_suffix_mask_v..." - 172: 0%....50%....100% - 3 passes
==PROF== Profiling "_matmul_small" - 173: 0%....50%....100% - 3 passes
==PROF== Profiling "_matmul_small_res_gate_oproj" - 174: 0%....50%....100% - 3 passes
==PROF== Profiling "_adarms_norm_kernel" - 175: 0%....50%....100% - 3 passes
==PROF== Profiling "_matmul_small_gate" - 176: 0%....50%....100% - 3 passes
==PROF== Profiling "_matmul_small_res_gate_ffn_down" - 177: 0%....50%....100% - 3 passes
==PROF== Profiling "_adarms_norm_kernel" - 178: 0%....50%....100% - 3 passes
==PROF== Profiling "_matmul_rope_qkv" - 179: 0%....50%....100% - 3 passes
==PROF== Profiling "_matmul_abt_scale" - 180: 0%....50%....100% - 3 passes
==PROF== Profiling "_softmax_prefix_suffix_mask_v..." - 181: 0%....50%....100% - 3 passes
==PROF== Profiling "_matmul_small" - 182: 0%....50%....100% - 3 passes
==PROF== Profiling "_matmul_small_res_gate_oproj" - 183: 0%....50%....100% - 3 passes
==PROF== Profiling "_adarms_norm_kernel" - 184: 0%....50%....100% - 3 passes
==PROF== Profiling "_matmul_small_gate" - 185: 0%....50%....100% - 3 passes
==PROF== Profiling "_matmul_small_res_gate_ffn_down" - 186: 0%....50%....100% - 3 passes
==PROF== Profiling "_adarms_norm_kernel" - 187: 0%....50%....100% - 3 passes
==PROF== Profiling "_matmul_rope_qkv" - 188: 0%....50%....100% - 3 passes
==PROF== Profiling "_matmul_abt_scale" - 189: 0%....50%....100% - 3 passes
==PROF== Profiling "_softmax_prefix_suffix_mask_v..." - 190: 0%....50%....100% - 3 passes
==PROF== Profiling "_matmul_small" - 191: 0%....50%....100% - 3 passes
==PROF== Profiling "_matmul_small_res_gate_oproj" - 192: 0%....50%....100% - 3 passes
==PROF== Profiling "_adarms_norm_kernel" - 193: 0%....50%....100% - 3 passes
==PROF== Profiling "_matmul_small_gate" - 194: 0%....50%....100% - 3 passes
==PROF== Profiling "_matmul_small_res_gate_ffn_down" - 195: 0%....50%....100% - 3 passes
==PROF== Profiling "_adarms_norm_kernel" - 196: 0%....50%....100% - 3 passes
==PROF== Profiling "_matmul_rope_qkv" - 197: 0%....50%....100% - 3 passes
==PROF== Profiling "_matmul_abt_scale" - 198: 0%....50%....100% - 3 passes
==PROF== Profiling "_softmax_prefix_suffix_mask_v..." - 199: 0%....50%....100% - 3 passes
==PROF== Profiling "_matmul_small" - 200: 0%....50%....100% - 3 passes
==PROF== Profiling "_matmul_small_res_gate_oproj" - 201: 0%....50%....100% - 3 passes
==PROF== Profiling "_adarms_norm_kernel" - 202: 0%....50%....100% - 3 passes
==PROF== Profiling "_matmul_small_gate" - 203: 0%....50%....100% - 3 passes
==PROF== Profiling "_matmul_small_res_gate_ffn_down" - 204: 0%....50%....100% - 3 passes
==PROF== Profiling "_adarms_norm_kernel" - 205: 0%....50%....100% - 3 passes
==PROF== Profiling "_matmul_rope_qkv" - 206: 0%....50%....100% - 3 passes
==PROF== Profiling "_matmul_abt_scale" - 207: 0%....50%....100% - 3 passes
==PROF== Profiling "_softmax_prefix_suffix_mask_v..." - 208: 0%....50%....100% - 3 passes
==PROF== Profiling "_matmul_small" - 209: 0%....50%....100% - 3 passes
==PROF== Profiling "_matmul_small_res_gate_oproj" - 210: 0%....50%....100% - 3 passes
==PROF== Profiling "_adarms_norm_kernel" - 211: 0%....50%....100% - 3 passes
==PROF== Profiling "_matmul_small_gate" - 212: 0%....50%....100% - 3 passes
==PROF== Profiling "_matmul_small_res_gate_ffn_down" - 213: 0%....50%....100% - 3 passes
==PROF== Profiling "_adarms_norm_kernel" - 214: 0%....50%....100% - 3 passes
==PROF== Profiling "_matmul_rope_qkv" - 215: 0%....50%....100% - 3 passes
==PROF== Profiling "_matmul_abt_scale" - 216: 0%....50%....100% - 3 passes
==PROF== Profiling "_softmax_prefix_suffix_mask_v..." - 217: 0%....50%....100% - 3 passes
==PROF== Profiling "_matmul_small" - 218: 0%....50%....100% - 3 passes
==PROF== Profiling "_matmul_small_res_gate_oproj" - 219: 0%....50%....100% - 3 passes
==PROF== Profiling "_adarms_norm_kernel" - 220: 0%....50%....100% - 3 passes
==PROF== Profiling "_matmul_small_gate" - 221: 0%....50%....100% - 3 passes
==PROF== Profiling "_matmul_small_res_gate_ffn_down" - 222: 0%....50%....100% - 3 passes
==PROF== Profiling "_adarms_norm_kernel" - 223: 0%....50%....100% - 3 passes
==PROF== Profiling "_matmul_rope_qkv" - 224: 0%....50%....100% - 3 passes
==PROF== Profiling "_matmul_abt_scale" - 225: 0%....50%....100% - 3 passes
==PROF== Profiling "_softmax_prefix_suffix_mask_v..." - 226: 0%....50%....100% - 3 passes
==PROF== Profiling "_matmul_small" - 227: 0%....50%....100% - 3 passes
==PROF== Profiling "_matmul_small_res_gate_oproj" - 228: 0%....50%....100% - 3 passes
==PROF== Profiling "_adarms_norm_kernel" - 229: 0%....50%....100% - 3 passes
==PROF== Profiling "_matmul_small_gate" - 230: 0%....50%....100% - 3 passes
==PROF== Profiling "_matmul_small_res_gate_ffn_down" - 231: 0%....50%....100% - 3 passes
==PROF== Profiling "_adarms_norm_kernel" - 232: 0%....50%....100% - 3 passes
==PROF== Profiling "_matmul_rope_qkv" - 233: 0%....50%....100% - 3 passes
==PROF== Profiling "_matmul_abt_scale" - 234: 0%....50%....100% - 3 passes
==PROF== Profiling "_softmax_prefix_suffix_mask_v..." - 235: 0%....50%....100% - 3 passes
==PROF== Profiling "_matmul_small" - 236: 0%....50%....100% - 3 passes
==PROF== Profiling "_matmul_small_res_gate_oproj" - 237: 0%....50%....100% - 3 passes
==PROF== Profiling "_adarms_norm_kernel" - 238: 0%....50%....100% - 3 passes
==PROF== Profiling "_matmul_small_gate" - 239: 0%....50%....100% - 3 passes
==PROF== Profiling "_matmul_small_res_gate_ffn_down" - 240: 0%....50%....100% - 3 passes
==PROF== Profiling "_adarms_norm_kernel" - 241: 0%....50%....100% - 3 passes
==PROF== Profiling "_matmul_rope_qkv" - 242: 0%....50%....100% - 3 passes
==PROF== Profiling "_matmul_abt_scale" - 243: 0%....50%....100% - 3 passes
==PROF== Profiling "_softmax_prefix_suffix_mask_v..." - 244: 0%....50%....100% - 3 passes
==PROF== Profiling "_matmul_small" - 245: 0%....50%....100% - 3 passes
==PROF== Profiling "_matmul_small_res_gate_oproj" - 246: 0%....50%....100% - 3 passes
==PROF== Profiling "_adarms_norm_kernel" - 247: 0%....50%....100% - 3 passes
==PROF== Profiling "_matmul_small_gate" - 248: 0%....50%....100% - 3 passes
==PROF== Profiling "_matmul_small_res_gate_ffn_down" - 249: 0%....50%....100% - 3 passes
==PROF== Profiling "_adarms_norm_kernel" - 250: 0%....50%....100% - 3 passes
==PROF== Profiling "_matmul_rope_qkv" - 251: 0%....50%....100% - 3 passes
==PROF== Profiling "_matmul_abt_scale" - 252: 0%....50%....100% - 3 passes
==PROF== Profiling "_softmax_prefix_suffix_mask_v..." - 253: 0%....50%....100% - 3 passes
==PROF== Profiling "_matmul_small" - 254: 0%....50%....100% - 3 passes
==PROF== Profiling "_matmul_small_res_gate_oproj" - 255: 0%....50%....100% - 3 passes
==PROF== Profiling "_adarms_norm_kernel" - 256: 0%....50%....100% - 3 passes
==PROF== Profiling "_matmul_small_gate" - 257: 0%....50%....100% - 3 passes
==PROF== Profiling "_matmul_small_res_gate_ffn_down" - 258: 0%....50%....100% - 3 passes
==PROF== Profiling "_adarms_norm_kernel" - 259: 0%....50%....100% - 3 passes
==PROF== Profiling "_matmul_rope_qkv" - 260: 0%....50%....100% - 3 passes
==PROF== Profiling "_matmul_abt_scale" - 261: 0%....50%....100% - 3 passes
==PROF== Profiling "_softmax_prefix_suffix_mask_v..." - 262: 0%....50%....100% - 3 passes
==PROF== Profiling "_matmul_small" - 263: 0%....50%....100% - 3 passes
==PROF== Profiling "_matmul_small_res_gate_oproj" - 264: 0%....50%....100% - 3 passes
==PROF== Profiling "_adarms_norm_kernel" - 265: 0%....50%....100% - 3 passes
==PROF== Profiling "_matmul_small_gate" - 266: 0%....50%....100% - 3 passes
==PROF== Profiling "_matmul_small_res_gate_ffn_down" - 267: 0%....50%....100% - 3 passes
==PROF== Profiling "_adarms_norm_kernel" - 268: 0%....50%....100% - 3 passes
==PROF== Profiling "_matmul_rope_qkv" - 269: 0%....50%....100% - 3 passes
==PROF== Profiling "_matmul_abt_scale" - 270: 0%....50%....100% - 3 passes
==PROF== Profiling "_softmax_prefix_suffix_mask_v..." - 271: 0%....50%....100% - 3 passes
==PROF== Profiling "_matmul_small" - 272: 0%....50%....100% - 3 passes
==PROF== Profiling "_matmul_small_res_gate_oproj" - 273: 0%....50%....100% - 3 passes
==PROF== Profiling "_adarms_norm_kernel" - 274: 0%....50%....100% - 3 passes
==PROF== Profiling "_matmul_small_gate" - 275: 0%....50%....100% - 3 passes
==PROF== Profiling "_matmul_small_res_gate_ffn_down" - 276: 0%....50%....100% - 3 passes
==PROF== Profiling "_adarms_norm_kernel" - 277: 0%....50%....100% - 3 passes
==PROF== Profiling "_matmul_rope_qkv" - 278: 0%....50%....100% - 3 passes
==PROF== Profiling "_matmul_abt_scale" - 279: 0%....50%....100% - 3 passes
==PROF== Profiling "_softmax_prefix_suffix_mask_v..." - 280: 0%....50%....100% - 3 passes
==PROF== Profiling "_matmul_small" - 281: 0%....50%....100% - 3 passes
==PROF== Profiling "_matmul_small_res_gate_oproj" - 282: 0%....50%....100% - 3 passes
==PROF== Profiling "_adarms_norm_kernel" - 283: 0%....50%....100% - 3 passes
==PROF== Profiling "_matmul_small_gate" - 284: 0%....50%....100% - 3 passes
==PROF== Profiling "_matmul_small_res_gate_ffn_down" - 285: 0%....50%....100% - 3 passes
==PROF== Profiling "_adarms_norm_kernel" - 286: 0%....50%....100% - 3 passes
==PROF== Profiling "_matmul_rope_qkv" - 287: 0%....50%....100% - 3 passes
==PROF== Profiling "_matmul_abt_scale" - 288: 0%....50%....100% - 3 passes
==PROF== Profiling "_softmax_prefix_suffix_mask_v..." - 289: 0%....50%....100% - 3 passes
==PROF== Profiling "_matmul_small" - 290: 0%....50%....100% - 3 passes
==PROF== Profiling "_matmul_small_res_gate_oproj" - 291: 0%....50%....100% - 3 passes
==PROF== Profiling "_adarms_norm_kernel" - 292: 0%....50%....100% - 3 passes
==PROF== Profiling "_matmul_small_gate" - 293: 0%....50%....100% - 3 passes
==PROF== Profiling "_matmul_small_res_gate_ffn_down" - 294: 0%....50%....100% - 3 passes
==PROF== Profiling "_adarms_norm_kernel" - 295: 0%....50%....100% - 3 passes
==PROF== Profiling "_matmul_rope_qkv" - 296: 0%....50%....100% - 3 passes
==PROF== Profiling "_matmul_abt_scale" - 297: 0%....50%....100% - 3 passes
==PROF== Profiling "_softmax_prefix_suffix_mask_v..." - 298: 0%....50%....100% - 3 passes
==PROF== Profiling "_matmul_small" - 299: 0%....50%....100% - 3 passes
==PROF== Profiling "_matmul_small_res_gate_oproj" - 300: 0%....50%....100% - 3 passes
==PROF== Profiling "_adarms_norm_kernel" - 301: 0%....50%....100% - 3 passes
==PROF== Profiling "_matmul_small_gate" - 302: 0%....50%....100% - 3 passes
==PROF== Profiling "_matmul_small_res_gate_ffn_down" - 303: 0%....50%....100% - 3 passes
==PROF== Profiling "_adarms_norm_kernel" - 304: 0%....50%....100% - 3 passes
==PROF== Profiling "_matmul_rope_qkv" - 305: 0%....50%....100% - 3 passes
==PROF== Profiling "_matmul_abt_scale" - 306: 0%....50%....100% - 3 passes
==PROF== Profiling "_softmax_prefix_suffix_mask_v..." - 307: 0%....50%....100% - 3 passes
==PROF== Profiling "_matmul_small" - 308: 0%....50%....100% - 3 passes
==PROF== Profiling "_matmul_small_res_gate_oproj" - 309: 0%....50%....100% - 3 passes
==PROF== Profiling "_adarms_norm_kernel" - 310: 0%....50%....100% - 3 passes
==PROF== Profiling "_matmul_small_gate" - 311: 0%....50%....100% - 3 passes
==PROF== Profiling "_matmul_small_res_gate_ffn_down" - 312: 0%....50%....100% - 3 passes
==PROF== Profiling "_adarms_norm_kernel" - 313: 0%....50%....100% - 3 passes
==PROF== Profiling "_matmul_rope_qkv" - 314: 0%....50%....100% - 3 passes
==PROF== Profiling "_matmul_abt_scale" - 315: 0%....50%....100% - 3 passes
==PROF== Profiling "_softmax_prefix_suffix_mask_v..." - 316: 0%....50%....100% - 3 passes
==PROF== Profiling "_matmul_small" - 317: 0%....50%....100% - 3 passes
==PROF== Profiling "_matmul_small_res_gate_oproj" - 318: 0%....50%....100% - 3 passes
==PROF== Profiling "_adarms_norm_kernel" - 319: 0%....50%....100% - 3 passes
==PROF== Profiling "_matmul_small_gate" - 320: 0%....50%....100% - 3 passes
==PROF== Profiling "_matmul_small_res_gate_ffn_down" - 321: 0%....50%....100% - 3 passes
==PROF== Profiling "_adarms_norm_kernel" - 322: 0%....50%....100% - 3 passes
==PROF== Profiling "_matmul_rope_qkv" - 323: 0%....50%....100% - 3 passes
==PROF== Profiling "_matmul_abt_scale" - 324: 0%....50%....100% - 3 passes
==PROF== Profiling "_softmax_prefix_suffix_mask_v..." - 325: 0%....50%....100% - 3 passes
==PROF== Profiling "_matmul_small" - 326: 0%....50%....100% - 3 passes
==PROF== Profiling "_matmul_small_res_gate_oproj" - 327: 0%....50%....100% - 3 passes
==PROF== Profiling "_adarms_norm_kernel" - 328: 0%....50%....100% - 3 passes
==PROF== Profiling "_matmul_small_gate" - 329: 0%....50%....100% - 3 passes
==PROF== Profiling "_matmul_small_res_gate_ffn_down" - 330: 0%....50%....100% - 3 passes
==PROF== Profiling "_adarms_norm_kernel" - 331: 0%....50%....100% - 3 passes
==PROF== Profiling "_matmul_small_bias_res" - 332: 0%....50%....100% - 3 passes
==PROF== Profiling "_matmul_small_bias" - 333: 0%....50%....100% - 3 passes
==PROF== Profiling "_adarms_norm_kernel" - 334: 0%....50%....100% - 3 passes
==PROF== Profiling "_matmul_rope_qkv" - 335: 0%....50%....100% - 3 passes
==PROF== Profiling "_matmul_abt_scale" - 336: 0%....50%....100% - 3 passes
==PROF== Profiling "_softmax_prefix_suffix_mask_v..." - 337: 0%....50%....100% - 3 passes
==PROF== Profiling "_matmul_small" - 338: 0%....50%....100% - 3 passes
==PROF== Profiling "_matmul_small_res_gate_oproj" - 339: 0%....50%....100% - 3 passes
==PROF== Profiling "_adarms_norm_kernel" - 340: 0%....50%....100% - 3 passes
==PROF== Profiling "_matmul_small_gate" - 341: 0%....50%....100% - 3 passes
==PROF== Profiling "_matmul_small_res_gate_ffn_down" - 342: 0%....50%....100% - 3 passes
==PROF== Profiling "_adarms_norm_kernel" - 343: 0%....50%....100% - 3 passes
==PROF== Profiling "_matmul_rope_qkv" - 344: 0%....50%....100% - 3 passes
==PROF== Profiling "_matmul_abt_scale" - 345: 0%....50%....100% - 3 passes
==PROF== Profiling "_softmax_prefix_suffix_mask_v..." - 346: 0%....50%....100% - 3 passes
==PROF== Profiling "_matmul_small" - 347: 0%....50%....100% - 3 passes
==PROF== Profiling "_matmul_small_res_gate_oproj" - 348: 0%....50%....100% - 3 passes
==PROF== Profiling "_adarms_norm_kernel" - 349: 0%....50%....100% - 3 passes
==PROF== Profiling "_matmul_small_gate" - 350: 0%....50%....100% - 3 passes
==PROF== Profiling "_matmul_small_res_gate_ffn_down" - 351: 0%....50%....100% - 3 passes
==PROF== Profiling "_adarms_norm_kernel" - 352: 0%....50%....100% - 3 passes
==PROF== Profiling "_matmul_rope_qkv" - 353: 0%....50%....100% - 3 passes
==PROF== Profiling "_matmul_abt_scale" - 354: 0%....50%....100% - 3 passes
==PROF== Profiling "_softmax_prefix_suffix_mask_v..." - 355: 0%....50%....100% - 3 passes
==PROF== Profiling "_matmul_small" - 356: 0%....50%....100% - 3 passes
==PROF== Profiling "_matmul_small_res_gate_oproj" - 357: 0%....50%....100% - 3 passes
==PROF== Profiling "_adarms_norm_kernel" - 358: 0%....50%....100% - 3 passes
==PROF== Profiling "_matmul_small_gate" - 359: 0%....50%....100% - 3 passes
==PROF== Profiling "_matmul_small_res_gate_ffn_down" - 360: 0%....50%....100% - 3 passes
==PROF== Profiling "_adarms_norm_kernel" - 361: 0%....50%....100% - 3 passes
==PROF== Profiling "_matmul_rope_qkv" - 362: 0%....50%....100% - 3 passes
==PROF== Profiling "_matmul_abt_scale" - 363: 0%....50%....100% - 3 passes
==PROF== Profiling "_softmax_prefix_suffix_mask_v..." - 364: 0%....50%....100% - 3 passes
==PROF== Profiling "_matmul_small" - 365: 0%....50%....100% - 3 passes
==PROF== Profiling "_matmul_small_res_gate_oproj" - 366: 0%....50%....100% - 3 passes
==PROF== Profiling "_adarms_norm_kernel" - 367: 0%....50%....100% - 3 passes
==PROF== Profiling "_matmul_small_gate" - 368: 0%....50%....100% - 3 passes
==PROF== Profiling "_matmul_small_res_gate_ffn_down" - 369: 0%....50%....100% - 3 passes
==PROF== Profiling "_adarms_norm_kernel" - 370: 0%....50%....100% - 3 passes
==PROF== Profiling "_matmul_rope_qkv" - 371: 0%....50%....100% - 3 passes
==PROF== Profiling "_matmul_abt_scale" - 372: 0%....50%....100% - 3 passes
==PROF== Profiling "_softmax_prefix_suffix_mask_v..." - 373: 0%....50%....100% - 3 passes
==PROF== Profiling "_matmul_small" - 374: 0%....50%....100% - 3 passes
==PROF== Profiling "_matmul_small_res_gate_oproj" - 375: 0%....50%....100% - 3 passes
==PROF== Profiling "_adarms_norm_kernel" - 376: 0%....50%....100% - 3 passes
==PROF== Profiling "_matmul_small_gate" - 377: 0%....50%....100% - 3 passes
==PROF== Profiling "_matmul_small_res_gate_ffn_down" - 378: 0%....50%....100% - 3 passes
==PROF== Profiling "_adarms_norm_kernel" - 379: 0%....50%....100% - 3 passes
==PROF== Profiling "_matmul_rope_qkv" - 380: 0%....50%....100% - 3 passes
==PROF== Profiling "_matmul_abt_scale" - 381: 0%....50%....100% - 3 passes
==PROF== Profiling "_softmax_prefix_suffix_mask_v..." - 382: 0%....50%....100% - 3 passes
==PROF== Profiling "_matmul_small" - 383: 0%....50%....100% - 3 passes
==PROF== Profiling "_matmul_small_res_gate_oproj" - 384: 0%....50%....100% - 3 passes
==PROF== Profiling "_adarms_norm_kernel" - 385: 0%....50%....100% - 3 passes
==PROF== Profiling "_matmul_small_gate" - 386: 0%....50%....100% - 3 passes
==PROF== Profiling "_matmul_small_res_gate_ffn_down" - 387: 0%....50%....100% - 3 passes
==PROF== Profiling "_adarms_norm_kernel" - 388: 0%....50%....100% - 3 passes
==PROF== Profiling "_matmul_rope_qkv" - 389: 0%....50%....100% - 3 passes
==PROF== Profiling "_matmul_abt_scale" - 390: 0%....50%....100% - 3 passes
==PROF== Profiling "_softmax_prefix_suffix_mask_v..." - 391: 0%....50%....100% - 3 passes
==PROF== Profiling "_matmul_small" - 392: 0%....50%....100% - 3 passes
==PROF== Profiling "_matmul_small_res_gate_oproj" - 393: 0%....50%....100% - 3 passes
==PROF== Profiling "_adarms_norm_kernel" - 394: 0%....50%....100% - 3 passes
==PROF== Profiling "_matmul_small_gate" - 395: 0%....50%....100% - 3 passes
==PROF== Profiling "_matmul_small_res_gate_ffn_down" - 396: 0%....50%....100% - 3 passes
==PROF== Profiling "_adarms_norm_kernel" - 397: 0%....50%....100% - 3 passes
==PROF== Profiling "_matmul_rope_qkv" - 398: 0%....50%....100% - 3 passes
==PROF== Profiling "_matmul_abt_scale" - 399: 0%....50%....100% - 3 passes
==PROF== Profiling "_softmax_prefix_suffix_mask_v..." - 400: 0%....50%....100% - 3 passes
==PROF== Profiling "_matmul_small" - 401: 0%....50%....100% - 3 passes
==PROF== Profiling "_matmul_small_res_gate_oproj" - 402: 0%....50%....100% - 3 passes
==PROF== Profiling "_adarms_norm_kernel" - 403: 0%....50%....100% - 3 passes
==PROF== Profiling "_matmul_small_gate" - 404: 0%....50%....100% - 3 passes
==PROF== Profiling "_matmul_small_res_gate_ffn_down" - 405: 0%....50%....100% - 3 passes
==PROF== Profiling "_adarms_norm_kernel" - 406: 0%....50%....100% - 3 passes
==PROF== Profiling "_matmul_rope_qkv" - 407: 0%....50%....100% - 3 passes
==PROF== Profiling "_matmul_abt_scale" - 408: 0%....50%....100% - 3 passes
==PROF== Profiling "_softmax_prefix_suffix_mask_v..." - 409: 0%....50%....100% - 3 passes
==PROF== Profiling "_matmul_small" - 410: 0%....50%....100% - 3 passes
==PROF== Profiling "_matmul_small_res_gate_oproj" - 411: 0%....50%....100% - 3 passes
==PROF== Profiling "_adarms_norm_kernel" - 412: 0%....50%....100% - 3 passes
==PROF== Profiling "_matmul_small_gate" - 413: 0%....50%....100% - 3 passes
==PROF== Profiling "_matmul_small_res_gate_ffn_down" - 414: 0%....50%....100% - 3 passes
==PROF== Profiling "_adarms_norm_kernel" - 415: 0%....50%....100% - 3 passes
==PROF== Profiling "_matmul_rope_qkv" - 416: 0%....50%....100% - 3 passes
==PROF== Profiling "_matmul_abt_scale" - 417: 0%....50%....100% - 3 passes
==PROF== Profiling "_softmax_prefix_suffix_mask_v..." - 418: 0%....50%....100% - 3 passes
==PROF== Profiling "_matmul_small" - 419: 0%....50%....100% - 3 passes
==PROF== Profiling "_matmul_small_res_gate_oproj" - 420: 0%....50%....100% - 3 passes
==PROF== Profiling "_adarms_norm_kernel" - 421: 0%....50%....100% - 3 passes
==PROF== Profiling "_matmul_small_gate" - 422: 0%....50%....100% - 3 passes
==PROF== Profiling "_matmul_small_res_gate_ffn_down" - 423: 0%....50%....100% - 3 passes
==PROF== Profiling "_adarms_norm_kernel" - 424: 0%....50%....100% - 3 passes
==PROF== Profiling "_matmul_rope_qkv" - 425: 0%....50%....100% - 3 passes
==PROF== Profiling "_matmul_abt_scale" - 426: 0%....50%....100% - 3 passes
==PROF== Profiling "_softmax_prefix_suffix_mask_v..." - 427: 0%....50%....100% - 3 passes
==PROF== Profiling "_matmul_small" - 428: 0%....50%....100% - 3 passes
==PROF== Profiling "_matmul_small_res_gate_oproj" - 429: 0%....50%....100% - 3 passes
==PROF== Profiling "_adarms_norm_kernel" - 430: 0%....50%....100% - 3 passes
==PROF== Profiling "_matmul_small_gate" - 431: 0%....50%....100% - 3 passes
==PROF== Profiling "_matmul_small_res_gate_ffn_down" - 432: 0%....50%....100% - 3 passes
==PROF== Profiling "_adarms_norm_kernel" - 433: 0%....50%....100% - 3 passes
==PROF== Profiling "_matmul_rope_qkv" - 434: 0%....50%....100% - 3 passes
==PROF== Profiling "_matmul_abt_scale" - 435: 0%....50%....100% - 3 passes
==PROF== Profiling "_softmax_prefix_suffix_mask_v..." - 436: 0%....50%....100% - 3 passes
==PROF== Profiling "_matmul_small" - 437: 0%....50%....100% - 3 passes
==PROF== Profiling "_matmul_small_res_gate_oproj" - 438: 0%....50%....100% - 3 passes
==PROF== Profiling "_adarms_norm_kernel" - 439: 0%....50%....100% - 3 passes
==PROF== Profiling "_matmul_small_gate" - 440: 0%....50%....100% - 3 passes
==PROF== Profiling "_matmul_small_res_gate_ffn_down" - 441: 0%....50%....100% - 3 passes
==PROF== Profiling "_adarms_norm_kernel" - 442: 0%....50%....100% - 3 passes
==PROF== Profiling "_matmul_rope_qkv" - 443: 0%....50%....100% - 3 passes
==PROF== Profiling "_matmul_abt_scale" - 444: 0%....50%....100% - 3 passes
==PROF== Profiling "_softmax_prefix_suffix_mask_v..." - 445: 0%....50%....100% - 3 passes
==PROF== Profiling "_matmul_small" - 446: 0%....50%....100% - 3 passes
==PROF== Profiling "_matmul_small_res_gate_oproj" - 447: 0%....50%....100% - 3 passes
==PROF== Profiling "_adarms_norm_kernel" - 448: 0%....50%....100% - 3 passes
==PROF== Profiling "_matmul_small_gate" - 449: 0%....50%....100% - 3 passes
==PROF== Profiling "_matmul_small_res_gate_ffn_down" - 450: 0%....50%....100% - 3 passes
==PROF== Profiling "_adarms_norm_kernel" - 451: 0%....50%....100% - 3 passes
==PROF== Profiling "_matmul_rope_qkv" - 452: 0%....50%....100% - 3 passes
==PROF== Profiling "_matmul_abt_scale" - 453: 0%....50%....100% - 3 passes
==PROF== Profiling "_softmax_prefix_suffix_mask_v..." - 454: 0%....50%....100% - 3 passes
==PROF== Profiling "_matmul_small" - 455: 0%....50%....100% - 3 passes
==PROF== Profiling "_matmul_small_res_gate_oproj" - 456: 0%....50%....100% - 3 passes
==PROF== Profiling "_adarms_norm_kernel" - 457: 0%....50%....100% - 3 passes
==PROF== Profiling "_matmul_small_gate" - 458: 0%....50%....100% - 3 passes
==PROF== Profiling "_matmul_small_res_gate_ffn_down" - 459: 0%....50%....100% - 3 passes
==PROF== Profiling "_adarms_norm_kernel" - 460: 0%....50%....100% - 3 passes
==PROF== Profiling "_matmul_rope_qkv" - 461: 0%....50%....100% - 3 passes
==PROF== Profiling "_matmul_abt_scale" - 462: 0%....50%....100% - 3 passes
==PROF== Profiling "_softmax_prefix_suffix_mask_v..." - 463: 0%....50%....100% - 3 passes
==PROF== Profiling "_matmul_small" - 464: 0%....50%....100% - 3 passes
==PROF== Profiling "_matmul_small_res_gate_oproj" - 465: 0%....50%....100% - 3 passes
==PROF== Profiling "_adarms_norm_kernel" - 466: 0%....50%....100% - 3 passes
==PROF== Profiling "_matmul_small_gate" - 467: 0%....50%....100% - 3 passes
==PROF== Profiling "_matmul_small_res_gate_ffn_down" - 468: 0%....50%....100% - 3 passes
==PROF== Profiling "_adarms_norm_kernel" - 469: 0%....50%....100% - 3 passes
==PROF== Profiling "_matmul_rope_qkv" - 470: 0%....50%....100% - 3 passes
==PROF== Profiling "_matmul_abt_scale" - 471: 0%....50%....100% - 3 passes
==PROF== Profiling "_softmax_prefix_suffix_mask_v..." - 472: 0%....50%....100% - 3 passes
==PROF== Profiling "_matmul_small" - 473: 0%....50%....100% - 3 passes
==PROF== Profiling "_matmul_small_res_gate_oproj" - 474: 0%....50%....100% - 3 passes
==PROF== Profiling "_adarms_norm_kernel" - 475: 0%....50%....100% - 3 passes
==PROF== Profiling "_matmul_small_gate" - 476: 0%....50%....100% - 3 passes
==PROF== Profiling "_matmul_small_res_gate_ffn_down" - 477: 0%....50%....100% - 3 passes
==PROF== Profiling "_adarms_norm_kernel" - 478: 0%....50%....100% - 3 passes
==PROF== Profiling "_matmul_rope_qkv" - 479: 0%....50%....100% - 3 passes
==PROF== Profiling "_matmul_abt_scale" - 480: 0%....50%....100% - 3 passes
==PROF== Profiling "_softmax_prefix_suffix_mask_v..." - 481: 0%....50%....100% - 3 passes
==PROF== Profiling "_matmul_small" - 482: 0%....50%....100% - 3 passes
==PROF== Profiling "_matmul_small_res_gate_oproj" - 483: 0%....50%....100% - 3 passes
==PROF== Profiling "_adarms_norm_kernel" - 484: 0%....50%....100% - 3 passes
==PROF== Profiling "_matmul_small_gate" - 485: 0%....50%....100% - 3 passes
==PROF== Profiling "_matmul_small_res_gate_ffn_down" - 486: 0%....50%....100% - 3 passes
==PROF== Profiling "_adarms_norm_kernel" - 487: 0%....50%....100% - 3 passes
==PROF== Profiling "_matmul_rope_qkv" - 488: 0%....50%....100% - 3 passes
==PROF== Profiling "_matmul_abt_scale" - 489: 0%....50%....100% - 3 passes
==PROF== Profiling "_softmax_prefix_suffix_mask_v..." - 490: 0%....50%....100% - 3 passes
==PROF== Profiling "_matmul_small" - 491: 0%....50%....100% - 3 passes
==PROF== Profiling "_matmul_small_res_gate_oproj" - 492: 0%....50%....100% - 3 passes
==PROF== Profiling "_adarms_norm_kernel" - 493: 0%....50%....100% - 3 passes
==PROF== Profiling "_matmul_small_gate" - 494: 0%....50%....100% - 3 passes
==PROF== Profiling "_matmul_small_res_gate_ffn_down" - 495: 0%....50%....100% - 3 passes
==PROF== Profiling "_adarms_norm_kernel" - 496: 0%....50%....100% - 3 passes
==PROF== Profiling "_matmul_small_bias_res" - 497: 0%....50%....100% - 3 passes
==PROF== Profiling "_matmul_small_bias" - 498: 0%....50%....100% - 3 passes
==PROF== Profiling "_adarms_norm_kernel" - 499: 0%....50%....100% - 3 passes
==PROF== Profiling "_matmul_rope_qkv" - 500: 0%....50%....100% - 3 passes
==PROF== Profiling "_matmul_abt_scale" - 501: 0%....50%....100% - 3 passes
==PROF== Profiling "_softmax_prefix_suffix_mask_v..." - 502: 0%....50%....100% - 3 passes
==PROF== Profiling "_matmul_small" - 503: 0%....50%....100% - 3 passes
==PROF== Profiling "_matmul_small_res_gate_oproj" - 504: 0%....50%....100% - 3 passes
==PROF== Profiling "_adarms_norm_kernel" - 505: 0%....50%....100% - 3 passes
==PROF== Profiling "_matmul_small_gate" - 506: 0%....50%....100% - 3 passes
==PROF== Profiling "_matmul_small_res_gate_ffn_down" - 507: 0%....50%....100% - 3 passes
==PROF== Profiling "_adarms_norm_kernel" - 508: 0%....50%....100% - 3 passes
==PROF== Profiling "_matmul_rope_qkv" - 509: 0%....50%....100% - 3 passes
==PROF== Profiling "_matmul_abt_scale" - 510: 0%....50%....100% - 3 passes
==PROF== Profiling "_softmax_prefix_suffix_mask_v..." - 511: 0%....50%....100% - 3 passes
==PROF== Profiling "_matmul_small" - 512: 0%....50%....100% - 3 passes
==PROF== Profiling "_matmul_small_res_gate_oproj" - 513: 0%....50%....100% - 3 passes
==PROF== Profiling "_adarms_norm_kernel" - 514: 0%....50%....100% - 3 passes
==PROF== Profiling "_matmul_small_gate" - 515: 0%....50%....100% - 3 passes
==PROF== Profiling "_matmul_small_res_gate_ffn_down" - 516: 0%....50%....100% - 3 passes
==PROF== Profiling "_adarms_norm_kernel" - 517: 0%....50%....100% - 3 passes
==PROF== Profiling "_matmul_rope_qkv" - 518: 0%....50%....100% - 3 passes
==PROF== Profiling "_matmul_abt_scale" - 519: 0%....50%....100% - 3 passes
==PROF== Profiling "_softmax_prefix_suffix_mask_v..." - 520: 0%....50%....100% - 3 passes
==PROF== Profiling "_matmul_small" - 521: 0%....50%....100% - 3 passes
==PROF== Profiling "_matmul_small_res_gate_oproj" - 522: 0%....50%....100% - 3 passes
==PROF== Profiling "_adarms_norm_kernel" - 523: 0%....50%....100% - 3 passes
==PROF== Profiling "_matmul_small_gate" - 524: 0%....50%....100% - 3 passes
==PROF== Profiling "_matmul_small_res_gate_ffn_down" - 525: 0%....50%....100% - 3 passes
==PROF== Profiling "_adarms_norm_kernel" - 526: 0%....50%....100% - 3 passes
==PROF== Profiling "_matmul_rope_qkv" - 527: 0%....50%....100% - 3 passes
==PROF== Profiling "_matmul_abt_scale" - 528: 0%....50%....100% - 3 passes
==PROF== Profiling "_softmax_prefix_suffix_mask_v..." - 529: 0%....50%....100% - 3 passes
==PROF== Profiling "_matmul_small" - 530: 0%....50%....100% - 3 passes
==PROF== Profiling "_matmul_small_res_gate_oproj" - 531: 0%....50%....100% - 3 passes
==PROF== Profiling "_adarms_norm_kernel" - 532: 0%....50%....100% - 3 passes
==PROF== Profiling "_matmul_small_gate" - 533: 0%....50%....100% - 3 passes
==PROF== Profiling "_matmul_small_res_gate_ffn_down" - 534: 0%....50%....100% - 3 passes
==PROF== Profiling "_adarms_norm_kernel" - 535: 0%....50%....100% - 3 passes
==PROF== Profiling "_matmul_rope_qkv" - 536: 0%....50%....100% - 3 passes
==PROF== Profiling "_matmul_abt_scale" - 537: 0%....50%....100% - 3 passes
==PROF== Profiling "_softmax_prefix_suffix_mask_v..." - 538: 0%....50%....100% - 3 passes
==PROF== Profiling "_matmul_small" - 539: 0%....50%....100% - 3 passes
==PROF== Profiling "_matmul_small_res_gate_oproj" - 540: 0%....50%....100% - 3 passes
==PROF== Profiling "_adarms_norm_kernel" - 541: 0%....50%....100% - 3 passes
==PROF== Profiling "_matmul_small_gate" - 542: 0%....50%....100% - 3 passes
==PROF== Profiling "_matmul_small_res_gate_ffn_down" - 543: 0%....50%....100% - 3 passes
==PROF== Profiling "_adarms_norm_kernel" - 544: 0%....50%....100% - 3 passes
==PROF== Profiling "_matmul_rope_qkv" - 545: 0%....50%....100% - 3 passes
==PROF== Profiling "_matmul_abt_scale" - 546: 0%....50%....100% - 3 passes
==PROF== Profiling "_softmax_prefix_suffix_mask_v..." - 547: 0%....50%....100% - 3 passes
==PROF== Profiling "_matmul_small" - 548: 0%....50%....100% - 3 passes
==PROF== Profiling "_matmul_small_res_gate_oproj" - 549: 0%....50%....100% - 3 passes
==PROF== Profiling "_adarms_norm_kernel" - 550: 0%....50%....100% - 3 passes
==PROF== Profiling "_matmul_small_gate" - 551: 0%....50%....100% - 3 passes
==PROF== Profiling "_matmul_small_res_gate_ffn_down" - 552: 0%....50%....100% - 3 passes
==PROF== Profiling "_adarms_norm_kernel" - 553: 0%....50%....100% - 3 passes
==PROF== Profiling "_matmul_rope_qkv" - 554: 0%....50%....100% - 3 passes
==PROF== Profiling "_matmul_abt_scale" - 555: 0%....50%....100% - 3 passes
==PROF== Profiling "_softmax_prefix_suffix_mask_v..." - 556: 0%....50%....100% - 3 passes
==PROF== Profiling "_matmul_small" - 557: 0%....50%....100% - 3 passes
==PROF== Profiling "_matmul_small_res_gate_oproj" - 558: 0%....50%....100% - 3 passes
==PROF== Profiling "_adarms_norm_kernel" - 559: 0%....50%....100% - 3 passes
==PROF== Profiling "_matmul_small_gate" - 560: 0%....50%....100% - 3 passes
==PROF== Profiling "_matmul_small_res_gate_ffn_down" - 561: 0%....50%....100% - 3 passes
==PROF== Profiling "_adarms_norm_kernel" - 562: 0%....50%....100% - 3 passes
==PROF== Profiling "_matmul_rope_qkv" - 563: 0%....50%....100% - 3 passes
==PROF== Profiling "_matmul_abt_scale" - 564: 0%....50%....100% - 3 passes
==PROF== Profiling "_softmax_prefix_suffix_mask_v..." - 565: 0%....50%....100% - 3 passes
==PROF== Profiling "_matmul_small" - 566: 0%....50%....100% - 3 passes
==PROF== Profiling "_matmul_small_res_gate_oproj" - 567: 0%....50%....100% - 3 passes
==PROF== Profiling "_adarms_norm_kernel" - 568: 0%....50%....100% - 3 passes
==PROF== Profiling "_matmul_small_gate" - 569: 0%....50%....100% - 3 passes
==PROF== Profiling "_matmul_small_res_gate_ffn_down" - 570: 0%....50%....100% - 3 passes
==PROF== Profiling "_adarms_norm_kernel" - 571: 0%....50%....100% - 3 passes
==PROF== Profiling "_matmul_rope_qkv" - 572: 0%....50%....100% - 3 passes
==PROF== Profiling "_matmul_abt_scale" - 573: 0%....50%....100% - 3 passes
==PROF== Profiling "_softmax_prefix_suffix_mask_v..." - 574: 0%....50%....100% - 3 passes
==PROF== Profiling "_matmul_small" - 575: 0%....50%....100% - 3 passes
==PROF== Profiling "_matmul_small_res_gate_oproj" - 576: 0%....50%....100% - 3 passes
==PROF== Profiling "_adarms_norm_kernel" - 577: 0%....50%....100% - 3 passes
==PROF== Profiling "_matmul_small_gate" - 578: 0%....50%....100% - 3 passes
==PROF== Profiling "_matmul_small_res_gate_ffn_down" - 579: 0%....50%....100% - 3 passes
==PROF== Profiling "_adarms_norm_kernel" - 580: 0%....50%....100% - 3 passes
==PROF== Profiling "_matmul_rope_qkv" - 581: 0%....50%....100% - 3 passes
==PROF== Profiling "_matmul_abt_scale" - 582: 0%....50%....100% - 3 passes
==PROF== Profiling "_softmax_prefix_suffix_mask_v..." - 583: 0%....50%....100% - 3 passes
==PROF== Profiling "_matmul_small" - 584: 0%....50%....100% - 3 passes
==PROF== Profiling "_matmul_small_res_gate_oproj" - 585: 0%....50%....100% - 3 passes
==PROF== Profiling "_adarms_norm_kernel" - 586: 0%....50%....100% - 3 passes
==PROF== Profiling "_matmul_small_gate" - 587: 0%....50%....100% - 3 passes
==PROF== Profiling "_matmul_small_res_gate_ffn_down" - 588: 0%....50%....100% - 3 passes
==PROF== Profiling "_adarms_norm_kernel" - 589: 0%....50%....100% - 3 passes
==PROF== Profiling "_matmul_rope_qkv" - 590: 0%....50%....100% - 3 passes
==PROF== Profiling "_matmul_abt_scale" - 591: 0%....50%....100% - 3 passes
==PROF== Profiling "_softmax_prefix_suffix_mask_v..." - 592: 0%....50%....100% - 3 passes
==PROF== Profiling "_matmul_small" - 593: 0%....50%....100% - 3 passes
==PROF== Profiling "_matmul_small_res_gate_oproj" - 594: 0%....50%....100% - 3 passes
==PROF== Profiling "_adarms_norm_kernel" - 595: 0%....50%....100% - 3 passes
==PROF== Profiling "_matmul_small_gate" - 596: 0%....50%....100% - 3 passes
==PROF== Profiling "_matmul_small_res_gate_ffn_down" - 597: 0%....50%....100% - 3 passes
==PROF== Profiling "_adarms_norm_kernel" - 598: 0%....50%....100% - 3 passes
==PROF== Profiling "_matmul_rope_qkv" - 599: 0%....50%....100% - 3 passes
==PROF== Profiling "_matmul_abt_scale" - 600: 0%....50%....100% - 3 passes
==PROF== Profiling "_softmax_prefix_suffix_mask_v..." - 601: 0%....50%....100% - 3 passes
==PROF== Profiling "_matmul_small" - 602: 0%....50%....100% - 3 passes
==PROF== Profiling "_matmul_small_res_gate_oproj" - 603: 0%....50%....100% - 3 passes
==PROF== Profiling "_adarms_norm_kernel" - 604: 0%....50%....100% - 3 passes
==PROF== Profiling "_matmul_small_gate" - 605: 0%....50%....100% - 3 passes
==PROF== Profiling "_matmul_small_res_gate_ffn_down" - 606: 0%....50%....100% - 3 passes
==PROF== Profiling "_adarms_norm_kernel" - 607: 0%....50%....100% - 3 passes
==PROF== Profiling "_matmul_rope_qkv" - 608: 0%....50%....100% - 3 passes
==PROF== Profiling "_matmul_abt_scale" - 609: 0%....50%....100% - 3 passes
==PROF== Profiling "_softmax_prefix_suffix_mask_v..." - 610: 0%....50%....100% - 3 passes
==PROF== Profiling "_matmul_small" - 611: 0%....50%....100% - 3 passes
==PROF== Profiling "_matmul_small_res_gate_oproj" - 612: 0%....50%....100% - 3 passes
==PROF== Profiling "_adarms_norm_kernel" - 613: 0%....50%....100% - 3 passes
==PROF== Profiling "_matmul_small_gate" - 614: 0%....50%....100% - 3 passes
==PROF== Profiling "_matmul_small_res_gate_ffn_down" - 615: 0%....50%....100% - 3 passes
==PROF== Profiling "_adarms_norm_kernel" - 616: 0%....50%....100% - 3 passes
==PROF== Profiling "_matmul_rope_qkv" - 617: 0%....50%....100% - 3 passes
==PROF== Profiling "_matmul_abt_scale" - 618: 0%....50%....100% - 3 passes
==PROF== Profiling "_softmax_prefix_suffix_mask_v..." - 619: 0%....50%....100% - 3 passes
==PROF== Profiling "_matmul_small" - 620: 0%....50%....100% - 3 passes
==PROF== Profiling "_matmul_small_res_gate_oproj" - 621: 0%....50%....100% - 3 passes
==PROF== Profiling "_adarms_norm_kernel" - 622: 0%....50%....100% - 3 passes
==PROF== Profiling "_matmul_small_gate" - 623: 0%....50%....100% - 3 passes
==PROF== Profiling "_matmul_small_res_gate_ffn_down" - 624: 0%....50%....100% - 3 passes
==PROF== Profiling "_adarms_norm_kernel" - 625: 0%....50%....100% - 3 passes
==PROF== Profiling "_matmul_rope_qkv" - 626: 0%....50%....100% - 3 passes
==PROF== Profiling "_matmul_abt_scale" - 627: 0%....50%....100% - 3 passes
==PROF== Profiling "_softmax_prefix_suffix_mask_v..." - 628: 0%....50%....100% - 3 passes
==PROF== Profiling "_matmul_small" - 629: 0%....50%....100% - 3 passes
==PROF== Profiling "_matmul_small_res_gate_oproj" - 630: 0%....50%....100% - 3 passes
==PROF== Profiling "_adarms_norm_kernel" - 631: 0%....50%....100% - 3 passes
==PROF== Profiling "_matmul_small_gate" - 632: 0%....50%....100% - 3 passes
==PROF== Profiling "_matmul_small_res_gate_ffn_down" - 633: 0%....50%....100% - 3 passes
==PROF== Profiling "_adarms_norm_kernel" - 634: 0%....50%....100% - 3 passes
==PROF== Profiling "_matmul_rope_qkv" - 635: 0%....50%....100% - 3 passes
==PROF== Profiling "_matmul_abt_scale" - 636: 0%....50%....100% - 3 passes
==PROF== Profiling "_softmax_prefix_suffix_mask_v..." - 637: 0%....50%....100% - 3 passes
==PROF== Profiling "_matmul_small" - 638: 0%....50%....100% - 3 passes
==PROF== Profiling "_matmul_small_res_gate_oproj" - 639: 0%....50%....100% - 3 passes
==PROF== Profiling "_adarms_norm_kernel" - 640: 0%....50%....100% - 3 passes
==PROF== Profiling "_matmul_small_gate" - 641: 0%....50%....100% - 3 passes
==PROF== Profiling "_matmul_small_res_gate_ffn_down" - 642: 0%....50%....100% - 3 passes
==PROF== Profiling "_adarms_norm_kernel" - 643: 0%....50%....100% - 3 passes
==PROF== Profiling "_matmul_rope_qkv" - 644: 0%....50%....100% - 3 passes
==PROF== Profiling "_matmul_abt_scale" - 645: 0%....50%....100% - 3 passes
==PROF== Profiling "_softmax_prefix_suffix_mask_v..." - 646: 0%....50%....100% - 3 passes
==PROF== Profiling "_matmul_small" - 647: 0%....50%....100% - 3 passes
==PROF== Profiling "_matmul_small_res_gate_oproj" - 648: 0%....50%....100% - 3 passes
==PROF== Profiling "_adarms_norm_kernel" - 649: 0%....50%....100% - 3 passes
==PROF== Profiling "_matmul_small_gate" - 650: 0%....50%....100% - 3 passes
==PROF== Profiling "_matmul_small_res_gate_ffn_down" - 651: 0%....50%....100% - 3 passes
==PROF== Profiling "_adarms_norm_kernel" - 652: 0%....50%....100% - 3 passes
==PROF== Profiling "_matmul_rope_qkv" - 653: 0%....50%....100% - 3 passes
==PROF== Profiling "_matmul_abt_scale" - 654: 0%....50%....100% - 3 passes
==PROF== Profiling "_softmax_prefix_suffix_mask_v..." - 655: 0%....50%....100% - 3 passes
==PROF== Profiling "_matmul_small" - 656: 0%....50%....100% - 3 passes
==PROF== Profiling "_matmul_small_res_gate_oproj" - 657: 0%....50%....100% - 3 passes
==PROF== Profiling "_adarms_norm_kernel" - 658: 0%....50%....100% - 3 passes
==PROF== Profiling "_matmul_small_gate" - 659: 0%....50%....100% - 3 passes
==PROF== Profiling "_matmul_small_res_gate_ffn_down" - 660: 0%....50%....100% - 3 passes
==PROF== Profiling "_adarms_norm_kernel" - 661: 0%....50%....100% - 3 passes
==PROF== Profiling "_matmul_small_bias_res" - 662: 0%....50%....100% - 3 passes
==PROF== Profiling "_matmul_small_bias" - 663: 0%....50%....100% - 3 passes
==PROF== Profiling "_adarms_norm_kernel" - 664: 0%....50%....100% - 3 passes
==PROF== Profiling "_matmul_rope_qkv" - 665: 0%....50%....100% - 3 passes
==PROF== Profiling "_matmul_abt_scale" - 666: 0%....50%....100% - 3 passes
==PROF== Profiling "_softmax_prefix_suffix_mask_v..." - 667: 0%....50%....100% - 3 passes
==PROF== Profiling "_matmul_small" - 668: 0%....50%....100% - 3 passes
==PROF== Profiling "_matmul_small_res_gate_oproj" - 669: 0%....50%....100% - 3 passes
==PROF== Profiling "_adarms_norm_kernel" - 670: 0%....50%....100% - 3 passes
==PROF== Profiling "_matmul_small_gate" - 671: 0%....50%....100% - 3 passes
==PROF== Profiling "_matmul_small_res_gate_ffn_down" - 672: 0%....50%....100% - 3 passes
==PROF== Profiling "_adarms_norm_kernel" - 673: 0%....50%....100% - 3 passes
==PROF== Profiling "_matmul_rope_qkv" - 674: 0%....50%....100% - 3 passes
==PROF== Profiling "_matmul_abt_scale" - 675: 0%....50%....100% - 3 passes
==PROF== Profiling "_softmax_prefix_suffix_mask_v..." - 676: 0%....50%....100% - 3 passes
==PROF== Profiling "_matmul_small" - 677: 0%....50%....100% - 3 passes
==PROF== Profiling "_matmul_small_res_gate_oproj" - 678: 0%....50%....100% - 3 passes
==PROF== Profiling "_adarms_norm_kernel" - 679: 0%....50%....100% - 3 passes
==PROF== Profiling "_matmul_small_gate" - 680: 0%....50%....100% - 3 passes
==PROF== Profiling "_matmul_small_res_gate_ffn_down" - 681: 0%....50%....100% - 3 passes
==PROF== Profiling "_adarms_norm_kernel" - 682: 0%....50%....100% - 3 passes
==PROF== Profiling "_matmul_rope_qkv" - 683: 0%....50%....100% - 3 passes
==PROF== Profiling "_matmul_abt_scale" - 684: 0%....50%....100% - 3 passes
==PROF== Profiling "_softmax_prefix_suffix_mask_v..." - 685: 0%....50%....100% - 3 passes
==PROF== Profiling "_matmul_small" - 686: 0%....50%....100% - 3 passes
==PROF== Profiling "_matmul_small_res_gate_oproj" - 687: 0%....50%....100% - 3 passes
==PROF== Profiling "_adarms_norm_kernel" - 688: 0%....50%....100% - 3 passes
==PROF== Profiling "_matmul_small_gate" - 689: 0%....50%....100% - 3 passes
==PROF== Profiling "_matmul_small_res_gate_ffn_down" - 690: 0%....50%....100% - 3 passes
==PROF== Profiling "_adarms_norm_kernel" - 691: 0%....50%....100% - 3 passes
==PROF== Profiling "_matmul_rope_qkv" - 692: 0%....50%....100% - 3 passes
==PROF== Profiling "_matmul_abt_scale" - 693: 0%....50%....100% - 3 passes
==PROF== Profiling "_softmax_prefix_suffix_mask_v..." - 694: 0%....50%....100% - 3 passes
==PROF== Profiling "_matmul_small" - 695: 0%....50%....100% - 3 passes
==PROF== Profiling "_matmul_small_res_gate_oproj" - 696: 0%....50%....100% - 3 passes
==PROF== Profiling "_adarms_norm_kernel" - 697: 0%....50%....100% - 3 passes
==PROF== Profiling "_matmul_small_gate" - 698: 0%....50%....100% - 3 passes
==PROF== Profiling "_matmul_small_res_gate_ffn_down" - 699: 0%....50%....100% - 3 passes
==PROF== Profiling "_adarms_norm_kernel" - 700: 0%....50%....100% - 3 passes
==PROF== Profiling "_matmul_rope_qkv" - 701: 0%....50%....100% - 3 passes
==PROF== Profiling "_matmul_abt_scale" - 702: 0%....50%....100% - 3 passes
==PROF== Profiling "_softmax_prefix_suffix_mask_v..." - 703: 0%....50%....100% - 3 passes
==PROF== Profiling "_matmul_small" - 704: 0%....50%....100% - 3 passes
==PROF== Profiling "_matmul_small_res_gate_oproj" - 705: 0%....50%....100% - 3 passes
==PROF== Profiling "_adarms_norm_kernel" - 706: 0%....50%....100% - 3 passes
==PROF== Profiling "_matmul_small_gate" - 707: 0%....50%....100% - 3 passes
==PROF== Profiling "_matmul_small_res_gate_ffn_down" - 708: 0%....50%....100% - 3 passes
==PROF== Profiling "_adarms_norm_kernel" - 709: 0%....50%....100% - 3 passes
==PROF== Profiling "_matmul_rope_qkv" - 710: 0%....50%....100% - 3 passes
==PROF== Profiling "_matmul_abt_scale" - 711: 0%....50%....100% - 3 passes
==PROF== Profiling "_softmax_prefix_suffix_mask_v..." - 712: 0%....50%....100% - 3 passes
==PROF== Profiling "_matmul_small" - 713: 0%....50%....100% - 3 passes
==PROF== Profiling "_matmul_small_res_gate_oproj" - 714: 0%....50%....100% - 3 passes
==PROF== Profiling "_adarms_norm_kernel" - 715: 0%....50%....100% - 3 passes
==PROF== Profiling "_matmul_small_gate" - 716: 0%....50%....100% - 3 passes
==PROF== Profiling "_matmul_small_res_gate_ffn_down" - 717: 0%....50%....100% - 3 passes
==PROF== Profiling "_adarms_norm_kernel" - 718: 0%....50%....100% - 3 passes
==PROF== Profiling "_matmul_rope_qkv" - 719: 0%....50%....100% - 3 passes
==PROF== Profiling "_matmul_abt_scale" - 720: 0%....50%....100% - 3 passes
==PROF== Profiling "_softmax_prefix_suffix_mask_v..." - 721: 0%....50%....100% - 3 passes
==PROF== Profiling "_matmul_small" - 722: 0%....50%....100% - 3 passes
==PROF== Profiling "_matmul_small_res_gate_oproj" - 723: 0%....50%....100% - 3 passes
==PROF== Profiling "_adarms_norm_kernel" - 724: 0%....50%....100% - 3 passes
==PROF== Profiling "_matmul_small_gate" - 725: 0%....50%....100% - 3 passes
==PROF== Profiling "_matmul_small_res_gate_ffn_down" - 726: 0%....50%....100% - 3 passes
==PROF== Profiling "_adarms_norm_kernel" - 727: 0%....50%....100% - 3 passes
==PROF== Profiling "_matmul_rope_qkv" - 728: 0%....50%....100% - 3 passes
==PROF== Profiling "_matmul_abt_scale" - 729: 0%....50%....100% - 3 passes
==PROF== Profiling "_softmax_prefix_suffix_mask_v..." - 730: 0%....50%....100% - 3 passes
==PROF== Profiling "_matmul_small" - 731: 0%....50%....100% - 3 passes
==PROF== Profiling "_matmul_small_res_gate_oproj" - 732: 0%....50%....100% - 3 passes
==PROF== Profiling "_adarms_norm_kernel" - 733: 0%....50%....100% - 3 passes
==PROF== Profiling "_matmul_small_gate" - 734: 0%....50%....100% - 3 passes
==PROF== Profiling "_matmul_small_res_gate_ffn_down" - 735: 0%....50%....100% - 3 passes
==PROF== Profiling "_adarms_norm_kernel" - 736: 0%....50%....100% - 3 passes
==PROF== Profiling "_matmul_rope_qkv" - 737: 0%....50%....100% - 3 passes
==PROF== Profiling "_matmul_abt_scale" - 738: 0%....50%....100% - 3 passes
==PROF== Profiling "_softmax_prefix_suffix_mask_v..." - 739: 0%....50%....100% - 3 passes
==PROF== Profiling "_matmul_small" - 740: 0%....50%....100% - 3 passes
==PROF== Profiling "_matmul_small_res_gate_oproj" - 741: 0%....50%....100% - 3 passes
==PROF== Profiling "_adarms_norm_kernel" - 742: 0%....50%....100% - 3 passes
==PROF== Profiling "_matmul_small_gate" - 743: 0%....50%....100% - 3 passes
==PROF== Profiling "_matmul_small_res_gate_ffn_down" - 744: 0%....50%....100% - 3 passes
==PROF== Profiling "_adarms_norm_kernel" - 745: 0%....50%....100% - 3 passes
==PROF== Profiling "_matmul_rope_qkv" - 746: 0%....50%....100% - 3 passes
==PROF== Profiling "_matmul_abt_scale" - 747: 0%....50%....100% - 3 passes
==PROF== Profiling "_softmax_prefix_suffix_mask_v..." - 748: 0%....50%....100% - 3 passes
==PROF== Profiling "_matmul_small" - 749: 0%....50%....100% - 3 passes
==PROF== Profiling "_matmul_small_res_gate_oproj" - 750: 0%....50%....100% - 3 passes
==PROF== Profiling "_adarms_norm_kernel" - 751: 0%....50%....100% - 3 passes
==PROF== Profiling "_matmul_small_gate" - 752: 0%....50%....100% - 3 passes
==PROF== Profiling "_matmul_small_res_gate_ffn_down" - 753: 0%....50%....100% - 3 passes
==PROF== Profiling "_adarms_norm_kernel" - 754: 0%....50%....100% - 3 passes
==PROF== Profiling "_matmul_rope_qkv" - 755: 0%....50%....100% - 3 passes
==PROF== Profiling "_matmul_abt_scale" - 756: 0%....50%....100% - 3 passes
==PROF== Profiling "_softmax_prefix_suffix_mask_v..." - 757: 0%....50%....100% - 3 passes
==PROF== Profiling "_matmul_small" - 758: 0%....50%....100% - 3 passes
==PROF== Profiling "_matmul_small_res_gate_oproj" - 759: 0%....50%....100% - 3 passes
==PROF== Profiling "_adarms_norm_kernel" - 760: 0%....50%....100% - 3 passes
==PROF== Profiling "_matmul_small_gate" - 761: 0%....50%....100% - 3 passes
==PROF== Profiling "_matmul_small_res_gate_ffn_down" - 762: 0%....50%....100% - 3 passes
==PROF== Profiling "_adarms_norm_kernel" - 763: 0%....50%....100% - 3 passes
==PROF== Profiling "_matmul_rope_qkv" - 764: 0%....50%....100% - 3 passes
==PROF== Profiling "_matmul_abt_scale" - 765: 0%....50%....100% - 3 passes
==PROF== Profiling "_softmax_prefix_suffix_mask_v..." - 766: 0%....50%....100% - 3 passes
==PROF== Profiling "_matmul_small" - 767: 0%....50%....100% - 3 passes
==PROF== Profiling "_matmul_small_res_gate_oproj" - 768: 0%....50%....100% - 3 passes
==PROF== Profiling "_adarms_norm_kernel" - 769: 0%....50%....100% - 3 passes
==PROF== Profiling "_matmul_small_gate" - 770: 0%....50%....100% - 3 passes
==PROF== Profiling "_matmul_small_res_gate_ffn_down" - 771: 0%....50%....100% - 3 passes
==PROF== Profiling "_adarms_norm_kernel" - 772: 0%....50%....100% - 3 passes
==PROF== Profiling "_matmul_rope_qkv" - 773: 0%....50%....100% - 3 passes
==PROF== Profiling "_matmul_abt_scale" - 774: 0%....50%....100% - 3 passes
==PROF== Profiling "_softmax_prefix_suffix_mask_v..." - 775: 0%....50%....100% - 3 passes
==PROF== Profiling "_matmul_small" - 776: 0%....50%....100% - 3 passes
==PROF== Profiling "_matmul_small_res_gate_oproj" - 777: 0%....50%....100% - 3 passes
==PROF== Profiling "_adarms_norm_kernel" - 778: 0%....50%....100% - 3 passes
==PROF== Profiling "_matmul_small_gate" - 779: 0%....50%....100% - 3 passes
==PROF== Profiling "_matmul_small_res_gate_ffn_down" - 780: 0%....50%....100% - 3 passes
==PROF== Profiling "_adarms_norm_kernel" - 781: 0%....50%....100% - 3 passes
==PROF== Profiling "_matmul_rope_qkv" - 782: 0%....50%....100% - 3 passes
==PROF== Profiling "_matmul_abt_scale" - 783: 0%....50%....100% - 3 passes
==PROF== Profiling "_softmax_prefix_suffix_mask_v..." - 784: 0%....50%....100% - 3 passes
==PROF== Profiling "_matmul_small" - 785: 0%....50%....100% - 3 passes
==PROF== Profiling "_matmul_small_res_gate_oproj" - 786: 0%....50%....100% - 3 passes
==PROF== Profiling "_adarms_norm_kernel" - 787: 0%....50%....100% - 3 passes
==PROF== Profiling "_matmul_small_gate" - 788: 0%....50%....100% - 3 passes
==PROF== Profiling "_matmul_small_res_gate_ffn_down" - 789: 0%....50%....100% - 3 passes
==PROF== Profiling "_adarms_norm_kernel" - 790: 0%....50%....100% - 3 passes
==PROF== Profiling "_matmul_rope_qkv" - 791: 0%....50%....100% - 3 passes
==PROF== Profiling "_matmul_abt_scale" - 792: 0%....50%....100% - 3 passes
==PROF== Profiling "_softmax_prefix_suffix_mask_v..." - 793: 0%....50%....100% - 3 passes
==PROF== Profiling "_matmul_small" - 794: 0%....50%....100% - 3 passes
==PROF== Profiling "_matmul_small_res_gate_oproj" - 795: 0%....50%....100% - 3 passes
==PROF== Profiling "_adarms_norm_kernel" - 796: 0%....50%....100% - 3 passes
==PROF== Profiling "_matmul_small_gate" - 797: 0%....50%....100% - 3 passes
==PROF== Profiling "_matmul_small_res_gate_ffn_down" - 798: 0%....50%....100% - 3 passes
==PROF== Profiling "_adarms_norm_kernel" - 799: 0%....50%....100% - 3 passes
==PROF== Profiling "_matmul_rope_qkv" - 800: 0%....50%....100% - 3 passes
==PROF== Profiling "_matmul_abt_scale" - 801: 0%....50%....100% - 3 passes
==PROF== Profiling "_softmax_prefix_suffix_mask_v..." - 802: 0%....50%....100% - 3 passes
==PROF== Profiling "_matmul_small" - 803: 0%....50%....100% - 3 passes
==PROF== Profiling "_matmul_small_res_gate_oproj" - 804: 0%....50%....100% - 3 passes
==PROF== Profiling "_adarms_norm_kernel" - 805: 0%....50%....100% - 3 passes
==PROF== Profiling "_matmul_small_gate" - 806: 0%....50%....100% - 3 passes
==PROF== Profiling "_matmul_small_res_gate_ffn_down" - 807: 0%....50%....100% - 3 passes
==PROF== Profiling "_adarms_norm_kernel" - 808: 0%....50%....100% - 3 passes
==PROF== Profiling "_matmul_rope_qkv" - 809: 0%....50%....100% - 3 passes
==PROF== Profiling "_matmul_abt_scale" - 810: 0%....50%....100% - 3 passes
==PROF== Profiling "_softmax_prefix_suffix_mask_v..." - 811: 0%....50%....100% - 3 passes
==PROF== Profiling "_matmul_small" - 812: 0%....50%....100% - 3 passes
==PROF== Profiling "_matmul_small_res_gate_oproj" - 813: 0%....50%....100% - 3 passes
==PROF== Profiling "_adarms_norm_kernel" - 814: 0%....50%....100% - 3 passes
==PROF== Profiling "_matmul_small_gate" - 815: 0%....50%....100% - 3 passes
==PROF== Profiling "_matmul_small_res_gate_ffn_down" - 816: 0%....50%....100% - 3 passes
==PROF== Profiling "_adarms_norm_kernel" - 817: 0%....50%....100% - 3 passes
==PROF== Profiling "_matmul_rope_qkv" - 818: 0%....50%....100% - 3 passes
==PROF== Profiling "_matmul_abt_scale" - 819: 0%....50%....100% - 3 passes
==PROF== Profiling "_softmax_prefix_suffix_mask_v..." - 820: 0%....50%....100% - 3 passes
==PROF== Profiling "_matmul_small" - 821: 0%....50%....100% - 3 passes
==PROF== Profiling "_matmul_small_res_gate_oproj" - 822: 0%....50%....100% - 3 passes
==PROF== Profiling "_adarms_norm_kernel" - 823: 0%....50%....100% - 3 passes
==PROF== Profiling "_matmul_small_gate" - 824: 0%....50%....100% - 3 passes
==PROF== Profiling "_matmul_small_res_gate_ffn_down" - 825: 0%....50%....100% - 3 passes
==PROF== Profiling "_adarms_norm_kernel" - 826: 0%....50%....100% - 3 passes
==PROF== Profiling "_matmul_small_bias_res" - 827: 0%....50%....100% - 3 passes
==PROF== Profiling "_matmul_small_bias" - 828: 0%....50%....100% - 3 passes
==PROF== Profiling "_adarms_norm_kernel" - 829: 0%....50%....100% - 3 passes
==PROF== Profiling "_matmul_rope_qkv" - 830: 0%....50%....100% - 3 passes
==PROF== Profiling "_matmul_abt_scale" - 831: 0%....50%....100% - 3 passes
==PROF== Profiling "_softmax_prefix_suffix_mask_v..." - 832: 0%....50%....100% - 3 passes
==PROF== Profiling "_matmul_small" - 833: 0%....50%....100% - 3 passes
==PROF== Profiling "_matmul_small_res_gate_oproj" - 834: 0%....50%....100% - 3 passes
==PROF== Profiling "_adarms_norm_kernel" - 835: 0%....50%....100% - 3 passes
==PROF== Profiling "_matmul_small_gate" - 836: 0%....50%....100% - 3 passes
==PROF== Profiling "_matmul_small_res_gate_ffn_down" - 837: 0%....50%....100% - 3 passes
==PROF== Profiling "_adarms_norm_kernel" - 838: 0%....50%....100% - 3 passes
==PROF== Profiling "_matmul_rope_qkv" - 839: 0%....50%....100% - 3 passes
==PROF== Profiling "_matmul_abt_scale" - 840: 0%....50%....100% - 3 passes
==PROF== Profiling "_softmax_prefix_suffix_mask_v..." - 841: 0%....50%....100% - 3 passes
==PROF== Profiling "_matmul_small" - 842: 0%....50%....100% - 3 passes
==PROF== Profiling "_matmul_small_res_gate_oproj" - 843: 0%....50%....100% - 3 passes
==PROF== Profiling "_adarms_norm_kernel" - 844: 0%....50%....100% - 3 passes
==PROF== Profiling "_matmul_small_gate" - 845: 0%....50%....100% - 3 passes
==PROF== Profiling "_matmul_small_res_gate_ffn_down" - 846: 0%....50%....100% - 3 passes
==PROF== Profiling "_adarms_norm_kernel" - 847: 0%....50%....100% - 3 passes
==PROF== Profiling "_matmul_rope_qkv" - 848: 0%....50%....100% - 3 passes
==PROF== Profiling "_matmul_abt_scale" - 849: 0%....50%....100% - 3 passes
==PROF== Profiling "_softmax_prefix_suffix_mask_v..." - 850: 0%....50%....100% - 3 passes
==PROF== Profiling "_matmul_small" - 851: 0%....50%....100% - 3 passes
==PROF== Profiling "_matmul_small_res_gate_oproj" - 852: 0%....50%....100% - 3 passes
==PROF== Profiling "_adarms_norm_kernel" - 853: 0%....50%....100% - 3 passes
==PROF== Profiling "_matmul_small_gate" - 854: 0%....50%....100% - 3 passes
==PROF== Profiling "_matmul_small_res_gate_ffn_down" - 855: 0%....50%....100% - 3 passes
==PROF== Profiling "_adarms_norm_kernel" - 856: 0%....50%....100% - 3 passes
==PROF== Profiling "_matmul_rope_qkv" - 857: 0%....50%....100% - 3 passes
==PROF== Profiling "_matmul_abt_scale" - 858: 0%....50%....100% - 3 passes
==PROF== Profiling "_softmax_prefix_suffix_mask_v..." - 859: 0%....50%....100% - 3 passes
==PROF== Profiling "_matmul_small" - 860: 0%....50%....100% - 3 passes
==PROF== Profiling "_matmul_small_res_gate_oproj" - 861: 0%....50%....100% - 3 passes
==PROF== Profiling "_adarms_norm_kernel" - 862: 0%....50%....100% - 3 passes
==PROF== Profiling "_matmul_small_gate" - 863: 0%....50%....100% - 3 passes
==PROF== Profiling "_matmul_small_res_gate_ffn_down" - 864: 0%....50%....100% - 3 passes
==PROF== Profiling "_adarms_norm_kernel" - 865: 0%....50%....100% - 3 passes
==PROF== Profiling "_matmul_rope_qkv" - 866: 0%....50%....100% - 3 passes
==PROF== Profiling "_matmul_abt_scale" - 867: 0%....50%....100% - 3 passes
==PROF== Profiling "_softmax_prefix_suffix_mask_v..." - 868: 0%....50%....100% - 3 passes
==PROF== Profiling "_matmul_small" - 869: 0%....50%....100% - 3 passes
==PROF== Profiling "_matmul_small_res_gate_oproj" - 870: 0%....50%....100% - 3 passes
==PROF== Profiling "_adarms_norm_kernel" - 871: 0%....50%....100% - 3 passes
==PROF== Profiling "_matmul_small_gate" - 872: 0%....50%....100% - 3 passes
==PROF== Profiling "_matmul_small_res_gate_ffn_down" - 873: 0%....50%....100% - 3 passes
==PROF== Profiling "_adarms_norm_kernel" - 874: 0%....50%....100% - 3 passes
==PROF== Profiling "_matmul_rope_qkv" - 875: 0%....50%....100% - 3 passes
==PROF== Profiling "_matmul_abt_scale" - 876: 0%....50%....100% - 3 passes
==PROF== Profiling "_softmax_prefix_suffix_mask_v..." - 877: 0%....50%....100% - 3 passes
==PROF== Profiling "_matmul_small" - 878: 0%....50%....100% - 3 passes
==PROF== Profiling "_matmul_small_res_gate_oproj" - 879: 0%....50%....100% - 3 passes
==PROF== Profiling "_adarms_norm_kernel" - 880: 0%....50%....100% - 3 passes
==PROF== Profiling "_matmul_small_gate" - 881: 0%....50%....100% - 3 passes
==PROF== Profiling "_matmul_small_res_gate_ffn_down" - 882: 0%....50%....100% - 3 passes
==PROF== Profiling "_adarms_norm_kernel" - 883: 0%....50%....100% - 3 passes
==PROF== Profiling "_matmul_rope_qkv" - 884: 0%....50%....100% - 3 passes
==PROF== Profiling "_matmul_abt_scale" - 885: 0%....50%....100% - 3 passes
==PROF== Profiling "_softmax_prefix_suffix_mask_v..." - 886: 0%....50%....100% - 3 passes
==PROF== Profiling "_matmul_small" - 887: 0%....50%....100% - 3 passes
==PROF== Profiling "_matmul_small_res_gate_oproj" - 888: 0%....50%....100% - 3 passes
==PROF== Profiling "_adarms_norm_kernel" - 889: 0%....50%....100% - 3 passes
==PROF== Profiling "_matmul_small_gate" - 890: 0%....50%....100% - 3 passes
==PROF== Profiling "_matmul_small_res_gate_ffn_down" - 891: 0%....50%....100% - 3 passes
==PROF== Profiling "_adarms_norm_kernel" - 892: 0%....50%....100% - 3 passes
==PROF== Profiling "_matmul_rope_qkv" - 893: 0%....50%....100% - 3 passes
==PROF== Profiling "_matmul_abt_scale" - 894: 0%....50%....100% - 3 passes
==PROF== Profiling "_softmax_prefix_suffix_mask_v..." - 895: 0%....50%....100% - 3 passes
==PROF== Profiling "_matmul_small" - 896: 0%....50%....100% - 3 passes
==PROF== Profiling "_matmul_small_res_gate_oproj" - 897: 0%....50%....100% - 3 passes
==PROF== Profiling "_adarms_norm_kernel" - 898: 0%....50%....100% - 3 passes
==PROF== Profiling "_matmul_small_gate" - 899: 0%....50%....100% - 3 passes
==PROF== Profiling "_matmul_small_res_gate_ffn_down" - 900: 0%....50%....100% - 3 passes
==PROF== Profiling "_adarms_norm_kernel" - 901: 0%....50%....100% - 3 passes
==PROF== Profiling "_matmul_rope_qkv" - 902: 0%....50%....100% - 3 passes
==PROF== Profiling "_matmul_abt_scale" - 903: 0%....50%....100% - 3 passes
==PROF== Profiling "_softmax_prefix_suffix_mask_v..." - 904: 0%....50%....100% - 3 passes
==PROF== Profiling "_matmul_small" - 905: 0%....50%....100% - 3 passes
==PROF== Profiling "_matmul_small_res_gate_oproj" - 906: 0%....50%....100% - 3 passes
==PROF== Profiling "_adarms_norm_kernel" - 907: 0%....50%....100% - 3 passes
==PROF== Profiling "_matmul_small_gate" - 908: 0%....50%....100% - 3 passes
==PROF== Profiling "_matmul_small_res_gate_ffn_down" - 909: 0%....50%....100% - 3 passes
==PROF== Profiling "_adarms_norm_kernel" - 910: 0%....50%....100% - 3 passes
==PROF== Profiling "_matmul_rope_qkv" - 911: 0%....50%....100% - 3 passes
==PROF== Profiling "_matmul_abt_scale" - 912: 0%....50%....100% - 3 passes
==PROF== Profiling "_softmax_prefix_suffix_mask_v..." - 913: 0%....50%....100% - 3 passes
==PROF== Profiling "_matmul_small" - 914: 0%....50%....100% - 3 passes
==PROF== Profiling "_matmul_small_res_gate_oproj" - 915: 0%....50%....100% - 3 passes
==PROF== Profiling "_adarms_norm_kernel" - 916: 0%....50%....100% - 3 passes
==PROF== Profiling "_matmul_small_gate" - 917: 0%....50%....100% - 3 passes
==PROF== Profiling "_matmul_small_res_gate_ffn_down" - 918: 0%....50%....100% - 3 passes
==PROF== Profiling "_adarms_norm_kernel" - 919: 0%....50%....100% - 3 passes
==PROF== Profiling "_matmul_rope_qkv" - 920: 0%....50%....100% - 3 passes
==PROF== Profiling "_matmul_abt_scale" - 921: 0%....50%....100% - 3 passes
==PROF== Profiling "_softmax_prefix_suffix_mask_v..." - 922: 0%....50%....100% - 3 passes
==PROF== Profiling "_matmul_small" - 923: 0%....50%....100% - 3 passes
==PROF== Profiling "_matmul_small_res_gate_oproj" - 924: 0%....50%....100% - 3 passes
==PROF== Profiling "_adarms_norm_kernel" - 925: 0%....50%....100% - 3 passes
==PROF== Profiling "_matmul_small_gate" - 926: 0%....50%....100% - 3 passes
==PROF== Profiling "_matmul_small_res_gate_ffn_down" - 927: 0%....50%....100% - 3 passes
==PROF== Profiling "_adarms_norm_kernel" - 928: 0%....50%....100% - 3 passes
==PROF== Profiling "_matmul_rope_qkv" - 929: 0%....50%....100% - 3 passes
==PROF== Profiling "_matmul_abt_scale" - 930: 0%....50%....100% - 3 passes
==PROF== Profiling "_softmax_prefix_suffix_mask_v..." - 931: 0%....50%....100% - 3 passes
==PROF== Profiling "_matmul_small" - 932: 0%....50%....100% - 3 passes
==PROF== Profiling "_matmul_small_res_gate_oproj" - 933: 0%....50%....100% - 3 passes
==PROF== Profiling "_adarms_norm_kernel" - 934: 0%....50%....100% - 3 passes
==PROF== Profiling "_matmul_small_gate" - 935: 0%....50%....100% - 3 passes
==PROF== Profiling "_matmul_small_res_gate_ffn_down" - 936: 0%....50%....100% - 3 passes
==PROF== Profiling "_adarms_norm_kernel" - 937: 0%....50%....100% - 3 passes
==PROF== Profiling "_matmul_rope_qkv" - 938: 0%....50%....100% - 3 passes
==PROF== Profiling "_matmul_abt_scale" - 939: 0%....50%....100% - 3 passes
==PROF== Profiling "_softmax_prefix_suffix_mask_v..." - 940: 0%....50%....100% - 3 passes
==PROF== Profiling "_matmul_small" - 941: 0%....50%....100% - 3 passes
==PROF== Profiling "_matmul_small_res_gate_oproj" - 942: 0%....50%....100% - 3 passes
==PROF== Profiling "_adarms_norm_kernel" - 943: 0%....50%....100% - 3 passes
==PROF== Profiling "_matmul_small_gate" - 944: 0%....50%....100% - 3 passes
==PROF== Profiling "_matmul_small_res_gate_ffn_down" - 945: 0%....50%....100% - 3 passes
==PROF== Profiling "_adarms_norm_kernel" - 946: 0%....50%....100% - 3 passes
==PROF== Profiling "_matmul_rope_qkv" - 947: 0%....50%....100% - 3 passes
==PROF== Profiling "_matmul_abt_scale" - 948: 0%....50%....100% - 3 passes
==PROF== Profiling "_softmax_prefix_suffix_mask_v..." - 949: 0%....50%....100% - 3 passes
==PROF== Profiling "_matmul_small" - 950: 0%....50%....100% - 3 passes
==PROF== Profiling "_matmul_small_res_gate_oproj" - 951: 0%....50%....100% - 3 passes
==PROF== Profiling "_adarms_norm_kernel" - 952: 0%....50%....100% - 3 passes
==PROF== Profiling "_matmul_small_gate" - 953: 0%....50%....100% - 3 passes
==PROF== Profiling "_matmul_small_res_gate_ffn_down" - 954: 0%....50%....100% - 3 passes
==PROF== Profiling "_adarms_norm_kernel" - 955: 0%....50%....100% - 3 passes
==PROF== Profiling "_matmul_rope_qkv" - 956: 0%....50%....100% - 3 passes
==PROF== Profiling "_matmul_abt_scale" - 957: 0%....50%....100% - 3 passes
==PROF== Profiling "_softmax_prefix_suffix_mask_v..." - 958: 0%....50%....100% - 3 passes
==PROF== Profiling "_matmul_small" - 959: 0%....50%....100% - 3 passes
==PROF== Profiling "_matmul_small_res_gate_oproj" - 960: 0%....50%....100% - 3 passes
==PROF== Profiling "_adarms_norm_kernel" - 961: 0%....50%....100% - 3 passes
==PROF== Profiling "_matmul_small_gate" - 962: 0%....50%....100% - 3 passes
==PROF== Profiling "_matmul_small_res_gate_ffn_down" - 963: 0%....50%....100% - 3 passes
==PROF== Profiling "_adarms_norm_kernel" - 964: 0%....50%....100% - 3 passes
==PROF== Profiling "_matmul_rope_qkv" - 965: 0%....50%....100% - 3 passes
==PROF== Profiling "_matmul_abt_scale" - 966: 0%....50%....100% - 3 passes
==PROF== Profiling "_softmax_prefix_suffix_mask_v..." - 967: 0%....50%....100% - 3 passes
==PROF== Profiling "_matmul_small" - 968: 0%....50%....100% - 3 passes
==PROF== Profiling "_matmul_small_res_gate_oproj" - 969: 0%....50%....100% - 3 passes
==PROF== Profiling "_adarms_norm_kernel" - 970: 0%....50%....100% - 3 passes
==PROF== Profiling "_matmul_small_gate" - 971: 0%....50%....100% - 3 passes
==PROF== Profiling "_matmul_small_res_gate_ffn_down" - 972: 0%....50%....100% - 3 passes
==PROF== Profiling "_adarms_norm_kernel" - 973: 0%....50%....100% - 3 passes
==PROF== Profiling "_matmul_rope_qkv" - 974: 0%....50%....100% - 3 passes
==PROF== Profiling "_matmul_abt_scale" - 975: 0%....50%....100% - 3 passes
==PROF== Profiling "_softmax_prefix_suffix_mask_v..." - 976: 0%....50%....100% - 3 passes
==PROF== Profiling "_matmul_small" - 977: 0%....50%....100% - 3 passes
==PROF== Profiling "_matmul_small_res_gate_oproj" - 978: 0%....50%....100% - 3 passes
==PROF== Profiling "_adarms_norm_kernel" - 979: 0%....50%....100% - 3 passes
==PROF== Profiling "_matmul_small_gate" - 980: 0%....50%....100% - 3 passes
==PROF== Profiling "_matmul_small_res_gate_ffn_down" - 981: 0%....50%....100% - 3 passes
==PROF== Profiling "_adarms_norm_kernel" - 982: 0%....50%....100% - 3 passes
==PROF== Profiling "_matmul_rope_qkv" - 983: 0%....50%....100% - 3 passes
==PROF== Profiling "_matmul_abt_scale" - 984: 0%....50%....100% - 3 passes
==PROF== Profiling "_softmax_prefix_suffix_mask_v..." - 985: 0%....50%....100% - 3 passes
==PROF== Profiling "_matmul_small" - 986: 0%....50%....100% - 3 passes
==PROF== Profiling "_matmul_small_res_gate_oproj" - 987: 0%....50%....100% - 3 passes
==PROF== Profiling "_adarms_norm_kernel" - 988: 0%....50%....100% - 3 passes
==PROF== Profiling "_matmul_small_gate" - 989: 0%....50%....100% - 3 passes
==PROF== Profiling "_matmul_small_res_gate_ffn_down" - 990: 0%....50%....100% - 3 passes
==PROF== Profiling "_adarms_norm_kernel" - 991: 0%....50%....100% - 3 passes
==PROF== Profiling "_matmul_small_bias_res" - 992: 0%....50%....100% - 3 passes
==PROF== Profiling "_matmul_small_bias" - 993: 0%....50%....100% - 3 passes
==PROF== Profiling "_adarms_norm_kernel" - 994: 0%....50%....100% - 3 passes
==PROF== Profiling "_matmul_rope_qkv" - 995: 0%....50%....100% - 3 passes
==PROF== Profiling "_matmul_abt_scale" - 996: 0%....50%....100% - 3 passes
==PROF== Profiling "_softmax_prefix_suffix_mask_v..." - 997: 0%....50%....100% - 3 passes
==PROF== Profiling "_matmul_small" - 998: 0%....50%....100% - 3 passes
==PROF== Profiling "_matmul_small_res_gate_oproj" - 999: 0%....50%....100% - 3 passes
==PROF== Profiling "_adarms_norm_kernel" - 1000: 0%....50%....100% - 3 passes
==PROF== Profiling "_matmul_small_gate" - 1001: 0%....50%....100% - 3 passes
==PROF== Profiling "_matmul_small_res_gate_ffn_down" - 1002: 0%....50%....100% - 3 passes
==PROF== Profiling "_adarms_norm_kernel" - 1003: 0%....50%....100% - 3 passes
==PROF== Profiling "_matmul_rope_qkv" - 1004: 0%....50%....100% - 3 passes
==PROF== Profiling "_matmul_abt_scale" - 1005: 0%....50%....100% - 3 passes
==PROF== Profiling "_softmax_prefix_suffix_mask_v..." - 1006: 0%....50%....100% - 3 passes
==PROF== Profiling "_matmul_small" - 1007: 0%....50%....100% - 3 passes
==PROF== Profiling "_matmul_small_res_gate_oproj" - 1008: 0%....50%....100% - 3 passes
==PROF== Profiling "_adarms_norm_kernel" - 1009: 0%....50%....100% - 3 passes
==PROF== Profiling "_matmul_small_gate" - 1010: 0%....50%....100% - 3 passes
==PROF== Profiling "_matmul_small_res_gate_ffn_down" - 1011: 0%....50%....100% - 3 passes
==PROF== Profiling "_adarms_norm_kernel" - 1012: 0%....50%....100% - 3 passes
==PROF== Profiling "_matmul_rope_qkv" - 1013: 0%....50%....100% - 3 passes
==PROF== Profiling "_matmul_abt_scale" - 1014: 0%....50%....100% - 3 passes
==PROF== Profiling "_softmax_prefix_suffix_mask_v..." - 1015: 0%....50%....100% - 3 passes
==PROF== Profiling "_matmul_small" - 1016: 0%....50%....100% - 3 passes
==PROF== Profiling "_matmul_small_res_gate_oproj" - 1017: 0%....50%....100% - 3 passes
==PROF== Profiling "_adarms_norm_kernel" - 1018: 0%....50%....100% - 3 passes
==PROF== Profiling "_matmul_small_gate" - 1019: 0%....50%....100% - 3 passes
==PROF== Profiling "_matmul_small_res_gate_ffn_down" - 1020: 0%....50%....100% - 3 passes
==PROF== Profiling "_adarms_norm_kernel" - 1021: 0%....50%....100% - 3 passes
==PROF== Profiling "_matmul_rope_qkv" - 1022: 0%....50%....100% - 3 passes
==PROF== Profiling "_matmul_abt_scale" - 1023: 0%....50%....100% - 3 passes
==PROF== Profiling "_softmax_prefix_suffix_mask_v..." - 1024: 0%....50%....100% - 3 passes
==PROF== Profiling "_matmul_small" - 1025: 0%....50%....100% - 3 passes
==PROF== Profiling "_matmul_small_res_gate_oproj" - 1026: 0%....50%....100% - 3 passes
==PROF== Profiling "_adarms_norm_kernel" - 1027: 0%....50%....100% - 3 passes
==PROF== Profiling "_matmul_small_gate" - 1028: 0%....50%....100% - 3 passes
==PROF== Profiling "_matmul_small_res_gate_ffn_down" - 1029: 0%....50%....100% - 3 passes
==PROF== Profiling "_adarms_norm_kernel" - 1030: 0%....50%....100% - 3 passes
==PROF== Profiling "_matmul_rope_qkv" - 1031: 0%....50%....100% - 3 passes
==PROF== Profiling "_matmul_abt_scale" - 1032: 0%....50%....100% - 3 passes
==PROF== Profiling "_softmax_prefix_suffix_mask_v..." - 1033: 0%....50%....100% - 3 passes
==PROF== Profiling "_matmul_small" - 1034: 0%....50%....100% - 3 passes
==PROF== Profiling "_matmul_small_res_gate_oproj" - 1035: 0%....50%....100% - 3 passes
==PROF== Profiling "_adarms_norm_kernel" - 1036: 0%....50%....100% - 3 passes
==PROF== Profiling "_matmul_small_gate" - 1037: 0%....50%....100% - 3 passes
==PROF== Profiling "_matmul_small_res_gate_ffn_down" - 1038: 0%....50%....100% - 3 passes
==PROF== Profiling "_adarms_norm_kernel" - 1039: 0%....50%....100% - 3 passes
==PROF== Profiling "_matmul_rope_qkv" - 1040: 0%....50%....100% - 3 passes
==PROF== Profiling "_matmul_abt_scale" - 1041: 0%....50%....100% - 3 passes
==PROF== Profiling "_softmax_prefix_suffix_mask_v..." - 1042: 0%....50%....100% - 3 passes
==PROF== Profiling "_matmul_small" - 1043: 0%....50%....100% - 3 passes
==PROF== Profiling "_matmul_small_res_gate_oproj" - 1044: 0%....50%....100% - 3 passes
==PROF== Profiling "_adarms_norm_kernel" - 1045: 0%....50%....100% - 3 passes
==PROF== Profiling "_matmul_small_gate" - 1046: 0%....50%....100% - 3 passes
==PROF== Profiling "_matmul_small_res_gate_ffn_down" - 1047: 0%....50%....100% - 3 passes
==PROF== Profiling "_adarms_norm_kernel" - 1048: 0%....50%....100% - 3 passes
==PROF== Profiling "_matmul_rope_qkv" - 1049: 0%....50%....100% - 3 passes
==PROF== Profiling "_matmul_abt_scale" - 1050: 0%....50%....100% - 3 passes
==PROF== Profiling "_softmax_prefix_suffix_mask_v..." - 1051: 0%....50%....100% - 3 passes
==PROF== Profiling "_matmul_small" - 1052: 0%....50%....100% - 3 passes
==PROF== Profiling "_matmul_small_res_gate_oproj" - 1053: 0%....50%....100% - 3 passes
==PROF== Profiling "_adarms_norm_kernel" - 1054: 0%....50%....100% - 3 passes
==PROF== Profiling "_matmul_small_gate" - 1055: 0%....50%....100% - 3 passes
==PROF== Profiling "_matmul_small_res_gate_ffn_down" - 1056: 0%....50%....100% - 3 passes
==PROF== Profiling "_adarms_norm_kernel" - 1057: 0%....50%....100% - 3 passes
==PROF== Profiling "_matmul_rope_qkv" - 1058: 0%....50%....100% - 3 passes
==PROF== Profiling "_matmul_abt_scale" - 1059: 0%....50%....100% - 3 passes
==PROF== Profiling "_softmax_prefix_suffix_mask_v..." - 1060: 0%....50%....100% - 3 passes
==PROF== Profiling "_matmul_small" - 1061: 0%....50%....100% - 3 passes
==PROF== Profiling "_matmul_small_res_gate_oproj" - 1062: 0%....50%....100% - 3 passes
==PROF== Profiling "_adarms_norm_kernel" - 1063: 0%....50%....100% - 3 passes
==PROF== Profiling "_matmul_small_gate" - 1064: 0%....50%....100% - 3 passes
==PROF== Profiling "_matmul_small_res_gate_ffn_down" - 1065: 0%....50%....100% - 3 passes
==PROF== Profiling "_adarms_norm_kernel" - 1066: 0%....50%....100% - 3 passes
==PROF== Profiling "_matmul_rope_qkv" - 1067: 0%....50%....100% - 3 passes
==PROF== Profiling "_matmul_abt_scale" - 1068: 0%....50%....100% - 3 passes
==PROF== Profiling "_softmax_prefix_suffix_mask_v..." - 1069: 0%....50%....100% - 3 passes
==PROF== Profiling "_matmul_small" - 1070: 0%....50%....100% - 3 passes
==PROF== Profiling "_matmul_small_res_gate_oproj" - 1071: 0%....50%....100% - 3 passes
==PROF== Profiling "_adarms_norm_kernel" - 1072: 0%....50%....100% - 3 passes
==PROF== Profiling "_matmul_small_gate" - 1073: 0%....50%....100% - 3 passes
==PROF== Profiling "_matmul_small_res_gate_ffn_down" - 1074: 0%....50%....100% - 3 passes
==PROF== Profiling "_adarms_norm_kernel" - 1075: 0%....50%....100% - 3 passes
==PROF== Profiling "_matmul_rope_qkv" - 1076: 0%....50%....100% - 3 passes
==PROF== Profiling "_matmul_abt_scale" - 1077: 0%....50%....100% - 3 passes
==PROF== Profiling "_softmax_prefix_suffix_mask_v..." - 1078: 0%....50%....100% - 3 passes
==PROF== Profiling "_matmul_small" - 1079: 0%....50%....100% - 3 passes
==PROF== Profiling "_matmul_small_res_gate_oproj" - 1080: 0%....50%....100% - 3 passes
==PROF== Profiling "_adarms_norm_kernel" - 1081: 0%....50%....100% - 3 passes
==PROF== Profiling "_matmul_small_gate" - 1082: 0%....50%....100% - 3 passes
==PROF== Profiling "_matmul_small_res_gate_ffn_down" - 1083: 0%....50%....100% - 3 passes
==PROF== Profiling "_adarms_norm_kernel" - 1084: 0%....50%....100% - 3 passes
==PROF== Profiling "_matmul_rope_qkv" - 1085: 0%....50%....100% - 3 passes
==PROF== Profiling "_matmul_abt_scale" - 1086: 0%....50%....100% - 3 passes
==PROF== Profiling "_softmax_prefix_suffix_mask_v..." - 1087: 0%....50%....100% - 3 passes
==PROF== Profiling "_matmul_small" - 1088: 0%....50%....100% - 3 passes
==PROF== Profiling "_matmul_small_res_gate_oproj" - 1089: 0%....50%....100% - 3 passes
==PROF== Profiling "_adarms_norm_kernel" - 1090: 0%....50%....100% - 3 passes
==PROF== Profiling "_matmul_small_gate" - 1091: 0%....50%....100% - 3 passes
==PROF== Profiling "_matmul_small_res_gate_ffn_down" - 1092: 0%....50%....100% - 3 passes
==PROF== Profiling "_adarms_norm_kernel" - 1093: 0%....50%....100% - 3 passes
==PROF== Profiling "_matmul_rope_qkv" - 1094: 0%....50%....100% - 3 passes
==PROF== Profiling "_matmul_abt_scale" - 1095: 0%....50%....100% - 3 passes
==PROF== Profiling "_softmax_prefix_suffix_mask_v..." - 1096: 0%....50%....100% - 3 passes
==PROF== Profiling "_matmul_small" - 1097: 0%....50%....100% - 3 passes
==PROF== Profiling "_matmul_small_res_gate_oproj" - 1098: 0%....50%....100% - 3 passes
==PROF== Profiling "_adarms_norm_kernel" - 1099: 0%....50%....100% - 3 passes
==PROF== Profiling "_matmul_small_gate" - 1100: 0%....50%....100% - 3 passes
==PROF== Profiling "_matmul_small_res_gate_ffn_down" - 1101: 0%....50%....100% - 3 passes
==PROF== Profiling "_adarms_norm_kernel" - 1102: 0%....50%....100% - 3 passes
==PROF== Profiling "_matmul_rope_qkv" - 1103: 0%....50%....100% - 3 passes
==PROF== Profiling "_matmul_abt_scale" - 1104: 0%....50%....100% - 3 passes
==PROF== Profiling "_softmax_prefix_suffix_mask_v..." - 1105: 0%....50%....100% - 3 passes
==PROF== Profiling "_matmul_small" - 1106: 0%....50%....100% - 3 passes
==PROF== Profiling "_matmul_small_res_gate_oproj" - 1107: 0%....50%....100% - 3 passes
==PROF== Profiling "_adarms_norm_kernel" - 1108: 0%....50%....100% - 3 passes
==PROF== Profiling "_matmul_small_gate" - 1109: 0%....50%....100% - 3 passes
==PROF== Profiling "_matmul_small_res_gate_ffn_down" - 1110: 0%....50%....100% - 3 passes
==PROF== Profiling "_adarms_norm_kernel" - 1111: 0%....50%....100% - 3 passes
==PROF== Profiling "_matmul_rope_qkv" - 1112: 0%....50%....100% - 3 passes
==PROF== Profiling "_matmul_abt_scale" - 1113: 0%....50%....100% - 3 passes
==PROF== Profiling "_softmax_prefix_suffix_mask_v..." - 1114: 0%....50%....100% - 3 passes
==PROF== Profiling "_matmul_small" - 1115: 0%....50%....100% - 3 passes
==PROF== Profiling "_matmul_small_res_gate_oproj" - 1116: 0%....50%....100% - 3 passes
==PROF== Profiling "_adarms_norm_kernel" - 1117: 0%....50%....100% - 3 passes
==PROF== Profiling "_matmul_small_gate" - 1118: 0%....50%....100% - 3 passes
==PROF== Profiling "_matmul_small_res_gate_ffn_down" - 1119: 0%....50%....100% - 3 passes
==PROF== Profiling "_adarms_norm_kernel" - 1120: 0%....50%....100% - 3 passes
==PROF== Profiling "_matmul_rope_qkv" - 1121: 0%....50%....100% - 3 passes
==PROF== Profiling "_matmul_abt_scale" - 1122: 0%....50%....100% - 3 passes
==PROF== Profiling "_softmax_prefix_suffix_mask_v..." - 1123: 0%....50%....100% - 3 passes
==PROF== Profiling "_matmul_small" - 1124: 0%....50%....100% - 3 passes
==PROF== Profiling "_matmul_small_res_gate_oproj" - 1125: 0%....50%....100% - 3 passes
==PROF== Profiling "_adarms_norm_kernel" - 1126: 0%....50%....100% - 3 passes
==PROF== Profiling "_matmul_small_gate" - 1127: 0%....50%....100% - 3 passes
==PROF== Profiling "_matmul_small_res_gate_ffn_down" - 1128: 0%....50%....100% - 3 passes
==PROF== Profiling "_adarms_norm_kernel" - 1129: 0%....50%....100% - 3 passes
==PROF== Profiling "_matmul_rope_qkv" - 1130: 0%....50%....100% - 3 passes
==PROF== Profiling "_matmul_abt_scale" - 1131: 0%....50%....100% - 3 passes
==PROF== Profiling "_softmax_prefix_suffix_mask_v..." - 1132: 0%....50%....100% - 3 passes
==PROF== Profiling "_matmul_small" - 1133: 0%....50%....100% - 3 passes
==PROF== Profiling "_matmul_small_res_gate_oproj" - 1134: 0%....50%....100% - 3 passes
==PROF== Profiling "_adarms_norm_kernel" - 1135: 0%....50%....100% - 3 passes
==PROF== Profiling "_matmul_small_gate" - 1136: 0%....50%....100% - 3 passes
==PROF== Profiling "_matmul_small_res_gate_ffn_down" - 1137: 0%....50%....100% - 3 passes
==PROF== Profiling "_adarms_norm_kernel" - 1138: 0%....50%....100% - 3 passes
==PROF== Profiling "_matmul_rope_qkv" - 1139: 0%....50%....100% - 3 passes
==PROF== Profiling "_matmul_abt_scale" - 1140: 0%....50%....100% - 3 passes
==PROF== Profiling "_softmax_prefix_suffix_mask_v..." - 1141: 0%....50%....100% - 3 passes
==PROF== Profiling "_matmul_small" - 1142: 0%....50%....100% - 3 passes
==PROF== Profiling "_matmul_small_res_gate_oproj" - 1143: 0%....50%....100% - 3 passes
==PROF== Profiling "_adarms_norm_kernel" - 1144: 0%....50%....100% - 3 passes
==PROF== Profiling "_matmul_small_gate" - 1145: 0%....50%....100% - 3 passes
==PROF== Profiling "_matmul_small_res_gate_ffn_down" - 1146: 0%....50%....100% - 3 passes
==PROF== Profiling "_adarms_norm_kernel" - 1147: 0%....50%....100% - 3 passes
==PROF== Profiling "_matmul_rope_qkv" - 1148: 0%....50%....100% - 3 passes
==PROF== Profiling "_matmul_abt_scale" - 1149: 0%....50%....100% - 3 passes
==PROF== Profiling "_softmax_prefix_suffix_mask_v..." - 1150: 0%....50%....100% - 3 passes
==PROF== Profiling "_matmul_small" - 1151: 0%....50%....100% - 3 passes
==PROF== Profiling "_matmul_small_res_gate_oproj" - 1152: 0%....50%....100% - 3 passes
==PROF== Profiling "_adarms_norm_kernel" - 1153: 0%....50%....100% - 3 passes
==PROF== Profiling "_matmul_small_gate" - 1154: 0%....50%....100% - 3 passes
==PROF== Profiling "_matmul_small_res_gate_ffn_down" - 1155: 0%....50%....100% - 3 passes
==PROF== Profiling "_adarms_norm_kernel" - 1156: 0%....50%....100% - 3 passes
==PROF== Profiling "_matmul_small_bias_res" - 1157: 0%....50%....100% - 3 passes
==PROF== Profiling "_matmul_small_bias" - 1158: 0%....50%....100% - 3 passes
==PROF== Profiling "_adarms_norm_kernel" - 1159: 0%....50%....100% - 3 passes
==PROF== Profiling "_matmul_rope_qkv" - 1160: 0%....50%....100% - 3 passes
==PROF== Profiling "_matmul_abt_scale" - 1161: 0%....50%....100% - 3 passes
==PROF== Profiling "_softmax_prefix_suffix_mask_v..." - 1162: 0%....50%....100% - 3 passes
==PROF== Profiling "_matmul_small" - 1163: 0%....50%....100% - 3 passes
==PROF== Profiling "_matmul_small_res_gate_oproj" - 1164: 0%....50%....100% - 3 passes
==PROF== Profiling "_adarms_norm_kernel" - 1165: 0%....50%....100% - 3 passes
==PROF== Profiling "_matmul_small_gate" - 1166: 0%....50%....100% - 3 passes
==PROF== Profiling "_matmul_small_res_gate_ffn_down" - 1167: 0%....50%....100% - 3 passes
==PROF== Profiling "_adarms_norm_kernel" - 1168: 0%....50%....100% - 3 passes
==PROF== Profiling "_matmul_rope_qkv" - 1169: 0%....50%....100% - 3 passes
==PROF== Profiling "_matmul_abt_scale" - 1170: 0%....50%....100% - 3 passes
==PROF== Profiling "_softmax_prefix_suffix_mask_v..." - 1171: 0%....50%....100% - 3 passes
==PROF== Profiling "_matmul_small" - 1172: 0%....50%....100% - 3 passes
==PROF== Profiling "_matmul_small_res_gate_oproj" - 1173: 0%....50%....100% - 3 passes
==PROF== Profiling "_adarms_norm_kernel" - 1174: 0%....50%....100% - 3 passes
==PROF== Profiling "_matmul_small_gate" - 1175: 0%....50%....100% - 3 passes
==PROF== Profiling "_matmul_small_res_gate_ffn_down" - 1176: 0%....50%....100% - 3 passes
==PROF== Profiling "_adarms_norm_kernel" - 1177: 0%....50%....100% - 3 passes
==PROF== Profiling "_matmul_rope_qkv" - 1178: 0%....50%....100% - 3 passes
==PROF== Profiling "_matmul_abt_scale" - 1179: 0%....50%....100% - 3 passes
==PROF== Profiling "_softmax_prefix_suffix_mask_v..." - 1180: 0%....50%....100% - 3 passes
==PROF== Profiling "_matmul_small" - 1181: 0%....50%....100% - 3 passes
==PROF== Profiling "_matmul_small_res_gate_oproj" - 1182: 0%....50%....100% - 3 passes
==PROF== Profiling "_adarms_norm_kernel" - 1183: 0%....50%....100% - 3 passes
==PROF== Profiling "_matmul_small_gate" - 1184: 0%....50%....100% - 3 passes
==PROF== Profiling "_matmul_small_res_gate_ffn_down" - 1185: 0%....50%....100% - 3 passes
==PROF== Profiling "_adarms_norm_kernel" - 1186: 0%....50%....100% - 3 passes
==PROF== Profiling "_matmul_rope_qkv" - 1187: 0%....50%....100% - 3 passes
==PROF== Profiling "_matmul_abt_scale" - 1188: 0%....50%....100% - 3 passes
==PROF== Profiling "_softmax_prefix_suffix_mask_v..." - 1189: 0%....50%....100% - 3 passes
==PROF== Profiling "_matmul_small" - 1190: 0%....50%....100% - 3 passes
==PROF== Profiling "_matmul_small_res_gate_oproj" - 1191: 0%....50%....100% - 3 passes
==PROF== Profiling "_adarms_norm_kernel" - 1192: 0%....50%....100% - 3 passes
==PROF== Profiling "_matmul_small_gate" - 1193: 0%....50%....100% - 3 passes
==PROF== Profiling "_matmul_small_res_gate_ffn_down" - 1194: 0%....50%....100% - 3 passes
==PROF== Profiling "_adarms_norm_kernel" - 1195: 0%....50%....100% - 3 passes
==PROF== Profiling "_matmul_rope_qkv" - 1196: 0%....50%....100% - 3 passes
==PROF== Profiling "_matmul_abt_scale" - 1197: 0%....50%....100% - 3 passes
==PROF== Profiling "_softmax_prefix_suffix_mask_v..." - 1198: 0%....50%....100% - 3 passes
==PROF== Profiling "_matmul_small" - 1199: 0%....50%....100% - 3 passes
==PROF== Profiling "_matmul_small_res_gate_oproj" - 1200: 0%....50%....100% - 3 passes
==PROF== Profiling "_adarms_norm_kernel" - 1201: 0%....50%....100% - 3 passes
==PROF== Profiling "_matmul_small_gate" - 1202: 0%....50%....100% - 3 passes
==PROF== Profiling "_matmul_small_res_gate_ffn_down" - 1203: 0%....50%....100% - 3 passes
==PROF== Profiling "_adarms_norm_kernel" - 1204: 0%....50%....100% - 3 passes
==PROF== Profiling "_matmul_rope_qkv" - 1205: 0%....50%....100% - 3 passes
==PROF== Profiling "_matmul_abt_scale" - 1206: 0%....50%....100% - 3 passes
==PROF== Profiling "_softmax_prefix_suffix_mask_v..." - 1207: 0%....50%....100% - 3 passes
==PROF== Profiling "_matmul_small" - 1208: 0%....50%....100% - 3 passes
==PROF== Profiling "_matmul_small_res_gate_oproj" - 1209: 0%....50%....100% - 3 passes
==PROF== Profiling "_adarms_norm_kernel" - 1210: 0%....50%....100% - 3 passes
==PROF== Profiling "_matmul_small_gate" - 1211: 0%....50%....100% - 3 passes
==PROF== Profiling "_matmul_small_res_gate_ffn_down" - 1212: 0%....50%....100% - 3 passes
==PROF== Profiling "_adarms_norm_kernel" - 1213: 0%....50%....100% - 3 passes
==PROF== Profiling "_matmul_rope_qkv" - 1214: 0%....50%....100% - 3 passes
==PROF== Profiling "_matmul_abt_scale" - 1215: 0%....50%....100% - 3 passes
==PROF== Profiling "_softmax_prefix_suffix_mask_v..." - 1216: 0%....50%....100% - 3 passes
==PROF== Profiling "_matmul_small" - 1217: 0%....50%....100% - 3 passes
==PROF== Profiling "_matmul_small_res_gate_oproj" - 1218: 0%....50%....100% - 3 passes
==PROF== Profiling "_adarms_norm_kernel" - 1219: 0%....50%....100% - 3 passes
==PROF== Profiling "_matmul_small_gate" - 1220: 0%....50%....100% - 3 passes
==PROF== Profiling "_matmul_small_res_gate_ffn_down" - 1221: 0%....50%....100% - 3 passes
==PROF== Profiling "_adarms_norm_kernel" - 1222: 0%....50%....100% - 3 passes
==PROF== Profiling "_matmul_rope_qkv" - 1223: 0%....50%....100% - 3 passes
==PROF== Profiling "_matmul_abt_scale" - 1224: 0%....50%....100% - 3 passes
==PROF== Profiling "_softmax_prefix_suffix_mask_v..." - 1225: 0%....50%....100% - 3 passes
==PROF== Profiling "_matmul_small" - 1226: 0%....50%....100% - 3 passes
==PROF== Profiling "_matmul_small_res_gate_oproj" - 1227: 0%....50%....100% - 3 passes
==PROF== Profiling "_adarms_norm_kernel" - 1228: 0%....50%....100% - 3 passes
==PROF== Profiling "_matmul_small_gate" - 1229: 0%....50%....100% - 3 passes
==PROF== Profiling "_matmul_small_res_gate_ffn_down" - 1230: 0%....50%....100% - 3 passes
==PROF== Profiling "_adarms_norm_kernel" - 1231: 0%....50%....100% - 3 passes
==PROF== Profiling "_matmul_rope_qkv" - 1232: 0%....50%....100% - 3 passes
==PROF== Profiling "_matmul_abt_scale" - 1233: 0%....50%....100% - 3 passes
==PROF== Profiling "_softmax_prefix_suffix_mask_v..." - 1234: 0%....50%....100% - 3 passes
==PROF== Profiling "_matmul_small" - 1235: 0%....50%....100% - 3 passes
==PROF== Profiling "_matmul_small_res_gate_oproj" - 1236: 0%....50%....100% - 3 passes
==PROF== Profiling "_adarms_norm_kernel" - 1237: 0%....50%....100% - 3 passes
==PROF== Profiling "_matmul_small_gate" - 1238: 0%....50%....100% - 3 passes
==PROF== Profiling "_matmul_small_res_gate_ffn_down" - 1239: 0%....50%....100% - 3 passes
==PROF== Profiling "_adarms_norm_kernel" - 1240: 0%....50%....100% - 3 passes
==PROF== Profiling "_matmul_rope_qkv" - 1241: 0%....50%....100% - 3 passes
==PROF== Profiling "_matmul_abt_scale" - 1242: 0%....50%....100% - 3 passes
==PROF== Profiling "_softmax_prefix_suffix_mask_v..." - 1243: 0%....50%....100% - 3 passes
==PROF== Profiling "_matmul_small" - 1244: 0%....50%....100% - 3 passes
==PROF== Profiling "_matmul_small_res_gate_oproj" - 1245: 0%....50%....100% - 3 passes
==PROF== Profiling "_adarms_norm_kernel" - 1246: 0%....50%....100% - 3 passes
==PROF== Profiling "_matmul_small_gate" - 1247: 0%....50%....100% - 3 passes
==PROF== Profiling "_matmul_small_res_gate_ffn_down" - 1248: 0%....50%....100% - 3 passes
==PROF== Profiling "_adarms_norm_kernel" - 1249: 0%....50%....100% - 3 passes
==PROF== Profiling "_matmul_rope_qkv" - 1250: 0%....50%....100% - 3 passes
==PROF== Profiling "_matmul_abt_scale" - 1251: 0%....50%....100% - 3 passes
==PROF== Profiling "_softmax_prefix_suffix_mask_v..." - 1252: 0%....50%....100% - 3 passes
==PROF== Profiling "_matmul_small" - 1253: 0%....50%....100% - 3 passes
==PROF== Profiling "_matmul_small_res_gate_oproj" - 1254: 0%....50%....100% - 3 passes
==PROF== Profiling "_adarms_norm_kernel" - 1255: 0%....50%....100% - 3 passes
==PROF== Profiling "_matmul_small_gate" - 1256: 0%....50%....100% - 3 passes
==PROF== Profiling "_matmul_small_res_gate_ffn_down" - 1257: 0%....50%....100% - 3 passes
==PROF== Profiling "_adarms_norm_kernel" - 1258: 0%....50%....100% - 3 passes
==PROF== Profiling "_matmul_rope_qkv" - 1259: 0%....50%....100% - 3 passes
==PROF== Profiling "_matmul_abt_scale" - 1260: 0%....50%....100% - 3 passes
==PROF== Profiling "_softmax_prefix_suffix_mask_v..." - 1261: 0%....50%....100% - 3 passes
==PROF== Profiling "_matmul_small" - 1262: 0%....50%....100% - 3 passes
==PROF== Profiling "_matmul_small_res_gate_oproj" - 1263: 0%....50%....100% - 3 passes
==PROF== Profiling "_adarms_norm_kernel" - 1264: 0%....50%....100% - 3 passes
==PROF== Profiling "_matmul_small_gate" - 1265: 0%....50%....100% - 3 passes
==PROF== Profiling "_matmul_small_res_gate_ffn_down" - 1266: 0%....50%....100% - 3 passes
==PROF== Profiling "_adarms_norm_kernel" - 1267: 0%....50%....100% - 3 passes
==PROF== Profiling "_matmul_rope_qkv" - 1268: 0%....50%....100% - 3 passes
==PROF== Profiling "_matmul_abt_scale" - 1269: 0%....50%....100% - 3 passes
==PROF== Profiling "_softmax_prefix_suffix_mask_v..." - 1270: 0%....50%....100% - 3 passes
==PROF== Profiling "_matmul_small" - 1271: 0%....50%....100% - 3 passes
==PROF== Profiling "_matmul_small_res_gate_oproj" - 1272: 0%....50%....100% - 3 passes
==PROF== Profiling "_adarms_norm_kernel" - 1273: 0%....50%....100% - 3 passes
==PROF== Profiling "_matmul_small_gate" - 1274: 0%....50%....100% - 3 passes
==PROF== Profiling "_matmul_small_res_gate_ffn_down" - 1275: 0%....50%....100% - 3 passes
==PROF== Profiling "_adarms_norm_kernel" - 1276: 0%....50%....100% - 3 passes
==PROF== Profiling "_matmul_rope_qkv" - 1277: 0%....50%....100% - 3 passes
==PROF== Profiling "_matmul_abt_scale" - 1278: 0%....50%....100% - 3 passes
==PROF== Profiling "_softmax_prefix_suffix_mask_v..." - 1279: 0%....50%....100% - 3 passes
==PROF== Profiling "_matmul_small" - 1280: 0%....50%....100% - 3 passes
==PROF== Profiling "_matmul_small_res_gate_oproj" - 1281: 0%....50%....100% - 3 passes
==PROF== Profiling "_adarms_norm_kernel" - 1282: 0%....50%....100% - 3 passes
==PROF== Profiling "_matmul_small_gate" - 1283: 0%....50%....100% - 3 passes
==PROF== Profiling "_matmul_small_res_gate_ffn_down" - 1284: 0%....50%....100% - 3 passes
==PROF== Profiling "_adarms_norm_kernel" - 1285: 0%....50%....100% - 3 passes
==PROF== Profiling "_matmul_rope_qkv" - 1286: 0%....50%....100% - 3 passes
==PROF== Profiling "_matmul_abt_scale" - 1287: 0%....50%....100% - 3 passes
==PROF== Profiling "_softmax_prefix_suffix_mask_v..." - 1288: 0%....50%....100% - 3 passes
==PROF== Profiling "_matmul_small" - 1289: 0%....50%....100% - 3 passes
==PROF== Profiling "_matmul_small_res_gate_oproj" - 1290: 0%....50%....100% - 3 passes
==PROF== Profiling "_adarms_norm_kernel" - 1291: 0%....50%....100% - 3 passes
==PROF== Profiling "_matmul_small_gate" - 1292: 0%....50%....100% - 3 passes
==PROF== Profiling "_matmul_small_res_gate_ffn_down" - 1293: 0%....50%....100% - 3 passes
==PROF== Profiling "_adarms_norm_kernel" - 1294: 0%....50%....100% - 3 passes
==PROF== Profiling "_matmul_rope_qkv" - 1295: 0%....50%....100% - 3 passes
==PROF== Profiling "_matmul_abt_scale" - 1296: 0%....50%....100% - 3 passes
==PROF== Profiling "_softmax_prefix_suffix_mask_v..." - 1297: 0%....50%....100% - 3 passes
==PROF== Profiling "_matmul_small" - 1298: 0%....50%....100% - 3 passes
==PROF== Profiling "_matmul_small_res_gate_oproj" - 1299: 0%....50%....100% - 3 passes
==PROF== Profiling "_adarms_norm_kernel" - 1300: 0%....50%....100% - 3 passes
==PROF== Profiling "_matmul_small_gate" - 1301: 0%....50%....100% - 3 passes
==PROF== Profiling "_matmul_small_res_gate_ffn_down" - 1302: 0%....50%....100% - 3 passes
==PROF== Profiling "_adarms_norm_kernel" - 1303: 0%....50%....100% - 3 passes
==PROF== Profiling "_matmul_rope_qkv" - 1304: 0%....50%....100% - 3 passes
==PROF== Profiling "_matmul_abt_scale" - 1305: 0%....50%....100% - 3 passes
==PROF== Profiling "_softmax_prefix_suffix_mask_v..." - 1306: 0%....50%....100% - 3 passes
==PROF== Profiling "_matmul_small" - 1307: 0%....50%....100% - 3 passes
==PROF== Profiling "_matmul_small_res_gate_oproj" - 1308: 0%....50%....100% - 3 passes
==PROF== Profiling "_adarms_norm_kernel" - 1309: 0%....50%....100% - 3 passes
==PROF== Profiling "_matmul_small_gate" - 1310: 0%....50%....100% - 3 passes
==PROF== Profiling "_matmul_small_res_gate_ffn_down" - 1311: 0%....50%....100% - 3 passes
==PROF== Profiling "_adarms_norm_kernel" - 1312: 0%....50%....100% - 3 passes
==PROF== Profiling "_matmul_rope_qkv" - 1313: 0%....50%....100% - 3 passes
==PROF== Profiling "_matmul_abt_scale" - 1314: 0%....50%....100% - 3 passes
==PROF== Profiling "_softmax_prefix_suffix_mask_v..." - 1315: 0%....50%....100% - 3 passes
==PROF== Profiling "_matmul_small" - 1316: 0%....50%....100% - 3 passes
==PROF== Profiling "_matmul_small_res_gate_oproj" - 1317: 0%....50%....100% - 3 passes
==PROF== Profiling "_adarms_norm_kernel" - 1318: 0%....50%....100% - 3 passes
==PROF== Profiling "_matmul_small_gate" - 1319: 0%....50%....100% - 3 passes
==PROF== Profiling "_matmul_small_res_gate_ffn_down" - 1320: 0%....50%....100% - 3 passes
==PROF== Profiling "_adarms_norm_kernel" - 1321: 0%....50%....100% - 3 passes
==PROF== Profiling "_matmul_small_bias_res" - 1322: 0%....50%....100% - 3 passes
==PROF== Profiling "_matmul_small_bias" - 1323: 0%....50%....100% - 3 passes
==PROF== Profiling "_adarms_norm_kernel" - 1324: 0%....50%....100% - 3 passes
==PROF== Profiling "_matmul_rope_qkv" - 1325: 0%....50%....100% - 3 passes
==PROF== Profiling "_matmul_abt_scale" - 1326: 0%....50%....100% - 3 passes
==PROF== Profiling "_softmax_prefix_suffix_mask_v..." - 1327: 0%....50%....100% - 3 passes
==PROF== Profiling "_matmul_small" - 1328: 0%....50%....100% - 3 passes
==PROF== Profiling "_matmul_small_res_gate_oproj" - 1329: 0%....50%....100% - 3 passes
==PROF== Profiling "_adarms_norm_kernel" - 1330: 0%....50%....100% - 3 passes
==PROF== Profiling "_matmul_small_gate" - 1331: 0%....50%....100% - 3 passes
==PROF== Profiling "_matmul_small_res_gate_ffn_down" - 1332: 0%....50%....100% - 3 passes
==PROF== Profiling "_adarms_norm_kernel" - 1333: 0%....50%....100% - 3 passes
==PROF== Profiling "_matmul_rope_qkv" - 1334: 0%....50%....100% - 3 passes
==PROF== Profiling "_matmul_abt_scale" - 1335: 0%....50%....100% - 3 passes
==PROF== Profiling "_softmax_prefix_suffix_mask_v..." - 1336: 0%....50%....100% - 3 passes
==PROF== Profiling "_matmul_small" - 1337: 0%....50%....100% - 3 passes
==PROF== Profiling "_matmul_small_res_gate_oproj" - 1338: 0%....50%....100% - 3 passes
==PROF== Profiling "_adarms_norm_kernel" - 1339: 0%....50%....100% - 3 passes
==PROF== Profiling "_matmul_small_gate" - 1340: 0%....50%....100% - 3 passes
==PROF== Profiling "_matmul_small_res_gate_ffn_down" - 1341: 0%....50%....100% - 3 passes
==PROF== Profiling "_adarms_norm_kernel" - 1342: 0%....50%....100% - 3 passes
==PROF== Profiling "_matmul_rope_qkv" - 1343: 0%....50%....100% - 3 passes
==PROF== Profiling "_matmul_abt_scale" - 1344: 0%....50%....100% - 3 passes
==PROF== Profiling "_softmax_prefix_suffix_mask_v..." - 1345: 0%....50%....100% - 3 passes
==PROF== Profiling "_matmul_small" - 1346: 0%....50%....100% - 3 passes
==PROF== Profiling "_matmul_small_res_gate_oproj" - 1347: 0%....50%....100% - 3 passes
==PROF== Profiling "_adarms_norm_kernel" - 1348: 0%....50%....100% - 3 passes
==PROF== Profiling "_matmul_small_gate" - 1349: 0%....50%....100% - 3 passes
==PROF== Profiling "_matmul_small_res_gate_ffn_down" - 1350: 0%....50%....100% - 3 passes
==PROF== Profiling "_adarms_norm_kernel" - 1351: 0%....50%....100% - 3 passes
==PROF== Profiling "_matmul_rope_qkv" - 1352: 0%....50%....100% - 3 passes
==PROF== Profiling "_matmul_abt_scale" - 1353: 0%....50%....100% - 3 passes
==PROF== Profiling "_softmax_prefix_suffix_mask_v..." - 1354: 0%....50%....100% - 3 passes
==PROF== Profiling "_matmul_small" - 1355: 0%....50%....100% - 3 passes
==PROF== Profiling "_matmul_small_res_gate_oproj" - 1356: 0%....50%....100% - 3 passes
==PROF== Profiling "_adarms_norm_kernel" - 1357: 0%....50%....100% - 3 passes
==PROF== Profiling "_matmul_small_gate" - 1358: 0%....50%....100% - 3 passes
==PROF== Profiling "_matmul_small_res_gate_ffn_down" - 1359: 0%....50%....100% - 3 passes
==PROF== Profiling "_adarms_norm_kernel" - 1360: 0%....50%....100% - 3 passes
==PROF== Profiling "_matmul_rope_qkv" - 1361: 0%....50%....100% - 3 passes
==PROF== Profiling "_matmul_abt_scale" - 1362: 0%....50%....100% - 3 passes
==PROF== Profiling "_softmax_prefix_suffix_mask_v..." - 1363: 0%....50%....100% - 3 passes
==PROF== Profiling "_matmul_small" - 1364: 0%....50%....100% - 3 passes
==PROF== Profiling "_matmul_small_res_gate_oproj" - 1365: 0%....50%....100% - 3 passes
==PROF== Profiling "_adarms_norm_kernel" - 1366: 0%....50%....100% - 3 passes
==PROF== Profiling "_matmul_small_gate" - 1367: 0%....50%....100% - 3 passes
==PROF== Profiling "_matmul_small_res_gate_ffn_down" - 1368: 0%....50%....100% - 3 passes
==PROF== Profiling "_adarms_norm_kernel" - 1369: 0%....50%....100% - 3 passes
==PROF== Profiling "_matmul_rope_qkv" - 1370: 0%....50%....100% - 3 passes
==PROF== Profiling "_matmul_abt_scale" - 1371: 0%....50%....100% - 3 passes
==PROF== Profiling "_softmax_prefix_suffix_mask_v..." - 1372: 0%....50%....100% - 3 passes
==PROF== Profiling "_matmul_small" - 1373: 0%....50%....100% - 3 passes
==PROF== Profiling "_matmul_small_res_gate_oproj" - 1374: 0%....50%....100% - 3 passes
==PROF== Profiling "_adarms_norm_kernel" - 1375: 0%....50%....100% - 3 passes
==PROF== Profiling "_matmul_small_gate" - 1376: 0%....50%....100% - 3 passes
==PROF== Profiling "_matmul_small_res_gate_ffn_down" - 1377: 0%....50%....100% - 3 passes
==PROF== Profiling "_adarms_norm_kernel" - 1378: 0%....50%....100% - 3 passes
==PROF== Profiling "_matmul_rope_qkv" - 1379: 0%....50%....100% - 3 passes
==PROF== Profiling "_matmul_abt_scale" - 1380: 0%....50%....100% - 3 passes
==PROF== Profiling "_softmax_prefix_suffix_mask_v..." - 1381: 0%....50%....100% - 3 passes
==PROF== Profiling "_matmul_small" - 1382: 0%....50%....100% - 3 passes
==PROF== Profiling "_matmul_small_res_gate_oproj" - 1383: 0%....50%....100% - 3 passes
==PROF== Profiling "_adarms_norm_kernel" - 1384: 0%....50%....100% - 3 passes
==PROF== Profiling "_matmul_small_gate" - 1385: 0%....50%....100% - 3 passes
==PROF== Profiling "_matmul_small_res_gate_ffn_down" - 1386: 0%....50%....100% - 3 passes
==PROF== Profiling "_adarms_norm_kernel" - 1387: 0%....50%....100% - 3 passes
==PROF== Profiling "_matmul_rope_qkv" - 1388: 0%....50%....100% - 3 passes
==PROF== Profiling "_matmul_abt_scale" - 1389: 0%....50%....100% - 3 passes
==PROF== Profiling "_softmax_prefix_suffix_mask_v..." - 1390: 0%....50%....100% - 3 passes
==PROF== Profiling "_matmul_small" - 1391: 0%....50%....100% - 3 passes
==PROF== Profiling "_matmul_small_res_gate_oproj" - 1392: 0%....50%....100% - 3 passes
==PROF== Profiling "_adarms_norm_kernel" - 1393: 0%....50%....100% - 3 passes
==PROF== Profiling "_matmul_small_gate" - 1394: 0%....50%....100% - 3 passes
==PROF== Profiling "_matmul_small_res_gate_ffn_down" - 1395: 0%....50%....100% - 3 passes
==PROF== Profiling "_adarms_norm_kernel" - 1396: 0%....50%....100% - 3 passes
==PROF== Profiling "_matmul_rope_qkv" - 1397: 0%....50%....100% - 3 passes
==PROF== Profiling "_matmul_abt_scale" - 1398: 0%....50%....100% - 3 passes
==PROF== Profiling "_softmax_prefix_suffix_mask_v..." - 1399: 0%....50%....100% - 3 passes
==PROF== Profiling "_matmul_small" - 1400: 0%....50%....100% - 3 passes
==PROF== Profiling "_matmul_small_res_gate_oproj" - 1401: 0%....50%....100% - 3 passes
==PROF== Profiling "_adarms_norm_kernel" - 1402: 0%....50%....100% - 3 passes
==PROF== Profiling "_matmul_small_gate" - 1403: 0%....50%....100% - 3 passes
==PROF== Profiling "_matmul_small_res_gate_ffn_down" - 1404: 0%....50%....100% - 3 passes
==PROF== Profiling "_adarms_norm_kernel" - 1405: 0%....50%....100% - 3 passes
==PROF== Profiling "_matmul_rope_qkv" - 1406: 0%....50%....100% - 3 passes
==PROF== Profiling "_matmul_abt_scale" - 1407: 0%....50%....100% - 3 passes
==PROF== Profiling "_softmax_prefix_suffix_mask_v..." - 1408: 0%....50%....100% - 3 passes
==PROF== Profiling "_matmul_small" - 1409: 0%....50%....100% - 3 passes
==PROF== Profiling "_matmul_small_res_gate_oproj" - 1410: 0%....50%....100% - 3 passes
==PROF== Profiling "_adarms_norm_kernel" - 1411: 0%....50%....100% - 3 passes
==PROF== Profiling "_matmul_small_gate" - 1412: 0%....50%....100% - 3 passes
==PROF== Profiling "_matmul_small_res_gate_ffn_down" - 1413: 0%....50%....100% - 3 passes
==PROF== Profiling "_adarms_norm_kernel" - 1414: 0%....50%....100% - 3 passes
==PROF== Profiling "_matmul_rope_qkv" - 1415: 0%....50%....100% - 3 passes
==PROF== Profiling "_matmul_abt_scale" - 1416: 0%....50%....100% - 3 passes
==PROF== Profiling "_softmax_prefix_suffix_mask_v..." - 1417: 0%....50%....100% - 3 passes
==PROF== Profiling "_matmul_small" - 1418: 0%....50%....100% - 3 passes
==PROF== Profiling "_matmul_small_res_gate_oproj" - 1419: 0%....50%....100% - 3 passes
==PROF== Profiling "_adarms_norm_kernel" - 1420: 0%....50%....100% - 3 passes
==PROF== Profiling "_matmul_small_gate" - 1421: 0%....50%....100% - 3 passes
==PROF== Profiling "_matmul_small_res_gate_ffn_down" - 1422: 0%....50%....100% - 3 passes
==PROF== Profiling "_adarms_norm_kernel" - 1423: 0%....50%....100% - 3 passes
==PROF== Profiling "_matmul_rope_qkv" - 1424: 0%....50%....100% - 3 passes
==PROF== Profiling "_matmul_abt_scale" - 1425: 0%....50%....100% - 3 passes
==PROF== Profiling "_softmax_prefix_suffix_mask_v..." - 1426: 0%....50%....100% - 3 passes
==PROF== Profiling "_matmul_small" - 1427: 0%....50%....100% - 3 passes
==PROF== Profiling "_matmul_small_res_gate_oproj" - 1428: 0%....50%....100% - 3 passes
==PROF== Profiling "_adarms_norm_kernel" - 1429: 0%....50%....100% - 3 passes
==PROF== Profiling "_matmul_small_gate" - 1430: 0%....50%....100% - 3 passes
==PROF== Profiling "_matmul_small_res_gate_ffn_down" - 1431: 0%....50%....100% - 3 passes
==PROF== Profiling "_adarms_norm_kernel" - 1432: 0%....50%....100% - 3 passes
==PROF== Profiling "_matmul_rope_qkv" - 1433: 0%....50%....100% - 3 passes
==PROF== Profiling "_matmul_abt_scale" - 1434: 0%....50%....100% - 3 passes
==PROF== Profiling "_softmax_prefix_suffix_mask_v..." - 1435: 0%....50%....100% - 3 passes
==PROF== Profiling "_matmul_small" - 1436: 0%....50%....100% - 3 passes
==PROF== Profiling "_matmul_small_res_gate_oproj" - 1437: 0%....50%....100% - 3 passes
==PROF== Profiling "_adarms_norm_kernel" - 1438: 0%....50%....100% - 3 passes
==PROF== Profiling "_matmul_small_gate" - 1439: 0%....50%....100% - 3 passes
==PROF== Profiling "_matmul_small_res_gate_ffn_down" - 1440: 0%....50%....100% - 3 passes
==PROF== Profiling "_adarms_norm_kernel" - 1441: 0%....50%....100% - 3 passes
==PROF== Profiling "_matmul_rope_qkv" - 1442: 0%....50%....100% - 3 passes
==PROF== Profiling "_matmul_abt_scale" - 1443: 0%....50%....100% - 3 passes
==PROF== Profiling "_softmax_prefix_suffix_mask_v..." - 1444: 0%....50%....100% - 3 passes
==PROF== Profiling "_matmul_small" - 1445: 0%....50%....100% - 3 passes
==PROF== Profiling "_matmul_small_res_gate_oproj" - 1446: 0%....50%....100% - 3 passes
==PROF== Profiling "_adarms_norm_kernel" - 1447: 0%....50%....100% - 3 passes
==PROF== Profiling "_matmul_small_gate" - 1448: 0%....50%....100% - 3 passes
==PROF== Profiling "_matmul_small_res_gate_ffn_down" - 1449: 0%....50%....100% - 3 passes
==PROF== Profiling "_adarms_norm_kernel" - 1450: 0%....50%....100% - 3 passes
==PROF== Profiling "_matmul_rope_qkv" - 1451: 0%....50%....100% - 3 passes
==PROF== Profiling "_matmul_abt_scale" - 1452: 0%....50%....100% - 3 passes
==PROF== Profiling "_softmax_prefix_suffix_mask_v..." - 1453: 0%....50%....100% - 3 passes
==PROF== Profiling "_matmul_small" - 1454: 0%....50%....100% - 3 passes
==PROF== Profiling "_matmul_small_res_gate_oproj" - 1455: 0%....50%....100% - 3 passes
==PROF== Profiling "_adarms_norm_kernel" - 1456: 0%....50%....100% - 3 passes
==PROF== Profiling "_matmul_small_gate" - 1457: 0%....50%....100% - 3 passes
==PROF== Profiling "_matmul_small_res_gate_ffn_down" - 1458: 0%....50%....100% - 3 passes
==PROF== Profiling "_adarms_norm_kernel" - 1459: 0%....50%....100% - 3 passes
==PROF== Profiling "_matmul_rope_qkv" - 1460: 0%....50%....100% - 3 passes
==PROF== Profiling "_matmul_abt_scale" - 1461: 0%....50%....100% - 3 passes
==PROF== Profiling "_softmax_prefix_suffix_mask_v..." - 1462: 0%....50%....100% - 3 passes
==PROF== Profiling "_matmul_small" - 1463: 0%....50%....100% - 3 passes
==PROF== Profiling "_matmul_small_res_gate_oproj" - 1464: 0%....50%....100% - 3 passes
==PROF== Profiling "_adarms_norm_kernel" - 1465: 0%....50%....100% - 3 passes
==PROF== Profiling "_matmul_small_gate" - 1466: 0%....50%....100% - 3 passes
==PROF== Profiling "_matmul_small_res_gate_ffn_down" - 1467: 0%....50%....100% - 3 passes
==PROF== Profiling "_adarms_norm_kernel" - 1468: 0%....50%....100% - 3 passes
==PROF== Profiling "_matmul_rope_qkv" - 1469: 0%....50%....100% - 3 passes
==PROF== Profiling "_matmul_abt_scale" - 1470: 0%....50%....100% - 3 passes
==PROF== Profiling "_softmax_prefix_suffix_mask_v..." - 1471: 0%....50%....100% - 3 passes
==PROF== Profiling "_matmul_small" - 1472: 0%....50%....100% - 3 passes
==PROF== Profiling "_matmul_small_res_gate_oproj" - 1473: 0%....50%....100% - 3 passes
==PROF== Profiling "_adarms_norm_kernel" - 1474: 0%....50%....100% - 3 passes
==PROF== Profiling "_matmul_small_gate" - 1475: 0%....50%....100% - 3 passes
==PROF== Profiling "_matmul_small_res_gate_ffn_down" - 1476: 0%....50%....100% - 3 passes
==PROF== Profiling "_adarms_norm_kernel" - 1477: 0%....50%....100% - 3 passes
==PROF== Profiling "_matmul_rope_qkv" - 1478: 0%....50%....100% - 3 passes
==PROF== Profiling "_matmul_abt_scale" - 1479: 0%....50%....100% - 3 passes
==PROF== Profiling "_softmax_prefix_suffix_mask_v..." - 1480: 0%....50%....100% - 3 passes
==PROF== Profiling "_matmul_small" - 1481: 0%....50%....100% - 3 passes
==PROF== Profiling "_matmul_small_res_gate_oproj" - 1482: 0%....50%....100% - 3 passes
==PROF== Profiling "_adarms_norm_kernel" - 1483: 0%....50%....100% - 3 passes
==PROF== Profiling "_matmul_small_gate" - 1484: 0%....50%....100% - 3 passes
==PROF== Profiling "_matmul_small_res_gate_ffn_down" - 1485: 0%....50%....100% - 3 passes
==PROF== Profiling "_adarms_norm_kernel" - 1486: 0%....50%....100% - 3 passes
==PROF== Profiling "_matmul_small_bias_res" - 1487: 0%....50%....100% - 3 passes
==PROF== Profiling "_matmul_small_bias" - 1488: 0%....50%....100% - 3 passes
==PROF== Profiling "_adarms_norm_kernel" - 1489: 0%....50%....100% - 3 passes
==PROF== Profiling "_matmul_rope_qkv" - 1490: 0%....50%....100% - 3 passes
==PROF== Profiling "_matmul_abt_scale" - 1491: 0%....50%....100% - 3 passes
==PROF== Profiling "_softmax_prefix_suffix_mask_v..." - 1492: 0%....50%....100% - 3 passes
==PROF== Profiling "_matmul_small" - 1493: 0%....50%....100% - 3 passes
==PROF== Profiling "_matmul_small_res_gate_oproj" - 1494: 0%....50%....100% - 3 passes
==PROF== Profiling "_adarms_norm_kernel" - 1495: 0%....50%....100% - 3 passes
==PROF== Profiling "_matmul_small_gate" - 1496: 0%....50%....100% - 3 passes
==PROF== Profiling "_matmul_small_res_gate_ffn_down" - 1497: 0%....50%....100% - 3 passes
==PROF== Profiling "_adarms_norm_kernel" - 1498: 0%....50%....100% - 3 passes
==PROF== Profiling "_matmul_rope_qkv" - 1499: 0%....50%....100% - 3 passes
==PROF== Profiling "_matmul_abt_scale" - 1500: 0%....50%....100% - 3 passes
==PROF== Profiling "_softmax_prefix_suffix_mask_v..." - 1501: 0%....50%....100% - 3 passes
==PROF== Profiling "_matmul_small" - 1502: 0%....50%....100% - 3 passes
==PROF== Profiling "_matmul_small_res_gate_oproj" - 1503: 0%....50%....100% - 3 passes
==PROF== Profiling "_adarms_norm_kernel" - 1504: 0%....50%....100% - 3 passes
==PROF== Profiling "_matmul_small_gate" - 1505: 0%....50%....100% - 3 passes
==PROF== Profiling "_matmul_small_res_gate_ffn_down" - 1506: 0%....50%....100% - 3 passes
==PROF== Profiling "_adarms_norm_kernel" - 1507: 0%....50%....100% - 3 passes
==PROF== Profiling "_matmul_rope_qkv" - 1508: 0%....50%....100% - 3 passes
==PROF== Profiling "_matmul_abt_scale" - 1509: 0%....50%....100% - 3 passes
==PROF== Profiling "_softmax_prefix_suffix_mask_v..." - 1510: 0%....50%....100% - 3 passes
==PROF== Profiling "_matmul_small" - 1511: 0%....50%....100% - 3 passes
==PROF== Profiling "_matmul_small_res_gate_oproj" - 1512: 0%....50%....100% - 3 passes
==PROF== Profiling "_adarms_norm_kernel" - 1513: 0%....50%....100% - 3 passes
==PROF== Profiling "_matmul_small_gate" - 1514: 0%....50%....100% - 3 passes
==PROF== Profiling "_matmul_small_res_gate_ffn_down" - 1515: 0%....50%....100% - 3 passes
==PROF== Profiling "_adarms_norm_kernel" - 1516: 0%....50%....100% - 3 passes
==PROF== Profiling "_matmul_rope_qkv" - 1517: 0%....50%....100% - 3 passes
==PROF== Profiling "_matmul_abt_scale" - 1518: 0%....50%....100% - 3 passes
==PROF== Profiling "_softmax_prefix_suffix_mask_v..." - 1519: 0%....50%....100% - 3 passes
==PROF== Profiling "_matmul_small" - 1520: 0%....50%....100% - 3 passes
==PROF== Profiling "_matmul_small_res_gate_oproj" - 1521: 0%....50%....100% - 3 passes
==PROF== Profiling "_adarms_norm_kernel" - 1522: 0%....50%....100% - 3 passes
==PROF== Profiling "_matmul_small_gate" - 1523: 0%....50%....100% - 3 passes
==PROF== Profiling "_matmul_small_res_gate_ffn_down" - 1524: 0%....50%....100% - 3 passes
==PROF== Profiling "_adarms_norm_kernel" - 1525: 0%....50%....100% - 3 passes
==PROF== Profiling "_matmul_rope_qkv" - 1526: 0%....50%....100% - 3 passes
==PROF== Profiling "_matmul_abt_scale" - 1527: 0%....50%....100% - 3 passes
==PROF== Profiling "_softmax_prefix_suffix_mask_v..." - 1528: 0%....50%....100% - 3 passes
==PROF== Profiling "_matmul_small" - 1529: 0%....50%....100% - 3 passes
==PROF== Profiling "_matmul_small_res_gate_oproj" - 1530: 0%....50%....100% - 3 passes
==PROF== Profiling "_adarms_norm_kernel" - 1531: 0%....50%....100% - 3 passes
==PROF== Profiling "_matmul_small_gate" - 1532: 0%....50%....100% - 3 passes
==PROF== Profiling "_matmul_small_res_gate_ffn_down" - 1533: 0%....50%....100% - 3 passes
==PROF== Profiling "_adarms_norm_kernel" - 1534: 0%....50%....100% - 3 passes
==PROF== Profiling "_matmul_rope_qkv" - 1535: 0%....50%....100% - 3 passes
==PROF== Profiling "_matmul_abt_scale" - 1536: 0%....50%....100% - 3 passes
==PROF== Profiling "_softmax_prefix_suffix_mask_v..." - 1537: 0%....50%....100% - 3 passes
==PROF== Profiling "_matmul_small" - 1538: 0%....50%....100% - 3 passes
==PROF== Profiling "_matmul_small_res_gate_oproj" - 1539: 0%....50%....100% - 3 passes
==PROF== Profiling "_adarms_norm_kernel" - 1540: 0%....50%....100% - 3 passes
==PROF== Profiling "_matmul_small_gate" - 1541: 0%....50%....100% - 3 passes
==PROF== Profiling "_matmul_small_res_gate_ffn_down" - 1542: 0%....50%....100% - 3 passes
==PROF== Profiling "_adarms_norm_kernel" - 1543: 0%....50%....100% - 3 passes
==PROF== Profiling "_matmul_rope_qkv" - 1544: 0%....50%....100% - 3 passes
==PROF== Profiling "_matmul_abt_scale" - 1545: 0%....50%....100% - 3 passes
==PROF== Profiling "_softmax_prefix_suffix_mask_v..." - 1546: 0%....50%....100% - 3 passes
==PROF== Profiling "_matmul_small" - 1547: 0%....50%....100% - 3 passes
==PROF== Profiling "_matmul_small_res_gate_oproj" - 1548: 0%....50%....100% - 3 passes
==PROF== Profiling "_adarms_norm_kernel" - 1549: 0%....50%....100% - 3 passes
==PROF== Profiling "_matmul_small_gate" - 1550: 0%....50%....100% - 3 passes
==PROF== Profiling "_matmul_small_res_gate_ffn_down" - 1551: 0%....50%....100% - 3 passes
==PROF== Profiling "_adarms_norm_kernel" - 1552: 0%....50%....100% - 3 passes
==PROF== Profiling "_matmul_rope_qkv" - 1553: 0%....50%....100% - 3 passes
==PROF== Profiling "_matmul_abt_scale" - 1554: 0%....50%....100% - 3 passes
==PROF== Profiling "_softmax_prefix_suffix_mask_v..." - 1555: 0%....50%....100% - 3 passes
==PROF== Profiling "_matmul_small" - 1556: 0%....50%....100% - 3 passes
==PROF== Profiling "_matmul_small_res_gate_oproj" - 1557: 0%....50%....100% - 3 passes
==PROF== Profiling "_adarms_norm_kernel" - 1558: 0%....50%....100% - 3 passes
==PROF== Profiling "_matmul_small_gate" - 1559: 0%....50%....100% - 3 passes
==PROF== Profiling "_matmul_small_res_gate_ffn_down" - 1560: 0%....50%....100% - 3 passes
==PROF== Profiling "_adarms_norm_kernel" - 1561: 0%....50%....100% - 3 passes
==PROF== Profiling "_matmul_rope_qkv" - 1562: 0%....50%....100% - 3 passes
==PROF== Profiling "_matmul_abt_scale" - 1563: 0%....50%....100% - 3 passes
==PROF== Profiling "_softmax_prefix_suffix_mask_v..." - 1564: 0%....50%....100% - 3 passes
==PROF== Profiling "_matmul_small" - 1565: 0%....50%....100% - 3 passes
==PROF== Profiling "_matmul_small_res_gate_oproj" - 1566: 0%....50%....100% - 3 passes
==PROF== Profiling "_adarms_norm_kernel" - 1567: 0%....50%....100% - 3 passes
==PROF== Profiling "_matmul_small_gate" - 1568: 0%....50%....100% - 3 passes
==PROF== Profiling "_matmul_small_res_gate_ffn_down" - 1569: 0%....50%....100% - 3 passes
==PROF== Profiling "_adarms_norm_kernel" - 1570: 0%....50%....100% - 3 passes
==PROF== Profiling "_matmul_rope_qkv" - 1571: 0%....50%....100% - 3 passes
==PROF== Profiling "_matmul_abt_scale" - 1572: 0%....50%....100% - 3 passes
==PROF== Profiling "_softmax_prefix_suffix_mask_v..." - 1573: 0%....50%....100% - 3 passes
==PROF== Profiling "_matmul_small" - 1574: 0%....50%....100% - 3 passes
==PROF== Profiling "_matmul_small_res_gate_oproj" - 1575: 0%....50%....100% - 3 passes
==PROF== Profiling "_adarms_norm_kernel" - 1576: 0%....50%....100% - 3 passes
==PROF== Profiling "_matmul_small_gate" - 1577: 0%....50%....100% - 3 passes
==PROF== Profiling "_matmul_small_res_gate_ffn_down" - 1578: 0%....50%....100% - 3 passes
==PROF== Profiling "_adarms_norm_kernel" - 1579: 0%....50%....100% - 3 passes
==PROF== Profiling "_matmul_rope_qkv" - 1580: 0%....50%....100% - 3 passes
==PROF== Profiling "_matmul_abt_scale" - 1581: 0%....50%....100% - 3 passes
==PROF== Profiling "_softmax_prefix_suffix_mask_v..." - 1582: 0%....50%....100% - 3 passes
==PROF== Profiling "_matmul_small" - 1583: 0%....50%....100% - 3 passes
==PROF== Profiling "_matmul_small_res_gate_oproj" - 1584: 0%....50%....100% - 3 passes
==PROF== Profiling "_adarms_norm_kernel" - 1585: 0%....50%....100% - 3 passes
==PROF== Profiling "_matmul_small_gate" - 1586: 0%....50%....100% - 3 passes
==PROF== Profiling "_matmul_small_res_gate_ffn_down" - 1587: 0%....50%....100% - 3 passes
==PROF== Profiling "_adarms_norm_kernel" - 1588: 0%....50%....100% - 3 passes
==PROF== Profiling "_matmul_rope_qkv" - 1589: 0%....50%....100% - 3 passes
==PROF== Profiling "_matmul_abt_scale" - 1590: 0%....50%....100% - 3 passes
==PROF== Profiling "_softmax_prefix_suffix_mask_v..." - 1591: 0%....50%....100% - 3 passes
==PROF== Profiling "_matmul_small" - 1592: 0%....50%....100% - 3 passes
==PROF== Profiling "_matmul_small_res_gate_oproj" - 1593: 0%....50%....100% - 3 passes
==PROF== Profiling "_adarms_norm_kernel" - 1594: 0%....50%....100% - 3 passes
==PROF== Profiling "_matmul_small_gate" - 1595: 0%....50%....100% - 3 passes
==PROF== Profiling "_matmul_small_res_gate_ffn_down" - 1596: 0%....50%....100% - 3 passes
==PROF== Profiling "_adarms_norm_kernel" - 1597: 0%....50%....100% - 3 passes
==PROF== Profiling "_matmul_rope_qkv" - 1598: 0%....50%....100% - 3 passes
==PROF== Profiling "_matmul_abt_scale" - 1599: 0%....50%....100% - 3 passes
==PROF== Profiling "_softmax_prefix_suffix_mask_v..." - 1600: 0%....50%....100% - 3 passes
==PROF== Profiling "_matmul_small" - 1601: 0%....50%....100% - 3 passes
==PROF== Profiling "_matmul_small_res_gate_oproj" - 1602: 0%....50%....100% - 3 passes
==PROF== Profiling "_adarms_norm_kernel" - 1603: 0%....50%....100% - 3 passes
==PROF== Profiling "_matmul_small_gate" - 1604: 0%....50%....100% - 3 passes
==PROF== Profiling "_matmul_small_res_gate_ffn_down" - 1605: 0%....50%....100% - 3 passes
==PROF== Profiling "_adarms_norm_kernel" - 1606: 0%....50%....100% - 3 passes
==PROF== Profiling "_matmul_rope_qkv" - 1607: 0%....50%....100% - 3 passes
==PROF== Profiling "_matmul_abt_scale" - 1608: 0%....50%....100% - 3 passes
==PROF== Profiling "_softmax_prefix_suffix_mask_v..." - 1609: 0%....50%....100% - 3 passes
==PROF== Profiling "_matmul_small" - 1610: 0%....50%....100% - 3 passes
==PROF== Profiling "_matmul_small_res_gate_oproj" - 1611: 0%....50%....100% - 3 passes
==PROF== Profiling "_adarms_norm_kernel" - 1612: 0%....50%....100% - 3 passes
==PROF== Profiling "_matmul_small_gate" - 1613: 0%....50%....100% - 3 passes
==PROF== Profiling "_matmul_small_res_gate_ffn_down" - 1614: 0%....50%....100% - 3 passes
==PROF== Profiling "_adarms_norm_kernel" - 1615: 0%....50%....100% - 3 passes
==PROF== Profiling "_matmul_rope_qkv" - 1616: 0%....50%....100% - 3 passes
==PROF== Profiling "_matmul_abt_scale" - 1617: 0%....50%....100% - 3 passes
==PROF== Profiling "_softmax_prefix_suffix_mask_v..." - 1618: 0%....50%....100% - 3 passes
==PROF== Profiling "_matmul_small" - 1619: 0%....50%....100% - 3 passes
==PROF== Profiling "_matmul_small_res_gate_oproj" - 1620: 0%....50%....100% - 3 passes
==PROF== Profiling "_adarms_norm_kernel" - 1621: 0%....50%....100% - 3 passes
==PROF== Profiling "_matmul_small_gate" - 1622: 0%....50%....100% - 3 passes
==PROF== Profiling "_matmul_small_res_gate_ffn_down" - 1623: 0%....50%....100% - 3 passes
==PROF== Profiling "_adarms_norm_kernel" - 1624: 0%....50%....100% - 3 passes
==PROF== Profiling "_matmul_rope_qkv" - 1625: 0%....50%....100% - 3 passes
==PROF== Profiling "_matmul_abt_scale" - 1626: 0%....50%....100% - 3 passes
==PROF== Profiling "_softmax_prefix_suffix_mask_v..." - 1627: 0%....50%....100% - 3 passes
==PROF== Profiling "_matmul_small" - 1628: 0%....50%....100% - 3 passes
==PROF== Profiling "_matmul_small_res_gate_oproj" - 1629: 0%....50%....100% - 3 passes
==PROF== Profiling "_adarms_norm_kernel" - 1630: 0%....50%....100% - 3 passes
==PROF== Profiling "_matmul_small_gate" - 1631: 0%....50%....100% - 3 passes
==PROF== Profiling "_matmul_small_res_gate_ffn_down" - 1632: 0%....50%....100% - 3 passes
==PROF== Profiling "_adarms_norm_kernel" - 1633: 0%....50%....100% - 3 passes
==PROF== Profiling "_matmul_rope_qkv" - 1634: 0%....50%....100% - 3 passes
==PROF== Profiling "_matmul_abt_scale" - 1635: 0%....50%....100% - 3 passes
==PROF== Profiling "_softmax_prefix_suffix_mask_v..." - 1636: 0%....50%....100% - 3 passes
==PROF== Profiling "_matmul_small" - 1637: 0%....50%....100% - 3 passes
==PROF== Profiling "_matmul_small_res_gate_oproj" - 1638: 0%....50%....100% - 3 passes
==PROF== Profiling "_adarms_norm_kernel" - 1639: 0%....50%....100% - 3 passes
==PROF== Profiling "_matmul_small_gate" - 1640: 0%....50%....100% - 3 passes
==PROF== Profiling "_matmul_small_res_gate_ffn_down" - 1641: 0%....50%....100% - 3 passes
==PROF== Profiling "_adarms_norm_kernel" - 1642: 0%....50%....100% - 3 passes
==PROF== Profiling "_matmul_rope_qkv" - 1643: 0%....50%....100% - 3 passes
==PROF== Profiling "_matmul_abt_scale" - 1644: 0%....50%....100% - 3 passes
==PROF== Profiling "_softmax_prefix_suffix_mask_v..." - 1645: 0%....50%....100% - 3 passes
==PROF== Profiling "_matmul_small" - 1646: 0%....50%....100% - 3 passes
==PROF== Profiling "_matmul_small_res_gate_oproj" - 1647: 0%....50%....100% - 3 passes
==PROF== Profiling "_adarms_norm_kernel" - 1648: 0%....50%....100% - 3 passes
==PROF== Profiling "_matmul_small_gate" - 1649: 0%....50%....100% - 3 passes
==PROF== Profiling "_matmul_small_res_gate_ffn_down" - 1650: 0%....50%....100% - 3 passes
==PROF== Profiling "_adarms_norm_kernel" - 1651: 0%....50%....100% - 3 passes
==PROF== Profiling "_matmul_small_bias_res" - 1652: 0%....50%....100% - 3 passes
==PROF== Profiling "unrolled_elementwise_kernel" - 1653: 0%....50%....100% - 3 passes
[2026-09-13 13:50:29] Run completed; benchmark and actions saved
{
  "slurm_job_id": null,
  "host": "fact-thor",
  "gpu": "NVIDIA Thor",
  "compute_capability": [
    11,
    0
  ],
  "python": "3.12.3",
  "torch": "2.11.0+cu130",
  "cuda": "13.0",
  "packages": {
    "vllm": "0.22.0",
    "vllm-omni": null,
    "transformers": "5.8.1",
    "triton": "3.6.0"
  },
  "upstream_model_file": "/fact_data/xinyaowang/vla_vllm_profiling/vllm-omni/vllm_omni/diffusion/models/pi05/realtime_triton.py",
  "workload": {
    "checkpoint": "/scratch/xinyaowang/vla-vllm-profiling/assets/pi05_base/b211f3d44c36b6acfcf7ae94a64e8e96f75a64ba",
    "dtype": "bfloat16 blanket cast (PR4419)",
    "batch": 1,
    "cameras": 3,
    "steps": 10,
    "seed": 17,
    "input": "Synthetic images and zero state; repeated observation; cross-request caching disabled",
    "expert_scope": "Action input projection, 10-step denoising (or configured steps), final head and Euler; prefix and AdaRMS precompute excluded"
  },
  "memory_before": {
    "host_available_bytes": 125053018112,
    "cgroup_limits": [],
    "available_bytes": 125053018112
  },
  "min_available_gib": 32,
  "cuda_peak_allocated_bytes": 15379749888,
  "cuda_peak_reserved_bytes": 15609102336,
  "load_audit": {
    "loaded_parameter_names": 813,
    "missing_parameter_names": []
  },
  "pipeline_safe_wall": null,
  "pipeline_optimized_wall": null,
  "comparison": {
    "reference": "same PR safe backend; external LeRobot parity NOT yet established",
    "safe_vs_optimized_max_abs": null,
    "safe_vs_optimized_mean_abs": null,
    "expert_eager_vs_graph_max_abs": null
  },
  "profiled": true,
  "timing_warning": "Profile mode omits latency sweeps and the extra expert graph; use the separate uninstrumented run for latency and parity."
}
==PROF== Disconnected from process 2366711
==PROF== Report: /fact_data/xinyaowang/vla_vllm_profiling/results/raw/thor_pi05_20260913/ncu_expert/action_expert.ncu-rep
