id,process_id,device,context,stream,kernel,grid,block,operator,domain,duration_ns,memory_level,memory_bytes,dram_bytes,flops,ai_flops_per_byte,performance_tflops,status
0,2366711,0,1,7,"void at::vectorized_elementwise_kernel<4, at::FillFunctor<int>, std::array<char *, 1>>(int, T2, T3)","(1, 1, 1)","(128, 1, 1)","action_expert/void at::native::vectorized_elementwise_kernel<(int)4, at::native::FillFunctor<int>, std::array<char *, (unsigned long)1>>(int, T2, T3)",bf16_tensor,3552.0,l2,19296.0,,0.0,,,zero_counted_flops
0,2366711,0,1,7,"void at::vectorized_elementwise_kernel<4, at::FillFunctor<int>, std::array<char *, 1>>(int, T2, T3)","(1, 1, 1)","(128, 1, 1)","action_expert/void at::native::vectorized_elementwise_kernel<(int)4, at::native::FillFunctor<int>, std::array<char *, (unsigned long)1>>(int, T2, T3)",fp32_simt,3552.0,l2,19296.0,,0.0,,,zero_counted_flops
1,2366711,0,1,7,"void at::unrolled_elementwise_kernel<at::direct_copy_kernel_cuda(at::TensorIteratorBase &)::[lambda() (instance 3)]::operator ()() const::[lambda() (instance 3)]::operator ()() const::[lambda(int) (instance 1)], std::array<char *, 2>, 4, TrivialOffsetCalculator<1, unsigned int>, TrivialOffsetCalculator<1, unsigned int>, memory::LoadWithCast<1>, memory::StoreWithCast<1>>(int, T1, T2, T4, T5, T6, T7)","(1, 1, 1)","(128, 1, 1)","action_expert/void at::native::unrolled_elementwise_kernel<at::native::direct_copy_kernel_cuda(at::TensorIteratorBase &)::[lambda() (instance 3)]::operator ()() const::[lambda() (instance 3)]::operator ()() const::[lambda(int) (instance 1)], std::array<char *, (unsigned long)2>, (int)4, TrivialOffsetCalculator<(int)1, unsigned int>, TrivialOffsetCalculator<(int)1, unsigned int>, at::native::memory::LoadWithCast<(int)1>, at::native::memory::StoreWithCast<(int)1>>(int, T1, T2, T4, T5, T6, T7)",bf16_tensor,12608.0,l2,119552.0,,0.0,,,zero_counted_flops
1,2366711,0,1,7,"void at::unrolled_elementwise_kernel<at::direct_copy_kernel_cuda(at::TensorIteratorBase &)::[lambda() (instance 3)]::operator ()() const::[lambda() (instance 3)]::operator ()() const::[lambda(int) (instance 1)], std::array<char *, 2>, 4, TrivialOffsetCalculator<1, unsigned int>, TrivialOffsetCalculator<1, unsigned int>, memory::LoadWithCast<1>, memory::StoreWithCast<1>>(int, T1, T2, T4, T5, T6, T7)","(1, 1, 1)","(128, 1, 1)","action_expert/void at::native::unrolled_elementwise_kernel<at::native::direct_copy_kernel_cuda(at::TensorIteratorBase &)::[lambda() (instance 3)]::operator ()() const::[lambda() (instance 3)]::operator ()() const::[lambda(int) (instance 1)], std::array<char *, (unsigned long)2>, (int)4, TrivialOffsetCalculator<(int)1, unsigned int>, TrivialOffsetCalculator<(int)1, unsigned int>, at::native::memory::LoadWithCast<(int)1>, at::native::memory::StoreWithCast<(int)1>>(int, T1, T2, T4, T5, T6, T7)",fp32_simt,12608.0,l2,119552.0,,0.0,,,zero_counted_flops
2,2366711,0,1,7,"void at::vectorized_elementwise_kernel<4, at::bfloat16_copy_kernel_cuda(at::TensorIteratorBase &)::[lambda(float) (instance 1)], std::array<char *, 2>>(int, T2, T3)","(2, 1, 1)","(128, 1, 1)","action_expert/void at::native::vectorized_elementwise_kernel<(int)4, at::native::bfloat16_copy_kernel_cuda(at::TensorIteratorBase &)::[lambda(float) (instance 1)], std::array<char *, (unsigned long)2>>(int, T2, T3)",bf16_tensor,18592.0,l2,51904.0,,0.0,,,zero_counted_flops
2,2366711,0,1,7,"void at::vectorized_elementwise_kernel<4, at::bfloat16_copy_kernel_cuda(at::TensorIteratorBase &)::[lambda(float) (instance 1)], std::array<char *, 2>>(int, T2, T3)","(2, 1, 1)","(128, 1, 1)","action_expert/void at::native::vectorized_elementwise_kernel<(int)4, at::native::bfloat16_copy_kernel_cuda(at::TensorIteratorBase &)::[lambda(float) (instance 1)], std::array<char *, (unsigned long)2>>(int, T2, T3)",fp32_simt,18592.0,l2,51904.0,,0.0,,,zero_counted_flops
3,2366711,0,1,7,_matmul_small_bias,"(64, 1, 1)","(128, 1, 1)",step00.layer-1._matmul_small_bias.line1839/_matmul_small_bias,bf16_tensor,15552.0,l2,364640.0,,4194304.0,11.50258885476086,0.2696954732510288,ok
3,2366711,0,1,7,_matmul_small_bias,"(64, 1, 1)","(128, 1, 1)",step00.layer-1._matmul_small_bias.line1839/_matmul_small_bias,fp32_simt,15552.0,l2,364640.0,,32768.0,0.08986397542781922,0.0021069958847736627,ok
4,2366711,0,1,7,_adarms_norm_kernel,"(50, 1, 1)","(128, 1, 1)",step00.layer00._adarms_norm_kernel.line1854/_adarms_norm_kernel,bf16_tensor,14656.000000000002,l2,459872.0,,0.0,,,zero_counted_flops
4,2366711,0,1,7,_adarms_norm_kernel,"(50, 1, 1)","(128, 1, 1)",step00.layer00._adarms_norm_kernel.line1854/_adarms_norm_kernel,fp32_simt,14656.000000000002,l2,459872.0,,358400.0,0.7793472966390648,0.024454148471615717,ok
5,2366711,0,1,7,_matmul_rope_qkv,"(128, 1, 1)","(128, 1, 1)",step00.layer00._matmul_rope_qkv.line1863/_matmul_rope_qkv,bf16_tensor,33216.0,l2,13918464.0,,335544320.0,24.10785557946624,10.10188824662813,ok
5,2366711,0,1,7,_matmul_rope_qkv,"(128, 1, 1)","(128, 1, 1)",step00.layer00._matmul_rope_qkv.line1863/_matmul_rope_qkv,fp32_simt,33216.0,l2,13918464.0,,442368.0,0.031782817414335376,0.013317919075144508,ok
6,2366711,0,1,7,_matmul_abt_scale,"(91, 1, 1)","(128, 1, 1)",step00.layer00._matmul_abt_scale.line1899/_matmul_abt_scale,bf16_tensor,16992.000000000004,l2,2853120.0,,47710208.0,16.72211754149843,2.8078041431261767,ok
6,2366711,0,1,7,_matmul_abt_scale,"(91, 1, 1)","(128, 1, 1)",step00.layer00._matmul_abt_scale.line1899/_matmul_abt_scale,fp32_simt,16992.000000000004,l2,2853120.0,,93184.0,0.03266038582323912,0.005483992467043314,ok
7,2366711,0,1,7,_softmax_prefix_suffix_mask_vector,"(100, 1, 1)","(128, 1, 1)",step00.layer00._softmax_prefix_suffix_mask_vector.line1911/_softmax_prefix_suffix_mask_vector,bf16_tensor,18752.000000000004,l2,566560.0,,0.0,,,zero_counted_flops
7,2366711,0,1,7,_softmax_prefix_suffix_mask_vector,"(100, 1, 1)","(128, 1, 1)",step00.layer00._softmax_prefix_suffix_mask_vector.line1911/_softmax_prefix_suffix_mask_vector,fp32_simt,18752.000000000004,l2,566560.0,,2528000.0,4.462016379553798,0.13481228668941977,ok
8,2366711,0,1,7,_matmul_small,"(104, 1, 1)","(128, 1, 1)",step00.layer00._matmul_small.line1921/_matmul_small,bf16_tensor,19520.000000000004,l2,3429280.0,,54525952.0,15.900116642560537,2.793337704918032,ok
8,2366711,0,1,7,_matmul_small,"(104, 1, 1)","(128, 1, 1)",step00.layer00._matmul_small.line1921/_matmul_small,fp32_simt,19520.000000000004,l2,3429280.0,,0.0,,,zero_counted_flops
9,2366711,0,1,7,_matmul_small_res_gate_oproj,"(128, 1, 1)","(128, 1, 1)",step00.layer00._matmul_small_res_gate_oproj.line1932/_matmul_small_res_gate_oproj,bf16_tensor,42528.0,l2,14677536.0,,268435456.0,18.28886374388726,6.311969902182091,ok
9,2366711,0,1,7,_matmul_small_res_gate_oproj,"(128, 1, 1)","(128, 1, 1)",step00.layer00._matmul_small_res_gate_oproj.line1932/_matmul_small_res_gate_oproj,fp32_simt,42528.0,l2,14677536.0,,131072.0,0.00893010924994495,0.0030820165537998492,ok
10,2366711,0,1,7,_adarms_norm_kernel,"(50, 1, 1)","(128, 1, 1)",step00.layer00._adarms_norm_kernel.line1945/_adarms_norm_kernel,bf16_tensor,14784.000000000002,l2,456928.0,,0.0,,,zero_counted_flops
10,2366711,0,1,7,_adarms_norm_kernel,"(50, 1, 1)","(128, 1, 1)",step00.layer00._adarms_norm_kernel.line1945/_adarms_norm_kernel,fp32_simt,14784.000000000002,l2,456928.0,,358400.0,0.7843686532670355,0.02424242424242424,ok
11,2366711,0,1,7,_matmul_small_gate,"(1, 64, 1)","(128, 1, 1)",step00.layer00._matmul_small_gate.line1954/_matmul_small_gate,bf16_tensor,80864.0,l2,23342496.0,,1073741824.0,45.99944341856158,13.278366442421843,ok
11,2366711,0,1,7,_matmul_small_gate,"(1, 64, 1)","(128, 1, 1)",step00.layer00._matmul_small_gate.line1954/_matmul_small_gate,fp32_simt,80864.0,l2,23342496.0,,2883584.0,0.12353366152445737,0.03565967550455085,ok
12,2366711,0,1,7,_matmul_small_res_gate_ffn_down,"(64, 1, 1)","(128, 1, 1)",step00.layer00._matmul_small_res_gate_ffn_down.line1971/_matmul_small_res_gate_ffn_down,bf16_tensor,74400.0,l2,39362464.0,,536870912.0,13.639159174588258,7.216006881720429,ok
12,2366711,0,1,7,_matmul_small_res_gate_ffn_down,"(64, 1, 1)","(128, 1, 1)",step00.layer00._matmul_small_res_gate_ffn_down.line1971/_matmul_small_res_gate_ffn_down,fp32_simt,74400.0,l2,39362464.0,,131072.0,0.0033298728453584614,0.0017617204301075267,ok
13,2366711,0,1,7,_adarms_norm_kernel,"(50, 1, 1)","(128, 1, 1)",step00.layer01._adarms_norm_kernel.line1854/_adarms_norm_kernel,bf16_tensor,16544.0,l2,467296.0,,0.0,,,zero_counted_flops
13,2366711,0,1,7,_adarms_norm_kernel,"(50, 1, 1)","(128, 1, 1)",step00.layer01._adarms_norm_kernel.line1854/_adarms_norm_kernel,fp32_simt,16544.0,l2,467296.0,,358400.0,0.7669656919810998,0.021663442940038684,ok
14,2366711,0,1,7,_matmul_rope_qkv,"(128, 1, 1)","(128, 1, 1)",step00.layer01._matmul_rope_qkv.line1863/_matmul_rope_qkv,bf16_tensor,38880.0,l2,13813472.0,,335544320.0,24.29109205853532,8.630255144032922,ok
14,2366711,0,1,7,_matmul_rope_qkv,"(128, 1, 1)","(128, 1, 1)",step00.layer01._matmul_rope_qkv.line1863/_matmul_rope_qkv,fp32_simt,38880.0,l2,13813472.0,,442368.0,0.032024388944358086,0.011377777777777777,ok
15,2366711,0,1,7,_matmul_abt_scale,"(91, 1, 1)","(128, 1, 1)",step00.layer01._matmul_abt_scale.line1899/_matmul_abt_scale,bf16_tensor,18368.0,l2,2867328.0,,47710208.0,16.639257176018926,2.597463414634146,ok
15,2366711,0,1,7,_matmul_abt_scale,"(91, 1, 1)","(128, 1, 1)",step00.layer01._matmul_abt_scale.line1899/_matmul_abt_scale,fp32_simt,18368.0,l2,2867328.0,,93184.0,0.032498549171911965,0.005073170731707316,ok
16,2366711,0,1,7,_softmax_prefix_suffix_mask_vector,"(100, 1, 1)","(128, 1, 1)",step00.layer01._softmax_prefix_suffix_mask_vector.line1911/_softmax_prefix_suffix_mask_vector,bf16_tensor,17600.0,l2,560288.0,,0.0,,,zero_counted_flops
16,2366711,0,1,7,_softmax_prefix_suffix_mask_vector,"(100, 1, 1)","(128, 1, 1)",step00.layer01._softmax_prefix_suffix_mask_vector.line1911/_softmax_prefix_suffix_mask_vector,fp32_simt,17600.0,l2,560288.0,,2528000.0,4.511965275001428,0.14363636363636362,ok
17,2366711,0,1,7,_matmul_small,"(104, 1, 1)","(128, 1, 1)",step00.layer01._matmul_small.line1921/_matmul_small,bf16_tensor,18208.000000000004,l2,3424032.0,,54525952.0,15.924486687040307,2.9946151142355006,ok
17,2366711,0,1,7,_matmul_small,"(104, 1, 1)","(128, 1, 1)",step00.layer01._matmul_small.line1921/_matmul_small,fp32_simt,18208.000000000004,l2,3424032.0,,0.0,,,zero_counted_flops
18,2366711,0,1,7,_matmul_small_res_gate_oproj,"(128, 1, 1)","(128, 1, 1)",step00.layer01._matmul_small_res_gate_oproj.line1932/_matmul_small_res_gate_oproj,bf16_tensor,42208.0,l2,14742144.0,,268435456.0,18.20871211134554,6.3598241091736165,ok
18,2366711,0,1,7,_matmul_small_res_gate_oproj,"(128, 1, 1)","(128, 1, 1)",step00.layer01._matmul_small_res_gate_oproj.line1932/_matmul_small_res_gate_oproj,fp32_simt,42208.0,l2,14742144.0,,131072.0,0.00889097271061794,0.00310538286580743,ok
19,2366711,0,1,7,_adarms_norm_kernel,"(50, 1, 1)","(128, 1, 1)",step00.layer01._adarms_norm_kernel.line1945/_adarms_norm_kernel,bf16_tensor,16672.000000000004,l2,463968.0,,0.0,,,zero_counted_flops
19,2366711,0,1,7,_adarms_norm_kernel,"(50, 1, 1)","(128, 1, 1)",step00.layer01._adarms_norm_kernel.line1945/_adarms_norm_kernel,fp32_simt,16672.000000000004,l2,463968.0,,358400.0,0.7724670666942548,0.02149712092130518,ok
20,2366711,0,1,7,_matmul_small_gate,"(1, 64, 1)","(128, 1, 1)",step00.layer01._matmul_small_gate.line1954/_matmul_small_gate,bf16_tensor,86304.0,l2,23347232.0,,1073741824.0,45.990112403902955,12.441391175380051,ok
20,2366711,0,1,7,_matmul_small_gate,"(1, 64, 1)","(128, 1, 1)",step00.layer01._matmul_small_gate.line1954/_matmul_small_gate,fp32_simt,86304.0,l2,23347232.0,,2883584.0,0.12350860264720032,0.033411939191694474,ok
21,2366711,0,1,7,_matmul_small_res_gate_ffn_down,"(64, 1, 1)","(128, 1, 1)",step00.layer01._matmul_small_res_gate_ffn_down.line1971/_matmul_small_res_gate_ffn_down,bf16_tensor,72000.0,l2,39263232.0,,536870912.0,13.673630128054665,7.456540444444444,ok
21,2366711,0,1,7,_matmul_small_res_gate_ffn_down,"(64, 1, 1)","(128, 1, 1)",step00.layer01._matmul_small_res_gate_ffn_down.line1971/_matmul_small_res_gate_ffn_down,fp32_simt,72000.0,l2,39263232.0,,131072.0,0.003338288605482096,0.0018204444444444444,ok
22,2366711,0,1,7,_adarms_norm_kernel,"(50, 1, 1)","(128, 1, 1)",step00.layer02._adarms_norm_kernel.line1854/_adarms_norm_kernel,bf16_tensor,15168.000000000002,l2,465088.0,,0.0,,,zero_counted_flops
22,2366711,0,1,7,_adarms_norm_kernel,"(50, 1, 1)","(128, 1, 1)",step00.layer02._adarms_norm_kernel.line1854/_adarms_norm_kernel,fp32_simt,15168.000000000002,l2,465088.0,,358400.0,0.7706068528966561,0.02362869198312236,ok
23,2366711,0,1,7,_matmul_rope_qkv,"(128, 1, 1)","(128, 1, 1)",step00.layer02._matmul_rope_qkv.line1863/_matmul_rope_qkv,bf16_tensor,35264.0,l2,13811296.0,,335544320.0,24.29491917340704,9.515208711433758,ok
23,2366711,0,1,7,_matmul_rope_qkv,"(128, 1, 1)","(128, 1, 1)",step00.layer02._matmul_rope_qkv.line1863/_matmul_rope_qkv,fp32_simt,35264.0,l2,13811296.0,,442368.0,0.03202943445712843,0.012544464609800363,ok
24,2366711,0,1,7,_matmul_abt_scale,"(91, 1, 1)","(128, 1, 1)",step00.layer02._matmul_abt_scale.line1899/_matmul_abt_scale,bf16_tensor,14752.0,l2,2840704.0,,47710208.0,16.795205695489567,3.234151843817787,ok
24,2366711,0,1,7,_matmul_abt_scale,"(91, 1, 1)","(128, 1, 1)",step00.layer02._matmul_abt_scale.line1899/_matmul_abt_scale,fp32_simt,14752.0,l2,2840704.0,,93184.0,0.03280313612400306,0.006316702819956615,ok
25,2366711,0,1,7,_softmax_prefix_suffix_mask_vector,"(100, 1, 1)","(128, 1, 1)",step00.layer02._softmax_prefix_suffix_mask_vector.line1911/_softmax_prefix_suffix_mask_vector,bf16_tensor,17024.0,l2,560256.0,,0.0,,,zero_counted_flops
25,2366711,0,1,7,_softmax_prefix_suffix_mask_vector,"(100, 1, 1)","(128, 1, 1)",step00.layer02._softmax_prefix_suffix_mask_vector.line1911/_softmax_prefix_suffix_mask_vector,fp32_simt,17024.0,l2,560256.0,,2528000.0,4.512222983778844,0.14849624060150377,ok
26,2366711,0,1,7,_matmul_small,"(104, 1, 1)","(128, 1, 1)",step00.layer02._matmul_small.line1921/_matmul_small,bf16_tensor,17088.0,l2,3413120.0,,54525952.0,15.9753984624039,3.1908913857677907,ok
26,2366711,0,1,7,_matmul_small,"(104, 1, 1)","(128, 1, 1)",step00.layer02._matmul_small.line1921/_matmul_small,fp32_simt,17088.0,l2,3413120.0,,0.0,,,zero_counted_flops
27,2366711,0,1,7,_matmul_small_res_gate_oproj,"(128, 1, 1)","(128, 1, 1)",step00.layer02._matmul_small_res_gate_oproj.line1932/_matmul_small_res_gate_oproj,bf16_tensor,38304.00000000001,l2,14696160.0,,268435456.0,18.265686818869693,7.008026733500417,ok
27,2366711,0,1,7,_matmul_small_res_gate_oproj,"(128, 1, 1)","(128, 1, 1)",step00.layer02._matmul_small_res_gate_oproj.line1932/_matmul_small_res_gate_oproj,fp32_simt,38304.00000000001,l2,14696160.0,,131072.0,0.008918792392026217,0.0034218880534670005,ok
28,2366711,0,1,7,_adarms_norm_kernel,"(50, 1, 1)","(128, 1, 1)",step00.layer02._adarms_norm_kernel.line1945/_adarms_norm_kernel,bf16_tensor,8992.000000000002,l2,443680.0,,0.0,,,zero_counted_flops
28,2366711,0,1,7,_adarms_norm_kernel,"(50, 1, 1)","(128, 1, 1)",step00.layer02._adarms_norm_kernel.line1945/_adarms_norm_kernel,fp32_simt,8992.000000000002,l2,443680.0,,358400.0,0.8077893977641544,0.0398576512455516,ok
29,2366711,0,1,7,_matmul_small_gate,"(1, 64, 1)","(128, 1, 1)",step00.layer02._matmul_small_gate.line1954/_matmul_small_gate,bf16_tensor,84576.00000000001,l2,23322528.0,,1073741824.0,46.03882666578855,12.695585319712446,ok
29,2366711,0,1,7,_matmul_small_gate,"(1, 64, 1)","(128, 1, 1)",step00.layer02._matmul_small_gate.line1954/_matmul_small_gate,fp32_simt,84576.00000000001,l2,23322528.0,,2883584.0,0.1236394270809751,0.03409458948164964,ok
30,2366711,0,1,7,_matmul_small_res_gate_ffn_down,"(64, 1, 1)","(128, 1, 1)",step00.layer02._matmul_small_res_gate_ffn_down.line1971/_matmul_small_res_gate_ffn_down,bf16_tensor,74816.00000000001,l2,39357408.0,,536870912.0,13.640911312045752,7.17588366124893,ok
30,2366711,0,1,7,_matmul_small_res_gate_ffn_down,"(64, 1, 1)","(128, 1, 1)",step00.layer02._matmul_small_res_gate_ffn_down.line1971/_matmul_small_res_gate_ffn_down,fp32_simt,74816.00000000001,l2,39357408.0,,131072.0,0.00333030061329242,0.001751924721984602,ok
31,2366711,0,1,7,_adarms_norm_kernel,"(50, 1, 1)","(128, 1, 1)",step00.layer03._adarms_norm_kernel.line1854/_adarms_norm_kernel,bf16_tensor,14368.0,l2,459776.0,,0.0,,,zero_counted_flops
31,2366711,0,1,7,_adarms_norm_kernel,"(50, 1, 1)","(128, 1, 1)",step00.layer03._adarms_norm_kernel.line1854/_adarms_norm_kernel,fp32_simt,14368.0,l2,459776.0,,358400.0,0.779510022271715,0.024944320712694878,ok
32,2366711,0,1,7,_matmul_rope_qkv,"(128, 1, 1)","(128, 1, 1)",step00.layer03._matmul_rope_qkv.line1863/_matmul_rope_qkv,bf16_tensor,34720.0,l2,13841216.0,,335544320.0,24.2424018236548,9.664294930875576,ok
32,2366711,0,1,7,_matmul_rope_qkv,"(128, 1, 1)","(128, 1, 1)",step00.layer03._matmul_rope_qkv.line1863/_matmul_rope_qkv,fp32_simt,34720.0,l2,13841216.0,,442368.0,0.031960197716732405,0.012741013824884793,ok
33,2366711,0,1,7,_matmul_abt_scale,"(91, 1, 1)","(128, 1, 1)",step00.layer03._matmul_abt_scale.line1899/_matmul_abt_scale,bf16_tensor,16288.0,l2,2865728.0,,47710208.0,16.64854724523751,2.929163064833006,ok
33,2366711,0,1,7,_matmul_abt_scale,"(91, 1, 1)","(128, 1, 1)",step00.layer03._matmul_abt_scale.line1899/_matmul_abt_scale,fp32_simt,16288.0,l2,2865728.0,,93184.0,0.03251669383835451,0.005721021611001965,ok
34,2366711,0,1,7,_softmax_prefix_suffix_mask_vector,"(100, 1, 1)","(128, 1, 1)",step00.layer03._softmax_prefix_suffix_mask_vector.line1911/_softmax_prefix_suffix_mask_vector,bf16_tensor,17792.0,l2,562080.0,,0.0,,,zero_counted_flops
34,2366711,0,1,7,_softmax_prefix_suffix_mask_vector,"(100, 1, 1)","(128, 1, 1)",step00.layer03._softmax_prefix_suffix_mask_vector.line1911/_softmax_prefix_suffix_mask_vector,fp32_simt,17792.0,l2,562080.0,,2528000.0,4.497580415599203,0.14208633093525178,ok
35,2366711,0,1,7,_matmul_small,"(104, 1, 1)","(128, 1, 1)",step00.layer03._matmul_small.line1921/_matmul_small,bf16_tensor,15392.000000000002,l2,3417472.0,,54525952.0,15.955054496423086,3.5424864864864865,ok
35,2366711,0,1,7,_matmul_small,"(104, 1, 1)","(128, 1, 1)",step00.layer03._matmul_small.line1921/_matmul_small,fp32_simt,15392.000000000002,l2,3417472.0,,0.0,,,zero_counted_flops
36,2366711,0,1,7,_matmul_small_res_gate_oproj,"(128, 1, 1)","(128, 1, 1)",step00.layer03._matmul_small_res_gate_oproj.line1932/_matmul_small_res_gate_oproj,bf16_tensor,43104.0,l2,14795488.0,,268435456.0,18.143061992953527,6.22762286562732,ok
36,2366711,0,1,7,_matmul_small_res_gate_oproj,"(128, 1, 1)","(128, 1, 1)",step00.layer03._matmul_small_res_gate_oproj.line1932/_matmul_small_res_gate_oproj,fp32_simt,43104.0,l2,14795488.0,,131072.0,0.00885891698874684,0.00304083147735709,ok
37,2366711,0,1,7,_adarms_norm_kernel,"(50, 1, 1)","(128, 1, 1)",step00.layer03._adarms_norm_kernel.line1945/_adarms_norm_kernel,bf16_tensor,15392.000000000002,l2,464800.0,,0.0,,,zero_counted_flops
37,2366711,0,1,7,_adarms_norm_kernel,"(50, 1, 1)","(128, 1, 1)",step00.layer03._adarms_norm_kernel.line1945/_adarms_norm_kernel,fp32_simt,15392.000000000002,l2,464800.0,,358400.0,0.7710843373493976,0.023284823284823283,ok
38,2366711,0,1,7,_matmul_small_gate,"(1, 64, 1)","(128, 1, 1)",step00.layer03._matmul_small_gate.line1954/_matmul_small_gate,bf16_tensor,80000.0,l2,23316096.0,,1073741824.0,46.05152697947375,13.421772799999998,ok
38,2366711,0,1,7,_matmul_small_gate,"(1, 64, 1)","(128, 1, 1)",step00.layer03._matmul_small_gate.line1954/_matmul_small_gate,fp32_simt,80000.0,l2,23316096.0,,2883584.0,0.12367353436870392,0.0360448,ok
39,2366711,0,1,7,_matmul_small_res_gate_ffn_down,"(64, 1, 1)","(128, 1, 1)",step00.layer03._matmul_small_res_gate_ffn_down.line1971/_matmul_small_res_gate_ffn_down,bf16_tensor,72128.0,l2,39366784.0,,536870912.0,13.637662451674997,7.443307897071872,ok
39,2366711,0,1,7,_matmul_small_res_gate_ffn_down,"(64, 1, 1)","(128, 1, 1)",step00.layer03._matmul_small_res_gate_ffn_down.line1971/_matmul_small_res_gate_ffn_down,fp32_simt,72128.0,l2,39366784.0,,131072.0,0.003329507434490966,0.0018172138420585624,ok
40,2366711,0,1,7,_adarms_norm_kernel,"(50, 1, 1)","(128, 1, 1)",step00.layer04._adarms_norm_kernel.line1854/_adarms_norm_kernel,bf16_tensor,16352.000000000002,l2,461024.0,,0.0,,,zero_counted_flops
40,2366711,0,1,7,_adarms_norm_kernel,"(50, 1, 1)","(128, 1, 1)",step00.layer04._adarms_norm_kernel.line1854/_adarms_norm_kernel,fp32_simt,16352.000000000002,l2,461024.0,,358400.0,0.7773998750607344,0.02191780821917808,ok
41,2366711,0,1,7,_matmul_rope_qkv,"(128, 1, 1)","(128, 1, 1)",step00.layer04._matmul_rope_qkv.line1863/_matmul_rope_qkv,bf16_tensor,29568.000000000004,l2,13728000.0,,335544320.0,24.442331002331002,11.348225108225108,ok
41,2366711,0,1,7,_matmul_rope_qkv,"(128, 1, 1)","(128, 1, 1)",step00.layer04._matmul_rope_qkv.line1863/_matmul_rope_qkv,fp32_simt,29568.000000000004,l2,13728000.0,,442368.0,0.03222377622377622,0.01496103896103896,ok
42,2366711,0,1,7,_matmul_abt_scale,"(91, 1, 1)","(128, 1, 1)",step00.layer04._matmul_abt_scale.line1899/_matmul_abt_scale,bf16_tensor,18656.000000000004,l2,2867776.0,,47710208.0,16.636657814278383,2.5573653516295023,ok
42,2366711,0,1,7,_matmul_abt_scale,"(91, 1, 1)","(128, 1, 1)",step00.layer04._matmul_abt_scale.line1899/_matmul_abt_scale,fp32_simt,18656.000000000004,l2,2867776.0,,93184.0,0.03249347229351247,0.004994854202401372,ok
43,2366711,0,1,7,_softmax_prefix_suffix_mask_vector,"(100, 1, 1)","(128, 1, 1)",step00.layer04._softmax_prefix_suffix_mask_vector.line1911/_softmax_prefix_suffix_mask_vector,bf16_tensor,19008.0,l2,567104.0,,0.0,,,zero_counted_flops
43,2366711,0,1,7,_softmax_prefix_suffix_mask_vector,"(100, 1, 1)","(128, 1, 1)",step00.layer04._softmax_prefix_suffix_mask_vector.line1911/_softmax_prefix_suffix_mask_vector,fp32_simt,19008.0,l2,567104.0,,2528000.0,4.45773614716172,0.13299663299663297,ok
44,2366711,0,1,7,_matmul_small,"(104, 1, 1)","(128, 1, 1)",step00.layer04._matmul_small.line1921/_matmul_small,bf16_tensor,16416.0,l2,3418368.0,,54525952.0,15.950872463116903,3.321512670565302,ok
44,2366711,0,1,7,_matmul_small,"(104, 1, 1)","(128, 1, 1)",step00.layer04._matmul_small.line1921/_matmul_small,fp32_simt,16416.0,l2,3418368.0,,0.0,,,zero_counted_flops
45,2366711,0,1,7,_matmul_small_res_gate_oproj,"(128, 1, 1)","(128, 1, 1)",step00.layer04._matmul_small_res_gate_oproj.line1932/_matmul_small_res_gate_oproj,bf16_tensor,42336.0,l2,14774368.0,,268435456.0,18.16899755035207,6.340595616024188,ok
45,2366711,0,1,7,_matmul_small_res_gate_oproj,"(128, 1, 1)","(128, 1, 1)",step00.layer04._matmul_small_res_gate_oproj.line1932/_matmul_small_res_gate_oproj,fp32_simt,42336.0,l2,14774368.0,,131072.0,0.008871580835132847,0.0030959939531368104,ok
46,2366711,0,1,7,_adarms_norm_kernel,"(50, 1, 1)","(128, 1, 1)",step00.layer04._adarms_norm_kernel.line1945/_adarms_norm_kernel,bf16_tensor,18272.0,l2,468704.0,,0.0,,,zero_counted_flops
46,2366711,0,1,7,_adarms_norm_kernel,"(50, 1, 1)","(128, 1, 1)",step00.layer04._adarms_norm_kernel.line1945/_adarms_norm_kernel,fp32_simt,18272.0,l2,468704.0,,358400.0,0.7646617054686966,0.019614711033274956,ok
47,2366711,0,1,7,_matmul_small_gate,"(1, 64, 1)","(128, 1, 1)",step00.layer04._matmul_small_gate.line1954/_matmul_small_gate,bf16_tensor,90144.00000000001,l2,23317792.0,,1073741824.0,46.04817746037018,11.911406460773872,ok
47,2366711,0,1,7,_matmul_small_gate,"(1, 64, 1)","(128, 1, 1)",step00.layer04._matmul_small_gate.line1954/_matmul_small_gate,fp32_simt,90144.00000000001,l2,23317792.0,,2883584.0,0.12366453907814257,0.03198864039758608,ok
48,2366711,0,1,7,_matmul_small_res_gate_ffn_down,"(64, 1, 1)","(128, 1, 1)",step00.layer04._matmul_small_res_gate_ffn_down.line1971/_matmul_small_res_gate_ffn_down,bf16_tensor,72672.0,l2,39346848.0,,536870912.0,13.6445722920423,7.387589608102158,ok
48,2366711,0,1,7,_matmul_small_res_gate_ffn_down,"(64, 1, 1)","(128, 1, 1)",step00.layer04._matmul_small_res_gate_ffn_down.line1971/_matmul_small_res_gate_ffn_down,fp32_simt,72672.0,l2,39346848.0,,131072.0,0.0033311944072368896,0.001803610744165566,ok
49,2366711,0,1,7,_adarms_norm_kernel,"(50, 1, 1)","(128, 1, 1)",step00.layer05._adarms_norm_kernel.line1854/_adarms_norm_kernel,bf16_tensor,14208.0,l2,464192.0,,0.0,,,zero_counted_flops
49,2366711,0,1,7,_adarms_norm_kernel,"(50, 1, 1)","(128, 1, 1)",step00.layer05._adarms_norm_kernel.line1854/_adarms_norm_kernel,fp32_simt,14208.0,l2,464192.0,,358400.0,0.7720943058044947,0.025225225225225224,ok
50,2366711,0,1,7,_matmul_rope_qkv,"(128, 1, 1)","(128, 1, 1)",step00.layer05._matmul_rope_qkv.line1863/_matmul_rope_qkv,bf16_tensor,33696.00000000001,l2,13877216.0,,335544320.0,24.17951266305864,9.95798670465337,ok
50,2366711,0,1,7,_matmul_rope_qkv,"(128, 1, 1)","(128, 1, 1)",step00.layer05._matmul_rope_qkv.line1863/_matmul_rope_qkv,fp32_simt,33696.00000000001,l2,13877216.0,,442368.0,0.031877287202274576,0.013128205128205126,ok
51,2366711,0,1,7,_matmul_abt_scale,"(91, 1, 1)","(128, 1, 1)",step00.layer05._matmul_abt_scale.line1899/_matmul_abt_scale,bf16_tensor,15648.0,l2,2842144.0,,47710208.0,16.786696240584572,3.0489652351738243,ok
51,2366711,0,1,7,_matmul_abt_scale,"(91, 1, 1)","(128, 1, 1)",step00.layer05._matmul_abt_scale.line1899/_matmul_abt_scale,fp32_simt,15648.0,l2,2842144.0,,93184.0,0.03278651609489174,0.005955010224948876,ok
52,2366711,0,1,7,_softmax_prefix_suffix_mask_vector,"(100, 1, 1)","(128, 1, 1)",step00.layer05._softmax_prefix_suffix_mask_vector.line1911/_softmax_prefix_suffix_mask_vector,bf16_tensor,17472.0,l2,561024.0,,0.0,,,zero_counted_flops
52,2366711,0,1,7,_softmax_prefix_suffix_mask_vector,"(100, 1, 1)","(128, 1, 1)",step00.layer05._softmax_prefix_suffix_mask_vector.line1911/_softmax_prefix_suffix_mask_vector,fp32_simt,17472.0,l2,561024.0,,2528000.0,4.506046087154917,0.14468864468864467,ok
53,2366711,0,1,7,_matmul_small,"(104, 1, 1)","(128, 1, 1)",step00.layer05._matmul_small.line1921/_matmul_small,bf16_tensor,17248.0,l2,3422880.0,,54525952.0,15.929846211377553,3.161291280148423,ok
53,2366711,0,1,7,_matmul_small,"(104, 1, 1)","(128, 1, 1)",step00.layer05._matmul_small.line1921/_matmul_small,fp32_simt,17248.0,l2,3422880.0,,0.0,,,zero_counted_flops
54,2366711,0,1,7,_matmul_small_res_gate_oproj,"(128, 1, 1)","(128, 1, 1)",step00.layer05._matmul_small_res_gate_oproj.line1932/_matmul_small_res_gate_oproj,bf16_tensor,41312.0,l2,14794784.0,,268435456.0,18.1439253185447,6.497759876065065,ok
54,2366711,0,1,7,_matmul_small_res_gate_oproj,"(128, 1, 1)","(128, 1, 1)",step00.layer05._matmul_small_res_gate_oproj.line1932/_matmul_small_res_gate_oproj,fp32_simt,41312.0,l2,14794784.0,,131072.0,0.008859338534445654,0.003172734314484895,ok
55,2366711,0,1,7,_adarms_norm_kernel,"(50, 1, 1)","(128, 1, 1)",step00.layer05._adarms_norm_kernel.line1945/_adarms_norm_kernel,bf16_tensor,13728.000000000002,l2,473888.0,,0.0,,,zero_counted_flops
55,2366711,0,1,7,_adarms_norm_kernel,"(50, 1, 1)","(128, 1, 1)",step00.layer05._adarms_norm_kernel.line1945/_adarms_norm_kernel,fp32_simt,13728.000000000002,l2,473888.0,,358400.0,0.756296846512256,0.026107226107226104,ok
56,2366711,0,1,7,_matmul_small_gate,"(1, 64, 1)","(128, 1, 1)",step00.layer05._matmul_small_gate.line1954/_matmul_small_gate,bf16_tensor,79456.0,l2,23306688.0,,1073741824.0,46.070116182960014,13.513665726943213,ok
56,2366711,0,1,7,_matmul_small_gate,"(1, 64, 1)","(128, 1, 1)",step00.layer05._matmul_small_gate.line1954/_matmul_small_gate,fp32_simt,79456.0,l2,23306688.0,,2883584.0,0.1237234565460352,0.03629158276278695,ok
57,2366711,0,1,7,_matmul_small_res_gate_ffn_down,"(64, 1, 1)","(128, 1, 1)",step00.layer05._matmul_small_res_gate_ffn_down.line1971/_matmul_small_res_gate_ffn_down,bf16_tensor,74880.0,l2,39314784.0,,536870912.0,13.655700410308754,7.169750427350427,ok
57,2366711,0,1,7,_matmul_small_res_gate_ffn_down,"(64, 1, 1)","(128, 1, 1)",step00.layer05._matmul_small_res_gate_ffn_down.line1971/_matmul_small_res_gate_ffn_down,fp32_simt,74880.0,l2,39314784.0,,131072.0,0.0033339112329855355,0.0017504273504273503,ok
58,2366711,0,1,7,_adarms_norm_kernel,"(50, 1, 1)","(128, 1, 1)",step00.layer06._adarms_norm_kernel.line1854/_adarms_norm_kernel,bf16_tensor,15456.000000000002,l2,464256.0,,0.0,,,zero_counted_flops
58,2366711,0,1,7,_adarms_norm_kernel,"(50, 1, 1)","(128, 1, 1)",step00.layer06._adarms_norm_kernel.line1854/_adarms_norm_kernel,fp32_simt,15456.000000000002,l2,464256.0,,358400.0,0.7719878687620623,0.023188405797101443,ok
59,2366711,0,1,7,_matmul_rope_qkv,"(128, 1, 1)","(128, 1, 1)",step00.layer06._matmul_rope_qkv.line1863/_matmul_rope_qkv,bf16_tensor,32256.000000000004,l2,13871136.0,,335544320.0,24.190111033443838,10.40253968253968,ok
59,2366711,0,1,7,_matmul_rope_qkv,"(128, 1, 1)","(128, 1, 1)",step00.layer06._matmul_rope_qkv.line1863/_matmul_rope_qkv,fp32_simt,32256.000000000004,l2,13871136.0,,442368.0,0.03189125966323162,0.013714285714285714,ok
60,2366711,0,1,7,_matmul_abt_scale,"(91, 1, 1)","(128, 1, 1)",step00.layer06._matmul_abt_scale.line1899/_matmul_abt_scale,bf16_tensor,20352.0,l2,2856416.0,,47710208.0,16.70282199791627,2.344251572327044,ok
60,2366711,0,1,7,_matmul_abt_scale,"(91, 1, 1)","(128, 1, 1)",step00.layer06._matmul_abt_scale.line1899/_matmul_abt_scale,fp32_simt,20352.0,l2,2856416.0,,93184.0,0.032622699214680216,0.0045786163522012575,ok
61,2366711,0,1,7,_softmax_prefix_suffix_mask_vector,"(100, 1, 1)","(128, 1, 1)",step00.layer06._softmax_prefix_suffix_mask_vector.line1911/_softmax_prefix_suffix_mask_vector,bf16_tensor,19648.000000000004,l2,566816.0,,0.0,,,zero_counted_flops
61,2366711,0,1,7,_softmax_prefix_suffix_mask_vector,"(100, 1, 1)","(128, 1, 1)",step00.layer06._softmax_prefix_suffix_mask_vector.line1911/_softmax_prefix_suffix_mask_vector,fp32_simt,19648.000000000004,l2,566816.0,,2528000.0,4.46000112911421,0.1286644951140065,ok
62,2366711,0,1,7,_matmul_small,"(104, 1, 1)","(128, 1, 1)",step00.layer06._matmul_small.line1921/_matmul_small,bf16_tensor,17440.000000000004,l2,3418592.0,,54525952.0,15.949827297320066,3.126488073394495,ok
62,2366711,0,1,7,_matmul_small,"(104, 1, 1)","(128, 1, 1)",step00.layer06._matmul_small.line1921/_matmul_small,fp32_simt,17440.000000000004,l2,3418592.0,,0.0,,,zero_counted_flops
63,2366711,0,1,7,_matmul_small_res_gate_oproj,"(128, 1, 1)","(128, 1, 1)",step00.layer06._matmul_small_res_gate_oproj.line1932/_matmul_small_res_gate_oproj,bf16_tensor,39296.00000000001,l2,14752288.0,,268435456.0,18.196191397564906,6.831114006514658,ok
63,2366711,0,1,7,_matmul_small_res_gate_oproj,"(128, 1, 1)","(128, 1, 1)",step00.layer06._matmul_small_res_gate_oproj.line1932/_matmul_small_res_gate_oproj,fp32_simt,39296.00000000001,l2,14752288.0,,131072.0,0.00888485908084224,0.003335504885993485,ok
64,2366711,0,1,7,_adarms_norm_kernel,"(50, 1, 1)","(128, 1, 1)",step00.layer06._adarms_norm_kernel.line1945/_adarms_norm_kernel,bf16_tensor,16256.000000000002,l2,456064.0,,0.0,,,zero_counted_flops
64,2366711,0,1,7,_adarms_norm_kernel,"(50, 1, 1)","(128, 1, 1)",step00.layer06._adarms_norm_kernel.line1945/_adarms_norm_kernel,fp32_simt,16256.000000000002,l2,456064.0,,358400.0,0.7858546168958742,0.022047244094488185,ok
65,2366711,0,1,7,_matmul_small_gate,"(1, 64, 1)","(128, 1, 1)",step00.layer06._matmul_small_gate.line1954/_matmul_small_gate,bf16_tensor,78208.00000000001,l2,23316512.0,,1073741824.0,46.050705354214216,13.729309328968903,ok
65,2366711,0,1,7,_matmul_small_gate,"(1, 64, 1)","(128, 1, 1)",step00.layer06._matmul_small_gate.line1954/_matmul_small_gate,fp32_simt,78208.00000000001,l2,23316512.0,,2883584.0,0.12367132785555575,0.036870703764320785,ok
66,2366711,0,1,7,_matmul_small_res_gate_ffn_down,"(64, 1, 1)","(128, 1, 1)",step00.layer06._matmul_small_res_gate_ffn_down.line1971/_matmul_small_res_gate_ffn_down,bf16_tensor,74560.0,l2,39414208.0,,536870912.0,13.621253330778586,7.200521888412017,ok
66,2366711,0,1,7,_matmul_small_res_gate_ffn_down,"(64, 1, 1)","(128, 1, 1)",step00.layer06._matmul_small_res_gate_ffn_down.line1971/_matmul_small_res_gate_ffn_down,fp32_simt,74560.0,l2,39414208.0,,131072.0,0.0033255013014596158,0.00175793991416309,ok
67,2366711,0,1,7,_adarms_norm_kernel,"(50, 1, 1)","(128, 1, 1)",step00.layer07._adarms_norm_kernel.line1854/_adarms_norm_kernel,bf16_tensor,18528.0,l2,450720.0,,0.0,,,zero_counted_flops
67,2366711,0,1,7,_adarms_norm_kernel,"(50, 1, 1)","(128, 1, 1)",step00.layer07._adarms_norm_kernel.line1854/_adarms_norm_kernel,fp32_simt,18528.0,l2,450720.0,,358400.0,0.7951721689740859,0.019343696027633854,ok
68,2366711,0,1,7,_matmul_rope_qkv,"(128, 1, 1)","(128, 1, 1)",step00.layer07._matmul_rope_qkv.line1863/_matmul_rope_qkv,bf16_tensor,36480.0,l2,13749600.0,,335544320.0,24.403933205329608,9.198035087719298,ok
68,2366711,0,1,7,_matmul_rope_qkv,"(128, 1, 1)","(128, 1, 1)",step00.layer07._matmul_rope_qkv.line1863/_matmul_rope_qkv,fp32_simt,36480.0,l2,13749600.0,,442368.0,0.03217315412812009,0.012126315789473683,ok
69,2366711,0,1,7,_matmul_abt_scale,"(91, 1, 1)","(128, 1, 1)",step00.layer07._matmul_abt_scale.line1899/_matmul_abt_scale,bf16_tensor,18496.0,l2,2863392.0,,47710208.0,16.662129390596885,2.5794878892733566,ok
69,2366711,0,1,7,_matmul_abt_scale,"(91, 1, 1)","(128, 1, 1)",step00.layer07._matmul_abt_scale.line1899/_matmul_abt_scale,fp32_simt,18496.0,l2,2863392.0,,93184.0,0.03254322146600954,0.005038062283737025,ok
70,2366711,0,1,7,_softmax_prefix_suffix_mask_vector,"(100, 1, 1)","(128, 1, 1)",step00.layer07._softmax_prefix_suffix_mask_vector.line1911/_softmax_prefix_suffix_mask_vector,bf16_tensor,16512.0,l2,558848.0,,0.0,,,zero_counted_flops
70,2366711,0,1,7,_softmax_prefix_suffix_mask_vector,"(100, 1, 1)","(128, 1, 1)",step00.layer07._softmax_prefix_suffix_mask_vector.line1911/_softmax_prefix_suffix_mask_vector,fp32_simt,16512.0,l2,558848.0,,2528000.0,4.5235913879981675,0.15310077519379844,ok
71,2366711,0,1,7,_matmul_small,"(104, 1, 1)","(128, 1, 1)",step00.layer07._matmul_small.line1921/_matmul_small,bf16_tensor,18944.0,l2,3408960.0,,54525952.0,15.99489345724209,2.87827027027027,ok
71,2366711,0,1,7,_matmul_small,"(104, 1, 1)","(128, 1, 1)",step00.layer07._matmul_small.line1921/_matmul_small,fp32_simt,18944.0,l2,3408960.0,,0.0,,,zero_counted_flops
72,2366711,0,1,7,_matmul_small_res_gate_oproj,"(128, 1, 1)","(128, 1, 1)",step00.layer07._matmul_small_res_gate_oproj.line1932/_matmul_small_res_gate_oproj,bf16_tensor,43264.00000000001,l2,14741216.0,,268435456.0,18.209858399741243,6.204591715976331,ok
72,2366711,0,1,7,_matmul_small_res_gate_oproj,"(128, 1, 1)","(128, 1, 1)",step00.layer07._matmul_small_res_gate_oproj.line1932/_matmul_small_res_gate_oproj,fp32_simt,43264.00000000001,l2,14741216.0,,131072.0,0.008891532421748654,0.003029585798816568,ok
73,2366711,0,1,7,_adarms_norm_kernel,"(50, 1, 1)","(128, 1, 1)",step00.layer07._adarms_norm_kernel.line1945/_adarms_norm_kernel,bf16_tensor,16256.000000000002,l2,464224.0,,0.0,,,zero_counted_flops
73,2366711,0,1,7,_adarms_norm_kernel,"(50, 1, 1)","(128, 1, 1)",step00.layer07._adarms_norm_kernel.line1945/_adarms_norm_kernel,fp32_simt,16256.000000000002,l2,464224.0,,358400.0,0.7720410836148066,0.022047244094488185,ok
74,2366711,0,1,7,_matmul_small_gate,"(1, 64, 1)","(128, 1, 1)",step00.layer07._matmul_small_gate.line1954/_matmul_small_gate,bf16_tensor,91296.0,l2,23331040.0,,1073741824.0,46.02203005095358,11.761104801962846,ok
74,2366711,0,1,7,_matmul_small_gate,"(1, 64, 1)","(128, 1, 1)",step00.layer07._matmul_small_gate.line1954/_matmul_small_gate,fp32_simt,91296.0,l2,23331040.0,,2883584.0,0.12359431898449448,0.03158499824745881,ok
75,2366711,0,1,7,_matmul_small_res_gate_ffn_down,"(64, 1, 1)","(128, 1, 1)",step00.layer07._matmul_small_res_gate_ffn_down.line1971/_matmul_small_res_gate_ffn_down,bf16_tensor,71968.0,l2,39372384.0,,536870912.0,13.63572274414473,7.459855935971543,ok
75,2366711,0,1,7,_matmul_small_res_gate_ffn_down,"(64, 1, 1)","(128, 1, 1)",step00.layer07._matmul_small_res_gate_ffn_down.line1971/_matmul_small_res_gate_ffn_down,fp32_simt,71968.0,l2,39372384.0,,131072.0,0.0033290338730822093,0.0018212538906180525,ok
76,2366711,0,1,7,_adarms_norm_kernel,"(50, 1, 1)","(128, 1, 1)",step00.layer08._adarms_norm_kernel.line1854/_adarms_norm_kernel,bf16_tensor,16384.0,l2,470784.0,,0.0,,,zero_counted_flops
76,2366711,0,1,7,_adarms_norm_kernel,"(50, 1, 1)","(128, 1, 1)",step00.layer08._adarms_norm_kernel.line1854/_adarms_norm_kernel,fp32_simt,16384.0,l2,470784.0,,358400.0,0.7612833061446438,0.021875,ok
77,2366711,0,1,7,_matmul_rope_qkv,"(128, 1, 1)","(128, 1, 1)",step00.layer08._matmul_rope_qkv.line1863/_matmul_rope_qkv,bf16_tensor,37120.00000000001,l2,13800640.0,,335544320.0,24.31367820622812,9.039448275862068,ok
77,2366711,0,1,7,_matmul_rope_qkv,"(128, 1, 1)","(128, 1, 1)",step00.layer08._matmul_rope_qkv.line1863/_matmul_rope_qkv,fp32_simt,37120.00000000001,l2,13800640.0,,442368.0,0.03205416560391402,0.011917241379310342,ok
78,2366711,0,1,7,_matmul_abt_scale,"(91, 1, 1)","(128, 1, 1)",step00.layer08._matmul_abt_scale.line1899/_matmul_abt_scale,bf16_tensor,16320.0,l2,2859648.0,,47710208.0,16.68394431762231,2.923419607843137,ok
78,2366711,0,1,7,_matmul_abt_scale,"(91, 1, 1)","(128, 1, 1)",step00.layer08._matmul_abt_scale.line1899/_matmul_abt_scale,fp32_simt,16320.0,l2,2859648.0,,93184.0,0.03258582874535607,0.005709803921568627,ok
79,2366711,0,1,7,_softmax_prefix_suffix_mask_vector,"(100, 1, 1)","(128, 1, 1)",step00.layer08._softmax_prefix_suffix_mask_vector.line1911/_softmax_prefix_suffix_mask_vector,bf16_tensor,16832.0,l2,560864.0,,0.0,,,zero_counted_flops
79,2366711,0,1,7,_softmax_prefix_suffix_mask_vector,"(100, 1, 1)","(128, 1, 1)",step00.layer08._softmax_prefix_suffix_mask_vector.line1911/_softmax_prefix_suffix_mask_vector,fp32_simt,16832.0,l2,560864.0,,2528000.0,4.507331545615337,0.15019011406844107,ok
80,2366711,0,1,7,_matmul_small,"(104, 1, 1)","(128, 1, 1)",step00.layer08._matmul_small.line1921/_matmul_small,bf16_tensor,17888.000000000004,l2,3428192.0,,54525952.0,15.905162838020741,3.0481860465116273,ok
80,2366711,0,1,7,_matmul_small,"(104, 1, 1)","(128, 1, 1)",step00.layer08._matmul_small.line1921/_matmul_small,fp32_simt,17888.000000000004,l2,3428192.0,,0.0,,,zero_counted_flops
81,2366711,0,1,7,_matmul_small_res_gate_oproj,"(128, 1, 1)","(128, 1, 1)",step00.layer08._matmul_small_res_gate_oproj.line1932/_matmul_small_res_gate_oproj,bf16_tensor,40544.0,l2,14700288.0,,268435456.0,18.260557616286157,6.620842936069455,ok
81,2366711,0,1,7,_matmul_small_res_gate_oproj,"(128, 1, 1)","(128, 1, 1)",step00.layer08._matmul_small_res_gate_oproj.line1932/_matmul_small_res_gate_oproj,fp32_simt,40544.0,l2,14700288.0,,131072.0,0.008916287898577225,0.0032328334648776638,ok
82,2366711,0,1,7,_adarms_norm_kernel,"(50, 1, 1)","(128, 1, 1)",step00.layer08._adarms_norm_kernel.line1945/_adarms_norm_kernel,bf16_tensor,13920.0,l2,468160.0,,0.0,,,zero_counted_flops
82,2366711,0,1,7,_adarms_norm_kernel,"(50, 1, 1)","(128, 1, 1)",step00.layer08._adarms_norm_kernel.line1945/_adarms_norm_kernel,fp32_simt,13920.0,l2,468160.0,,358400.0,0.7655502392344498,0.02574712643678161,ok
83,2366711,0,1,7,_matmul_small_gate,"(1, 64, 1)","(128, 1, 1)",step00.layer08._matmul_small_gate.line1954/_matmul_small_gate,bf16_tensor,79552.0,l2,23305088.0,,1073741824.0,46.073279105403934,13.497358004827031,ok
83,2366711,0,1,7,_matmul_small_gate,"(1, 64, 1)","(128, 1, 1)",step00.layer08._matmul_small_gate.line1954/_matmul_small_gate,fp32_simt,79552.0,l2,23305088.0,,2883584.0,0.12373195072252033,0.03624778761061947,ok
84,2366711,0,1,7,_matmul_small_res_gate_ffn_down,"(64, 1, 1)","(128, 1, 1)",step00.layer08._matmul_small_res_gate_ffn_down.line1971/_matmul_small_res_gate_ffn_down,bf16_tensor,70976.0,l2,39246752.0,,536870912.0,13.679371785976073,7.564119026149684,ok
84,2366711,0,1,7,_matmul_small_res_gate_ffn_down,"(64, 1, 1)","(128, 1, 1)",step00.layer08._matmul_small_res_gate_ffn_down.line1971/_matmul_small_res_gate_ffn_down,fp32_simt,70976.0,l2,39246752.0,,131072.0,0.0033396903774355648,0.0018467087466185752,ok
85,2366711,0,1,7,_adarms_norm_kernel,"(50, 1, 1)","(128, 1, 1)",step00.layer09._adarms_norm_kernel.line1854/_adarms_norm_kernel,bf16_tensor,12416.000000000002,l2,452480.0,,0.0,,,zero_counted_flops
85,2366711,0,1,7,_adarms_norm_kernel,"(50, 1, 1)","(128, 1, 1)",step00.layer09._adarms_norm_kernel.line1854/_adarms_norm_kernel,fp32_simt,12416.000000000002,l2,452480.0,,358400.0,0.7920792079207921,0.028865979381443297,ok
86,2366711,0,1,7,_matmul_rope_qkv,"(128, 1, 1)","(128, 1, 1)",step00.layer09._matmul_rope_qkv.line1863/_matmul_rope_qkv,bf16_tensor,37440.0,l2,13792352.0,,335544320.0,24.32828860516321,8.962188034188033,ok
86,2366711,0,1,7,_matmul_rope_qkv,"(128, 1, 1)","(128, 1, 1)",step00.layer09._matmul_rope_qkv.line1863/_matmul_rope_qkv,fp32_simt,37440.0,l2,13792352.0,,442368.0,0.03207342736032259,0.011815384615384615,ok
87,2366711,0,1,7,_matmul_abt_scale,"(91, 1, 1)","(128, 1, 1)",step00.layer09._matmul_abt_scale.line1899/_matmul_abt_scale,bf16_tensor,18688.0,l2,2865056.0,,47710208.0,16.652452168474195,2.5529863013698626,ok
87,2366711,0,1,7,_matmul_abt_scale,"(91, 1, 1)","(128, 1, 1)",step00.layer09._matmul_abt_scale.line1899/_matmul_abt_scale,fp32_simt,18688.0,l2,2865056.0,,93184.0,0.03252432064155116,0.004986301369863013,ok
88,2366711,0,1,7,_softmax_prefix_suffix_mask_vector,"(100, 1, 1)","(128, 1, 1)",step00.layer09._softmax_prefix_suffix_mask_vector.line1911/_softmax_prefix_suffix_mask_vector,bf16_tensor,19392.0,l2,567104.0,,0.0,,,zero_counted_flops
88,2366711,0,1,7,_softmax_prefix_suffix_mask_vector,"(100, 1, 1)","(128, 1, 1)",step00.layer09._softmax_prefix_suffix_mask_vector.line1911/_softmax_prefix_suffix_mask_vector,fp32_simt,19392.0,l2,567104.0,,2528000.0,4.45773614716172,0.13036303630363036,ok
89,2366711,0,1,7,_matmul_small,"(104, 1, 1)","(128, 1, 1)",step00.layer09._matmul_small.line1921/_matmul_small,bf16_tensor,22048.000000000004,l2,3419488.0,,54525952.0,15.945648003443791,2.4730566037735846,ok
89,2366711,0,1,7,_matmul_small,"(104, 1, 1)","(128, 1, 1)",step00.layer09._matmul_small.line1921/_matmul_small,fp32_simt,22048.000000000004,l2,3419488.0,,0.0,,,zero_counted_flops
90,2366711,0,1,7,_matmul_small_res_gate_oproj,"(128, 1, 1)","(128, 1, 1)",step00.layer09._matmul_small_res_gate_oproj.line1932/_matmul_small_res_gate_oproj,bf16_tensor,43104.0,l2,14772256.0,,268435456.0,18.17159518491962,6.22762286562732,ok
90,2366711,0,1,7,_matmul_small_res_gate_oproj,"(128, 1, 1)","(128, 1, 1)",step00.layer09._matmul_small_res_gate_oproj.line1932/_matmul_small_res_gate_oproj,fp32_simt,43104.0,l2,14772256.0,,131072.0,0.008872849211386534,0.00304083147735709,ok
91,2366711,0,1,7,_adarms_norm_kernel,"(50, 1, 1)","(128, 1, 1)",step00.layer09._adarms_norm_kernel.line1945/_adarms_norm_kernel,bf16_tensor,16064.0,l2,456000.0,,0.0,,,zero_counted_flops
91,2366711,0,1,7,_adarms_norm_kernel,"(50, 1, 1)","(128, 1, 1)",step00.layer09._adarms_norm_kernel.line1945/_adarms_norm_kernel,fp32_simt,16064.0,l2,456000.0,,358400.0,0.7859649122807018,0.022310756972111552,ok
92,2366711,0,1,7,_matmul_small_gate,"(1, 64, 1)","(128, 1, 1)",step00.layer09._matmul_small_gate.line1954/_matmul_small_gate,bf16_tensor,83040.0,l2,23270208.0,,1073741824.0,46.14233890818681,12.930416955684008,ok
92,2366711,0,1,7,_matmul_small_gate,"(1, 64, 1)","(128, 1, 1)",step00.layer09._matmul_small_gate.line1954/_matmul_small_gate,fp32_simt,83040.0,l2,23270208.0,,2883584.0,0.123917414060072,0.034725240847784195,ok
93,2366711,0,1,7,_matmul_small_res_gate_ffn_down,"(64, 1, 1)","(128, 1, 1)",step00.layer09._matmul_small_res_gate_ffn_down.line1971/_matmul_small_res_gate_ffn_down,bf16_tensor,74112.0,l2,39215520.0,,536870912.0,13.690266302729123,7.244048359240069,ok
93,2366711,0,1,7,_matmul_small_res_gate_ffn_down,"(64, 1, 1)","(128, 1, 1)",step00.layer09._matmul_small_res_gate_ffn_down.line1971/_matmul_small_res_gate_ffn_down,fp32_simt,74112.0,l2,39215520.0,,131072.0,0.0033423501715647273,0.001768566493955095,ok
94,2366711,0,1,7,_adarms_norm_kernel,"(50, 1, 1)","(128, 1, 1)",step00.layer10._adarms_norm_kernel.line1854/_adarms_norm_kernel,bf16_tensor,16096.0,l2,460768.0,,0.0,,,zero_counted_flops
94,2366711,0,1,7,_adarms_norm_kernel,"(50, 1, 1)","(128, 1, 1)",step00.layer10._adarms_norm_kernel.line1854/_adarms_norm_kernel,fp32_simt,16096.0,l2,460768.0,,358400.0,0.7778317938745746,0.022266401590457258,ok
95,2366711,0,1,7,_matmul_rope_qkv,"(128, 1, 1)","(128, 1, 1)",step00.layer10._matmul_rope_qkv.line1863/_matmul_rope_qkv,bf16_tensor,34304.0,l2,13854144.0,,335544320.0,24.219780016722794,9.781492537313431,ok
95,2366711,0,1,7,_matmul_rope_qkv,"(128, 1, 1)","(128, 1, 1)",step00.layer10._matmul_rope_qkv.line1863/_matmul_rope_qkv,fp32_simt,34304.0,l2,13854144.0,,442368.0,0.031930374045484156,0.0128955223880597,ok
96,2366711,0,1,7,_matmul_abt_scale,"(91, 1, 1)","(128, 1, 1)",step00.layer10._matmul_abt_scale.line1899/_matmul_abt_scale,bf16_tensor,17824.0,l2,2869280.0,,47710208.0,16.62793732225506,2.6767396768402154,ok
96,2366711,0,1,7,_matmul_abt_scale,"(91, 1, 1)","(128, 1, 1)",step00.layer10._matmul_abt_scale.line1899/_matmul_abt_scale,fp32_simt,17824.0,l2,2869280.0,,93184.0,0.032476440082529416,0.005228007181328546,ok
97,2366711,0,1,7,_softmax_prefix_suffix_mask_vector,"(100, 1, 1)","(128, 1, 1)",step00.layer10._softmax_prefix_suffix_mask_vector.line1911/_softmax_prefix_suffix_mask_vector,bf16_tensor,20160.0,l2,567104.0,,0.0,,,zero_counted_flops
97,2366711,0,1,7,_softmax_prefix_suffix_mask_vector,"(100, 1, 1)","(128, 1, 1)",step00.layer10._softmax_prefix_suffix_mask_vector.line1911/_softmax_prefix_suffix_mask_vector,fp32_simt,20160.0,l2,567104.0,,2528000.0,4.45773614716172,0.1253968253968254,ok
98,2366711,0,1,7,_matmul_small,"(104, 1, 1)","(128, 1, 1)",step00.layer10._matmul_small.line1921/_matmul_small,bf16_tensor,19168.0,l2,3403264.0,,54525952.0,16.021663908530165,2.844634390651085,ok
98,2366711,0,1,7,_matmul_small,"(104, 1, 1)","(128, 1, 1)",step00.layer10._matmul_small.line1921/_matmul_small,fp32_simt,19168.0,l2,3403264.0,,0.0,,,zero_counted_flops
99,2366711,0,1,7,_matmul_small_res_gate_oproj,"(128, 1, 1)","(128, 1, 1)",step00.layer10._matmul_small_res_gate_oproj.line1932/_matmul_small_res_gate_oproj,bf16_tensor,40608.0,l2,14742560.0,,268435456.0,18.208198304772033,6.610408195429471,ok
99,2366711,0,1,7,_matmul_small_res_gate_oproj,"(128, 1, 1)","(128, 1, 1)",step00.layer10._matmul_small_res_gate_oproj.line1932/_matmul_small_res_gate_oproj,fp32_simt,40608.0,l2,14742560.0,,131072.0,0.00889072182850197,0.0032277383766745465,ok
100,2366711,0,1,7,_adarms_norm_kernel,"(50, 1, 1)","(128, 1, 1)",step00.layer10._adarms_norm_kernel.line1945/_adarms_norm_kernel,bf16_tensor,15264.000000000002,l2,468320.0,,0.0,,,zero_counted_flops
100,2366711,0,1,7,_adarms_norm_kernel,"(50, 1, 1)","(128, 1, 1)",step00.layer10._adarms_norm_kernel.line1945/_adarms_norm_kernel,fp32_simt,15264.000000000002,l2,468320.0,,358400.0,0.7652886914929963,0.023480083857442345,ok
101,2366711,0,1,7,_matmul_small_gate,"(1, 64, 1)","(128, 1, 1)",step00.layer10._matmul_small_gate.line1954/_matmul_small_gate,bf16_tensor,79872.00000000001,l2,23326656.0,,1073741824.0,46.03067940814148,13.443282051282049,ok
101,2366711,0,1,7,_matmul_small_gate,"(1, 64, 1)","(128, 1, 1)",step00.layer10._matmul_small_gate.line1954/_matmul_small_gate,fp32_simt,79872.00000000001,l2,23326656.0,,2883584.0,0.12361754723866121,0.03610256410256409,ok
102,2366711,0,1,7,_matmul_small_res_gate_ffn_down,"(64, 1, 1)","(128, 1, 1)",step00.layer10._matmul_small_res_gate_ffn_down.line1971/_matmul_small_res_gate_ffn_down,bf16_tensor,74112.0,l2,39266464.0,,536870912.0,13.6725046594468,7.244048359240069,ok
102,2366711,0,1,7,_matmul_small_res_gate_ffn_down,"(64, 1, 1)","(128, 1, 1)",step00.layer10._matmul_small_res_gate_ffn_down.line1971/_matmul_small_res_gate_ffn_down,fp32_simt,74112.0,l2,39266464.0,,131072.0,0.0033380138328727538,0.001768566493955095,ok
103,2366711,0,1,7,_adarms_norm_kernel,"(50, 1, 1)","(128, 1, 1)",step00.layer11._adarms_norm_kernel.line1854/_adarms_norm_kernel,bf16_tensor,14688.0,l2,471072.0,,0.0,,,zero_counted_flops
103,2366711,0,1,7,_adarms_norm_kernel,"(50, 1, 1)","(128, 1, 1)",step00.layer11._adarms_norm_kernel.line1854/_adarms_norm_kernel,fp32_simt,14688.0,l2,471072.0,,358400.0,0.7608178792201616,0.024400871459694988,ok
104,2366711,0,1,7,_matmul_rope_qkv,"(128, 1, 1)","(128, 1, 1)",step00.layer11._matmul_rope_qkv.line1863/_matmul_rope_qkv,bf16_tensor,36832.0,l2,13779712.0,,335544320.0,24.350604715105803,9.1101303214596,ok
104,2366711,0,1,7,_matmul_rope_qkv,"(128, 1, 1)","(128, 1, 1)",step00.layer11._matmul_rope_qkv.line1863/_matmul_rope_qkv,fp32_simt,36832.0,l2,13779712.0,,442368.0,0.03210284801307894,0.012010425716768027,ok
105,2366711,0,1,7,_matmul_abt_scale,"(91, 1, 1)","(128, 1, 1)",step00.layer11._matmul_abt_scale.line1899/_matmul_abt_scale,bf16_tensor,17056.0,l2,2854144.0,,47710208.0,16.71611803749215,2.7972682926829266,ok
105,2366711,0,1,7,_matmul_abt_scale,"(91, 1, 1)","(128, 1, 1)",step00.layer11._matmul_abt_scale.line1899/_matmul_abt_scale,fp32_simt,17056.0,l2,2854144.0,,93184.0,0.03264866804197686,0.005463414634146341,ok
106,2366711,0,1,7,_softmax_prefix_suffix_mask_vector,"(100, 1, 1)","(128, 1, 1)",step00.layer11._softmax_prefix_suffix_mask_vector.line1911/_softmax_prefix_suffix_mask_vector,bf16_tensor,17152.0,l2,564416.0,,0.0,,,zero_counted_flops
106,2366711,0,1,7,_softmax_prefix_suffix_mask_vector,"(100, 1, 1)","(128, 1, 1)",step00.layer11._softmax_prefix_suffix_mask_vector.line1911/_softmax_prefix_suffix_mask_vector,fp32_simt,17152.0,l2,564416.0,,2528000.0,4.478965869146162,0.14738805970149252,ok
107,2366711,0,1,7,_matmul_small,"(104, 1, 1)","(128, 1, 1)",step00.layer11._matmul_small.line1921/_matmul_small,bf16_tensor,19712.0,l2,3423424.0,,54525952.0,15.9273148753996,2.76612987012987,ok
107,2366711,0,1,7,_matmul_small,"(104, 1, 1)","(128, 1, 1)",step00.layer11._matmul_small.line1921/_matmul_small,fp32_simt,19712.0,l2,3423424.0,,0.0,,,zero_counted_flops
108,2366711,0,1,7,_matmul_small_res_gate_oproj,"(128, 1, 1)","(128, 1, 1)",step00.layer11._matmul_small_res_gate_oproj.line1932/_matmul_small_res_gate_oproj,bf16_tensor,39456.0,l2,14737920.0,,268435456.0,18.213930866770887,6.803412814274128,ok
108,2366711,0,1,7,_matmul_small_res_gate_oproj,"(128, 1, 1)","(128, 1, 1)",step00.layer11._matmul_small_res_gate_oproj.line1932/_matmul_small_res_gate_oproj,fp32_simt,39456.0,l2,14737920.0,,131072.0,0.008893520931040472,0.003321978913219789,ok
109,2366711,0,1,7,_adarms_norm_kernel,"(50, 1, 1)","(128, 1, 1)",step00.layer11._adarms_norm_kernel.line1945/_adarms_norm_kernel,bf16_tensor,15680.000000000002,l2,456640.0,,0.0,,,zero_counted_flops
109,2366711,0,1,7,_adarms_norm_kernel,"(50, 1, 1)","(128, 1, 1)",step00.layer11._adarms_norm_kernel.line1945/_adarms_norm_kernel,fp32_simt,15680.000000000002,l2,456640.0,,358400.0,0.7848633496846531,0.022857142857142854,ok
110,2366711,0,1,7,_matmul_small_gate,"(1, 64, 1)","(128, 1, 1)",step00.layer11._matmul_small_gate.line1954/_matmul_small_gate,bf16_tensor,82816.0,l2,23374592.0,,1073741824.0,45.936280898507235,12.965391035548686,ok
110,2366711,0,1,7,_matmul_small_gate,"(1, 64, 1)","(128, 1, 1)",step00.layer11._matmul_small_gate.line1954/_matmul_small_gate,fp32_simt,82816.0,l2,23374592.0,,2883584.0,0.1233640356161083,0.03481916537867078,ok
111,2366711,0,1,7,_matmul_small_res_gate_ffn_down,"(64, 1, 1)","(128, 1, 1)",step00.layer11._matmul_small_res_gate_ffn_down.line1971/_matmul_small_res_gate_ffn_down,bf16_tensor,75616.0,l2,39406528.0,,536870912.0,13.623907998187509,7.099964451967837,ok
111,2366711,0,1,7,_matmul_small_res_gate_ffn_down,"(64, 1, 1)","(128, 1, 1)",step00.layer11._matmul_small_res_gate_ffn_down.line1971/_matmul_small_res_gate_ffn_down,fp32_simt,75616.0,l2,39406528.0,,131072.0,0.0033261494136199972,0.0017333897587812103,ok
112,2366711,0,1,7,_adarms_norm_kernel,"(50, 1, 1)","(128, 1, 1)",step00.layer12._adarms_norm_kernel.line1854/_adarms_norm_kernel,bf16_tensor,12320.0,l2,456512.0,,0.0,,,zero_counted_flops
112,2366711,0,1,7,_adarms_norm_kernel,"(50, 1, 1)","(128, 1, 1)",step00.layer12._adarms_norm_kernel.line1854/_adarms_norm_kernel,fp32_simt,12320.0,l2,456512.0,,358400.0,0.7850834151128557,0.029090909090909087,ok
113,2366711,0,1,7,_matmul_rope_qkv,"(128, 1, 1)","(128, 1, 1)",step00.layer12._matmul_rope_qkv.line1863/_matmul_rope_qkv,bf16_tensor,37248.0,l2,13827616.0,,335544320.0,24.266245171980476,9.008384879725085,ok
113,2366711,0,1,7,_matmul_rope_qkv,"(128, 1, 1)","(128, 1, 1)",step00.layer12._matmul_rope_qkv.line1863/_matmul_rope_qkv,fp32_simt,37248.0,l2,13827616.0,,442368.0,0.03199163181852895,0.011876288659793814,ok
114,2366711,0,1,7,_matmul_abt_scale,"(91, 1, 1)","(128, 1, 1)",step00.layer12._matmul_abt_scale.line1899/_matmul_abt_scale,bf16_tensor,17056.0,l2,2825120.0,,47710208.0,16.887851843461515,2.7972682926829266,ok
114,2366711,0,1,7,_matmul_abt_scale,"(91, 1, 1)","(128, 1, 1)",step00.layer12._matmul_abt_scale.line1899/_matmul_abt_scale,fp32_simt,17056.0,l2,2825120.0,,93184.0,0.03298408563176077,0.005463414634146341,ok
115,2366711,0,1,7,_softmax_prefix_suffix_mask_vector,"(100, 1, 1)","(128, 1, 1)",step00.layer12._softmax_prefix_suffix_mask_vector.line1911/_softmax_prefix_suffix_mask_vector,bf16_tensor,19136.0,l2,566624.0,,0.0,,,zero_counted_flops
115,2366711,0,1,7,_softmax_prefix_suffix_mask_vector,"(100, 1, 1)","(128, 1, 1)",step00.layer12._softmax_prefix_suffix_mask_vector.line1911/_softmax_prefix_suffix_mask_vector,fp32_simt,19136.0,l2,566624.0,,2528000.0,4.461512396227481,0.13210702341137123,ok
116,2366711,0,1,7,_matmul_small,"(104, 1, 1)","(128, 1, 1)",step00.layer12._matmul_small.line1921/_matmul_small,bf16_tensor,17408.0,l2,3421952.0,,54525952.0,15.934166230268572,3.132235294117647,ok
116,2366711,0,1,7,_matmul_small,"(104, 1, 1)","(128, 1, 1)",step00.layer12._matmul_small.line1921/_matmul_small,fp32_simt,17408.0,l2,3421952.0,,0.0,,,zero_counted_flops
117,2366711,0,1,7,_matmul_small_res_gate_oproj,"(128, 1, 1)","(128, 1, 1)",step00.layer12._matmul_small_res_gate_oproj.line1932/_matmul_small_res_gate_oproj,bf16_tensor,46528.00000000001,l2,14714400.0,,268435456.0,18.24304463654651,5.7693314993122415,ok
117,2366711,0,1,7,_matmul_small_res_gate_oproj,"(128, 1, 1)","(128, 1, 1)",step00.layer12._matmul_small_res_gate_oproj.line1932/_matmul_small_res_gate_oproj,fp32_simt,46528.00000000001,l2,14714400.0,,131072.0,0.008907736638938726,0.0028170563961485554,ok
118,2366711,0,1,7,_adarms_norm_kernel,"(50, 1, 1)","(128, 1, 1)",step00.layer12._adarms_norm_kernel.line1945/_adarms_norm_kernel,bf16_tensor,12736.000000000002,l2,453984.0,,0.0,,,zero_counted_flops
118,2366711,0,1,7,_adarms_norm_kernel,"(50, 1, 1)","(128, 1, 1)",step00.layer12._adarms_norm_kernel.line1945/_adarms_norm_kernel,fp32_simt,12736.000000000002,l2,453984.0,,358400.0,0.7894551349827307,0.028140703517587937,ok
119,2366711,0,1,7,_matmul_small_gate,"(1, 64, 1)","(128, 1, 1)",step00.layer12._matmul_small_gate.line1954/_matmul_small_gate,bf16_tensor,80544.0,l2,23358752.0,,1073741824.0,45.96743113673196,13.331121176003178,ok
119,2366711,0,1,7,_matmul_small_gate,"(1, 64, 1)","(128, 1, 1)",step00.layer12._matmul_small_gate.line1954/_matmul_small_gate,fp32_simt,80544.0,l2,23358752.0,,2883584.0,0.12344769104102822,0.035801350814461654,ok
120,2366711,0,1,7,_matmul_small_res_gate_ffn_down,"(64, 1, 1)","(128, 1, 1)",step00.layer12._matmul_small_res_gate_ffn_down.line1971/_matmul_small_res_gate_ffn_down,bf16_tensor,65760.00000000001,l2,39226944.0,,536870912.0,13.686279308426371,8.164095377128954,ok
120,2366711,0,1,7,_matmul_small_res_gate_ffn_down,"(64, 1, 1)","(128, 1, 1)",step00.layer12._matmul_small_res_gate_ffn_down.line1971/_matmul_small_res_gate_ffn_down,fp32_simt,65760.00000000001,l2,39226944.0,,131072.0,0.003341376784283782,0.0019931873479318734,ok
121,2366711,0,1,7,_adarms_norm_kernel,"(50, 1, 1)","(128, 1, 1)",step00.layer13._adarms_norm_kernel.line1854/_adarms_norm_kernel,bf16_tensor,16000.000000000002,l2,464928.0,,0.0,,,zero_counted_flops
121,2366711,0,1,7,_adarms_norm_kernel,"(50, 1, 1)","(128, 1, 1)",step00.layer13._adarms_norm_kernel.line1854/_adarms_norm_kernel,fp32_simt,16000.000000000002,l2,464928.0,,358400.0,0.7708720490054374,0.022399999999999996,ok
122,2366711,0,1,7,_matmul_rope_qkv,"(128, 1, 1)","(128, 1, 1)",step00.layer13._matmul_rope_qkv.line1863/_matmul_rope_qkv,bf16_tensor,35424.00000000001,l2,13775872.0,,335544320.0,24.357392403181446,9.47223125564589,ok
122,2366711,0,1,7,_matmul_rope_qkv,"(128, 1, 1)","(128, 1, 1)",step00.layer13._matmul_rope_qkv.line1863/_matmul_rope_qkv,fp32_simt,35424.00000000001,l2,13775872.0,,442368.0,0.03211179662528804,0.012487804878048778,ok
123,2366711,0,1,7,_matmul_abt_scale,"(91, 1, 1)","(128, 1, 1)",step00.layer13._matmul_abt_scale.line1899/_matmul_abt_scale,bf16_tensor,17152.0,l2,2876864.0,,47710208.0,16.584102689595337,2.7816119402985073,ok
123,2366711,0,1,7,_matmul_abt_scale,"(91, 1, 1)","(128, 1, 1)",step00.layer13._matmul_abt_scale.line1899/_matmul_abt_scale,fp32_simt,17152.0,l2,2876864.0,,93184.0,0.03239082556561589,0.005432835820895522,ok
124,2366711,0,1,7,_softmax_prefix_suffix_mask_vector,"(100, 1, 1)","(128, 1, 1)",step00.layer13._softmax_prefix_suffix_mask_vector.line1911/_softmax_prefix_suffix_mask_vector,bf16_tensor,18336.000000000004,l2,567392.0,,0.0,,,zero_counted_flops
124,2366711,0,1,7,_softmax_prefix_suffix_mask_vector,"(100, 1, 1)","(128, 1, 1)",step00.layer13._softmax_prefix_suffix_mask_vector.line1911/_softmax_prefix_suffix_mask_vector,fp32_simt,18336.000000000004,l2,567392.0,,2528000.0,4.455473464553607,0.13787085514834205,ok
125,2366711,0,1,7,_matmul_small,"(104, 1, 1)","(128, 1, 1)",step00.layer13._matmul_small.line1921/_matmul_small,bf16_tensor,19936.0,l2,3417728.0,,54525952.0,15.953859406014756,2.735049759229535,ok
125,2366711,0,1,7,_matmul_small,"(104, 1, 1)","(128, 1, 1)",step00.layer13._matmul_small.line1921/_matmul_small,fp32_simt,19936.0,l2,3417728.0,,0.0,,,zero_counted_flops
126,2366711,0,1,7,_matmul_small_res_gate_oproj,"(128, 1, 1)","(128, 1, 1)",step00.layer13._matmul_small_res_gate_oproj.line1932/_matmul_small_res_gate_oproj,bf16_tensor,41024.00000000001,l2,14679008.0,,268435456.0,18.287029750239252,6.543375975039001,ok
126,2366711,0,1,7,_matmul_small_res_gate_oproj,"(128, 1, 1)","(128, 1, 1)",step00.layer13._matmul_small_res_gate_oproj.line1932/_matmul_small_res_gate_oproj,fp32_simt,41024.00000000001,l2,14679008.0,,131072.0,0.00892921374523401,0.003195007800312012,ok
127,2366711,0,1,7,_adarms_norm_kernel,"(50, 1, 1)","(128, 1, 1)",step00.layer13._adarms_norm_kernel.line1945/_adarms_norm_kernel,bf16_tensor,13632.000000000002,l2,465216.0,,0.0,,,zero_counted_flops
127,2366711,0,1,7,_adarms_norm_kernel,"(50, 1, 1)","(128, 1, 1)",step00.layer13._adarms_norm_kernel.line1945/_adarms_norm_kernel,fp32_simt,13632.000000000002,l2,465216.0,,358400.0,0.7703948273490163,0.02629107981220657,ok
128,2366711,0,1,7,_matmul_small_gate,"(1, 64, 1)","(128, 1, 1)",step00.layer13._matmul_small_gate.line1954/_matmul_small_gate,bf16_tensor,78912.0,l2,23339616.0,,1073741824.0,46.00511953581413,13.606825628548256,ok
128,2366711,0,1,7,_matmul_small_gate,"(1, 64, 1)","(128, 1, 1)",step00.layer13._matmul_small_gate.line1954/_matmul_small_gate,fp32_simt,78912.0,l2,23339616.0,,2883584.0,0.12354890500340708,0.03654176804541768,ok
129,2366711,0,1,7,_matmul_small_res_gate_ffn_down,"(64, 1, 1)","(128, 1, 1)",step00.layer13._matmul_small_res_gate_ffn_down.line1971/_matmul_small_res_gate_ffn_down,bf16_tensor,75904.00000000001,l2,39344704.0,,536870912.0,13.64531582192104,7.073025295109612,ok
129,2366711,0,1,7,_matmul_small_res_gate_ffn_down,"(64, 1, 1)","(128, 1, 1)",step00.layer13._matmul_small_res_gate_ffn_down.line1971/_matmul_small_res_gate_ffn_down,fp32_simt,75904.00000000001,l2,39344704.0,,131072.0,0.0033313759330861913,0.00172681281618887,ok
130,2366711,0,1,7,_adarms_norm_kernel,"(50, 1, 1)","(128, 1, 1)",step00.layer14._adarms_norm_kernel.line1854/_adarms_norm_kernel,bf16_tensor,16576.000000000004,l2,464032.0,,0.0,,,zero_counted_flops
130,2366711,0,1,7,_adarms_norm_kernel,"(50, 1, 1)","(128, 1, 1)",step00.layer14._adarms_norm_kernel.line1854/_adarms_norm_kernel,fp32_simt,16576.000000000004,l2,464032.0,,358400.0,0.7723605268602165,0.02162162162162162,ok
131,2366711,0,1,7,_matmul_rope_qkv,"(128, 1, 1)","(128, 1, 1)",step00.layer14._matmul_rope_qkv.line1863/_matmul_rope_qkv,bf16_tensor,37216.00000000001,l2,13798752.0,,335544320.0,24.31700490015329,9.016130696474633,ok
131,2366711,0,1,7,_matmul_rope_qkv,"(128, 1, 1)","(128, 1, 1)",step00.layer14._matmul_rope_qkv.line1863/_matmul_rope_qkv,fp32_simt,37216.00000000001,l2,13798752.0,,442368.0,0.03205855138203803,0.011886500429922613,ok
132,2366711,0,1,7,_matmul_abt_scale,"(91, 1, 1)","(128, 1, 1)",step00.layer14._matmul_abt_scale.line1899/_matmul_abt_scale,bf16_tensor,15104.000000000002,l2,2833728.0,,47710208.0,16.83655170856201,3.1587796610169487,ok
132,2366711,0,1,7,_matmul_abt_scale,"(91, 1, 1)","(128, 1, 1)",step00.layer14._matmul_abt_scale.line1899/_matmul_abt_scale,fp32_simt,15104.000000000002,l2,2833728.0,,93184.0,0.032883890055785174,0.006169491525423728,ok
133,2366711,0,1,7,_softmax_prefix_suffix_mask_vector,"(100, 1, 1)","(128, 1, 1)",step00.layer14._softmax_prefix_suffix_mask_vector.line1911/_softmax_prefix_suffix_mask_vector,bf16_tensor,19616.0,l2,567520.0,,0.0,,,zero_counted_flops
133,2366711,0,1,7,_softmax_prefix_suffix_mask_vector,"(100, 1, 1)","(128, 1, 1)",step00.layer14._softmax_prefix_suffix_mask_vector.line1911/_softmax_prefix_suffix_mask_vector,fp32_simt,19616.0,l2,567520.0,,2528000.0,4.454468564984494,0.12887438825448613,ok
134,2366711,0,1,7,_matmul_small,"(104, 1, 1)","(128, 1, 1)",step00.layer14._matmul_small.line1921/_matmul_small,bf16_tensor,22368.0,l2,3425312.0,,54525952.0,15.918535888117637,2.4376766809728183,ok
134,2366711,0,1,7,_matmul_small,"(104, 1, 1)","(128, 1, 1)",step00.layer14._matmul_small.line1921/_matmul_small,fp32_simt,22368.0,l2,3425312.0,,0.0,,,zero_counted_flops
135,2366711,0,1,7,_matmul_small_res_gate_oproj,"(128, 1, 1)","(128, 1, 1)",step00.layer14._matmul_small_res_gate_oproj.line1932/_matmul_small_res_gate_oproj,bf16_tensor,43456.00000000001,l2,14725440.0,,268435456.0,18.229367407697154,6.177178203240058,ok
135,2366711,0,1,7,_matmul_small_res_gate_oproj,"(128, 1, 1)","(128, 1, 1)",step00.layer14._matmul_small_res_gate_oproj.line1932/_matmul_small_res_gate_oproj,fp32_simt,43456.00000000001,l2,14725440.0,,131072.0,0.008901058304539626,0.0030162002945508097,ok
136,2366711,0,1,7,_adarms_norm_kernel,"(50, 1, 1)","(128, 1, 1)",step00.layer14._adarms_norm_kernel.line1945/_adarms_norm_kernel,bf16_tensor,15552.0,l2,458720.0,,0.0,,,zero_counted_flops
136,2366711,0,1,7,_adarms_norm_kernel,"(50, 1, 1)","(128, 1, 1)",step00.layer14._adarms_norm_kernel.line1945/_adarms_norm_kernel,fp32_simt,15552.0,l2,458720.0,,358400.0,0.781304499476805,0.023045267489711932,ok
137,2366711,0,1,7,_matmul_small_gate,"(1, 64, 1)","(128, 1, 1)",step00.layer14._matmul_small_gate.line1954/_matmul_small_gate,bf16_tensor,80992.0,l2,23315776.0,,1073741824.0,46.05215901885487,13.257381272224418,ok
137,2366711,0,1,7,_matmul_small_gate,"(1, 64, 1)","(128, 1, 1)",step00.layer14._matmul_small_gate.line1954/_matmul_small_gate,fp32_simt,80992.0,l2,23315776.0,,2883584.0,0.12367523174008876,0.03560331884630581,ok
138,2366711,0,1,7,_matmul_small_res_gate_ffn_down,"(64, 1, 1)","(128, 1, 1)",step00.layer14._matmul_small_res_gate_ffn_down.line1971/_matmul_small_res_gate_ffn_down,bf16_tensor,74848.0,l2,39313760.0,,536870912.0,13.656056098424571,7.172815733219324,ok
138,2366711,0,1,7,_matmul_small_res_gate_ffn_down,"(64, 1, 1)","(128, 1, 1)",step00.layer14._matmul_small_res_gate_ffn_down.line1971/_matmul_small_res_gate_ffn_down,fp32_simt,74848.0,l2,39313760.0,,131072.0,0.0033339980709044363,0.001751175716117999,ok
139,2366711,0,1,7,_adarms_norm_kernel,"(50, 1, 1)","(128, 1, 1)",step00.layer15._adarms_norm_kernel.line1854/_adarms_norm_kernel,bf16_tensor,15296.0,l2,459392.0,,0.0,,,zero_counted_flops
139,2366711,0,1,7,_adarms_norm_kernel,"(50, 1, 1)","(128, 1, 1)",step00.layer15._adarms_norm_kernel.line1854/_adarms_norm_kernel,fp32_simt,15296.0,l2,459392.0,,358400.0,0.780161604903873,0.023430962343096235,ok
140,2366711,0,1,7,_matmul_rope_qkv,"(128, 1, 1)","(128, 1, 1)",step00.layer15._matmul_rope_qkv.line1863/_matmul_rope_qkv,bf16_tensor,37152.0,l2,13836832.0,,335544320.0,24.25008267788465,9.031662360034453,ok
140,2366711,0,1,7,_matmul_rope_qkv,"(128, 1, 1)","(128, 1, 1)",step00.layer15._matmul_rope_qkv.line1863/_matmul_rope_qkv,fp32_simt,37152.0,l2,13836832.0,,442368.0,0.03197032384291433,0.011906976744186046,ok
141,2366711,0,1,7,_matmul_abt_scale,"(91, 1, 1)","(128, 1, 1)",step00.layer15._matmul_abt_scale.line1899/_matmul_abt_scale,bf16_tensor,18848.0,l2,2872160.0,,47710208.0,16.61126399643474,2.531314091680815,ok
141,2366711,0,1,7,_matmul_abt_scale,"(91, 1, 1)","(128, 1, 1)",step00.layer15._matmul_abt_scale.line1899/_matmul_abt_scale,fp32_simt,18848.0,l2,2872160.0,,93184.0,0.0324438749930366,0.004943972835314092,ok
142,2366711,0,1,7,_softmax_prefix_suffix_mask_vector,"(100, 1, 1)","(128, 1, 1)",step00.layer15._softmax_prefix_suffix_mask_vector.line1911/_softmax_prefix_suffix_mask_vector,bf16_tensor,19392.0,l2,566848.0,,0.0,,,zero_counted_flops
142,2366711,0,1,7,_softmax_prefix_suffix_mask_vector,"(100, 1, 1)","(128, 1, 1)",step00.layer15._softmax_prefix_suffix_mask_vector.line1911/_softmax_prefix_suffix_mask_vector,fp32_simt,19392.0,l2,566848.0,,2528000.0,4.45974935079598,0.13036303630363036,ok
143,2366711,0,1,7,_matmul_small,"(104, 1, 1)","(128, 1, 1)",step00.layer15._matmul_small.line1921/_matmul_small,bf16_tensor,17536.0,l2,3421312.0,,54525952.0,15.937146919076659,3.109372262773723,ok
143,2366711,0,1,7,_matmul_small,"(104, 1, 1)","(128, 1, 1)",step00.layer15._matmul_small.line1921/_matmul_small,fp32_simt,17536.0,l2,3421312.0,,0.0,,,zero_counted_flops
144,2366711,0,1,7,_matmul_small_res_gate_oproj,"(128, 1, 1)","(128, 1, 1)",step00.layer15._matmul_small_res_gate_oproj.line1932/_matmul_small_res_gate_oproj,bf16_tensor,43200.0,l2,14743488.0,,268435456.0,18.20705222536214,6.2137837037037045,ok
144,2366711,0,1,7,_matmul_small_res_gate_oproj,"(128, 1, 1)","(128, 1, 1)",step00.layer15._matmul_small_res_gate_oproj.line1932/_matmul_small_res_gate_oproj,fp32_simt,43200.0,l2,14743488.0,,131072.0,0.008890162219415108,0.0030340740740740745,ok
145,2366711,0,1,7,_adarms_norm_kernel,"(50, 1, 1)","(128, 1, 1)",step00.layer15._adarms_norm_kernel.line1945/_adarms_norm_kernel,bf16_tensor,8832.000000000002,l2,448672.0,,0.0,,,zero_counted_flops
145,2366711,0,1,7,_adarms_norm_kernel,"(50, 1, 1)","(128, 1, 1)",step00.layer15._adarms_norm_kernel.line1945/_adarms_norm_kernel,fp32_simt,8832.000000000002,l2,448672.0,,358400.0,0.7988017973040439,0.040579710144927526,ok
146,2366711,0,1,7,_matmul_small_gate,"(1, 64, 1)","(128, 1, 1)",step00.layer15._matmul_small_gate.line1954/_matmul_small_gate,bf16_tensor,91488.0,l2,23356864.0,,1073741824.0,45.97114681148976,11.736422525358517,ok
146,2366711,0,1,7,_matmul_small_gate,"(1, 64, 1)","(128, 1, 1)",step00.layer15._matmul_small_gate.line1954/_matmul_small_gate,fp32_simt,91488.0,l2,23356864.0,,2883584.0,0.12345766965976254,0.03151871283665617,ok
147,2366711,0,1,7,_matmul_small_res_gate_ffn_down,"(64, 1, 1)","(128, 1, 1)",step00.layer15._matmul_small_res_gate_ffn_down.line1971/_matmul_small_res_gate_ffn_down,bf16_tensor,74688.0,l2,39441536.0,,536870912.0,13.611815523614496,7.188181662382177,ok
147,2366711,0,1,7,_matmul_small_res_gate_ffn_down,"(64, 1, 1)","(128, 1, 1)",step00.layer15._matmul_small_res_gate_ffn_down.line1971/_matmul_small_res_gate_ffn_down,fp32_simt,74688.0,l2,39441536.0,,131072.0,0.0033231971493199453,0.0017549271636675236,ok
148,2366711,0,1,7,_adarms_norm_kernel,"(50, 1, 1)","(128, 1, 1)",step00.layer16._adarms_norm_kernel.line1854/_adarms_norm_kernel,bf16_tensor,15008.000000000002,l2,468160.0,,0.0,,,zero_counted_flops
148,2366711,0,1,7,_adarms_norm_kernel,"(50, 1, 1)","(128, 1, 1)",step00.layer16._adarms_norm_kernel.line1854/_adarms_norm_kernel,fp32_simt,15008.000000000002,l2,468160.0,,358400.0,0.7655502392344498,0.023880597014925373,ok
149,2366711,0,1,7,_matmul_rope_qkv,"(128, 1, 1)","(128, 1, 1)",step00.layer16._matmul_rope_qkv.line1863/_matmul_rope_qkv,bf16_tensor,33248.00000000001,l2,13890720.0,,335544320.0,24.156006312127808,10.092165543792108,ok
149,2366711,0,1,7,_matmul_rope_qkv,"(128, 1, 1)","(128, 1, 1)",step00.layer16._matmul_rope_qkv.line1863/_matmul_rope_qkv,fp32_simt,33248.00000000001,l2,13890720.0,,442368.0,0.03184629738415287,0.013305101058710297,ok
150,2366711,0,1,7,_matmul_abt_scale,"(91, 1, 1)","(128, 1, 1)",step00.layer16._matmul_abt_scale.line1899/_matmul_abt_scale,bf16_tensor,14112.000000000002,l2,2856000.0,,47710208.0,16.705254901960785,3.3808253968253963,ok
150,2366711,0,1,7,_matmul_abt_scale,"(91, 1, 1)","(128, 1, 1)",step00.layer16._matmul_abt_scale.line1899/_matmul_abt_scale,fp32_simt,14112.000000000002,l2,2856000.0,,93184.0,0.03262745098039216,0.006603174603174602,ok
151,2366711,0,1,7,_softmax_prefix_suffix_mask_vector,"(100, 1, 1)","(128, 1, 1)",step00.layer16._softmax_prefix_suffix_mask_vector.line1911/_softmax_prefix_suffix_mask_vector,bf16_tensor,15008.000000000002,l2,561760.0,,0.0,,,zero_counted_flops
151,2366711,0,1,7,_softmax_prefix_suffix_mask_vector,"(100, 1, 1)","(128, 1, 1)",step00.layer16._softmax_prefix_suffix_mask_vector.line1911/_softmax_prefix_suffix_mask_vector,fp32_simt,15008.000000000002,l2,561760.0,,2528000.0,4.500142409569923,0.16844349680170576,ok
152,2366711,0,1,7,_matmul_small,"(104, 1, 1)","(128, 1, 1)",step00.layer16._matmul_small.line1921/_matmul_small,bf16_tensor,18848.0,l2,3424672.0,,54525952.0,15.92151073153867,2.89293039049236,ok
152,2366711,0,1,7,_matmul_small,"(104, 1, 1)","(128, 1, 1)",step00.layer16._matmul_small.line1921/_matmul_small,fp32_simt,18848.0,l2,3424672.0,,0.0,,,zero_counted_flops
153,2366711,0,1,7,_matmul_small_res_gate_oproj,"(128, 1, 1)","(128, 1, 1)",step00.layer16._matmul_small_res_gate_oproj.line1932/_matmul_small_res_gate_oproj,bf16_tensor,40800.0,l2,14747520.0,,268435456.0,18.202074382675868,6.5793003921568625,ok
153,2366711,0,1,7,_matmul_small_res_gate_oproj,"(128, 1, 1)","(128, 1, 1)",step00.layer16._matmul_small_res_gate_oproj.line1932/_matmul_small_res_gate_oproj,fp32_simt,40800.0,l2,14747520.0,,131072.0,0.008887731632165951,0.003212549019607843,ok
154,2366711,0,1,7,_adarms_norm_kernel,"(50, 1, 1)","(128, 1, 1)",step00.layer16._adarms_norm_kernel.line1945/_adarms_norm_kernel,bf16_tensor,8416.0,l2,455840.0,,0.0,,,zero_counted_flops
154,2366711,0,1,7,_adarms_norm_kernel,"(50, 1, 1)","(128, 1, 1)",step00.layer16._adarms_norm_kernel.line1945/_adarms_norm_kernel,fp32_simt,8416.0,l2,455840.0,,358400.0,0.7862407862407862,0.04258555133079848,ok
155,2366711,0,1,7,_matmul_small_gate,"(1, 64, 1)","(128, 1, 1)",step00.layer16._matmul_small_gate.line1954/_matmul_small_gate,bf16_tensor,80416.00000000001,l2,23241504.0,,1073741824.0,46.19932617097413,13.3523406287306,ok
155,2366711,0,1,7,_matmul_small_gate,"(1, 64, 1)","(128, 1, 1)",step00.layer16._matmul_small_gate.line1954/_matmul_small_gate,fp32_simt,80416.00000000001,l2,23241504.0,,2883584.0,0.1240704560255653,0.035858336649423,ok
156,2366711,0,1,7,_matmul_small_res_gate_ffn_down,"(64, 1, 1)","(128, 1, 1)",step00.layer16._matmul_small_res_gate_ffn_down.line1971/_matmul_small_res_gate_ffn_down,bf16_tensor,80480.0,l2,39362912.0,,536870912.0,13.639003943610676,6.670861232604374,ok
156,2366711,0,1,7,_matmul_small_res_gate_ffn_down,"(64, 1, 1)","(128, 1, 1)",step00.layer16._matmul_small_res_gate_ffn_down.line1971/_matmul_small_res_gate_ffn_down,fp32_simt,80480.0,l2,39362912.0,,131072.0,0.0033298349471705753,0.0016286282306163023,ok
157,2366711,0,1,7,_adarms_norm_kernel,"(50, 1, 1)","(128, 1, 1)",step00.layer17._adarms_norm_kernel.line1854/_adarms_norm_kernel,bf16_tensor,17824.0,l2,460992.0,,0.0,,,zero_counted_flops
157,2366711,0,1,7,_adarms_norm_kernel,"(50, 1, 1)","(128, 1, 1)",step00.layer17._adarms_norm_kernel.line1854/_adarms_norm_kernel,fp32_simt,17824.0,l2,460992.0,,358400.0,0.7774538386783285,0.020107719928186715,ok
158,2366711,0,1,7,_matmul_rope_qkv,"(128, 1, 1)","(128, 1, 1)",step00.layer17._matmul_rope_qkv.line1863/_matmul_rope_qkv,bf16_tensor,35872.00000000001,l2,13804960.0,,335544320.0,24.306069702483747,9.35393398751115,ok
158,2366711,0,1,7,_matmul_rope_qkv,"(128, 1, 1)","(128, 1, 1)",step00.layer17._matmul_rope_qkv.line1863/_matmul_rope_qkv,fp32_simt,35872.00000000001,l2,13804960.0,,442368.0,0.03204413486167291,0.012331846565566457,ok
159,2366711,0,1,7,_matmul_abt_scale,"(91, 1, 1)","(128, 1, 1)",step00.layer17._matmul_abt_scale.line1899/_matmul_abt_scale,bf16_tensor,16992.000000000004,l2,2847072.0,,47710208.0,16.757640129929978,2.8078041431261767,ok
159,2366711,0,1,7,_matmul_abt_scale,"(91, 1, 1)","(128, 1, 1)",step00.layer17._matmul_abt_scale.line1899/_matmul_abt_scale,fp32_simt,16992.000000000004,l2,2847072.0,,93184.0,0.03272976587876949,0.005483992467043314,ok
160,2366711,0,1,7,_softmax_prefix_suffix_mask_vector,"(100, 1, 1)","(128, 1, 1)",step00.layer17._softmax_prefix_suffix_mask_vector.line1911/_softmax_prefix_suffix_mask_vector,bf16_tensor,17792.0,l2,565408.0,,0.0,,,zero_counted_flops
160,2366711,0,1,7,_softmax_prefix_suffix_mask_vector,"(100, 1, 1)","(128, 1, 1)",step00.layer17._softmax_prefix_suffix_mask_vector.line1911/_softmax_prefix_suffix_mask_vector,fp32_simt,17792.0,l2,565408.0,,2528000.0,4.471107589563642,0.14208633093525178,ok
161,2366711,0,1,7,_matmul_small,"(104, 1, 1)","(128, 1, 1)",step00.layer17._matmul_small.line1921/_matmul_small,bf16_tensor,16736.0,l2,3414368.0,,54525952.0,15.969559227359207,3.2580038240917784,ok
161,2366711,0,1,7,_matmul_small,"(104, 1, 1)","(128, 1, 1)",step00.layer17._matmul_small.line1921/_matmul_small,fp32_simt,16736.0,l2,3414368.0,,0.0,,,zero_counted_flops
162,2366711,0,1,7,_matmul_small_res_gate_oproj,"(128, 1, 1)","(128, 1, 1)",step00.layer17._matmul_small_res_gate_oproj.line1932/_matmul_small_res_gate_oproj,bf16_tensor,36576.0,l2,14666624.0,,268435456.0,18.302470698096577,7.339114610673665,ok
162,2366711,0,1,7,_matmul_small_res_gate_oproj,"(128, 1, 1)","(128, 1, 1)",step00.layer17._matmul_small_res_gate_oproj.line1932/_matmul_small_res_gate_oproj,fp32_simt,36576.0,l2,14666624.0,,131072.0,0.00893675327055497,0.0035835520559930004,ok
163,2366711,0,1,7,_adarms_norm_kernel,"(50, 1, 1)","(128, 1, 1)",step00.layer17._adarms_norm_kernel.line1945/_adarms_norm_kernel,bf16_tensor,15072.0,l2,453696.0,,0.0,,,zero_counted_flops
163,2366711,0,1,7,_adarms_norm_kernel,"(50, 1, 1)","(128, 1, 1)",step00.layer17._adarms_norm_kernel.line1945/_adarms_norm_kernel,fp32_simt,15072.0,l2,453696.0,,358400.0,0.7899562702778953,0.023779193205944796,ok
164,2366711,0,1,7,_matmul_small_gate,"(1, 64, 1)","(128, 1, 1)",step00.layer17._matmul_small_gate.line1954/_matmul_small_gate,bf16_tensor,79392.0,l2,23312960.0,,1073741824.0,46.05772171358763,13.524559451833937,ok
164,2366711,0,1,7,_matmul_small_gate,"(1, 64, 1)","(128, 1, 1)",step00.layer17._matmul_small_gate.line1954/_matmul_small_gate,fp32_simt,79392.0,l2,23312960.0,,2883584.0,0.12369017061754492,0.036320838371624344,ok
165,2366711,0,1,7,_matmul_small_res_gate_ffn_down,"(64, 1, 1)","(128, 1, 1)",step00.layer17._matmul_small_res_gate_ffn_down.line1971/_matmul_small_res_gate_ffn_down,bf16_tensor,74304.0,l2,39266144.0,,536870912.0,13.67261608371833,7.225329888027563,ok
165,2366711,0,1,7,_matmul_small_res_gate_ffn_down,"(64, 1, 1)","(128, 1, 1)",step00.layer17._matmul_small_res_gate_ffn_down.line1971/_matmul_small_res_gate_ffn_down,fp32_simt,74304.0,l2,39266144.0,,131072.0,0.0033380410360640453,0.0017639965546942292,ok
166,2366711,0,1,7,_adarms_norm_kernel,"(50, 1, 1)","(128, 1, 1)",step00.layer-1._adarms_norm_kernel.line1989/_adarms_norm_kernel,bf16_tensor,15296.0,l2,463936.0,,0.0,,,zero_counted_flops
166,2366711,0,1,7,_adarms_norm_kernel,"(50, 1, 1)","(128, 1, 1)",step00.layer-1._adarms_norm_kernel.line1989/_adarms_norm_kernel,fp32_simt,15296.0,l2,463936.0,,358400.0,0.7725203476341564,0.023430962343096235,ok
167,2366711,0,1,7,_matmul_small_bias_res,"(8, 1, 1)","(128, 1, 1)",step00.layer-1._matmul_small_bias_res.line1998/_matmul_small_bias_res,bf16_tensor,14624.000000000002,l2,516672.0,,8388608.0,16.2358478880218,0.5736192560175055,ok
167,2366711,0,1,7,_matmul_small_bias_res,"(8, 1, 1)","(128, 1, 1)",step00.layer-1._matmul_small_bias_res.line1998/_matmul_small_bias_res,fp32_simt,14624.000000000002,l2,516672.0,,4096.0,0.007927660101573145,0.0002800875273522976,ok
168,2366711,0,1,7,_matmul_small_bias,"(64, 1, 1)","(128, 1, 1)",step01.layer-1._matmul_small_bias.line1839/_matmul_small_bias,bf16_tensor,15552.0,l2,365376.0,,4194304.0,11.479418462077422,0.2696954732510288,ok
168,2366711,0,1,7,_matmul_small_bias,"(64, 1, 1)","(128, 1, 1)",step01.layer-1._matmul_small_bias.line1839/_matmul_small_bias,fp32_simt,15552.0,l2,365376.0,,32768.0,0.08968295673497986,0.0021069958847736627,ok
169,2366711,0,1,7,_adarms_norm_kernel,"(50, 1, 1)","(128, 1, 1)",step01.layer00._adarms_norm_kernel.line1854/_adarms_norm_kernel,bf16_tensor,16960.0,l2,463936.0,,0.0,,,zero_counted_flops
169,2366711,0,1,7,_adarms_norm_kernel,"(50, 1, 1)","(128, 1, 1)",step01.layer00._adarms_norm_kernel.line1854/_adarms_norm_kernel,fp32_simt,16960.0,l2,463936.0,,358400.0,0.7725203476341564,0.02113207547169811,ok
170,2366711,0,1,7,_matmul_rope_qkv,"(128, 1, 1)","(128, 1, 1)",step01.layer00._matmul_rope_qkv.line1863/_matmul_rope_qkv,bf16_tensor,35104.0,l2,13791584.0,,335544320.0,24.329643353511823,9.558577939835915,ok
170,2366711,0,1,7,_matmul_rope_qkv,"(128, 1, 1)","(128, 1, 1)",step01.layer00._matmul_rope_qkv.line1863/_matmul_rope_qkv,fp32_simt,35104.0,l2,13791584.0,,442368.0,0.03207521340550875,0.012601640838650865,ok
171,2366711,0,1,7,_matmul_abt_scale,"(91, 1, 1)","(128, 1, 1)",step01.layer00._matmul_abt_scale.line1899/_matmul_abt_scale,bf16_tensor,16320.0,l2,2840032.0,,47710208.0,16.799179727552367,2.923419607843137,ok
171,2366711,0,1,7,_matmul_abt_scale,"(91, 1, 1)","(128, 1, 1)",step01.layer00._matmul_abt_scale.line1899/_matmul_abt_scale,fp32_simt,16320.0,l2,2840032.0,,93184.0,0.03281089790537572,0.005709803921568627,ok
172,2366711,0,1,7,_softmax_prefix_suffix_mask_vector,"(100, 1, 1)","(128, 1, 1)",step01.layer00._softmax_prefix_suffix_mask_vector.line1911/_softmax_prefix_suffix_mask_vector,bf16_tensor,16992.000000000004,l2,563904.0,,0.0,,,zero_counted_flops
172,2366711,0,1,7,_softmax_prefix_suffix_mask_vector,"(100, 1, 1)","(128, 1, 1)",step01.layer00._softmax_prefix_suffix_mask_vector.line1911/_softmax_prefix_suffix_mask_vector,fp32_simt,16992.000000000004,l2,563904.0,,2528000.0,4.483032572920213,0.14877589453860637,ok
173,2366711,0,1,7,_matmul_small,"(104, 1, 1)","(128, 1, 1)",step01.layer00._matmul_small.line1921/_matmul_small,bf16_tensor,19040.0,l2,3430080.0,,54525952.0,15.89640824703797,2.863757983193277,ok
173,2366711,0,1,7,_matmul_small,"(104, 1, 1)","(128, 1, 1)",step01.layer00._matmul_small.line1921/_matmul_small,fp32_simt,19040.0,l2,3430080.0,,0.0,,,zero_counted_flops
174,2366711,0,1,7,_matmul_small_res_gate_oproj,"(128, 1, 1)","(128, 1, 1)",step01.layer00._matmul_small_res_gate_oproj.line1932/_matmul_small_res_gate_oproj,bf16_tensor,38080.0,l2,14705248.0,,268435456.0,18.254398429730664,7.049250420168067,ok
174,2366711,0,1,7,_matmul_small_res_gate_oproj,"(128, 1, 1)","(128, 1, 1)",step01.layer00._matmul_small_res_gate_oproj.line1932/_matmul_small_res_gate_oproj,fp32_simt,38080.0,l2,14705248.0,,131072.0,0.008913280483266926,0.003442016806722689,ok
175,2366711,0,1,7,_adarms_norm_kernel,"(50, 1, 1)","(128, 1, 1)",step01.layer00._adarms_norm_kernel.line1945/_adarms_norm_kernel,bf16_tensor,12608.0,l2,464416.0,,0.0,,,zero_counted_flops
175,2366711,0,1,7,_adarms_norm_kernel,"(50, 1, 1)","(128, 1, 1)",step01.layer00._adarms_norm_kernel.line1945/_adarms_norm_kernel,fp32_simt,12608.0,l2,464416.0,,358400.0,0.7717219044994144,0.02842639593908629,ok
176,2366711,0,1,7,_matmul_small_gate,"(1, 64, 1)","(128, 1, 1)",step01.layer00._matmul_small_gate.line1954/_matmul_small_gate,bf16_tensor,80032.00000000001,l2,23296832.0,,1073741824.0,46.08960668987097,13.416406237504996,ok
176,2366711,0,1,7,_matmul_small_gate,"(1, 64, 1)","(128, 1, 1)",step01.layer00._matmul_small_gate.line1954/_matmul_small_gate,fp32_simt,80032.00000000001,l2,23296832.0,,2883584.0,0.12377579921596207,0.03603038784486205,ok
177,2366711,0,1,7,_matmul_small_res_gate_ffn_down,"(64, 1, 1)","(128, 1, 1)",step01.layer00._matmul_small_res_gate_ffn_down.line1971/_matmul_small_res_gate_ffn_down,bf16_tensor,69536.0,l2,39342816.0,,536870912.0,13.645970639214031,7.72076208007363,ok
177,2366711,0,1,7,_matmul_small_res_gate_ffn_down,"(64, 1, 1)","(128, 1, 1)",step01.layer00._matmul_small_res_gate_ffn_down.line1971/_matmul_small_res_gate_ffn_down,fp32_simt,69536.0,l2,39342816.0,,131072.0,0.003331535800589363,0.001884951679705476,ok
178,2366711,0,1,7,_adarms_norm_kernel,"(50, 1, 1)","(128, 1, 1)",step01.layer01._adarms_norm_kernel.line1854/_adarms_norm_kernel,bf16_tensor,14816.0,l2,464096.0,,0.0,,,zero_counted_flops
178,2366711,0,1,7,_adarms_norm_kernel,"(50, 1, 1)","(128, 1, 1)",step01.layer01._adarms_norm_kernel.line1854/_adarms_norm_kernel,fp32_simt,14816.0,l2,464096.0,,358400.0,0.7722540164103978,0.024190064794816415,ok
179,2366711,0,1,7,_matmul_rope_qkv,"(128, 1, 1)","(128, 1, 1)",step01.layer01._matmul_rope_qkv.line1863/_matmul_rope_qkv,bf16_tensor,37088.0,l2,13794624.0,,335544320.0,24.324281691186364,9.047247627264882,ok
179,2366711,0,1,7,_matmul_rope_qkv,"(128, 1, 1)","(128, 1, 1)",step01.layer01._matmul_rope_qkv.line1863/_matmul_rope_qkv,fp32_simt,37088.0,l2,13794624.0,,442368.0,0.0320681448077164,0.011927523727351164,ok
180,2366711,0,1,7,_matmul_abt_scale,"(91, 1, 1)","(128, 1, 1)",step01.layer01._matmul_abt_scale.line1899/_matmul_abt_scale,bf16_tensor,17600.0,l2,2849696.0,,47710208.0,16.74220969534996,2.7108072727272723,ok
180,2366711,0,1,7,_matmul_abt_scale,"(91, 1, 1)","(128, 1, 1)",step01.layer01._matmul_abt_scale.line1899/_matmul_abt_scale,fp32_simt,17600.0,l2,2849696.0,,93184.0,0.03269962831123039,0.005294545454545454,ok
181,2366711,0,1,7,_softmax_prefix_suffix_mask_vector,"(100, 1, 1)","(128, 1, 1)",step01.layer01._softmax_prefix_suffix_mask_vector.line1911/_softmax_prefix_suffix_mask_vector,bf16_tensor,18016.0,l2,564864.0,,0.0,,,zero_counted_flops
181,2366711,0,1,7,_softmax_prefix_suffix_mask_vector,"(100, 1, 1)","(128, 1, 1)",step01.layer01._softmax_prefix_suffix_mask_vector.line1911/_softmax_prefix_suffix_mask_vector,fp32_simt,18016.0,l2,564864.0,,2528000.0,4.475413550872422,0.14031971580817051,ok
182,2366711,0,1,7,_matmul_small,"(104, 1, 1)","(128, 1, 1)",step01.layer01._matmul_small.line1921/_matmul_small,bf16_tensor,18752.000000000004,l2,3420704.0,,54525952.0,15.939979606537134,2.907740614334471,ok
182,2366711,0,1,7,_matmul_small,"(104, 1, 1)","(128, 1, 1)",step01.layer01._matmul_small.line1921/_matmul_small,fp32_simt,18752.000000000004,l2,3420704.0,,0.0,,,zero_counted_flops
183,2366711,0,1,7,_matmul_small_res_gate_oproj,"(128, 1, 1)","(128, 1, 1)",step01.layer01._matmul_small_res_gate_oproj.line1932/_matmul_small_res_gate_oproj,bf16_tensor,39680.0,l2,14715072.0,,268435456.0,18.242211522988132,6.765006451612903,ok
183,2366711,0,1,7,_matmul_small_res_gate_oproj,"(128, 1, 1)","(128, 1, 1)",step01.layer01._matmul_small_res_gate_oproj.line1932/_matmul_small_res_gate_oproj,fp32_simt,39680.0,l2,14715072.0,,131072.0,0.008907329845209049,0.003303225806451613,ok
184,2366711,0,1,7,_adarms_norm_kernel,"(50, 1, 1)","(128, 1, 1)",step01.layer01._adarms_norm_kernel.line1945/_adarms_norm_kernel,bf16_tensor,15552.0,l2,453408.0,,0.0,,,zero_counted_flops
184,2366711,0,1,7,_adarms_norm_kernel,"(50, 1, 1)","(128, 1, 1)",step01.layer01._adarms_norm_kernel.line1945/_adarms_norm_kernel,fp32_simt,15552.0,l2,453408.0,,358400.0,0.7904580422048133,0.023045267489711932,ok
185,2366711,0,1,7,_matmul_small_gate,"(1, 64, 1)","(128, 1, 1)",step01.layer01._matmul_small_gate.line1954/_matmul_small_gate,bf16_tensor,90144.00000000001,l2,23377824.0,,1073741824.0,45.92993017656391,11.911406460773872,ok
185,2366711,0,1,7,_matmul_small_gate,"(1, 64, 1)","(128, 1, 1)",step01.layer01._matmul_small_gate.line1954/_matmul_small_gate,fp32_simt,90144.00000000001,l2,23377824.0,,2883584.0,0.1233469804546394,0.03198864039758608,ok
186,2366711,0,1,7,_matmul_small_res_gate_ffn_down,"(64, 1, 1)","(128, 1, 1)",step01.layer01._matmul_small_res_gate_ffn_down.line1971/_matmul_small_res_gate_ffn_down,bf16_tensor,74080.00000000001,l2,39271904.0,,536870912.0,13.67061072465445,7.247177537796976,ok
186,2366711,0,1,7,_matmul_small_res_gate_ffn_down,"(64, 1, 1)","(128, 1, 1)",step01.layer01._matmul_small_res_gate_ffn_down.line1971/_matmul_small_res_gate_ffn_down,fp32_simt,74080.00000000001,l2,39271904.0,,131072.0,0.0033375514464488404,0.0017693304535637147,ok
187,2366711,0,1,7,_adarms_norm_kernel,"(50, 1, 1)","(128, 1, 1)",step01.layer02._adarms_norm_kernel.line1854/_adarms_norm_kernel,bf16_tensor,12736.000000000002,l2,454560.0,,0.0,,,zero_counted_flops
187,2366711,0,1,7,_adarms_norm_kernel,"(50, 1, 1)","(128, 1, 1)",step01.layer02._adarms_norm_kernel.line1854/_adarms_norm_kernel,fp32_simt,12736.000000000002,l2,454560.0,,358400.0,0.7884547694473777,0.028140703517587937,ok
188,2366711,0,1,7,_matmul_rope_qkv,"(128, 1, 1)","(128, 1, 1)",step01.layer02._matmul_rope_qkv.line1863/_matmul_rope_qkv,bf16_tensor,33280.0,l2,13875104.0,,335544320.0,24.183193149399095,10.082461538461539,ok
188,2366711,0,1,7,_matmul_rope_qkv,"(128, 1, 1)","(128, 1, 1)",step01.layer02._matmul_rope_qkv.line1863/_matmul_rope_qkv,fp32_simt,33280.0,l2,13875104.0,,442368.0,0.03188213940594607,0.013292307692307692,ok
189,2366711,0,1,7,_matmul_abt_scale,"(91, 1, 1)","(128, 1, 1)",step01.layer02._matmul_abt_scale.line1899/_matmul_abt_scale,bf16_tensor,16032.000000000002,l2,2825248.0,,47710208.0,16.887086726545775,2.975936127744511,ok
189,2366711,0,1,7,_matmul_abt_scale,"(91, 1, 1)","(128, 1, 1)",step01.layer02._matmul_abt_scale.line1899/_matmul_abt_scale,fp32_simt,16032.000000000002,l2,2825248.0,,93184.0,0.032982591262784716,0.005812375249500998,ok
190,2366711,0,1,7,_softmax_prefix_suffix_mask_vector,"(100, 1, 1)","(128, 1, 1)",step01.layer02._softmax_prefix_suffix_mask_vector.line1911/_softmax_prefix_suffix_mask_vector,bf16_tensor,17344.000000000004,l2,561216.0,,0.0,,,zero_counted_flops
190,2366711,0,1,7,_softmax_prefix_suffix_mask_vector,"(100, 1, 1)","(128, 1, 1)",step01.layer02._softmax_prefix_suffix_mask_vector.line1911/_softmax_prefix_suffix_mask_vector,fp32_simt,17344.000000000004,l2,561216.0,,2528000.0,4.504504504504505,0.14575645756457561,ok
191,2366711,0,1,7,_matmul_small,"(104, 1, 1)","(128, 1, 1)",step01.layer02._matmul_small.line1921/_matmul_small,bf16_tensor,19264.0,l2,3407520.0,,54525952.0,16.00165281495046,2.8304584717607972,ok
191,2366711,0,1,7,_matmul_small,"(104, 1, 1)","(128, 1, 1)",step01.layer02._matmul_small.line1921/_matmul_small,fp32_simt,19264.0,l2,3407520.0,,0.0,,,zero_counted_flops
192,2366711,0,1,7,_matmul_small_res_gate_oproj,"(128, 1, 1)","(128, 1, 1)",step01.layer02._matmul_small_res_gate_oproj.line1932/_matmul_small_res_gate_oproj,bf16_tensor,44928.0,l2,14778304.0,,268435456.0,18.16415848530386,5.974792022792022,ok
192,2366711,0,1,7,_matmul_small_res_gate_oproj,"(128, 1, 1)","(128, 1, 1)",step01.layer02._matmul_small_res_gate_oproj.line1932/_matmul_small_res_gate_oproj,fp32_simt,44928.0,l2,14778304.0,,131072.0,0.008869218010402276,0.002917378917378917,ok
193,2366711,0,1,7,_adarms_norm_kernel,"(50, 1, 1)","(128, 1, 1)",step01.layer02._adarms_norm_kernel.line1945/_adarms_norm_kernel,bf16_tensor,15904.000000000002,l2,471552.0,,0.0,,,zero_counted_flops
193,2366711,0,1,7,_adarms_norm_kernel,"(50, 1, 1)","(128, 1, 1)",step01.layer02._adarms_norm_kernel.line1945/_adarms_norm_kernel,fp32_simt,15904.000000000002,l2,471552.0,,358400.0,0.760043431053203,0.022535211267605628,ok
194,2366711,0,1,7,_matmul_small_gate,"(1, 64, 1)","(128, 1, 1)",step01.layer02._matmul_small_gate.line1954/_matmul_small_gate,bf16_tensor,79136.00000000001,l2,23360160.0,,1073741824.0,45.96466051602386,13.568310553983016,ok
194,2366711,0,1,7,_matmul_small_gate,"(1, 64, 1)","(128, 1, 1)",step01.layer02._matmul_small_gate.line1954/_matmul_small_gate,fp32_simt,79136.00000000001,l2,23360160.0,,2883584.0,0.12344025040924378,0.036438334007278604,ok
195,2366711,0,1,7,_matmul_small_res_gate_ffn_down,"(64, 1, 1)","(128, 1, 1)",step01.layer02._matmul_small_res_gate_ffn_down.line1971/_matmul_small_res_gate_ffn_down,bf16_tensor,77120.0,l2,39282784.0,,536870912.0,13.666824428737026,6.961500414937759,ok
195,2366711,0,1,7,_matmul_small_res_gate_ffn_down,"(64, 1, 1)","(128, 1, 1)",step01.layer02._matmul_small_res_gate_ffn_down.line1971/_matmul_small_res_gate_ffn_down,fp32_simt,77120.0,l2,39282784.0,,131072.0,0.0033366270577971256,0.0016995850622406638,ok
196,2366711,0,1,7,_adarms_norm_kernel,"(50, 1, 1)","(128, 1, 1)",step01.layer03._adarms_norm_kernel.line1854/_adarms_norm_kernel,bf16_tensor,16192.0,l2,465216.0,,0.0,,,zero_counted_flops
196,2366711,0,1,7,_adarms_norm_kernel,"(50, 1, 1)","(128, 1, 1)",step01.layer03._adarms_norm_kernel.line1854/_adarms_norm_kernel,fp32_simt,16192.0,l2,465216.0,,358400.0,0.7703948273490163,0.022134387351778657,ok
197,2366711,0,1,7,_matmul_rope_qkv,"(128, 1, 1)","(128, 1, 1)",step01.layer03._matmul_rope_qkv.line1863/_matmul_rope_qkv,bf16_tensor,31840.0,l2,13911008.0,,335544320.0,24.12077686965603,10.538452261306533,ok
197,2366711,0,1,7,_matmul_rope_qkv,"(128, 1, 1)","(128, 1, 1)",step01.layer03._matmul_rope_qkv.line1863/_matmul_rope_qkv,fp32_simt,31840.0,l2,13911008.0,,442368.0,0.03179985231839418,0.013893467336683417,ok
198,2366711,0,1,7,_matmul_abt_scale,"(91, 1, 1)","(128, 1, 1)",step01.layer03._matmul_abt_scale.line1899/_matmul_abt_scale,bf16_tensor,17472.0,l2,2858016.0,,47710208.0,16.693471275178304,2.7306666666666666,ok
198,2366711,0,1,7,_matmul_abt_scale,"(91, 1, 1)","(128, 1, 1)",step01.layer03._matmul_abt_scale.line1899/_matmul_abt_scale,fp32_simt,17472.0,l2,2858016.0,,93184.0,0.032604436084332625,0.005333333333333333,ok
199,2366711,0,1,7,_softmax_prefix_suffix_mask_vector,"(100, 1, 1)","(128, 1, 1)",step01.layer03._softmax_prefix_suffix_mask_vector.line1911/_softmax_prefix_suffix_mask_vector,bf16_tensor,18560.000000000004,l2,566912.0,,0.0,,,zero_counted_flops
199,2366711,0,1,7,_softmax_prefix_suffix_mask_vector,"(100, 1, 1)","(128, 1, 1)",step01.layer03._softmax_prefix_suffix_mask_vector.line1911/_softmax_prefix_suffix_mask_vector,fp32_simt,18560.000000000004,l2,566912.0,,2528000.0,4.459245879431023,0.13620689655172413,ok
200,2366711,0,1,7,_matmul_small,"(104, 1, 1)","(128, 1, 1)",step01.layer03._matmul_small.line1921/_matmul_small,bf16_tensor,17504.0,l2,3415296.0,,54525952.0,15.965219998500862,3.115056672760512,ok
200,2366711,0,1,7,_matmul_small,"(104, 1, 1)","(128, 1, 1)",step01.layer03._matmul_small.line1921/_matmul_small,fp32_simt,17504.0,l2,3415296.0,,0.0,,,zero_counted_flops
201,2366711,0,1,7,_matmul_small_res_gate_oproj,"(128, 1, 1)","(128, 1, 1)",step01.layer03._matmul_small_res_gate_oproj.line1932/_matmul_small_res_gate_oproj,bf16_tensor,41344.0,l2,14740288.0,,268435456.0,18.21100483247003,6.492730650154799,ok
201,2366711,0,1,7,_matmul_small_res_gate_oproj,"(128, 1, 1)","(128, 1, 1)",step01.layer03._matmul_small_res_gate_oproj.line1932/_matmul_small_res_gate_oproj,fp32_simt,41344.0,l2,14740288.0,,131072.0,0.008892092203354508,0.003170278637770898,ok
202,2366711,0,1,7,_adarms_norm_kernel,"(50, 1, 1)","(128, 1, 1)",step01.layer03._adarms_norm_kernel.line1945/_adarms_norm_kernel,bf16_tensor,15840.0,l2,463584.0,,0.0,,,zero_counted_flops
202,2366711,0,1,7,_adarms_norm_kernel,"(50, 1, 1)","(128, 1, 1)",step01.layer03._adarms_norm_kernel.line1945/_adarms_norm_kernel,fp32_simt,15840.0,l2,463584.0,,358400.0,0.7731069234486091,0.022626262626262626,ok
203,2366711,0,1,7,_matmul_small_gate,"(1, 64, 1)","(128, 1, 1)",step01.layer03._matmul_small_gate.line1954/_matmul_small_gate,bf16_tensor,78304.0,l2,23298112.0,,1073741824.0,46.087074523463535,13.712477319166327,ok
203,2366711,0,1,7,_matmul_small_gate,"(1, 64, 1)","(128, 1, 1)",step01.layer03._matmul_small_gate.line1954/_matmul_small_gate,fp32_simt,78304.0,l2,23298112.0,,2883584.0,0.12376899896437961,0.036825500612995506,ok
204,2366711,0,1,7,_matmul_small_res_gate_ffn_down,"(64, 1, 1)","(128, 1, 1)",step01.layer03._matmul_small_res_gate_ffn_down.line1971/_matmul_small_res_gate_ffn_down,bf16_tensor,69600.0,l2,39279200.0,,536870912.0,13.668071447483655,7.713662528735632,ok
204,2366711,0,1,7,_matmul_small_res_gate_ffn_down,"(64, 1, 1)","(128, 1, 1)",step01.layer03._matmul_small_res_gate_ffn_down.line1971/_matmul_small_res_gate_ffn_down,fp32_simt,69600.0,l2,39279200.0,,131072.0,0.003336931505733314,0.0018832183908045978,ok
205,2366711,0,1,7,_adarms_norm_kernel,"(50, 1, 1)","(128, 1, 1)",step01.layer04._adarms_norm_kernel.line1854/_adarms_norm_kernel,bf16_tensor,17152.0,l2,456480.0,,0.0,,,zero_counted_flops
205,2366711,0,1,7,_adarms_norm_kernel,"(50, 1, 1)","(128, 1, 1)",step01.layer04._adarms_norm_kernel.line1854/_adarms_norm_kernel,fp32_simt,17152.0,l2,456480.0,,358400.0,0.7851384507535927,0.0208955223880597,ok
206,2366711,0,1,7,_matmul_rope_qkv,"(128, 1, 1)","(128, 1, 1)",step01.layer04._matmul_rope_qkv.line1863/_matmul_rope_qkv,bf16_tensor,32928.0,l2,13862080.0,,335544320.0,24.205914263948845,10.190242954324585,ok
206,2366711,0,1,7,_matmul_rope_qkv,"(128, 1, 1)","(128, 1, 1)",step01.layer04._matmul_rope_qkv.line1863/_matmul_rope_qkv,fp32_simt,32928.0,l2,13862080.0,,442368.0,0.03191209400032318,0.013434402332361515,ok
207,2366711,0,1,7,_matmul_abt_scale,"(91, 1, 1)","(128, 1, 1)",step01.layer04._matmul_abt_scale.line1899/_matmul_abt_scale,bf16_tensor,15808.000000000002,l2,2856192.0,,47710208.0,16.704131935108006,3.0181052631578944,ok
207,2366711,0,1,7,_matmul_abt_scale,"(91, 1, 1)","(128, 1, 1)",step01.layer04._matmul_abt_scale.line1899/_matmul_abt_scale,fp32_simt,15808.000000000002,l2,2856192.0,,93184.0,0.03262525768575782,0.0058947368421052625,ok
208,2366711,0,1,7,_softmax_prefix_suffix_mask_vector,"(100, 1, 1)","(128, 1, 1)",step01.layer04._softmax_prefix_suffix_mask_vector.line1911/_softmax_prefix_suffix_mask_vector,bf16_tensor,17824.0,l2,564608.0,,0.0,,,zero_counted_flops
208,2366711,0,1,7,_softmax_prefix_suffix_mask_vector,"(100, 1, 1)","(128, 1, 1)",step01.layer04._softmax_prefix_suffix_mask_vector.line1911/_softmax_prefix_suffix_mask_vector,fp32_simt,17824.0,l2,564608.0,,2528000.0,4.4774427567445025,0.14183123877917414,ok
209,2366711,0,1,7,_matmul_small,"(104, 1, 1)","(128, 1, 1)",step01.layer04._matmul_small.line1921/_matmul_small,bf16_tensor,19200.000000000004,l2,3407456.0,,54525952.0,16.001953363447686,2.839893333333333,ok
209,2366711,0,1,7,_matmul_small,"(104, 1, 1)","(128, 1, 1)",step01.layer04._matmul_small.line1921/_matmul_small,fp32_simt,19200.000000000004,l2,3407456.0,,0.0,,,zero_counted_flops
210,2366711,0,1,7,_matmul_small_res_gate_oproj,"(128, 1, 1)","(128, 1, 1)",step01.layer04._matmul_small_res_gate_oproj.line1932/_matmul_small_res_gate_oproj,bf16_tensor,42304.0,l2,14743872.0,,268435456.0,18.20657802780708,6.345391830559758,ok
210,2366711,0,1,7,_matmul_small_res_gate_oproj,"(128, 1, 1)","(128, 1, 1)",step01.layer04._matmul_small_res_gate_oproj.line1932/_matmul_small_res_gate_oproj,fp32_simt,42304.0,l2,14743872.0,,131072.0,0.008889930677640176,0.003098335854765507,ok
211,2366711,0,1,7,_adarms_norm_kernel,"(50, 1, 1)","(128, 1, 1)",step01.layer04._adarms_norm_kernel.line1945/_adarms_norm_kernel,bf16_tensor,17664.000000000004,l2,460160.0,,0.0,,,zero_counted_flops
211,2366711,0,1,7,_adarms_norm_kernel,"(50, 1, 1)","(128, 1, 1)",step01.layer04._adarms_norm_kernel.line1945/_adarms_norm_kernel,fp32_simt,17664.000000000004,l2,460160.0,,358400.0,0.7788595271210014,0.020289855072463763,ok
212,2366711,0,1,7,_matmul_small_gate,"(1, 64, 1)","(128, 1, 1)",step01.layer04._matmul_small_gate.line1954/_matmul_small_gate,bf16_tensor,91264.0,l2,23314624.0,,1073741824.0,46.05443450428366,11.765228611500701,ok
212,2366711,0,1,7,_matmul_small_gate,"(1, 64, 1)","(128, 1, 1)",step01.layer04._matmul_small_gate.line1954/_matmul_small_gate,fp32_simt,91264.0,l2,23314624.0,,2883584.0,0.12368134266287116,0.0315960729312763,ok
213,2366711,0,1,7,_matmul_small_res_gate_ffn_down,"(64, 1, 1)","(128, 1, 1)",step01.layer04._matmul_small_res_gate_ffn_down.line1971/_matmul_small_res_gate_ffn_down,bf16_tensor,68032.0,l2,39311328.0,,536870912.0,13.656900931965463,7.891446848541863,ok
213,2366711,0,1,7,_matmul_small_res_gate_ffn_down,"(64, 1, 1)","(128, 1, 1)",step01.layer04._matmul_small_res_gate_ffn_down.line1971/_matmul_small_res_gate_ffn_down,fp32_simt,68032.0,l2,39311328.0,,131072.0,0.0033342043290931307,0.0019266227657572907,ok
214,2366711,0,1,7,_adarms_norm_kernel,"(50, 1, 1)","(128, 1, 1)",step01.layer05._adarms_norm_kernel.line1854/_adarms_norm_kernel,bf16_tensor,16416.0,l2,463776.0,,0.0,,,zero_counted_flops
214,2366711,0,1,7,_adarms_norm_kernel,"(50, 1, 1)","(128, 1, 1)",step01.layer05._adarms_norm_kernel.line1854/_adarms_norm_kernel,fp32_simt,16416.0,l2,463776.0,,358400.0,0.7727868626233354,0.021832358674463936,ok
215,2366711,0,1,7,_matmul_rope_qkv,"(128, 1, 1)","(128, 1, 1)",step01.layer05._matmul_rope_qkv.line1863/_matmul_rope_qkv,bf16_tensor,36160.0,l2,13801408.0,,335544320.0,24.312325235222378,9.279433628318584,ok
215,2366711,0,1,7,_matmul_rope_qkv,"(128, 1, 1)","(128, 1, 1)",step01.layer05._matmul_rope_qkv.line1863/_matmul_rope_qkv,fp32_simt,36160.0,l2,13801408.0,,442368.0,0.0320523819019045,0.01223362831858407,ok
216,2366711,0,1,7,_matmul_abt_scale,"(91, 1, 1)","(128, 1, 1)",step01.layer05._matmul_abt_scale.line1899/_matmul_abt_scale,bf16_tensor,16288.0,l2,2865664.0,,47710208.0,16.64891906378417,2.929163064833006,ok
216,2366711,0,1,7,_matmul_abt_scale,"(91, 1, 1)","(128, 1, 1)",step01.layer05._matmul_abt_scale.line1899/_matmul_abt_scale,fp32_simt,16288.0,l2,2865664.0,,93184.0,0.03251742004645346,0.005721021611001965,ok
217,2366711,0,1,7,_softmax_prefix_suffix_mask_vector,"(100, 1, 1)","(128, 1, 1)",step01.layer05._softmax_prefix_suffix_mask_vector.line1911/_softmax_prefix_suffix_mask_vector,bf16_tensor,17312.0,l2,564512.0,,0.0,,,zero_counted_flops
217,2366711,0,1,7,_softmax_prefix_suffix_mask_vector,"(100, 1, 1)","(128, 1, 1)",step01.layer05._softmax_prefix_suffix_mask_vector.line1911/_softmax_prefix_suffix_mask_vector,fp32_simt,17312.0,l2,564512.0,,2528000.0,4.478204183436313,0.14602587800369687,ok
218,2366711,0,1,7,_matmul_small,"(104, 1, 1)","(128, 1, 1)",step01.layer05._matmul_small.line1921/_matmul_small,bf16_tensor,18848.0,l2,3411776.0,,54525952.0,15.981691646813859,2.89293039049236,ok
218,2366711,0,1,7,_matmul_small,"(104, 1, 1)","(128, 1, 1)",step01.layer05._matmul_small.line1921/_matmul_small,fp32_simt,18848.0,l2,3411776.0,,0.0,,,zero_counted_flops
219,2366711,0,1,7,_matmul_small_res_gate_oproj,"(128, 1, 1)","(128, 1, 1)",step01.layer05._matmul_small_res_gate_oproj.line1932/_matmul_small_res_gate_oproj,bf16_tensor,40480.00000000001,l2,14760800.0,,268435456.0,18.185698336133544,6.631310671936758,ok
219,2366711,0,1,7,_matmul_small_res_gate_oproj,"(128, 1, 1)","(128, 1, 1)",step01.layer05._matmul_small_res_gate_oproj.line1932/_matmul_small_res_gate_oproj,fp32_simt,40480.00000000001,l2,14760800.0,,131072.0,0.008879735515690207,0.00323794466403162,ok
220,2366711,0,1,7,_adarms_norm_kernel,"(50, 1, 1)","(128, 1, 1)",step01.layer05._adarms_norm_kernel.line1945/_adarms_norm_kernel,bf16_tensor,15456.000000000002,l2,462112.0,,0.0,,,zero_counted_flops
220,2366711,0,1,7,_adarms_norm_kernel,"(50, 1, 1)","(128, 1, 1)",step01.layer05._adarms_norm_kernel.line1945/_adarms_norm_kernel,fp32_simt,15456.000000000002,l2,462112.0,,358400.0,0.7755695588948134,0.023188405797101443,ok
221,2366711,0,1,7,_matmul_small_gate,"(1, 64, 1)","(128, 1, 1)",step01.layer05._matmul_small_gate.line1954/_matmul_small_gate,bf16_tensor,88736.0,l2,23301952.0,,1073741824.0,46.07947969337504,12.100408222142084,ok
221,2366711,0,1,7,_matmul_small_gate,"(1, 64, 1)","(128, 1, 1)",step01.layer05._matmul_small_gate.line1954/_matmul_small_gate,fp32_simt,88736.0,l2,23301952.0,,2883584.0,0.12374860269216931,0.03249621348719798,ok
222,2366711,0,1,7,_matmul_small_res_gate_ffn_down,"(64, 1, 1)","(128, 1, 1)",step01.layer05._matmul_small_res_gate_ffn_down.line1971/_matmul_small_res_gate_ffn_down,bf16_tensor,77920.0,l2,39277856.0,,536870912.0,13.668539138185139,6.890027104722793,ok
222,2366711,0,1,7,_matmul_small_res_gate_ffn_down,"(64, 1, 1)","(128, 1, 1)",step01.layer05._matmul_small_res_gate_ffn_down.line1971/_matmul_small_res_gate_ffn_down,fp32_simt,77920.0,l2,39277856.0,,131072.0,0.003337045688033481,0.0016821355236139631,ok
223,2366711,0,1,7,_adarms_norm_kernel,"(50, 1, 1)","(128, 1, 1)",step01.layer06._adarms_norm_kernel.line1854/_adarms_norm_kernel,bf16_tensor,18176.0,l2,469280.0,,0.0,,,zero_counted_flops
223,2366711,0,1,7,_adarms_norm_kernel,"(50, 1, 1)","(128, 1, 1)",step01.layer06._adarms_norm_kernel.line1854/_adarms_norm_kernel,fp32_simt,18176.0,l2,469280.0,,358400.0,0.7637231503579952,0.01971830985915493,ok
224,2366711,0,1,7,_matmul_rope_qkv,"(128, 1, 1)","(128, 1, 1)",step01.layer06._matmul_rope_qkv.line1863/_matmul_rope_qkv,bf16_tensor,34784.00000000001,l2,13793952.0,,335544320.0,24.325466697288782,9.64651333946642,ok
224,2366711,0,1,7,_matmul_rope_qkv,"(128, 1, 1)","(128, 1, 1)",step01.layer06._matmul_rope_qkv.line1863/_matmul_rope_qkv,fp32_simt,34784.00000000001,l2,13793952.0,,442368.0,0.032069707071620955,0.012717571297148114,ok
225,2366711,0,1,7,_matmul_abt_scale,"(91, 1, 1)","(128, 1, 1)",step01.layer06._matmul_abt_scale.line1899/_matmul_abt_scale,bf16_tensor,19392.0,l2,2866144.0,,47710208.0,16.64613082943495,2.460303630363036,ok
225,2366711,0,1,7,_matmul_abt_scale,"(91, 1, 1)","(128, 1, 1)",step01.layer06._matmul_abt_scale.line1899/_matmul_abt_scale,fp32_simt,19392.0,l2,2866144.0,,93184.0,0.032511974276240134,0.004805280528052805,ok
226,2366711,0,1,7,_softmax_prefix_suffix_mask_vector,"(100, 1, 1)","(128, 1, 1)",step01.layer06._softmax_prefix_suffix_mask_vector.line1911/_softmax_prefix_suffix_mask_vector,bf16_tensor,18432.000000000004,l2,566400.0,,0.0,,,zero_counted_flops
226,2366711,0,1,7,_softmax_prefix_suffix_mask_vector,"(100, 1, 1)","(128, 1, 1)",step01.layer06._softmax_prefix_suffix_mask_vector.line1911/_softmax_prefix_suffix_mask_vector,fp32_simt,18432.000000000004,l2,566400.0,,2528000.0,4.463276836158192,0.13715277777777776,ok
227,2366711,0,1,7,_matmul_small,"(104, 1, 1)","(128, 1, 1)",step01.layer06._matmul_small.line1921/_matmul_small,bf16_tensor,19808.0,l2,3418336.0,,54525952.0,15.951021783698268,2.752723747980614,ok
227,2366711,0,1,7,_matmul_small,"(104, 1, 1)","(128, 1, 1)",step01.layer06._matmul_small.line1921/_matmul_small,fp32_simt,19808.0,l2,3418336.0,,0.0,,,zero_counted_flops
228,2366711,0,1,7,_matmul_small_res_gate_oproj,"(128, 1, 1)","(128, 1, 1)",step01.layer06._matmul_small_res_gate_oproj.line1932/_matmul_small_res_gate_oproj,bf16_tensor,39392.00000000001,l2,14723456.0,,268435456.0,18.231823832665373,6.814466287571079,ok
228,2366711,0,1,7,_matmul_small_res_gate_oproj,"(128, 1, 1)","(128, 1, 1)",step01.layer06._matmul_small_res_gate_oproj.line1932/_matmul_small_res_gate_oproj,fp32_simt,39392.00000000001,l2,14723456.0,,131072.0,0.00890225773079364,0.003327376116978066,ok
229,2366711,0,1,7,_adarms_norm_kernel,"(50, 1, 1)","(128, 1, 1)",step01.layer06._adarms_norm_kernel.line1945/_adarms_norm_kernel,bf16_tensor,14368.0,l2,456992.0,,0.0,,,zero_counted_flops
229,2366711,0,1,7,_adarms_norm_kernel,"(50, 1, 1)","(128, 1, 1)",step01.layer06._adarms_norm_kernel.line1945/_adarms_norm_kernel,fp32_simt,14368.0,l2,456992.0,,358400.0,0.7842588054057839,0.024944320712694878,ok
230,2366711,0,1,7,_matmul_small_gate,"(1, 64, 1)","(128, 1, 1)",step01.layer06._matmul_small_gate.line1954/_matmul_small_gate,bf16_tensor,79520.00000000001,l2,23280128.0,,1073741824.0,46.122676988717586,13.502789537223338,ok
230,2366711,0,1,7,_matmul_small_gate,"(1, 64, 1)","(128, 1, 1)",step01.layer06._matmul_small_gate.line1954/_matmul_small_gate,fp32_simt,79520.00000000001,l2,23280128.0,,2883584.0,0.12386461105368493,0.03626237424547283,ok
231,2366711,0,1,7,_matmul_small_res_gate_ffn_down,"(64, 1, 1)","(128, 1, 1)",step01.layer06._matmul_small_res_gate_ffn_down.line1971/_matmul_small_res_gate_ffn_down,bf16_tensor,75232.0,l2,39227552.0,,536870912.0,13.686067180536782,7.136204168438962,ok
231,2366711,0,1,7,_matmul_small_res_gate_ffn_down,"(64, 1, 1)","(128, 1, 1)",step01.layer06._matmul_small_res_gate_ffn_down.line1971/_matmul_small_res_gate_ffn_down,fp32_simt,75232.0,l2,39227552.0,,131072.0,0.0033413249952482377,0.0017422373458102934,ok
232,2366711,0,1,7,_adarms_norm_kernel,"(50, 1, 1)","(128, 1, 1)",step01.layer07._adarms_norm_kernel.line1854/_adarms_norm_kernel,bf16_tensor,14048.000000000002,l2,459616.0,,0.0,,,zero_counted_flops
232,2366711,0,1,7,_adarms_norm_kernel,"(50, 1, 1)","(128, 1, 1)",step01.layer07._adarms_norm_kernel.line1854/_adarms_norm_kernel,fp32_simt,14048.000000000002,l2,459616.0,,358400.0,0.7797813827194876,0.025512528473804096,ok
233,2366711,0,1,7,_matmul_rope_qkv,"(128, 1, 1)","(128, 1, 1)",step01.layer07._matmul_rope_qkv.line1863/_matmul_rope_qkv,bf16_tensor,36544.0,l2,13850848.0,,335544320.0,24.225543446870546,9.181926444833625,ok
233,2366711,0,1,7,_matmul_rope_qkv,"(128, 1, 1)","(128, 1, 1)",step01.layer07._matmul_rope_qkv.line1863/_matmul_rope_qkv,fp32_simt,36544.0,l2,13850848.0,,442368.0,0.031937972317651595,0.01210507880910683,ok
234,2366711,0,1,7,_matmul_abt_scale,"(91, 1, 1)","(128, 1, 1)",step01.layer07._matmul_abt_scale.line1899/_matmul_abt_scale,bf16_tensor,16928.0,l2,2831168.0,,47710208.0,16.851775662906615,2.8184196597353495,ok
234,2366711,0,1,7,_matmul_abt_scale,"(91, 1, 1)","(128, 1, 1)",step01.layer07._matmul_abt_scale.line1899/_matmul_abt_scale,fp32_simt,16928.0,l2,2831168.0,,93184.0,0.03291362434161448,0.005504725897920604,ok
235,2366711,0,1,7,_softmax_prefix_suffix_mask_vector,"(100, 1, 1)","(128, 1, 1)",step01.layer07._softmax_prefix_suffix_mask_vector.line1911/_softmax_prefix_suffix_mask_vector,bf16_tensor,18496.0,l2,566784.0,,0.0,,,zero_counted_flops
235,2366711,0,1,7,_softmax_prefix_suffix_mask_vector,"(100, 1, 1)","(128, 1, 1)",step01.layer07._softmax_prefix_suffix_mask_vector.line1911/_softmax_prefix_suffix_mask_vector,fp32_simt,18496.0,l2,566784.0,,2528000.0,4.460252935862692,0.1366782006920415,ok
236,2366711,0,1,7,_matmul_small,"(104, 1, 1)","(128, 1, 1)",step01.layer07._matmul_small.line1921/_matmul_small,bf16_tensor,17056.0,l2,3414080.0,,54525952.0,15.970906364232825,3.196878048780488,ok
236,2366711,0,1,7,_matmul_small,"(104, 1, 1)","(128, 1, 1)",step01.layer07._matmul_small.line1921/_matmul_small,fp32_simt,17056.0,l2,3414080.0,,0.0,,,zero_counted_flops
237,2366711,0,1,7,_matmul_small_res_gate_oproj,"(128, 1, 1)","(128, 1, 1)",step01.layer07._matmul_small_res_gate_oproj.line1932/_matmul_small_res_gate_oproj,bf16_tensor,42368.00000000001,l2,14649248.0,,268435456.0,18.324179916948637,6.335806646525679,ok
237,2366711,0,1,7,_matmul_small_res_gate_oproj,"(128, 1, 1)","(128, 1, 1)",step01.layer07._matmul_small_res_gate_oproj.line1932/_matmul_small_res_gate_oproj,fp32_simt,42368.00000000001,l2,14649248.0,,131072.0,0.008947353475072577,0.0030936555891238667,ok
238,2366711,0,1,7,_adarms_norm_kernel,"(50, 1, 1)","(128, 1, 1)",step01.layer07._adarms_norm_kernel.line1945/_adarms_norm_kernel,bf16_tensor,16128.000000000002,l2,458912.0,,0.0,,,zero_counted_flops
238,2366711,0,1,7,_adarms_norm_kernel,"(50, 1, 1)","(128, 1, 1)",step01.layer07._adarms_norm_kernel.line1945/_adarms_norm_kernel,fp32_simt,16128.000000000002,l2,458912.0,,358400.0,0.7809776166236664,0.022222222222222216,ok
239,2366711,0,1,7,_matmul_small_gate,"(1, 64, 1)","(128, 1, 1)",step01.layer07._matmul_small_gate.line1954/_matmul_small_gate,bf16_tensor,89216.00000000001,l2,23341824.0,,1073741824.0,46.00076772063743,12.035305595408895,ok
239,2366711,0,1,7,_matmul_small_gate,"(1, 64, 1)","(128, 1, 1)",step01.layer07._matmul_small_gate.line1954/_matmul_small_gate,fp32_simt,89216.00000000001,l2,23341824.0,,2883584.0,0.12353721799975871,0.03232137733142037,ok
240,2366711,0,1,7,_matmul_small_res_gate_ffn_down,"(64, 1, 1)","(128, 1, 1)",step01.layer07._matmul_small_res_gate_ffn_down.line1971/_matmul_small_res_gate_ffn_down,bf16_tensor,77344.00000000001,l2,39372224.0,,536870912.0,13.635778156702553,6.9413388498138175,ok
240,2366711,0,1,7,_matmul_small_res_gate_ffn_down,"(64, 1, 1)","(128, 1, 1)",step01.layer07._matmul_small_res_gate_ffn_down.line1971/_matmul_small_res_gate_ffn_down,fp32_simt,77344.00000000001,l2,39372224.0,,131072.0,0.0033290474015387093,0.0016946628051303265,ok
241,2366711,0,1,7,_adarms_norm_kernel,"(50, 1, 1)","(128, 1, 1)",step01.layer08._adarms_norm_kernel.line1854/_adarms_norm_kernel,bf16_tensor,14464.0,l2,456320.0,,0.0,,,zero_counted_flops
241,2366711,0,1,7,_adarms_norm_kernel,"(50, 1, 1)","(128, 1, 1)",step01.layer08._adarms_norm_kernel.line1854/_adarms_norm_kernel,fp32_simt,14464.0,l2,456320.0,,358400.0,0.7854137447405329,0.024778761061946902,ok
242,2366711,0,1,7,_matmul_rope_qkv,"(128, 1, 1)","(128, 1, 1)",step01.layer08._matmul_rope_qkv.line1863/_matmul_rope_qkv,bf16_tensor,38208.00000000001,l2,13841440.0,,335544320.0,24.242009501901535,8.782043551088776,ok
242,2366711,0,1,7,_matmul_rope_qkv,"(128, 1, 1)","(128, 1, 1)",step01.layer08._matmul_rope_qkv.line1863/_matmul_rope_qkv,fp32_simt,38208.00000000001,l2,13841440.0,,442368.0,0.031959680495670974,0.01157788944723618,ok
243,2366711,0,1,7,_matmul_abt_scale,"(91, 1, 1)","(128, 1, 1)",step01.layer08._matmul_abt_scale.line1899/_matmul_abt_scale,bf16_tensor,16352.000000000002,l2,2857248.0,,47710208.0,16.697958315134002,2.917698630136986,ok
243,2366711,0,1,7,_matmul_abt_scale,"(91, 1, 1)","(128, 1, 1)",step01.layer08._matmul_abt_scale.line1899/_matmul_abt_scale,fp32_simt,16352.000000000002,l2,2857248.0,,93184.0,0.0326131998342461,0.0056986301369863004,ok
244,2366711,0,1,7,_softmax_prefix_suffix_mask_vector,"(100, 1, 1)","(128, 1, 1)",step01.layer08._softmax_prefix_suffix_mask_vector.line1911/_softmax_prefix_suffix_mask_vector,bf16_tensor,17536.0,l2,564928.0,,0.0,,,zero_counted_flops
244,2366711,0,1,7,_softmax_prefix_suffix_mask_vector,"(100, 1, 1)","(128, 1, 1)",step01.layer08._softmax_prefix_suffix_mask_vector.line1911/_softmax_prefix_suffix_mask_vector,fp32_simt,17536.0,l2,564928.0,,2528000.0,4.474906536762207,0.14416058394160583,ok
245,2366711,0,1,7,_matmul_small,"(104, 1, 1)","(128, 1, 1)",step01.layer08._matmul_small.line1921/_matmul_small,bf16_tensor,19488.0,l2,3432640.0,,54525952.0,15.884552997110095,2.797924466338259,ok
245,2366711,0,1,7,_matmul_small,"(104, 1, 1)","(128, 1, 1)",step01.layer08._matmul_small.line1921/_matmul_small,fp32_simt,19488.0,l2,3432640.0,,0.0,,,zero_counted_flops
246,2366711,0,1,7,_matmul_small_res_gate_oproj,"(128, 1, 1)","(128, 1, 1)",step01.layer08._matmul_small_res_gate_oproj.line1932/_matmul_small_res_gate_oproj,bf16_tensor,39040.00000000001,l2,14700352.0,,268435456.0,18.260478116442382,6.87590819672131,ok
246,2366711,0,1,7,_matmul_small_res_gate_oproj,"(128, 1, 1)","(128, 1, 1)",step01.layer08._matmul_small_res_gate_oproj.line1932/_matmul_small_res_gate_oproj,fp32_simt,39040.00000000001,l2,14700352.0,,131072.0,0.008916249080294132,0.0033573770491803273,ok
247,2366711,0,1,7,_adarms_norm_kernel,"(50, 1, 1)","(128, 1, 1)",step01.layer08._adarms_norm_kernel.line1945/_adarms_norm_kernel,bf16_tensor,16096.0,l2,453056.0,,0.0,,,zero_counted_flops
247,2366711,0,1,7,_adarms_norm_kernel,"(50, 1, 1)","(128, 1, 1)",step01.layer08._adarms_norm_kernel.line1945/_adarms_norm_kernel,fp32_simt,16096.0,l2,453056.0,,358400.0,0.791072185336912,0.022266401590457258,ok
248,2366711,0,1,7,_matmul_small_gate,"(1, 64, 1)","(128, 1, 1)",step01.layer08._matmul_small_gate.line1954/_matmul_small_gate,bf16_tensor,78976.00000000001,l2,23349440.0,,1073741824.0,45.98576342730275,13.595799027552673,ok
248,2366711,0,1,7,_matmul_small_gate,"(1, 64, 1)","(128, 1, 1)",step01.layer08._matmul_small_gate.line1954/_matmul_small_gate,fp32_simt,78976.00000000001,l2,23349440.0,,2883584.0,0.1234969232666822,0.03651215559157212,ok
249,2366711,0,1,7,_matmul_small_res_gate_ffn_down,"(64, 1, 1)","(128, 1, 1)",step01.layer08._matmul_small_res_gate_ffn_down.line1971/_matmul_small_res_gate_ffn_down,bf16_tensor,80896.0,l2,39313952.0,,536870912.0,13.655989405491464,6.636556962025316,ok
249,2366711,0,1,7,_matmul_small_res_gate_ffn_down,"(64, 1, 1)","(128, 1, 1)",step01.layer08._matmul_small_res_gate_ffn_down.line1971/_matmul_small_res_gate_ffn_down,fp32_simt,80896.0,l2,39313952.0,,131072.0,0.0033339817884500645,0.001620253164556962,ok
250,2366711,0,1,7,_adarms_norm_kernel,"(50, 1, 1)","(128, 1, 1)",step01.layer09._adarms_norm_kernel.line1854/_adarms_norm_kernel,bf16_tensor,16256.000000000002,l2,464096.0,,0.0,,,zero_counted_flops
250,2366711,0,1,7,_adarms_norm_kernel,"(50, 1, 1)","(128, 1, 1)",step01.layer09._adarms_norm_kernel.line1854/_adarms_norm_kernel,fp32_simt,16256.000000000002,l2,464096.0,,358400.0,0.7722540164103978,0.022047244094488185,ok
251,2366711,0,1,7,_matmul_rope_qkv,"(128, 1, 1)","(128, 1, 1)",step01.layer09._matmul_rope_qkv.line1863/_matmul_rope_qkv,bf16_tensor,36992.0,l2,13783520.0,,335544320.0,24.34387732596608,9.070726643598615,ok
251,2366711,0,1,7,_matmul_rope_qkv,"(128, 1, 1)","(128, 1, 1)",step01.layer09._matmul_rope_qkv.line1863/_matmul_rope_qkv,fp32_simt,36992.0,l2,13783520.0,,442368.0,0.03209397889653731,0.011958477508650518,ok
252,2366711,0,1,7,_matmul_abt_scale,"(91, 1, 1)","(128, 1, 1)",step01.layer09._matmul_abt_scale.line1899/_matmul_abt_scale,bf16_tensor,15872.0,l2,2828960.0,,47710208.0,16.86492845427295,3.0059354838709678,ok
252,2366711,0,1,7,_matmul_abt_scale,"(91, 1, 1)","(128, 1, 1)",step01.layer09._matmul_abt_scale.line1899/_matmul_abt_scale,fp32_simt,15872.0,l2,2828960.0,,93184.0,0.03293931338725185,0.005870967741935484,ok
253,2366711,0,1,7,_softmax_prefix_suffix_mask_vector,"(100, 1, 1)","(128, 1, 1)",step01.layer09._softmax_prefix_suffix_mask_vector.line1911/_softmax_prefix_suffix_mask_vector,bf16_tensor,18080.0,l2,561632.0,,0.0,,,zero_counted_flops
253,2366711,0,1,7,_softmax_prefix_suffix_mask_vector,"(100, 1, 1)","(128, 1, 1)",step01.layer09._softmax_prefix_suffix_mask_vector.line1911/_softmax_prefix_suffix_mask_vector,fp32_simt,18080.0,l2,561632.0,,2528000.0,4.501168024613982,0.13982300884955753,ok
254,2366711,0,1,7,_matmul_small,"(104, 1, 1)","(128, 1, 1)",step01.layer09._matmul_small.line1921/_matmul_small,bf16_tensor,18720.0,l2,3418752.0,,54525952.0,15.949080834175746,2.912711111111111,ok
254,2366711,0,1,7,_matmul_small,"(104, 1, 1)","(128, 1, 1)",step01.layer09._matmul_small.line1921/_matmul_small,fp32_simt,18720.0,l2,3418752.0,,0.0,,,zero_counted_flops
255,2366711,0,1,7,_matmul_small_res_gate_oproj,"(128, 1, 1)","(128, 1, 1)",step01.layer09._matmul_small_res_gate_oproj.line1932/_matmul_small_res_gate_oproj,bf16_tensor,41184.00000000001,l2,14660256.0,,268435456.0,18.310420773006964,6.517954933954933,ok
255,2366711,0,1,7,_matmul_small_res_gate_oproj,"(128, 1, 1)","(128, 1, 1)",step01.layer09._matmul_small_res_gate_oproj.line1932/_matmul_small_res_gate_oproj,fp32_simt,41184.00000000001,l2,14660256.0,,131072.0,0.008940635143069807,0.0031825951825951823,ok
256,2366711,0,1,7,_adarms_norm_kernel,"(50, 1, 1)","(128, 1, 1)",step01.layer09._adarms_norm_kernel.line1945/_adarms_norm_kernel,bf16_tensor,16192.0,l2,471584.0,,0.0,,,zero_counted_flops
256,2366711,0,1,7,_adarms_norm_kernel,"(50, 1, 1)","(128, 1, 1)",step01.layer09._adarms_norm_kernel.line1945/_adarms_norm_kernel,fp32_simt,16192.0,l2,471584.0,,358400.0,0.7599918572301011,0.022134387351778657,ok
257,2366711,0,1,7,_matmul_small_gate,"(1, 64, 1)","(128, 1, 1)",step01.layer09._matmul_small_gate.line1954/_matmul_small_gate,bf16_tensor,86976.0,l2,23358944.0,,1073741824.0,45.96705330514941,12.345265636497423,ok
257,2366711,0,1,7,_matmul_small_gate,"(1, 64, 1)","(128, 1, 1)",step01.layer09._matmul_small_gate.line1954/_matmul_small_gate,fp32_simt,86976.0,l2,23358944.0,,2883584.0,0.12344667635660242,0.033153789551140546,ok
258,2366711,0,1,7,_matmul_small_res_gate_ffn_down,"(64, 1, 1)","(128, 1, 1)",step01.layer09._matmul_small_res_gate_ffn_down.line1971/_matmul_small_res_gate_ffn_down,bf16_tensor,72736.0,l2,39273696.0,,536870912.0,13.669986955136588,7.381089309282886,ok
258,2366711,0,1,7,_matmul_small_res_gate_ffn_down,"(64, 1, 1)","(128, 1, 1)",step01.layer09._matmul_small_res_gate_ffn_down.line1971/_matmul_small_res_gate_ffn_down,fp32_simt,72736.0,l2,39273696.0,,131072.0,0.0033373991589688936,0.001802023757149142,ok
259,2366711,0,1,7,_adarms_norm_kernel,"(50, 1, 1)","(128, 1, 1)",step01.layer10._adarms_norm_kernel.line1854/_adarms_norm_kernel,bf16_tensor,13856.0,l2,467680.0,,0.0,,,zero_counted_flops
259,2366711,0,1,7,_adarms_norm_kernel,"(50, 1, 1)","(128, 1, 1)",step01.layer10._adarms_norm_kernel.line1854/_adarms_norm_kernel,fp32_simt,13856.0,l2,467680.0,,358400.0,0.7663359562093739,0.025866050808314087,ok
260,2366711,0,1,7,_matmul_rope_qkv,"(128, 1, 1)","(128, 1, 1)",step01.layer10._matmul_rope_qkv.line1863/_matmul_rope_qkv,bf16_tensor,36352.0,l2,13844320.0,,335544320.0,24.236966496007028,9.230422535211268,ok
260,2366711,0,1,7,_matmul_rope_qkv,"(128, 1, 1)","(128, 1, 1)",step01.layer10._matmul_rope_qkv.line1863/_matmul_rope_qkv,fp32_simt,36352.0,l2,13844320.0,,442368.0,0.03195303200157176,0.012169014084507043,ok
261,2366711,0,1,7,_matmul_abt_scale,"(91, 1, 1)","(128, 1, 1)",step01.layer10._matmul_abt_scale.line1899/_matmul_abt_scale,bf16_tensor,16480.0,l2,2849984.0,,47710208.0,16.74051784150367,2.8950368932038835,ok
261,2366711,0,1,7,_matmul_abt_scale,"(91, 1, 1)","(128, 1, 1)",step01.layer10._matmul_abt_scale.line1899/_matmul_abt_scale,fp32_simt,16480.0,l2,2849984.0,,93184.0,0.03269632390918686,0.005654368932038835,ok
262,2366711,0,1,7,_softmax_prefix_suffix_mask_vector,"(100, 1, 1)","(128, 1, 1)",step01.layer10._softmax_prefix_suffix_mask_vector.line1911/_softmax_prefix_suffix_mask_vector,bf16_tensor,19904.0,l2,560032.0,,0.0,,,zero_counted_flops
262,2366711,0,1,7,_softmax_prefix_suffix_mask_vector,"(100, 1, 1)","(128, 1, 1)",step01.layer10._softmax_prefix_suffix_mask_vector.line1911/_softmax_prefix_suffix_mask_vector,fp32_simt,19904.0,l2,560032.0,,2528000.0,4.514027769841723,0.12700964630225078,ok
263,2366711,0,1,7,_matmul_small,"(104, 1, 1)","(128, 1, 1)",step01.layer10._matmul_small.line1921/_matmul_small,bf16_tensor,20064.0,l2,3434656.0,,54525952.0,15.875229426178342,2.7176012759170654,ok
263,2366711,0,1,7,_matmul_small,"(104, 1, 1)","(128, 1, 1)",step01.layer10._matmul_small.line1921/_matmul_small,fp32_simt,20064.0,l2,3434656.0,,0.0,,,zero_counted_flops
264,2366711,0,1,7,_matmul_small_res_gate_oproj,"(128, 1, 1)","(128, 1, 1)",step01.layer10._matmul_small_res_gate_oproj.line1932/_matmul_small_res_gate_oproj,bf16_tensor,38016.0,l2,14774976.0,,268435456.0,18.168249884128407,7.0611178451178445,ok
264,2366711,0,1,7,_matmul_small_res_gate_oproj,"(128, 1, 1)","(128, 1, 1)",step01.layer10._matmul_small_res_gate_oproj.line1932/_matmul_small_res_gate_oproj,fp32_simt,38016.0,l2,14774976.0,,131072.0,0.008871215763734574,0.0034478114478114475,ok
265,2366711,0,1,7,_adarms_norm_kernel,"(50, 1, 1)","(128, 1, 1)",step01.layer10._adarms_norm_kernel.line1945/_adarms_norm_kernel,bf16_tensor,10112.0,l2,450432.0,,0.0,,,zero_counted_flops
265,2366711,0,1,7,_adarms_norm_kernel,"(50, 1, 1)","(128, 1, 1)",step01.layer10._adarms_norm_kernel.line1945/_adarms_norm_kernel,fp32_simt,10112.0,l2,450432.0,,358400.0,0.7956805910770105,0.03544303797468354,ok
266,2366711,0,1,7,_matmul_small_gate,"(1, 64, 1)","(128, 1, 1)",step01.layer10._matmul_small_gate.line1954/_matmul_small_gate,bf16_tensor,93920.00000000001,l2,23336000.0,,1073741824.0,46.01224820020569,11.432515161839863,ok
266,2366711,0,1,7,_matmul_small_gate,"(1, 64, 1)","(128, 1, 1)",step01.layer10._matmul_small_gate.line1954/_matmul_small_gate,fp32_simt,93920.00000000001,l2,23336000.0,,2883584.0,0.12356804936578676,0.03070255536626916,ok
267,2366711,0,1,7,_matmul_small_res_gate_ffn_down,"(64, 1, 1)","(128, 1, 1)",step01.layer10._matmul_small_res_gate_ffn_down.line1971/_matmul_small_res_gate_ffn_down,bf16_tensor,71168.0,l2,39325728.0,,536870912.0,13.65190015045621,7.543712230215826,ok
267,2366711,0,1,7,_matmul_small_res_gate_ffn_down,"(64, 1, 1)","(128, 1, 1)",step01.layer10._matmul_small_res_gate_ffn_down.line1971/_matmul_small_res_gate_ffn_down,fp32_simt,71168.0,l2,39325728.0,,131072.0,0.0033329834351699733,0.0018417266187050357,ok
268,2366711,0,1,7,_adarms_norm_kernel,"(50, 1, 1)","(128, 1, 1)",step01.layer11._adarms_norm_kernel.line1854/_adarms_norm_kernel,bf16_tensor,15040.000000000002,l2,455264.0,,0.0,,,zero_counted_flops
268,2366711,0,1,7,_adarms_norm_kernel,"(50, 1, 1)","(128, 1, 1)",step01.layer11._adarms_norm_kernel.line1854/_adarms_norm_kernel,fp32_simt,15040.000000000002,l2,455264.0,,358400.0,0.7872355380614325,0.02382978723404255,ok
269,2366711,0,1,7,_matmul_rope_qkv,"(128, 1, 1)","(128, 1, 1)",step01.layer11._matmul_rope_qkv.line1863/_matmul_rope_qkv,bf16_tensor,38048.00000000001,l2,13820576.0,,335544320.0,24.278606043626546,8.81897392767031,ok
269,2366711,0,1,7,_matmul_rope_qkv,"(128, 1, 1)","(128, 1, 1)",step01.layer11._matmul_rope_qkv.line1863/_matmul_rope_qkv,fp32_simt,38048.00000000001,l2,13820576.0,,442368.0,0.03200792788954672,0.011626576955424725,ok
270,2366711,0,1,7,_matmul_abt_scale,"(91, 1, 1)","(128, 1, 1)",step01.layer11._matmul_abt_scale.line1899/_matmul_abt_scale,bf16_tensor,18432.000000000004,l2,2871072.0,,47710208.0,16.61755887696303,2.5884444444444443,ok
270,2366711,0,1,7,_matmul_abt_scale,"(91, 1, 1)","(128, 1, 1)",step01.layer11._matmul_abt_scale.line1899/_matmul_abt_scale,fp32_simt,18432.000000000004,l2,2871072.0,,93184.0,0.03245616968156842,0.005055555555555555,ok
271,2366711,0,1,7,_softmax_prefix_suffix_mask_vector,"(100, 1, 1)","(128, 1, 1)",step01.layer11._softmax_prefix_suffix_mask_vector.line1911/_softmax_prefix_suffix_mask_vector,bf16_tensor,17120.000000000004,l2,563232.0,,0.0,,,zero_counted_flops
271,2366711,0,1,7,_softmax_prefix_suffix_mask_vector,"(100, 1, 1)","(128, 1, 1)",step01.layer11._softmax_prefix_suffix_mask_vector.line1911/_softmax_prefix_suffix_mask_vector,fp32_simt,17120.000000000004,l2,563232.0,,2528000.0,4.488381341969206,0.14766355140186915,ok
272,2366711,0,1,7,_matmul_small,"(104, 1, 1)","(128, 1, 1)",step01.layer11._matmul_small.line1921/_matmul_small,bf16_tensor,16736.0,l2,3406496.0,,54525952.0,16.006462946088885,3.2580038240917784,ok
272,2366711,0,1,7,_matmul_small,"(104, 1, 1)","(128, 1, 1)",step01.layer11._matmul_small.line1921/_matmul_small,fp32_simt,16736.0,l2,3406496.0,,0.0,,,zero_counted_flops
273,2366711,0,1,7,_matmul_small_res_gate_oproj,"(128, 1, 1)","(128, 1, 1)",step01.layer11._matmul_small_res_gate_oproj.line1932/_matmul_small_res_gate_oproj,bf16_tensor,39424.0,l2,14749792.0,,268435456.0,18.19927060666347,6.808935064935064,ok
273,2366711,0,1,7,_matmul_small_res_gate_oproj,"(128, 1, 1)","(128, 1, 1)",step01.layer11._matmul_small_res_gate_oproj.line1932/_matmul_small_res_gate_oproj,fp32_simt,39424.0,l2,14749792.0,,131072.0,0.008886362600909898,0.0033246753246753244,ok
274,2366711,0,1,7,_adarms_norm_kernel,"(50, 1, 1)","(128, 1, 1)",step01.layer11._adarms_norm_kernel.line1945/_adarms_norm_kernel,bf16_tensor,16160.000000000002,l2,457856.0,,0.0,,,zero_counted_flops
274,2366711,0,1,7,_adarms_norm_kernel,"(50, 1, 1)","(128, 1, 1)",step01.layer11._adarms_norm_kernel.line1945/_adarms_norm_kernel,fp32_simt,16160.000000000002,l2,457856.0,,358400.0,0.7827788649706457,0.022178217821782177,ok
275,2366711,0,1,7,_matmul_small_gate,"(1, 64, 1)","(128, 1, 1)",step01.layer11._matmul_small_gate.line1954/_matmul_small_gate,bf16_tensor,89632.00000000001,l2,23330048.0,,1073741824.0,46.023986920215506,11.979447340235629,ok
275,2366711,0,1,7,_matmul_small_gate,"(1, 64, 1)","(128, 1, 1)",step01.layer11._matmul_small_gate.line1954/_matmul_small_gate,fp32_simt,89632.00000000001,l2,23330048.0,,2883584.0,0.12359957424862564,0.032171367368796853,ok
276,2366711,0,1,7,_matmul_small_res_gate_ffn_down,"(64, 1, 1)","(128, 1, 1)",step01.layer11._matmul_small_res_gate_ffn_down.line1971/_matmul_small_res_gate_ffn_down,bf16_tensor,74080.00000000001,l2,39287648.0,,536870912.0,13.665132410064354,7.247177537796976,ok
276,2366711,0,1,7,_matmul_small_res_gate_ffn_down,"(64, 1, 1)","(128, 1, 1)",step01.layer11._matmul_small_res_gate_ffn_down.line1971/_matmul_small_res_gate_ffn_down,fp32_simt,74080.00000000001,l2,39287648.0,,131072.0,0.0033362139673008676,0.0017693304535637147,ok
277,2366711,0,1,7,_adarms_norm_kernel,"(50, 1, 1)","(128, 1, 1)",step01.layer12._adarms_norm_kernel.line1854/_adarms_norm_kernel,bf16_tensor,16736.0,l2,471328.0,,0.0,,,zero_counted_flops
277,2366711,0,1,7,_adarms_norm_kernel,"(50, 1, 1)","(128, 1, 1)",step01.layer12._adarms_norm_kernel.line1854/_adarms_norm_kernel,fp32_simt,16736.0,l2,471328.0,,358400.0,0.7604046438997896,0.02141491395793499,ok
278,2366711,0,1,7,_matmul_rope_qkv,"(128, 1, 1)","(128, 1, 1)",step01.layer12._matmul_rope_qkv.line1863/_matmul_rope_qkv,bf16_tensor,36608.0,l2,13819904.0,,335544320.0,24.279786603438055,9.165874125874128,ok
278,2366711,0,1,7,_matmul_rope_qkv,"(128, 1, 1)","(128, 1, 1)",step01.layer12._matmul_rope_qkv.line1863/_matmul_rope_qkv,fp32_simt,36608.0,l2,13819904.0,,442368.0,0.032009484291641965,0.012083916083916084,ok
279,2366711,0,1,7,_matmul_abt_scale,"(91, 1, 1)","(128, 1, 1)",step01.layer12._matmul_abt_scale.line1899/_matmul_abt_scale,bf16_tensor,15744.0,l2,2856352.0,,47710208.0,16.703196244720537,3.0303739837398376,ok
279,2366711,0,1,7,_matmul_abt_scale,"(91, 1, 1)","(128, 1, 1)",step01.layer12._matmul_abt_scale.line1899/_matmul_abt_scale,fp32_simt,15744.0,l2,2856352.0,,93184.0,0.0326234301654698,0.00591869918699187,ok
280,2366711,0,1,7,_softmax_prefix_suffix_mask_vector,"(100, 1, 1)","(128, 1, 1)",step01.layer12._softmax_prefix_suffix_mask_vector.line1911/_softmax_prefix_suffix_mask_vector,bf16_tensor,19488.0,l2,567328.0,,0.0,,,zero_counted_flops
280,2366711,0,1,7,_softmax_prefix_suffix_mask_vector,"(100, 1, 1)","(128, 1, 1)",step01.layer12._softmax_prefix_suffix_mask_vector.line1911/_softmax_prefix_suffix_mask_vector,fp32_simt,19488.0,l2,567328.0,,2528000.0,4.455976084381522,0.1297208538587849,ok
281,2366711,0,1,7,_matmul_small,"(104, 1, 1)","(128, 1, 1)",step01.layer12._matmul_small.line1921/_matmul_small,bf16_tensor,17664.000000000004,l2,3422720.0,,54525952.0,15.930590875093493,3.0868405797101444,ok
281,2366711,0,1,7,_matmul_small,"(104, 1, 1)","(128, 1, 1)",step01.layer12._matmul_small.line1921/_matmul_small,fp32_simt,17664.000000000004,l2,3422720.0,,0.0,,,zero_counted_flops
282,2366711,0,1,7,_matmul_small_res_gate_oproj,"(128, 1, 1)","(128, 1, 1)",step01.layer12._matmul_small_res_gate_oproj.line1932/_matmul_small_res_gate_oproj,bf16_tensor,40064.0,l2,14735200.0,,268435456.0,18.217293012649982,6.700166134185304,ok
282,2366711,0,1,7,_matmul_small_res_gate_oproj,"(128, 1, 1)","(128, 1, 1)",step01.layer12._matmul_small_res_gate_oproj.line1932/_matmul_small_res_gate_oproj,fp32_simt,40064.0,l2,14735200.0,,131072.0,0.008895162603832999,0.003271565495207668,ok
283,2366711,0,1,7,_adarms_norm_kernel,"(50, 1, 1)","(128, 1, 1)",step01.layer12._adarms_norm_kernel.line1945/_adarms_norm_kernel,bf16_tensor,18720.0,l2,469376.0,,0.0,,,zero_counted_flops
283,2366711,0,1,7,_adarms_norm_kernel,"(50, 1, 1)","(128, 1, 1)",step01.layer12._adarms_norm_kernel.line1945/_adarms_norm_kernel,fp32_simt,18720.0,l2,469376.0,,358400.0,0.763566948459231,0.019145299145299145,ok
284,2366711,0,1,7,_matmul_small_gate,"(1, 64, 1)","(128, 1, 1)",step01.layer12._matmul_small_gate.line1954/_matmul_small_gate,bf16_tensor,80480.0,l2,23343136.0,,1073741824.0,45.99818224937729,13.341722465208749,ok
284,2366711,0,1,7,_matmul_small_gate,"(1, 64, 1)","(128, 1, 1)",step01.layer12._matmul_small_gate.line1954/_matmul_small_gate,fp32_simt,80480.0,l2,23343136.0,,2883584.0,0.12353027459549565,0.03582982107355865,ok
285,2366711,0,1,7,_matmul_small_res_gate_ffn_down,"(64, 1, 1)","(128, 1, 1)",step01.layer12._matmul_small_res_gate_ffn_down.line1971/_matmul_small_res_gate_ffn_down,bf16_tensor,68960.0,l2,39420256.0,,536870912.0,13.619163508222778,7.785251044083527,ok
285,2366711,0,1,7,_matmul_small_res_gate_ffn_down,"(64, 1, 1)","(128, 1, 1)",step01.layer12._matmul_small_res_gate_ffn_down.line1971/_matmul_small_res_gate_ffn_down,fp32_simt,68960.0,l2,39420256.0,,131072.0,0.0033249910908747017,0.0019006960556844548,ok
286,2366711,0,1,7,_adarms_norm_kernel,"(50, 1, 1)","(128, 1, 1)",step01.layer13._adarms_norm_kernel.line1854/_adarms_norm_kernel,bf16_tensor,14592.0,l2,450592.0,,0.0,,,zero_counted_flops
286,2366711,0,1,7,_adarms_norm_kernel,"(50, 1, 1)","(128, 1, 1)",step01.layer13._adarms_norm_kernel.line1854/_adarms_norm_kernel,fp32_simt,14592.0,l2,450592.0,,358400.0,0.7953980541154747,0.02456140350877193,ok
287,2366711,0,1,7,_matmul_rope_qkv,"(128, 1, 1)","(128, 1, 1)",step01.layer13._matmul_rope_qkv.line1863/_matmul_rope_qkv,bf16_tensor,37728.0,l2,13837856.0,,335544320.0,24.24828817412177,8.893774385072094,ok
287,2366711,0,1,7,_matmul_rope_qkv,"(128, 1, 1)","(128, 1, 1)",step01.layer13._matmul_rope_qkv.line1863/_matmul_rope_qkv,fp32_simt,37728.0,l2,13837856.0,,442368.0,0.03196795804205507,0.011725190839694656,ok
288,2366711,0,1,7,_matmul_abt_scale,"(91, 1, 1)","(128, 1, 1)",step01.layer13._matmul_abt_scale.line1899/_matmul_abt_scale,bf16_tensor,15136.0,l2,2843744.0,,47710208.0,16.777251398156796,3.152101479915433,ok
288,2366711,0,1,7,_matmul_abt_scale,"(91, 1, 1)","(128, 1, 1)",step01.layer13._matmul_abt_scale.line1899/_matmul_abt_scale,fp32_simt,15136.0,l2,2843744.0,,93184.0,0.03276806913702499,0.0061564482029598305,ok
289,2366711,0,1,7,_softmax_prefix_suffix_mask_vector,"(100, 1, 1)","(128, 1, 1)",step01.layer13._softmax_prefix_suffix_mask_vector.line1911/_softmax_prefix_suffix_mask_vector,bf16_tensor,19968.000000000004,l2,567552.0,,0.0,,,zero_counted_flops
289,2366711,0,1,7,_softmax_prefix_suffix_mask_vector,"(100, 1, 1)","(128, 1, 1)",step01.layer13._softmax_prefix_suffix_mask_vector.line1911/_softmax_prefix_suffix_mask_vector,fp32_simt,19968.000000000004,l2,567552.0,,2528000.0,4.454217410915652,0.1266025641025641,ok
290,2366711,0,1,7,_matmul_small,"(104, 1, 1)","(128, 1, 1)",step01.layer13._matmul_small.line1921/_matmul_small,bf16_tensor,16160.000000000002,l2,3404352.0,,54525952.0,16.016543530163744,3.3741306930693065,ok
290,2366711,0,1,7,_matmul_small,"(104, 1, 1)","(128, 1, 1)",step01.layer13._matmul_small.line1921/_matmul_small,fp32_simt,16160.000000000002,l2,3404352.0,,0.0,,,zero_counted_flops
291,2366711,0,1,7,_matmul_small_res_gate_oproj,"(128, 1, 1)","(128, 1, 1)",step01.layer13._matmul_small_res_gate_oproj.line1932/_matmul_small_res_gate_oproj,bf16_tensor,38784.0,l2,14646848.0,,268435456.0,18.327182476393556,6.9212937293729375,ok
291,2366711,0,1,7,_matmul_small_res_gate_oproj,"(128, 1, 1)","(128, 1, 1)",step01.layer13._matmul_small_res_gate_oproj.line1932/_matmul_small_res_gate_oproj,fp32_simt,38784.0,l2,14646848.0,,131072.0,0.008948819568551541,0.0033795379537953796,ok
292,2366711,0,1,7,_adarms_norm_kernel,"(50, 1, 1)","(128, 1, 1)",step01.layer13._adarms_norm_kernel.line1945/_adarms_norm_kernel,bf16_tensor,17344.000000000004,l2,460512.0,,0.0,,,zero_counted_flops
292,2366711,0,1,7,_adarms_norm_kernel,"(50, 1, 1)","(128, 1, 1)",step01.layer13._adarms_norm_kernel.line1945/_adarms_norm_kernel,fp32_simt,17344.000000000004,l2,460512.0,,358400.0,0.7782641928983393,0.02066420664206642,ok
293,2366711,0,1,7,_matmul_small_gate,"(1, 64, 1)","(128, 1, 1)",step01.layer13._matmul_small_gate.line1954/_matmul_small_gate,bf16_tensor,84192.00000000001,l2,23304352.0,,1073741824.0,46.074734195569995,12.753489927784111,ok
293,2366711,0,1,7,_matmul_small_gate,"(1, 64, 1)","(128, 1, 1)",step01.layer13._matmul_small_gate.line1954/_matmul_small_gate,fp32_simt,84192.00000000001,l2,23304352.0,,2883584.0,0.12373585843536863,0.03425009502090459,ok
294,2366711,0,1,7,_matmul_small_res_gate_ffn_down,"(64, 1, 1)","(128, 1, 1)",step01.layer13._matmul_small_res_gate_ffn_down.line1971/_matmul_small_res_gate_ffn_down,bf16_tensor,73312.0,l2,39441888.0,,536870912.0,13.611694044666422,7.323097337407245,ok
294,2366711,0,1,7,_matmul_small_res_gate_ffn_down,"(64, 1, 1)","(128, 1, 1)",step01.layer13._matmul_small_res_gate_ffn_down.line1971/_matmul_small_res_gate_ffn_down,fp32_simt,73312.0,l2,39441888.0,,131072.0,0.003323167491373638,0.0017878655608904407,ok
295,2366711,0,1,7,_adarms_norm_kernel,"(50, 1, 1)","(128, 1, 1)",step01.layer14._adarms_norm_kernel.line1854/_adarms_norm_kernel,bf16_tensor,15424.0,l2,456256.0,,0.0,,,zero_counted_flops
295,2366711,0,1,7,_adarms_norm_kernel,"(50, 1, 1)","(128, 1, 1)",step01.layer14._adarms_norm_kernel.line1854/_adarms_norm_kernel,fp32_simt,15424.0,l2,456256.0,,358400.0,0.7855239163978117,0.023236514522821574,ok
296,2366711,0,1,7,_matmul_rope_qkv,"(128, 1, 1)","(128, 1, 1)",step01.layer14._matmul_rope_qkv.line1863/_matmul_rope_qkv,bf16_tensor,33440.00000000001,l2,13878432.0,,335544320.0,24.177394103310807,10.03422009569378,ok
296,2366711,0,1,7,_matmul_rope_qkv,"(128, 1, 1)","(128, 1, 1)",step01.layer14._matmul_rope_qkv.line1863/_matmul_rope_qkv,fp32_simt,33440.00000000001,l2,13878432.0,,442368.0,0.03187449417916952,0.013228708133971291,ok
297,2366711,0,1,7,_matmul_abt_scale,"(91, 1, 1)","(128, 1, 1)",step01.layer14._matmul_abt_scale.line1899/_matmul_abt_scale,bf16_tensor,17504.0,l2,2837120.0,,47710208.0,16.81642228739003,2.7256745886654477,ok
297,2366711,0,1,7,_matmul_abt_scale,"(91, 1, 1)","(128, 1, 1)",step01.layer14._matmul_abt_scale.line1899/_matmul_abt_scale,fp32_simt,17504.0,l2,2837120.0,,93184.0,0.03284457478005865,0.0053235831809872024,ok
298,2366711,0,1,7,_softmax_prefix_suffix_mask_vector,"(100, 1, 1)","(128, 1, 1)",step01.layer14._softmax_prefix_suffix_mask_vector.line1911/_softmax_prefix_suffix_mask_vector,bf16_tensor,16608.0,l2,560256.0,,0.0,,,zero_counted_flops
298,2366711,0,1,7,_softmax_prefix_suffix_mask_vector,"(100, 1, 1)","(128, 1, 1)",step01.layer14._softmax_prefix_suffix_mask_vector.line1911/_softmax_prefix_suffix_mask_vector,fp32_simt,16608.0,l2,560256.0,,2528000.0,4.512222983778844,0.15221579961464352,ok
299,2366711,0,1,7,_matmul_small,"(104, 1, 1)","(128, 1, 1)",step01.layer14._matmul_small.line1921/_matmul_small,bf16_tensor,20128.0,l2,3418848.0,,54525952.0,15.948632989825812,2.7089602543720193,ok
299,2366711,0,1,7,_matmul_small,"(104, 1, 1)","(128, 1, 1)",step01.layer14._matmul_small.line1921/_matmul_small,fp32_simt,20128.0,l2,3418848.0,,0.0,,,zero_counted_flops
300,2366711,0,1,7,_matmul_small_res_gate_oproj,"(128, 1, 1)","(128, 1, 1)",step01.layer14._matmul_small_res_gate_oproj.line1932/_matmul_small_res_gate_oproj,bf16_tensor,42496.0,l2,14735872.0,,268435456.0,18.216462249400646,6.316722891566265,ok
300,2366711,0,1,7,_matmul_small_res_gate_oproj,"(128, 1, 1)","(128, 1, 1)",step01.layer14._matmul_small_res_gate_oproj.line1932/_matmul_small_res_gate_oproj,fp32_simt,42496.0,l2,14735872.0,,131072.0,0.008894756957715159,0.00308433734939759,ok
301,2366711,0,1,7,_adarms_norm_kernel,"(50, 1, 1)","(128, 1, 1)",step01.layer14._adarms_norm_kernel.line1945/_adarms_norm_kernel,bf16_tensor,16064.0,l2,466080.0,,0.0,,,zero_counted_flops
301,2366711,0,1,7,_adarms_norm_kernel,"(50, 1, 1)","(128, 1, 1)",step01.layer14._adarms_norm_kernel.line1945/_adarms_norm_kernel,fp32_simt,16064.0,l2,466080.0,,358400.0,0.7689667009955372,0.022310756972111552,ok
302,2366711,0,1,7,_matmul_small_gate,"(1, 64, 1)","(128, 1, 1)",step01.layer14._matmul_small_gate.line1954/_matmul_small_gate,bf16_tensor,95456.0,l2,23313792.0,,1073741824.0,46.05607805028028,11.248552463962453,ok
302,2366711,0,1,7,_matmul_small_gate,"(1, 64, 1)","(128, 1, 1)",step01.layer14._matmul_small_gate.line1954/_matmul_small_gate,fp32_simt,95456.0,l2,23313792.0,,2883584.0,0.1236857564826863,0.030208514917867916,ok
303,2366711,0,1,7,_matmul_small_res_gate_ffn_down,"(64, 1, 1)","(128, 1, 1)",step01.layer14._matmul_small_res_gate_ffn_down.line1971/_matmul_small_res_gate_ffn_down,bf16_tensor,68032.0,l2,39242720.0,,536870912.0,13.680777275377446,7.891446848541863,ok
303,2366711,0,1,7,_matmul_small_res_gate_ffn_down,"(64, 1, 1)","(128, 1, 1)",step01.layer14._matmul_small_res_gate_ffn_down.line1971/_matmul_small_res_gate_ffn_down,fp32_simt,68032.0,l2,39242720.0,,131072.0,0.003340033514496447,0.0019266227657572907,ok
304,2366711,0,1,7,_adarms_norm_kernel,"(50, 1, 1)","(128, 1, 1)",step01.layer15._adarms_norm_kernel.line1854/_adarms_norm_kernel,bf16_tensor,14752.0,l2,467520.0,,0.0,,,zero_counted_flops
304,2366711,0,1,7,_adarms_norm_kernel,"(50, 1, 1)","(128, 1, 1)",step01.layer15._adarms_norm_kernel.line1854/_adarms_norm_kernel,fp32_simt,14752.0,l2,467520.0,,358400.0,0.7665982203969883,0.024295010845986984,ok
305,2366711,0,1,7,_matmul_rope_qkv,"(128, 1, 1)","(128, 1, 1)",step01.layer15._matmul_rope_qkv.line1863/_matmul_rope_qkv,bf16_tensor,37600.0,l2,13811008.0,,335544320.0,24.295425793685734,8.924051063829786,ok
305,2366711,0,1,7,_matmul_rope_qkv,"(128, 1, 1)","(128, 1, 1)",step01.layer15._matmul_rope_qkv.line1863/_matmul_rope_qkv,fp32_simt,37600.0,l2,13811008.0,,442368.0,0.0320301023647224,0.011765106382978724,ok
306,2366711,0,1,7,_matmul_abt_scale,"(91, 1, 1)","(128, 1, 1)",step01.layer15._matmul_abt_scale.line1899/_matmul_abt_scale,bf16_tensor,17792.0,l2,2867616.0,,47710208.0,16.637586064521887,2.681553956834532,ok
306,2366711,0,1,7,_matmul_abt_scale,"(91, 1, 1)","(128, 1, 1)",step01.layer15._matmul_abt_scale.line1899/_matmul_abt_scale,fp32_simt,17792.0,l2,2867616.0,,93184.0,0.03249528528226931,0.0052374100719424456,ok
307,2366711,0,1,7,_softmax_prefix_suffix_mask_vector,"(100, 1, 1)","(128, 1, 1)",step01.layer15._softmax_prefix_suffix_mask_vector.line1911/_softmax_prefix_suffix_mask_vector,bf16_tensor,17536.0,l2,561248.0,,0.0,,,zero_counted_flops
307,2366711,0,1,7,_softmax_prefix_suffix_mask_vector,"(100, 1, 1)","(128, 1, 1)",step01.layer15._softmax_prefix_suffix_mask_vector.line1911/_softmax_prefix_suffix_mask_vector,fp32_simt,17536.0,l2,561248.0,,2528000.0,4.50424767660642,0.14416058394160583,ok
308,2366711,0,1,7,_matmul_small,"(104, 1, 1)","(128, 1, 1)",step01.layer15._matmul_small.line1921/_matmul_small,bf16_tensor,20320.000000000004,l2,3413824.0,,54525952.0,15.972104010048556,2.6833637795275584,ok
308,2366711,0,1,7,_matmul_small,"(104, 1, 1)","(128, 1, 1)",step01.layer15._matmul_small.line1921/_matmul_small,fp32_simt,20320.000000000004,l2,3413824.0,,0.0,,,zero_counted_flops
309,2366711,0,1,7,_matmul_small_res_gate_oproj,"(128, 1, 1)","(128, 1, 1)",step01.layer15._matmul_small_res_gate_oproj.line1932/_matmul_small_res_gate_oproj,bf16_tensor,38176.0,l2,14670816.0,,268435456.0,18.29724099872836,7.031523889354569,ok
309,2366711,0,1,7,_matmul_small_res_gate_oproj,"(128, 1, 1)","(128, 1, 1)",step01.layer15._matmul_small_res_gate_oproj.line1932/_matmul_small_res_gate_oproj,fp32_simt,38176.0,l2,14670816.0,,131072.0,0.008934199706410332,0.0034333612740989105,ok
310,2366711,0,1,7,_adarms_norm_kernel,"(50, 1, 1)","(128, 1, 1)",step01.layer15._adarms_norm_kernel.line1945/_adarms_norm_kernel,bf16_tensor,14432.0,l2,465600.0,,0.0,,,zero_counted_flops
310,2366711,0,1,7,_adarms_norm_kernel,"(50, 1, 1)","(128, 1, 1)",step01.layer15._adarms_norm_kernel.line1945/_adarms_norm_kernel,fp32_simt,14432.0,l2,465600.0,,358400.0,0.7697594501718213,0.02483370288248337,ok
311,2366711,0,1,7,_matmul_small_gate,"(1, 64, 1)","(128, 1, 1)",step01.layer15._matmul_small_gate.line1954/_matmul_small_gate,bf16_tensor,78560.0,l2,23417312.0,,1073741824.0,45.85247973806729,13.667793075356414,ok
311,2366711,0,1,7,_matmul_small_gate,"(1, 64, 1)","(128, 1, 1)",step01.layer15._matmul_small_gate.line1954/_matmul_small_gate,fp32_simt,78560.0,l2,23417312.0,,2883584.0,0.12313898367156743,0.03670549898167006,ok
312,2366711,0,1,7,_matmul_small_res_gate_ffn_down,"(64, 1, 1)","(128, 1, 1)",step01.layer15._matmul_small_res_gate_ffn_down.line1971/_matmul_small_res_gate_ffn_down,bf16_tensor,67040.00000000001,l2,39355616.0,,536870912.0,13.641532430847988,8.00821766109785,ok
312,2366711,0,1,7,_matmul_small_res_gate_ffn_down,"(64, 1, 1)","(128, 1, 1)",step01.layer15._matmul_small_res_gate_ffn_down.line1971/_matmul_small_res_gate_ffn_down,fp32_simt,67040.00000000001,l2,39355616.0,,131072.0,0.003330452253624997,0.0019551312649164674,ok
313,2366711,0,1,7,_adarms_norm_kernel,"(50, 1, 1)","(128, 1, 1)",step01.layer16._adarms_norm_kernel.line1854/_adarms_norm_kernel,bf16_tensor,16032.000000000002,l2,457440.0,,0.0,,,zero_counted_flops
313,2366711,0,1,7,_adarms_norm_kernel,"(50, 1, 1)","(128, 1, 1)",step01.layer16._adarms_norm_kernel.line1854/_adarms_norm_kernel,fp32_simt,16032.000000000002,l2,457440.0,,358400.0,0.7834907310248339,0.022355289421157682,ok
314,2366711,0,1,7,_matmul_rope_qkv,"(128, 1, 1)","(128, 1, 1)",step01.layer16._matmul_rope_qkv.line1863/_matmul_rope_qkv,bf16_tensor,36736.0,l2,13772704.0,,335544320.0,24.362995095226037,9.133937282229965,ok
314,2366711,0,1,7,_matmul_rope_qkv,"(128, 1, 1)","(128, 1, 1)",step01.layer16._matmul_rope_qkv.line1863/_matmul_rope_qkv,fp32_simt,36736.0,l2,13772704.0,,442368.0,0.03211918298687026,0.012041811846689895,ok
315,2366711,0,1,7,_matmul_abt_scale,"(91, 1, 1)","(128, 1, 1)",step01.layer16._matmul_abt_scale.line1899/_matmul_abt_scale,bf16_tensor,17952.0,l2,2870144.0,,47710208.0,16.62293181108683,2.6576541889483067,ok
315,2366711,0,1,7,_matmul_abt_scale,"(91, 1, 1)","(128, 1, 1)",step01.layer16._matmul_abt_scale.line1899/_matmul_abt_scale,fp32_simt,17952.0,l2,2870144.0,,93184.0,0.03246666369352896,0.005190730837789662,ok
316,2366711,0,1,7,_softmax_prefix_suffix_mask_vector,"(100, 1, 1)","(128, 1, 1)",step01.layer16._softmax_prefix_suffix_mask_vector.line1911/_softmax_prefix_suffix_mask_vector,bf16_tensor,16960.0,l2,562624.0,,0.0,,,zero_counted_flops
316,2366711,0,1,7,_softmax_prefix_suffix_mask_vector,"(100, 1, 1)","(128, 1, 1)",step01.layer16._softmax_prefix_suffix_mask_vector.line1911/_softmax_prefix_suffix_mask_vector,fp32_simt,16960.0,l2,562624.0,,2528000.0,4.493231714253214,0.1490566037735849,ok
317,2366711,0,1,7,_matmul_small,"(104, 1, 1)","(128, 1, 1)",step01.layer16._matmul_small.line1921/_matmul_small,bf16_tensor,20224.0,l2,3410016.0,,54525952.0,15.989940223154377,2.6961012658227848,ok
317,2366711,0,1,7,_matmul_small,"(104, 1, 1)","(128, 1, 1)",step01.layer16._matmul_small.line1921/_matmul_small,fp32_simt,20224.0,l2,3410016.0,,0.0,,,zero_counted_flops
318,2366711,0,1,7,_matmul_small_res_gate_oproj,"(128, 1, 1)","(128, 1, 1)",step01.layer16._matmul_small_res_gate_oproj.line1932/_matmul_small_res_gate_oproj,bf16_tensor,39040.00000000001,l2,14650656.0,,268435456.0,18.32241887325728,6.87590819672131,ok
318,2366711,0,1,7,_matmul_small_res_gate_oproj,"(128, 1, 1)","(128, 1, 1)",step01.layer16._matmul_small_res_gate_oproj.line1932/_matmul_small_res_gate_oproj,fp32_simt,39040.00000000001,l2,14650656.0,,131072.0,0.008946493590457657,0.0033573770491803273,ok
319,2366711,0,1,7,_adarms_norm_kernel,"(50, 1, 1)","(128, 1, 1)",step01.layer16._adarms_norm_kernel.line1945/_adarms_norm_kernel,bf16_tensor,15776.0,l2,459584.0,,0.0,,,zero_counted_flops
319,2366711,0,1,7,_adarms_norm_kernel,"(50, 1, 1)","(128, 1, 1)",step01.layer16._adarms_norm_kernel.line1945/_adarms_norm_kernel,fp32_simt,15776.0,l2,459584.0,,358400.0,0.7798356774822448,0.022718052738336717,ok
320,2366711,0,1,7,_matmul_small_gate,"(1, 64, 1)","(128, 1, 1)",step01.layer16._matmul_small_gate.line1954/_matmul_small_gate,bf16_tensor,77568.0,l2,23302144.0,,1073741824.0,46.07910001757778,13.842587458745875,ok
320,2366711,0,1,7,_matmul_small_gate,"(1, 64, 1)","(128, 1, 1)",step01.layer16._matmul_small_gate.line1954/_matmul_small_gate,fp32_simt,77568.0,l2,23302144.0,,2883584.0,0.12374758305501846,0.03717491749174918,ok
321,2366711,0,1,7,_matmul_small_res_gate_ffn_down,"(64, 1, 1)","(128, 1, 1)",step01.layer16._matmul_small_res_gate_ffn_down.line1971/_matmul_small_res_gate_ffn_down,bf16_tensor,77312.00000000001,l2,39359680.0,,536870912.0,13.64012390344637,6.944211920529801,ok
321,2366711,0,1,7,_matmul_small_res_gate_ffn_down,"(64, 1, 1)","(128, 1, 1)",step01.layer16._matmul_small_res_gate_ffn_down.line1971/_matmul_small_res_gate_ffn_down,fp32_simt,77312.00000000001,l2,39359680.0,,131072.0,0.0033301083748648362,0.001695364238410596,ok
322,2366711,0,1,7,_adarms_norm_kernel,"(50, 1, 1)","(128, 1, 1)",step01.layer17._adarms_norm_kernel.line1854/_adarms_norm_kernel,bf16_tensor,15904.000000000002,l2,460832.0,,0.0,,,zero_counted_flops
322,2366711,0,1,7,_adarms_norm_kernel,"(50, 1, 1)","(128, 1, 1)",step01.layer17._adarms_norm_kernel.line1854/_adarms_norm_kernel,fp32_simt,15904.000000000002,l2,460832.0,,358400.0,0.7777237691826957,0.022535211267605628,ok
323,2366711,0,1,7,_matmul_rope_qkv,"(128, 1, 1)","(128, 1, 1)",step01.layer17._matmul_rope_qkv.line1863/_matmul_rope_qkv,bf16_tensor,36544.0,l2,13754144.0,,335544320.0,24.39587080082919,9.181926444833625,ok
323,2366711,0,1,7,_matmul_rope_qkv,"(128, 1, 1)","(128, 1, 1)",step01.layer17._matmul_rope_qkv.line1863/_matmul_rope_qkv,fp32_simt,36544.0,l2,13754144.0,,442368.0,0.03216252498156192,0.01210507880910683,ok
324,2366711,0,1,7,_matmul_abt_scale,"(91, 1, 1)","(128, 1, 1)",step01.layer17._matmul_abt_scale.line1899/_matmul_abt_scale,bf16_tensor,18880.000000000004,l2,2858720.0,,47710208.0,16.689360273129232,2.527023728813559,ok
324,2366711,0,1,7,_matmul_abt_scale,"(91, 1, 1)","(128, 1, 1)",step01.layer17._matmul_abt_scale.line1899/_matmul_abt_scale,fp32_simt,18880.000000000004,l2,2858720.0,,93184.0,0.03259640678345553,0.004935593220338983,ok
325,2366711,0,1,7,_softmax_prefix_suffix_mask_vector,"(100, 1, 1)","(128, 1, 1)",step01.layer17._softmax_prefix_suffix_mask_vector.line1911/_softmax_prefix_suffix_mask_vector,bf16_tensor,18496.0,l2,561568.0,,0.0,,,zero_counted_flops
325,2366711,0,1,7,_softmax_prefix_suffix_mask_vector,"(100, 1, 1)","(128, 1, 1)",step01.layer17._softmax_prefix_suffix_mask_vector.line1911/_softmax_prefix_suffix_mask_vector,fp32_simt,18496.0,l2,561568.0,,2528000.0,4.501681007464812,0.1366782006920415,ok
326,2366711,0,1,7,_matmul_small,"(104, 1, 1)","(128, 1, 1)",step01.layer17._matmul_small.line1921/_matmul_small,bf16_tensor,18592.0,l2,3409088.0,,54525952.0,15.994292901796609,2.932764199655766,ok
326,2366711,0,1,7,_matmul_small,"(104, 1, 1)","(128, 1, 1)",step01.layer17._matmul_small.line1921/_matmul_small,fp32_simt,18592.0,l2,3409088.0,,0.0,,,zero_counted_flops
327,2366711,0,1,7,_matmul_small_res_gate_oproj,"(128, 1, 1)","(128, 1, 1)",step01.layer17._matmul_small_res_gate_oproj.line1932/_matmul_small_res_gate_oproj,bf16_tensor,43392.0,l2,14676992.0,,268435456.0,18.28954161724691,6.186289085545723,ok
327,2366711,0,1,7,_matmul_small_res_gate_oproj,"(128, 1, 1)","(128, 1, 1)",step01.layer17._matmul_small_res_gate_oproj.line1932/_matmul_small_res_gate_oproj,fp32_simt,43392.0,l2,14676992.0,,131072.0,0.008930440242796343,0.0030206489675516225,ok
328,2366711,0,1,7,_adarms_norm_kernel,"(50, 1, 1)","(128, 1, 1)",step01.layer17._adarms_norm_kernel.line1945/_adarms_norm_kernel,bf16_tensor,17408.0,l2,471744.0,,0.0,,,zero_counted_flops
328,2366711,0,1,7,_adarms_norm_kernel,"(50, 1, 1)","(128, 1, 1)",step01.layer17._adarms_norm_kernel.line1945/_adarms_norm_kernel,fp32_simt,17408.0,l2,471744.0,,358400.0,0.7597340930674265,0.020588235294117647,ok
329,2366711,0,1,7,_matmul_small_gate,"(1, 64, 1)","(128, 1, 1)",step01.layer17._matmul_small_gate.line1954/_matmul_small_gate,bf16_tensor,80832.0,l2,23355360.0,,1073741824.0,45.974107185673866,13.283623119556612,ok
329,2366711,0,1,7,_matmul_small_gate,"(1, 64, 1)","(128, 1, 1)",step01.layer17._matmul_small_gate.line1954/_matmul_small_gate,fp32_simt,80832.0,l2,23355360.0,,2883584.0,0.1234656198834015,0.03567379255740301,ok
330,2366711,0,1,7,_matmul_small_res_gate_ffn_down,"(64, 1, 1)","(128, 1, 1)",step01.layer17._matmul_small_res_gate_ffn_down.line1971/_matmul_small_res_gate_ffn_down,bf16_tensor,67648.0,l2,39428416.0,,536870912.0,13.616344922403172,7.936242194891201,ok
330,2366711,0,1,7,_matmul_small_res_gate_ffn_down,"(64, 1, 1)","(128, 1, 1)",step01.layer17._matmul_small_res_gate_ffn_down.line1971/_matmul_small_res_gate_ffn_down,fp32_simt,67648.0,l2,39428416.0,,131072.0,0.003324302959571087,0.0019375591296121096,ok
331,2366711,0,1,7,_adarms_norm_kernel,"(50, 1, 1)","(128, 1, 1)",step01.layer-1._adarms_norm_kernel.line1989/_adarms_norm_kernel,bf16_tensor,16992.000000000004,l2,464224.0,,0.0,,,zero_counted_flops
331,2366711,0,1,7,_adarms_norm_kernel,"(50, 1, 1)","(128, 1, 1)",step01.layer-1._adarms_norm_kernel.line1989/_adarms_norm_kernel,fp32_simt,16992.000000000004,l2,464224.0,,358400.0,0.7720410836148066,0.02109227871939736,ok
332,2366711,0,1,7,_matmul_small_bias_res,"(8, 1, 1)","(128, 1, 1)",step01.layer-1._matmul_small_bias_res.line1998/_matmul_small_bias_res,bf16_tensor,16160.000000000002,l2,515840.0,,8388608.0,16.262034739454094,0.5190970297029702,ok
332,2366711,0,1,7,_matmul_small_bias_res,"(8, 1, 1)","(128, 1, 1)",step01.layer-1._matmul_small_bias_res.line1998/_matmul_small_bias_res,fp32_simt,16160.000000000002,l2,515840.0,,4096.0,0.00794044665012407,0.00025346534653465343,ok
333,2366711,0,1,7,_matmul_small_bias,"(64, 1, 1)","(128, 1, 1)",step02.layer-1._matmul_small_bias.line1839/_matmul_small_bias,bf16_tensor,14688.0,l2,364416.0,,4194304.0,11.509659290481208,0.28555991285403054,ok
333,2366711,0,1,7,_matmul_small_bias,"(64, 1, 1)","(128, 1, 1)",step02.layer-1._matmul_small_bias.line1839/_matmul_small_bias,fp32_simt,14688.0,l2,364416.0,,32768.0,0.08991921320688444,0.0022309368191721136,ok
334,2366711,0,1,7,_adarms_norm_kernel,"(50, 1, 1)","(128, 1, 1)",step02.layer00._adarms_norm_kernel.line1854/_adarms_norm_kernel,bf16_tensor,13792.000000000002,l2,460160.0,,0.0,,,zero_counted_flops
334,2366711,0,1,7,_adarms_norm_kernel,"(50, 1, 1)","(128, 1, 1)",step02.layer00._adarms_norm_kernel.line1854/_adarms_norm_kernel,fp32_simt,13792.000000000002,l2,460160.0,,358400.0,0.7788595271210014,0.025986078886310902,ok
335,2366711,0,1,7,_matmul_rope_qkv,"(128, 1, 1)","(128, 1, 1)",step02.layer00._matmul_rope_qkv.line1863/_matmul_rope_qkv,bf16_tensor,32512.000000000004,l2,13890784.0,,335544320.0,24.155895016436798,10.320629921259842,ok
335,2366711,0,1,7,_matmul_rope_qkv,"(128, 1, 1)","(128, 1, 1)",step02.layer00._matmul_rope_qkv.line1863/_matmul_rope_qkv,fp32_simt,32512.000000000004,l2,13890784.0,,442368.0,0.03184615065643523,0.013606299212598424,ok
336,2366711,0,1,7,_matmul_abt_scale,"(91, 1, 1)","(128, 1, 1)",step02.layer00._matmul_abt_scale.line1899/_matmul_abt_scale,bf16_tensor,18016.0,l2,2863392.0,,47710208.0,16.662129390596885,2.6482131438721135,ok
336,2366711,0,1,7,_matmul_abt_scale,"(91, 1, 1)","(128, 1, 1)",step02.layer00._matmul_abt_scale.line1899/_matmul_abt_scale,fp32_simt,18016.0,l2,2863392.0,,93184.0,0.03254322146600954,0.005172291296625222,ok
337,2366711,0,1,7,_softmax_prefix_suffix_mask_vector,"(100, 1, 1)","(128, 1, 1)",step02.layer00._softmax_prefix_suffix_mask_vector.line1911/_softmax_prefix_suffix_mask_vector,bf16_tensor,16768.0,l2,560320.0,,0.0,,,zero_counted_flops
337,2366711,0,1,7,_softmax_prefix_suffix_mask_vector,"(100, 1, 1)","(128, 1, 1)",step02.layer00._softmax_prefix_suffix_mask_vector.line1911/_softmax_prefix_suffix_mask_vector,fp32_simt,16768.0,l2,560320.0,,2528000.0,4.511707595659623,0.15076335877862596,ok
338,2366711,0,1,7,_matmul_small,"(104, 1, 1)","(128, 1, 1)",step02.layer00._matmul_small.line1921/_matmul_small,bf16_tensor,19808.0,l2,3424000.0,,54525952.0,15.924635514018691,2.752723747980614,ok
338,2366711,0,1,7,_matmul_small,"(104, 1, 1)","(128, 1, 1)",step02.layer00._matmul_small.line1921/_matmul_small,fp32_simt,19808.0,l2,3424000.0,,0.0,,,zero_counted_flops
339,2366711,0,1,7,_matmul_small_res_gate_oproj,"(128, 1, 1)","(128, 1, 1)",step02.layer00._matmul_small_res_gate_oproj.line1932/_matmul_small_res_gate_oproj,bf16_tensor,43808.00000000001,l2,14734624.0,,268435456.0,18.21800515574744,6.127544192841489,ok
339,2366711,0,1,7,_matmul_small_res_gate_oproj,"(128, 1, 1)","(128, 1, 1)",step02.layer00._matmul_small_res_gate_oproj.line1932/_matmul_small_res_gate_oproj,fp32_simt,43808.00000000001,l2,14734624.0,,131072.0,0.008895510329954805,0.0029919649379108832,ok
340,2366711,0,1,7,_adarms_norm_kernel,"(50, 1, 1)","(128, 1, 1)",step02.layer00._adarms_norm_kernel.line1945/_adarms_norm_kernel,bf16_tensor,12416.000000000002,l2,449760.0,,0.0,,,zero_counted_flops
340,2366711,0,1,7,_adarms_norm_kernel,"(50, 1, 1)","(128, 1, 1)",step02.layer00._adarms_norm_kernel.line1945/_adarms_norm_kernel,fp32_simt,12416.000000000002,l2,449760.0,,358400.0,0.7968694414799004,0.028865979381443297,ok
341,2366711,0,1,7,_matmul_small_gate,"(1, 64, 1)","(128, 1, 1)",step02.layer00._matmul_small_gate.line1954/_matmul_small_gate,bf16_tensor,78816.0,l2,23312736.0,,1073741824.0,46.05816425836933,13.623399106780349,ok
341,2366711,0,1,7,_matmul_small_gate,"(1, 64, 1)","(128, 1, 1)",step02.layer00._matmul_small_gate.line1954/_matmul_small_gate,fp32_simt,78816.0,l2,23312736.0,,2883584.0,0.12369135909230045,0.03658627689809176,ok
342,2366711,0,1,7,_matmul_small_res_gate_ffn_down,"(64, 1, 1)","(128, 1, 1)",step02.layer00._matmul_small_res_gate_ffn_down.line1971/_matmul_small_res_gate_ffn_down,bf16_tensor,74560.0,l2,39288672.0,,536870912.0,13.664776248991057,7.200521888412017,ok
342,2366711,0,1,7,_matmul_small_res_gate_ffn_down,"(64, 1, 1)","(128, 1, 1)",step02.layer00._matmul_small_res_gate_ffn_down.line1971/_matmul_small_res_gate_ffn_down,fp32_simt,74560.0,l2,39288672.0,,131072.0,0.0033361270139138323,0.00175793991416309,ok
343,2366711,0,1,7,_adarms_norm_kernel,"(50, 1, 1)","(128, 1, 1)",step02.layer01._adarms_norm_kernel.line1854/_adarms_norm_kernel,bf16_tensor,15872.0,l2,464160.0,,0.0,,,zero_counted_flops
343,2366711,0,1,7,_adarms_norm_kernel,"(50, 1, 1)","(128, 1, 1)",step02.layer01._adarms_norm_kernel.line1854/_adarms_norm_kernel,fp32_simt,15872.0,l2,464160.0,,358400.0,0.7721475353326439,0.02258064516129032,ok
344,2366711,0,1,7,_matmul_rope_qkv,"(128, 1, 1)","(128, 1, 1)",step02.layer01._matmul_rope_qkv.line1863/_matmul_rope_qkv,bf16_tensor,35680.00000000001,l2,13831008.0,,335544320.0,24.26029397134323,9.404269058295963,ok
344,2366711,0,1,7,_matmul_rope_qkv,"(128, 1, 1)","(128, 1, 1)",step02.layer01._matmul_rope_qkv.line1863/_matmul_rope_qkv,fp32_simt,35680.00000000001,l2,13831008.0,,442368.0,0.03198378599737633,0.012398206278026905,ok
345,2366711,0,1,7,_matmul_abt_scale,"(91, 1, 1)","(128, 1, 1)",step02.layer01._matmul_abt_scale.line1899/_matmul_abt_scale,bf16_tensor,17472.0,l2,2860096.0,,47710208.0,16.681330976302892,2.7306666666666666,ok
345,2366711,0,1,7,_matmul_abt_scale,"(91, 1, 1)","(128, 1, 1)",step02.layer01._matmul_abt_scale.line1899/_matmul_abt_scale,fp32_simt,17472.0,l2,2860096.0,,93184.0,0.032580724563091586,0.005333333333333333,ok
346,2366711,0,1,7,_softmax_prefix_suffix_mask_vector,"(100, 1, 1)","(128, 1, 1)",step02.layer01._softmax_prefix_suffix_mask_vector.line1911/_softmax_prefix_suffix_mask_vector,bf16_tensor,16416.0,l2,560256.0,,0.0,,,zero_counted_flops
346,2366711,0,1,7,_softmax_prefix_suffix_mask_vector,"(100, 1, 1)","(128, 1, 1)",step02.layer01._softmax_prefix_suffix_mask_vector.line1911/_softmax_prefix_suffix_mask_vector,fp32_simt,16416.0,l2,560256.0,,2528000.0,4.512222983778844,0.15399610136452244,ok
347,2366711,0,1,7,_matmul_small,"(104, 1, 1)","(128, 1, 1)",step02.layer01._matmul_small.line1921/_matmul_small,bf16_tensor,18528.0,l2,3408224.0,,54525952.0,15.99834752645366,2.942894645941278,ok
347,2366711,0,1,7,_matmul_small,"(104, 1, 1)","(128, 1, 1)",step02.layer01._matmul_small.line1921/_matmul_small,fp32_simt,18528.0,l2,3408224.0,,0.0,,,zero_counted_flops
348,2366711,0,1,7,_matmul_small_res_gate_oproj,"(128, 1, 1)","(128, 1, 1)",step02.layer01._matmul_small_res_gate_oproj.line1932/_matmul_small_res_gate_oproj,bf16_tensor,40352.0,l2,14745824.0,,268435456.0,18.204167905435465,6.652345757335447,ok
348,2366711,0,1,7,_matmul_small_res_gate_oproj,"(128, 1, 1)","(128, 1, 1)",step02.layer01._matmul_small_res_gate_oproj.line1932/_matmul_small_res_gate_oproj,fp32_simt,40352.0,l2,14745824.0,,131072.0,0.00888875386007591,0.003248215701823949,ok
349,2366711,0,1,7,_adarms_norm_kernel,"(50, 1, 1)","(128, 1, 1)",step02.layer01._adarms_norm_kernel.line1945/_adarms_norm_kernel,bf16_tensor,16288.0,l2,464736.0,,0.0,,,zero_counted_flops
349,2366711,0,1,7,_adarms_norm_kernel,"(50, 1, 1)","(128, 1, 1)",step02.layer01._adarms_norm_kernel.line1945/_adarms_norm_kernel,fp32_simt,16288.0,l2,464736.0,,358400.0,0.7711905253735454,0.02200392927308448,ok
350,2366711,0,1,7,_matmul_small_gate,"(1, 64, 1)","(128, 1, 1)",step02.layer01._matmul_small_gate.line1954/_matmul_small_gate,bf16_tensor,78944.00000000001,l2,23256128.0,,1073741824.0,46.170274948607094,13.601310093230643,ok
350,2366711,0,1,7,_matmul_small_gate,"(1, 64, 1)","(128, 1, 1)",step02.layer01._matmul_small_gate.line1954/_matmul_small_gate,fp32_simt,78944.00000000001,l2,23256128.0,,2883584.0,0.12399243760612257,0.03652695581678151,ok
351,2366711,0,1,7,_matmul_small_res_gate_ffn_down,"(64, 1, 1)","(128, 1, 1)",step02.layer01._matmul_small_res_gate_ffn_down.line1971/_matmul_small_res_gate_ffn_down,bf16_tensor,67648.0,l2,39270144.0,,536870912.0,13.671223410843616,7.936242194891201,ok
351,2366711,0,1,7,_matmul_small_res_gate_ffn_down,"(64, 1, 1)","(128, 1, 1)",step02.layer01._matmul_small_res_gate_ffn_down.line1971/_matmul_small_res_gate_ffn_down,fp32_simt,67648.0,l2,39270144.0,,131072.0,0.0033377010280379923,0.0019375591296121096,ok
352,2366711,0,1,7,_adarms_norm_kernel,"(50, 1, 1)","(128, 1, 1)",step02.layer02._adarms_norm_kernel.line1854/_adarms_norm_kernel,bf16_tensor,13824.0,l2,467904.0,,0.0,,,zero_counted_flops
352,2366711,0,1,7,_adarms_norm_kernel,"(50, 1, 1)","(128, 1, 1)",step02.layer02._adarms_norm_kernel.line1854/_adarms_norm_kernel,fp32_simt,13824.0,l2,467904.0,,358400.0,0.7659690876761045,0.025925925925925925,ok
353,2366711,0,1,7,_matmul_rope_qkv,"(128, 1, 1)","(128, 1, 1)",step02.layer02._matmul_rope_qkv.line1863/_matmul_rope_qkv,bf16_tensor,36704.0,l2,13831456.0,,335544320.0,24.259508181929654,9.141900610287706,ok
353,2366711,0,1,7,_matmul_rope_qkv,"(128, 1, 1)","(128, 1, 1)",step02.layer02._matmul_rope_qkv.line1863/_matmul_rope_qkv,fp32_simt,36704.0,l2,13831456.0,,442368.0,0.031982750044536164,0.01205231037489102,ok
354,2366711,0,1,7,_matmul_abt_scale,"(91, 1, 1)","(128, 1, 1)",step02.layer02._matmul_abt_scale.line1899/_matmul_abt_scale,bf16_tensor,18784.0,l2,2858752.0,,47710208.0,16.68917345750873,2.53993867120954,ok
354,2366711,0,1,7,_matmul_abt_scale,"(91, 1, 1)","(128, 1, 1)",step02.layer02._matmul_abt_scale.line1899/_matmul_abt_scale,fp32_simt,18784.0,l2,2858752.0,,93184.0,0.03259604190919674,0.004960817717206133,ok
355,2366711,0,1,7,_softmax_prefix_suffix_mask_vector,"(100, 1, 1)","(128, 1, 1)",step02.layer02._softmax_prefix_suffix_mask_vector.line1911/_softmax_prefix_suffix_mask_vector,bf16_tensor,16768.0,l2,560320.0,,0.0,,,zero_counted_flops
355,2366711,0,1,7,_softmax_prefix_suffix_mask_vector,"(100, 1, 1)","(128, 1, 1)",step02.layer02._softmax_prefix_suffix_mask_vector.line1911/_softmax_prefix_suffix_mask_vector,fp32_simt,16768.0,l2,560320.0,,2528000.0,4.511707595659623,0.15076335877862596,ok
356,2366711,0,1,7,_matmul_small,"(104, 1, 1)","(128, 1, 1)",step02.layer02._matmul_small.line1921/_matmul_small,bf16_tensor,12832.0,l2,3391104.0,,54525952.0,16.07911523798739,4.249216957605985,ok
356,2366711,0,1,7,_matmul_small,"(104, 1, 1)","(128, 1, 1)",step02.layer02._matmul_small.line1921/_matmul_small,fp32_simt,12832.0,l2,3391104.0,,0.0,,,zero_counted_flops
357,2366711,0,1,7,_matmul_small_res_gate_oproj,"(128, 1, 1)","(128, 1, 1)",step02.layer02._matmul_small_res_gate_oproj.line1932/_matmul_small_res_gate_oproj,bf16_tensor,38912.0,l2,14709056.0,,268435456.0,18.249672582659283,6.898526315789474,ok
357,2366711,0,1,7,_matmul_small_res_gate_oproj,"(128, 1, 1)","(128, 1, 1)",step02.layer02._matmul_small_res_gate_oproj.line1932/_matmul_small_res_gate_oproj,fp32_simt,38912.0,l2,14709056.0,,131072.0,0.008910972940751603,0.003368421052631579,ok
358,2366711,0,1,7,_adarms_norm_kernel,"(50, 1, 1)","(128, 1, 1)",step02.layer02._adarms_norm_kernel.line1945/_adarms_norm_kernel,bf16_tensor,16736.0,l2,463904.0,,0.0,,,zero_counted_flops
358,2366711,0,1,7,_adarms_norm_kernel,"(50, 1, 1)","(128, 1, 1)",step02.layer02._adarms_norm_kernel.line1945/_adarms_norm_kernel,fp32_simt,16736.0,l2,463904.0,,358400.0,0.7725736359246741,0.02141491395793499,ok
359,2366711,0,1,7,_matmul_small_gate,"(1, 64, 1)","(128, 1, 1)",step02.layer02._matmul_small_gate.line1954/_matmul_small_gate,bf16_tensor,78752.00000000001,l2,23349824.0,,1073741824.0,45.98500716750584,13.63447054043072,ok
359,2366711,0,1,7,_matmul_small_gate,"(1, 64, 1)","(128, 1, 1)",step02.layer02._matmul_small_gate.line1954/_matmul_small_gate,fp32_simt,78752.00000000001,l2,23349824.0,,2883584.0,0.12349489229554793,0.03661600975213328,ok
360,2366711,0,1,7,_matmul_small_res_gate_ffn_down,"(64, 1, 1)","(128, 1, 1)",step02.layer02._matmul_small_res_gate_ffn_down.line1971/_matmul_small_res_gate_ffn_down,bf16_tensor,74656.0,l2,39351872.0,,536870912.0,13.642830308047353,7.191262751821689,ok
360,2366711,0,1,7,_matmul_small_res_gate_ffn_down,"(64, 1, 1)","(128, 1, 1)",step02.layer02._matmul_small_res_gate_ffn_down.line1971/_matmul_small_res_gate_ffn_down,fp32_simt,74656.0,l2,39351872.0,,131072.0,0.0033307691181756233,0.0017556793827689671,ok
361,2366711,0,1,7,_adarms_norm_kernel,"(50, 1, 1)","(128, 1, 1)",step02.layer03._adarms_norm_kernel.line1854/_adarms_norm_kernel,bf16_tensor,12096.0,l2,450368.0,,0.0,,,zero_counted_flops
361,2366711,0,1,7,_adarms_norm_kernel,"(50, 1, 1)","(128, 1, 1)",step02.layer03._adarms_norm_kernel.line1854/_adarms_norm_kernel,fp32_simt,12096.0,l2,450368.0,,358400.0,0.7957936620719056,0.029629629629629627,ok
362,2366711,0,1,7,_matmul_rope_qkv,"(128, 1, 1)","(128, 1, 1)",step02.layer03._matmul_rope_qkv.line1863/_matmul_rope_qkv,bf16_tensor,36288.0,l2,13797536.0,,335544320.0,24.31914799859917,9.246701940035273,ok
362,2366711,0,1,7,_matmul_rope_qkv,"(128, 1, 1)","(128, 1, 1)",step02.layer03._matmul_rope_qkv.line1863/_matmul_rope_qkv,fp32_simt,36288.0,l2,13797536.0,,442368.0,0.0320613767559657,0.01219047619047619,ok
363,2366711,0,1,7,_matmul_abt_scale,"(91, 1, 1)","(128, 1, 1)",step02.layer03._matmul_abt_scale.line1899/_matmul_abt_scale,bf16_tensor,18464.0,l2,2870688.0,,47710208.0,16.619781738733014,2.583958405545927,ok
363,2366711,0,1,7,_matmul_abt_scale,"(91, 1, 1)","(128, 1, 1)",step02.layer03._matmul_abt_scale.line1899/_matmul_abt_scale,fp32_simt,18464.0,l2,2870688.0,,93184.0,0.03246051120846292,0.005046793760831889,ok
364,2366711,0,1,7,_softmax_prefix_suffix_mask_vector,"(100, 1, 1)","(128, 1, 1)",step02.layer03._softmax_prefix_suffix_mask_vector.line1911/_softmax_prefix_suffix_mask_vector,bf16_tensor,18816.0,l2,566880.0,,0.0,,,zero_counted_flops
364,2366711,0,1,7,_softmax_prefix_suffix_mask_vector,"(100, 1, 1)","(128, 1, 1)",step02.layer03._softmax_prefix_suffix_mask_vector.line1911/_softmax_prefix_suffix_mask_vector,fp32_simt,18816.0,l2,566880.0,,2528000.0,4.459497600903189,0.13435374149659862,ok
365,2366711,0,1,7,_matmul_small,"(104, 1, 1)","(128, 1, 1)",step02.layer03._matmul_small.line1921/_matmul_small,bf16_tensor,19744.000000000004,l2,3410112.0,,54525952.0,15.989490081264194,2.761646677471637,ok
365,2366711,0,1,7,_matmul_small,"(104, 1, 1)","(128, 1, 1)",step02.layer03._matmul_small.line1921/_matmul_small,fp32_simt,19744.000000000004,l2,3410112.0,,0.0,,,zero_counted_flops
366,2366711,0,1,7,_matmul_small_res_gate_oproj,"(128, 1, 1)","(128, 1, 1)",step02.layer03._matmul_small_res_gate_oproj.line1932/_matmul_small_res_gate_oproj,bf16_tensor,41248.0,l2,14715776.0,,268435456.0,18.241338818965442,6.507841737781225,ok
366,2366711,0,1,7,_matmul_small_res_gate_oproj,"(128, 1, 1)","(128, 1, 1)",step02.layer03._matmul_small_res_gate_oproj.line1932/_matmul_small_res_gate_oproj,fp32_simt,41248.0,l2,14715776.0,,131072.0,0.00890690372019797,0.003177657098525989,ok
367,2366711,0,1,7,_adarms_norm_kernel,"(50, 1, 1)","(128, 1, 1)",step02.layer03._adarms_norm_kernel.line1945/_adarms_norm_kernel,bf16_tensor,16192.0,l2,457120.0,,0.0,,,zero_counted_flops
367,2366711,0,1,7,_adarms_norm_kernel,"(50, 1, 1)","(128, 1, 1)",step02.layer03._adarms_norm_kernel.line1945/_adarms_norm_kernel,fp32_simt,16192.0,l2,457120.0,,358400.0,0.784039201960098,0.022134387351778657,ok
368,2366711,0,1,7,_matmul_small_gate,"(1, 64, 1)","(128, 1, 1)",step02.layer03._matmul_small_gate.line1954/_matmul_small_gate,bf16_tensor,81056.0,l2,23289856.0,,1073741824.0,46.103411888849806,13.246913541255427,ok
368,2366711,0,1,7,_matmul_small_gate,"(1, 64, 1)","(128, 1, 1)",step02.layer03._matmul_small_gate.line1954/_matmul_small_gate,fp32_simt,81056.0,l2,23289856.0,,2883584.0,0.12381287372493845,0.0355752072641137,ok
369,2366711,0,1,7,_matmul_small_res_gate_ffn_down,"(64, 1, 1)","(128, 1, 1)",step02.layer03._matmul_small_res_gate_ffn_down.line1971/_matmul_small_res_gate_ffn_down,bf16_tensor,73024.00000000001,l2,39400864.0,,536870912.0,13.62586647846098,7.351978965819455,ok
369,2366711,0,1,7,_matmul_small_res_gate_ffn_down,"(64, 1, 1)","(128, 1, 1)",step02.layer03._matmul_small_res_gate_ffn_down.line1971/_matmul_small_res_gate_ffn_down,fp32_simt,73024.00000000001,l2,39400864.0,,131072.0,0.0033266275582180126,0.0017949167397020155,ok
370,2366711,0,1,7,_adarms_norm_kernel,"(50, 1, 1)","(128, 1, 1)",step02.layer04._adarms_norm_kernel.line1854/_adarms_norm_kernel,bf16_tensor,15936.000000000002,l2,471488.0,,0.0,,,zero_counted_flops
370,2366711,0,1,7,_adarms_norm_kernel,"(50, 1, 1)","(128, 1, 1)",step02.layer04._adarms_norm_kernel.line1854/_adarms_norm_kernel,fp32_simt,15936.000000000002,l2,471488.0,,358400.0,0.760146599701371,0.02248995983935743,ok
371,2366711,0,1,7,_matmul_rope_qkv,"(128, 1, 1)","(128, 1, 1)",step02.layer04._matmul_rope_qkv.line1863/_matmul_rope_qkv,bf16_tensor,36192.0,l2,13788320.0,,335544320.0,24.335402717662486,9.271229000884173,ok
371,2366711,0,1,7,_matmul_rope_qkv,"(128, 1, 1)","(128, 1, 1)",step02.layer04._matmul_rope_qkv.line1863/_matmul_rope_qkv,fp32_simt,36192.0,l2,13788320.0,,442368.0,0.032082806317230816,0.012222811671087533,ok
372,2366711,0,1,7,_matmul_abt_scale,"(91, 1, 1)","(128, 1, 1)",step02.layer04._matmul_abt_scale.line1899/_matmul_abt_scale,bf16_tensor,16224.000000000002,l2,2856032.0,,47710208.0,16.705067730333553,2.9407179487179484,ok
372,2366711,0,1,7,_matmul_abt_scale,"(91, 1, 1)","(128, 1, 1)",step02.layer04._matmul_abt_scale.line1899/_matmul_abt_scale,fp32_simt,16224.000000000002,l2,2856032.0,,93184.0,0.03262708541080772,0.005743589743589743,ok
373,2366711,0,1,7,_softmax_prefix_suffix_mask_vector,"(100, 1, 1)","(128, 1, 1)",step02.layer04._softmax_prefix_suffix_mask_vector.line1911/_softmax_prefix_suffix_mask_vector,bf16_tensor,20512.000000000004,l2,567104.0,,0.0,,,zero_counted_flops
373,2366711,0,1,7,_softmax_prefix_suffix_mask_vector,"(100, 1, 1)","(128, 1, 1)",step02.layer04._softmax_prefix_suffix_mask_vector.line1911/_softmax_prefix_suffix_mask_vector,fp32_simt,20512.000000000004,l2,567104.0,,2528000.0,4.45773614716172,0.12324492979719186,ok
374,2366711,0,1,7,_matmul_small,"(104, 1, 1)","(128, 1, 1)",step02.layer04._matmul_small.line1921/_matmul_small,bf16_tensor,18976.000000000004,l2,3431424.0,,54525952.0,15.89018203521337,2.8734165261382794,ok
374,2366711,0,1,7,_matmul_small,"(104, 1, 1)","(128, 1, 1)",step02.layer04._matmul_small.line1921/_matmul_small,fp32_simt,18976.000000000004,l2,3431424.0,,0.0,,,zero_counted_flops
375,2366711,0,1,7,_matmul_small_res_gate_oproj,"(128, 1, 1)","(128, 1, 1)",step02.layer04._matmul_small_res_gate_oproj.line1932/_matmul_small_res_gate_oproj,bf16_tensor,41824.00000000001,l2,14713568.0,,268435456.0,18.244076215911736,6.418215761285386,ok
375,2366711,0,1,7,_matmul_small_res_gate_oproj,"(128, 1, 1)","(128, 1, 1)",step02.layer04._matmul_small_res_gate_oproj.line1932/_matmul_small_res_gate_oproj,fp32_simt,41824.00000000001,l2,14713568.0,,131072.0,0.008908240339800652,0.00313389441469013,ok
376,2366711,0,1,7,_adarms_norm_kernel,"(50, 1, 1)","(128, 1, 1)",step02.layer04._adarms_norm_kernel.line1945/_adarms_norm_kernel,bf16_tensor,12960.000000000002,l2,461760.0,,0.0,,,zero_counted_flops
376,2366711,0,1,7,_adarms_norm_kernel,"(50, 1, 1)","(128, 1, 1)",step02.layer04._adarms_norm_kernel.line1945/_adarms_norm_kernel,fp32_simt,12960.000000000002,l2,461760.0,,358400.0,0.7761607761607762,0.02765432098765432,ok
377,2366711,0,1,7,_matmul_small_gate,"(1, 64, 1)","(128, 1, 1)",step02.layer04._matmul_small_gate.line1954/_matmul_small_gate,bf16_tensor,85120.00000000001,l2,23361536.0,,1073741824.0,45.96195318663978,12.61444812030075,ok
377,2366711,0,1,7,_matmul_small_gate,"(1, 64, 1)","(128, 1, 1)",step02.layer04._matmul_small_gate.line1954/_matmul_small_gate,fp32_simt,85120.00000000001,l2,23361536.0,,2883584.0,0.12343297974927676,0.033876691729323304,ok
378,2366711,0,1,7,_matmul_small_res_gate_ffn_down,"(64, 1, 1)","(128, 1, 1)",step02.layer04._matmul_small_res_gate_ffn_down.line1971/_matmul_small_res_gate_ffn_down,bf16_tensor,74336.0,l2,39328768.0,,536870912.0,13.650844898065456,7.2222195436935,ok
378,2366711,0,1,7,_matmul_small_res_gate_ffn_down,"(64, 1, 1)","(128, 1, 1)",step02.layer04._matmul_small_res_gate_ffn_down.line1971/_matmul_small_res_gate_ffn_down,fp32_simt,74336.0,l2,39328768.0,,131072.0,0.0033327258051917617,0.0017632371932845459,ok
379,2366711,0,1,7,_adarms_norm_kernel,"(50, 1, 1)","(128, 1, 1)",step02.layer05._adarms_norm_kernel.line1854/_adarms_norm_kernel,bf16_tensor,15456.000000000002,l2,464768.0,,0.0,,,zero_counted_flops
379,2366711,0,1,7,_adarms_norm_kernel,"(50, 1, 1)","(128, 1, 1)",step02.layer05._adarms_norm_kernel.line1854/_adarms_norm_kernel,fp32_simt,15456.000000000002,l2,464768.0,,358400.0,0.7711374277058661,0.023188405797101443,ok
380,2366711,0,1,7,_matmul_rope_qkv,"(128, 1, 1)","(128, 1, 1)",step02.layer05._matmul_rope_qkv.line1863/_matmul_rope_qkv,bf16_tensor,31840.0,l2,13926336.0,,335544320.0,24.09422837421128,10.538452261306533,ok
380,2366711,0,1,7,_matmul_rope_qkv,"(128, 1, 1)","(128, 1, 1)",step02.layer05._matmul_rope_qkv.line1863/_matmul_rope_qkv,fp32_simt,31840.0,l2,13926336.0,,442368.0,0.03176485186053245,0.013893467336683417,ok
381,2366711,0,1,7,_matmul_abt_scale,"(91, 1, 1)","(128, 1, 1)",step02.layer05._matmul_abt_scale.line1899/_matmul_abt_scale,bf16_tensor,17184.0,l2,2861088.0,,47710208.0,16.675547204420138,2.776432029795158,ok
381,2366711,0,1,7,_matmul_abt_scale,"(91, 1, 1)","(128, 1, 1)",step02.layer05._matmul_abt_scale.line1899/_matmul_abt_scale,fp32_simt,17184.0,l2,2861088.0,,93184.0,0.03256942813363308,0.005422718808193668,ok
382,2366711,0,1,7,_softmax_prefix_suffix_mask_vector,"(100, 1, 1)","(128, 1, 1)",step02.layer05._softmax_prefix_suffix_mask_vector.line1911/_softmax_prefix_suffix_mask_vector,bf16_tensor,19584.0,l2,566848.0,,0.0,,,zero_counted_flops
382,2366711,0,1,7,_softmax_prefix_suffix_mask_vector,"(100, 1, 1)","(128, 1, 1)",step02.layer05._softmax_prefix_suffix_mask_vector.line1911/_softmax_prefix_suffix_mask_vector,fp32_simt,19584.0,l2,566848.0,,2528000.0,4.45974935079598,0.12908496732026142,ok
383,2366711,0,1,7,_matmul_small,"(104, 1, 1)","(128, 1, 1)",step02.layer05._matmul_small.line1921/_matmul_small,bf16_tensor,16128.000000000002,l2,3396224.0,,54525952.0,16.054875061244488,3.3808253968253963,ok
383,2366711,0,1,7,_matmul_small,"(104, 1, 1)","(128, 1, 1)",step02.layer05._matmul_small.line1921/_matmul_small,fp32_simt,16128.000000000002,l2,3396224.0,,0.0,,,zero_counted_flops
384,2366711,0,1,7,_matmul_small_res_gate_oproj,"(128, 1, 1)","(128, 1, 1)",step02.layer05._matmul_small_res_gate_oproj.line1932/_matmul_small_res_gate_oproj,bf16_tensor,40160.0,l2,14685760.0,,268435456.0,18.27862201207156,6.6841498007968125,ok
384,2366711,0,1,7,_matmul_small_res_gate_oproj,"(128, 1, 1)","(128, 1, 1)",step02.layer05._matmul_small_res_gate_oproj.line1932/_matmul_small_res_gate_oproj,fp32_simt,40160.0,l2,14685760.0,,131072.0,0.008925108404331816,0.0032637450199203186,ok
385,2366711,0,1,7,_adarms_norm_kernel,"(50, 1, 1)","(128, 1, 1)",step02.layer05._adarms_norm_kernel.line1945/_adarms_norm_kernel,bf16_tensor,15744.0,l2,456992.0,,0.0,,,zero_counted_flops
385,2366711,0,1,7,_adarms_norm_kernel,"(50, 1, 1)","(128, 1, 1)",step02.layer05._adarms_norm_kernel.line1945/_adarms_norm_kernel,fp32_simt,15744.0,l2,456992.0,,358400.0,0.7842588054057839,0.02276422764227642,ok
386,2366711,0,1,7,_matmul_small_gate,"(1, 64, 1)","(128, 1, 1)",step02.layer05._matmul_small_gate.line1954/_matmul_small_gate,bf16_tensor,78816.0,l2,23311776.0,,1073741824.0,46.06006097519125,13.623399106780349,ok
386,2366711,0,1,7,_matmul_small_gate,"(1, 64, 1)","(128, 1, 1)",step02.layer05._matmul_small_gate.line1954/_matmul_small_gate,fp32_simt,78816.0,l2,23311776.0,,2883584.0,0.12369645281423432,0.03658627689809176,ok
387,2366711,0,1,7,_matmul_small_res_gate_ffn_down,"(64, 1, 1)","(128, 1, 1)",step02.layer05._matmul_small_res_gate_ffn_down.line1971/_matmul_small_res_gate_ffn_down,bf16_tensor,74784.00000000001,l2,39419712.0,,536870912.0,13.619351455434277,7.178954214805306,ok
387,2366711,0,1,7,_matmul_small_res_gate_ffn_down,"(64, 1, 1)","(128, 1, 1)",step02.layer05._matmul_small_res_gate_ffn_down.line1971/_matmul_small_res_gate_ffn_down,fp32_simt,74784.00000000001,l2,39419712.0,,131072.0,0.003325036976424384,0.0017526743688489517,ok
388,2366711,0,1,7,_adarms_norm_kernel,"(50, 1, 1)","(128, 1, 1)",step02.layer06._adarms_norm_kernel.line1854/_adarms_norm_kernel,bf16_tensor,14784.000000000002,l2,460256.0,,0.0,,,zero_counted_flops
388,2366711,0,1,7,_adarms_norm_kernel,"(50, 1, 1)","(128, 1, 1)",step02.layer06._adarms_norm_kernel.line1854/_adarms_norm_kernel,fp32_simt,14784.000000000002,l2,460256.0,,358400.0,0.778697072933324,0.02424242424242424,ok
389,2366711,0,1,7,_matmul_rope_qkv,"(128, 1, 1)","(128, 1, 1)",step02.layer06._matmul_rope_qkv.line1863/_matmul_rope_qkv,bf16_tensor,37248.0,l2,13800864.0,,335544320.0,24.31328357412985,9.008384879725085,ok
389,2366711,0,1,7,_matmul_rope_qkv,"(128, 1, 1)","(128, 1, 1)",step02.layer06._matmul_rope_qkv.line1863/_matmul_rope_qkv,fp32_simt,37248.0,l2,13800864.0,,442368.0,0.032053645336987596,0.011876288659793814,ok
390,2366711,0,1,7,_matmul_abt_scale,"(91, 1, 1)","(128, 1, 1)",step02.layer06._matmul_abt_scale.line1899/_matmul_abt_scale,bf16_tensor,17312.0,l2,2856352.0,,47710208.0,16.703196244720537,2.755903881700555,ok
390,2366711,0,1,7,_matmul_abt_scale,"(91, 1, 1)","(128, 1, 1)",step02.layer06._matmul_abt_scale.line1899/_matmul_abt_scale,fp32_simt,17312.0,l2,2856352.0,,93184.0,0.0326234301654698,0.005382624768946396,ok
391,2366711,0,1,7,_softmax_prefix_suffix_mask_vector,"(100, 1, 1)","(128, 1, 1)",step02.layer06._softmax_prefix_suffix_mask_vector.line1911/_softmax_prefix_suffix_mask_vector,bf16_tensor,19232.0,l2,566368.0,,0.0,,,zero_counted_flops
391,2366711,0,1,7,_softmax_prefix_suffix_mask_vector,"(100, 1, 1)","(128, 1, 1)",step02.layer06._softmax_prefix_suffix_mask_vector.line1911/_softmax_prefix_suffix_mask_vector,fp32_simt,19232.0,l2,566368.0,,2528000.0,4.463529012938584,0.1314475873544093,ok
392,2366711,0,1,7,_matmul_small,"(104, 1, 1)","(128, 1, 1)",step02.layer06._matmul_small.line1921/_matmul_small,bf16_tensor,20128.0,l2,3401664.0,,54525952.0,16.029199826908243,2.7089602543720193,ok
392,2366711,0,1,7,_matmul_small,"(104, 1, 1)","(128, 1, 1)",step02.layer06._matmul_small.line1921/_matmul_small,fp32_simt,20128.0,l2,3401664.0,,0.0,,,zero_counted_flops
393,2366711,0,1,7,_matmul_small_res_gate_oproj,"(128, 1, 1)","(128, 1, 1)",step02.layer06._matmul_small_res_gate_oproj.line1932/_matmul_small_res_gate_oproj,bf16_tensor,41088.00000000001,l2,14748832.0,,268435456.0,18.200455195367336,6.5331838006230525,ok
393,2366711,0,1,7,_matmul_small_res_gate_oproj,"(128, 1, 1)","(128, 1, 1)",step02.layer06._matmul_small_res_gate_oproj.line1932/_matmul_small_res_gate_oproj,fp32_simt,41088.00000000001,l2,14748832.0,,131072.0,0.008886941013362957,0.003190031152647975,ok
394,2366711,0,1,7,_adarms_norm_kernel,"(50, 1, 1)","(128, 1, 1)",step02.layer06._adarms_norm_kernel.line1945/_adarms_norm_kernel,bf16_tensor,16320.0,l2,464256.0,,0.0,,,zero_counted_flops
394,2366711,0,1,7,_adarms_norm_kernel,"(50, 1, 1)","(128, 1, 1)",step02.layer06._adarms_norm_kernel.line1945/_adarms_norm_kernel,fp32_simt,16320.0,l2,464256.0,,358400.0,0.7719878687620623,0.02196078431372549,ok
395,2366711,0,1,7,_matmul_small_gate,"(1, 64, 1)","(128, 1, 1)",step02.layer06._matmul_small_gate.line1954/_matmul_small_gate,bf16_tensor,78560.0,l2,23336064.0,,1073741824.0,46.01212200994992,13.667793075356414,ok
395,2366711,0,1,7,_matmul_small_gate,"(1, 64, 1)","(128, 1, 1)",step02.layer06._matmul_small_gate.line1954/_matmul_small_gate,fp32_simt,78560.0,l2,23336064.0,,2883584.0,0.12356771047593973,0.03670549898167006,ok
396,2366711,0,1,7,_matmul_small_res_gate_ffn_down,"(64, 1, 1)","(128, 1, 1)",step02.layer06._matmul_small_res_gate_ffn_down.line1971/_matmul_small_res_gate_ffn_down,bf16_tensor,68448.0,l2,39171264.0,,536870912.0,13.705733672520754,7.843485741000467,ok
396,2366711,0,1,7,_matmul_small_res_gate_ffn_down,"(64, 1, 1)","(128, 1, 1)",step02.layer06._matmul_small_res_gate_ffn_down.line1971/_matmul_small_res_gate_ffn_down,fp32_simt,68448.0,l2,39171264.0,,131072.0,0.0033461263848927622,0.001914913510986442,ok
397,2366711,0,1,7,_adarms_norm_kernel,"(50, 1, 1)","(128, 1, 1)",step02.layer07._adarms_norm_kernel.line1854/_adarms_norm_kernel,bf16_tensor,16704.0,l2,460928.0,,0.0,,,zero_counted_flops
397,2366711,0,1,7,_adarms_norm_kernel,"(50, 1, 1)","(128, 1, 1)",step02.layer07._adarms_norm_kernel.line1854/_adarms_norm_kernel,fp32_simt,16704.0,l2,460928.0,,358400.0,0.7775617883921133,0.021455938697318006,ok
398,2366711,0,1,7,_matmul_rope_qkv,"(128, 1, 1)","(128, 1, 1)",step02.layer07._matmul_rope_qkv.line1863/_matmul_rope_qkv,bf16_tensor,36704.0,l2,13794048.0,,335544320.0,24.325297403633797,9.141900610287706,ok
398,2366711,0,1,7,_matmul_rope_qkv,"(128, 1, 1)","(128, 1, 1)",step02.layer07._matmul_rope_qkv.line1863/_matmul_rope_qkv,fp32_simt,36704.0,l2,13794048.0,,442368.0,0.03206948388174378,0.01205231037489102,ok
399,2366711,0,1,7,_matmul_abt_scale,"(91, 1, 1)","(128, 1, 1)",step02.layer07._matmul_abt_scale.line1899/_matmul_abt_scale,bf16_tensor,15648.0,l2,2831264.0,,47710208.0,16.851204267775806,3.0489652351738243,ok
399,2366711,0,1,7,_matmul_abt_scale,"(91, 1, 1)","(128, 1, 1)",step02.layer07._matmul_abt_scale.line1899/_matmul_abt_scale,fp32_simt,15648.0,l2,2831264.0,,93184.0,0.03291250833549962,0.005955010224948876,ok
400,2366711,0,1,7,_softmax_prefix_suffix_mask_vector,"(100, 1, 1)","(128, 1, 1)",step02.layer07._softmax_prefix_suffix_mask_vector.line1911/_softmax_prefix_suffix_mask_vector,bf16_tensor,17536.0,l2,564672.0,,0.0,,,zero_counted_flops
400,2366711,0,1,7,_softmax_prefix_suffix_mask_vector,"(100, 1, 1)","(128, 1, 1)",step02.layer07._softmax_prefix_suffix_mask_vector.line1911/_softmax_prefix_suffix_mask_vector,fp32_simt,17536.0,l2,564672.0,,2528000.0,4.476935282783634,0.14416058394160583,ok
401,2366711,0,1,7,_matmul_small,"(104, 1, 1)","(128, 1, 1)",step02.layer07._matmul_small.line1921/_matmul_small,bf16_tensor,17952.0,l2,3423648.0,,54525952.0,15.926272794399424,3.0373190730837787,ok
401,2366711,0,1,7,_matmul_small,"(104, 1, 1)","(128, 1, 1)",step02.layer07._matmul_small.line1921/_matmul_small,fp32_simt,17952.0,l2,3423648.0,,0.0,,,zero_counted_flops
402,2366711,0,1,7,_matmul_small_res_gate_oproj,"(128, 1, 1)","(128, 1, 1)",step02.layer07._matmul_small_res_gate_oproj.line1932/_matmul_small_res_gate_oproj,bf16_tensor,40128.0,l2,14706560.0,,268435456.0,18.25276992036207,6.689480063795854,ok
402,2366711,0,1,7,_matmul_small_res_gate_oproj,"(128, 1, 1)","(128, 1, 1)",step02.layer07._matmul_small_res_gate_oproj.line1932/_matmul_small_res_gate_oproj,fp32_simt,40128.0,l2,14706560.0,,131072.0,0.008912485312676792,0.003266347687400319,ok
403,2366711,0,1,7,_adarms_norm_kernel,"(50, 1, 1)","(128, 1, 1)",step02.layer07._adarms_norm_kernel.line1945/_adarms_norm_kernel,bf16_tensor,12384.0,l2,467232.0,,0.0,,,zero_counted_flops
403,2366711,0,1,7,_adarms_norm_kernel,"(50, 1, 1)","(128, 1, 1)",step02.layer07._adarms_norm_kernel.line1945/_adarms_norm_kernel,fp32_simt,12384.0,l2,467232.0,,358400.0,0.7670707485788645,0.028940568475452195,ok
404,2366711,0,1,7,_matmul_small_gate,"(1, 64, 1)","(128, 1, 1)",step02.layer07._matmul_small_gate.line1954/_matmul_small_gate,bf16_tensor,98880.0,l2,23340448.0,,1073741824.0,46.003479624727,10.859039482200647,ok
404,2366711,0,1,7,_matmul_small_gate,"(1, 64, 1)","(128, 1, 1)",step02.layer07._matmul_small_gate.line1954/_matmul_small_gate,fp32_simt,98880.0,l2,23340448.0,,2883584.0,0.12354450094531176,0.02916245954692557,ok
405,2366711,0,1,7,_matmul_small_res_gate_ffn_down,"(64, 1, 1)","(128, 1, 1)",step02.layer07._matmul_small_res_gate_ffn_down.line1971/_matmul_small_res_gate_ffn_down,bf16_tensor,72992.00000000001,l2,39282304.0,,536870912.0,13.666991426979436,7.355202104340202,ok
405,2366711,0,1,7,_matmul_small_res_gate_ffn_down,"(64, 1, 1)","(128, 1, 1)",step02.layer07._matmul_small_res_gate_ffn_down.line1971/_matmul_small_res_gate_ffn_down,fp32_simt,72992.00000000001,l2,39282304.0,,131072.0,0.0033366678288524014,0.001795703638754932,ok
406,2366711,0,1,7,_adarms_norm_kernel,"(50, 1, 1)","(128, 1, 1)",step02.layer08._adarms_norm_kernel.line1854/_adarms_norm_kernel,bf16_tensor,17568.000000000004,l2,457184.0,,0.0,,,zero_counted_flops
406,2366711,0,1,7,_adarms_norm_kernel,"(50, 1, 1)","(128, 1, 1)",step02.layer08._adarms_norm_kernel.line1854/_adarms_norm_kernel,fp32_simt,17568.000000000004,l2,457184.0,,358400.0,0.7839294463498285,0.020400728597449905,ok
407,2366711,0,1,7,_matmul_rope_qkv,"(128, 1, 1)","(128, 1, 1)",step02.layer08._matmul_rope_qkv.line1863/_matmul_rope_qkv,bf16_tensor,39616.0,l2,13725440.0,,335544320.0,24.446889862911497,8.469919224555735,ok
407,2366711,0,1,7,_matmul_rope_qkv,"(128, 1, 1)","(128, 1, 1)",step02.layer08._matmul_rope_qkv.line1863/_matmul_rope_qkv,fp32_simt,39616.0,l2,13725440.0,,442368.0,0.03222978644036184,0.011166397415185783,ok
408,2366711,0,1,7,_matmul_abt_scale,"(91, 1, 1)","(128, 1, 1)",step02.layer08._matmul_abt_scale.line1899/_matmul_abt_scale,bf16_tensor,16384.0,l2,2837696.0,,47710208.0,16.813008863528722,2.912,ok
408,2366711,0,1,7,_matmul_abt_scale,"(91, 1, 1)","(128, 1, 1)",step02.layer08._matmul_abt_scale.line1899/_matmul_abt_scale,fp32_simt,16384.0,l2,2837696.0,,93184.0,0.032837907936579536,0.0056875,ok
409,2366711,0,1,7,_softmax_prefix_suffix_mask_vector,"(100, 1, 1)","(128, 1, 1)",step02.layer08._softmax_prefix_suffix_mask_vector.line1911/_softmax_prefix_suffix_mask_vector,bf16_tensor,17120.000000000004,l2,560736.0,,0.0,,,zero_counted_flops
409,2366711,0,1,7,_softmax_prefix_suffix_mask_vector,"(100, 1, 1)","(128, 1, 1)",step02.layer08._softmax_prefix_suffix_mask_vector.line1911/_softmax_prefix_suffix_mask_vector,fp32_simt,17120.000000000004,l2,560736.0,,2528000.0,4.5083604405638305,0.14766355140186915,ok
410,2366711,0,1,7,_matmul_small,"(104, 1, 1)","(128, 1, 1)",step02.layer08._matmul_small.line1921/_matmul_small,bf16_tensor,16576.000000000004,l2,3393696.0,,54525952.0,16.066834507274663,3.289451737451737,ok
410,2366711,0,1,7,_matmul_small,"(104, 1, 1)","(128, 1, 1)",step02.layer08._matmul_small.line1921/_matmul_small,fp32_simt,16576.000000000004,l2,3393696.0,,0.0,,,zero_counted_flops
411,2366711,0,1,7,_matmul_small_res_gate_oproj,"(128, 1, 1)","(128, 1, 1)",step02.layer08._matmul_small_res_gate_oproj.line1932/_matmul_small_res_gate_oproj,bf16_tensor,38592.0,l2,14694592.0,,268435456.0,18.267635875837858,6.955728026533997,ok
411,2366711,0,1,7,_matmul_small_res_gate_oproj,"(128, 1, 1)","(128, 1, 1)",step02.layer08._matmul_small_res_gate_oproj.line1932/_matmul_small_res_gate_oproj,fp32_simt,38592.0,l2,14694592.0,,131072.0,0.008919744079998954,0.003396351575456053,ok
412,2366711,0,1,7,_adarms_norm_kernel,"(50, 1, 1)","(128, 1, 1)",step02.layer08._adarms_norm_kernel.line1945/_adarms_norm_kernel,bf16_tensor,14848.0,l2,460064.0,,0.0,,,zero_counted_flops
412,2366711,0,1,7,_adarms_norm_kernel,"(50, 1, 1)","(128, 1, 1)",step02.layer08._adarms_norm_kernel.line1945/_adarms_norm_kernel,fp32_simt,14848.0,l2,460064.0,,358400.0,0.7790220491062113,0.02413793103448276,ok
413,2366711,0,1,7,_matmul_small_gate,"(1, 64, 1)","(128, 1, 1)",step02.layer08._matmul_small_gate.line1954/_matmul_small_gate,bf16_tensor,80448.0,l2,23340352.0,,1073741824.0,46.00366883927029,13.347029435163085,ok
413,2366711,0,1,7,_matmul_small_gate,"(1, 64, 1)","(128, 1, 1)",step02.layer08._matmul_small_gate.line1954/_matmul_small_gate,fp32_simt,80448.0,l2,23340352.0,,2883584.0,0.1235450090898372,0.035844073190135245,ok
414,2366711,0,1,7,_matmul_small_res_gate_ffn_down,"(64, 1, 1)","(128, 1, 1)",step02.layer08._matmul_small_res_gate_ffn_down.line1971/_matmul_small_res_gate_ffn_down,bf16_tensor,73760.0,l2,39259456.0,,536870912.0,13.674945266689381,7.278618655097614,ok
414,2366711,0,1,7,_matmul_small_res_gate_ffn_down,"(64, 1, 1)","(128, 1, 1)",step02.layer08._matmul_small_res_gate_ffn_down.line1971/_matmul_small_res_gate_ffn_down,fp32_simt,73760.0,l2,39259456.0,,131072.0,0.003338609684250337,0.001777006507592191,ok
415,2366711,0,1,7,_adarms_norm_kernel,"(50, 1, 1)","(128, 1, 1)",step02.layer09._adarms_norm_kernel.line1854/_adarms_norm_kernel,bf16_tensor,16576.000000000004,l2,460128.0,,0.0,,,zero_counted_flops
415,2366711,0,1,7,_adarms_norm_kernel,"(50, 1, 1)","(128, 1, 1)",step02.layer09._adarms_norm_kernel.line1854/_adarms_norm_kernel,fp32_simt,16576.000000000004,l2,460128.0,,358400.0,0.7789136935809167,0.02162162162162162,ok
416,2366711,0,1,7,_matmul_rope_qkv,"(128, 1, 1)","(128, 1, 1)",step02.layer09._matmul_rope_qkv.line1863/_matmul_rope_qkv,bf16_tensor,35712.0,l2,13788800.0,,335544320.0,24.334555581341377,9.39584229390681,ok
416,2366711,0,1,7,_matmul_rope_qkv,"(128, 1, 1)","(128, 1, 1)",step02.layer09._matmul_rope_qkv.line1863/_matmul_rope_qkv,fp32_simt,35712.0,l2,13788800.0,,442368.0,0.03208168948711998,0.012387096774193548,ok
417,2366711,0,1,7,_matmul_abt_scale,"(91, 1, 1)","(128, 1, 1)",step02.layer09._matmul_abt_scale.line1899/_matmul_abt_scale,bf16_tensor,17376.0,l2,2865600.0,,47710208.0,16.64929089893914,2.745753222836096,ok
417,2366711,0,1,7,_matmul_abt_scale,"(91, 1, 1)","(128, 1, 1)",step02.layer09._matmul_abt_scale.line1899/_matmul_abt_scale,fp32_simt,17376.0,l2,2865600.0,,93184.0,0.032518146286990506,0.00536279926335175,ok
418,2366711,0,1,7,_softmax_prefix_suffix_mask_vector,"(100, 1, 1)","(128, 1, 1)",step02.layer09._softmax_prefix_suffix_mask_vector.line1911/_softmax_prefix_suffix_mask_vector,bf16_tensor,19104.000000000004,l2,567072.0,,0.0,,,zero_counted_flops
418,2366711,0,1,7,_softmax_prefix_suffix_mask_vector,"(100, 1, 1)","(128, 1, 1)",step02.layer09._softmax_prefix_suffix_mask_vector.line1911/_softmax_prefix_suffix_mask_vector,fp32_simt,19104.000000000004,l2,567072.0,,2528000.0,4.457987698211162,0.1323283082077052,ok
419,2366711,0,1,7,_matmul_small,"(104, 1, 1)","(128, 1, 1)",step02.layer09._matmul_small.line1921/_matmul_small,bf16_tensor,19872.000000000004,l2,3424608.0,,54525952.0,15.92180827703492,2.743858293075684,ok
419,2366711,0,1,7,_matmul_small,"(104, 1, 1)","(128, 1, 1)",step02.layer09._matmul_small.line1921/_matmul_small,fp32_simt,19872.000000000004,l2,3424608.0,,0.0,,,zero_counted_flops
420,2366711,0,1,7,_matmul_small_res_gate_oproj,"(128, 1, 1)","(128, 1, 1)",step02.layer09._matmul_small_res_gate_oproj.line1932/_matmul_small_res_gate_oproj,bf16_tensor,41600.0,l2,14697760.0,,268435456.0,18.26369841390797,6.452775384615385,ok
420,2366711,0,1,7,_matmul_small_res_gate_oproj,"(128, 1, 1)","(128, 1, 1)",step02.layer09._matmul_small_res_gate_oproj.line1932/_matmul_small_res_gate_oproj,fp32_simt,41600.0,l2,14697760.0,,131072.0,0.008917821491166001,0.003150769230769231,ok
421,2366711,0,1,7,_adarms_norm_kernel,"(50, 1, 1)","(128, 1, 1)",step02.layer09._adarms_norm_kernel.line1945/_adarms_norm_kernel,bf16_tensor,13344.000000000002,l2,464736.0,,0.0,,,zero_counted_flops
421,2366711,0,1,7,_adarms_norm_kernel,"(50, 1, 1)","(128, 1, 1)",step02.layer09._adarms_norm_kernel.line1945/_adarms_norm_kernel,fp32_simt,13344.000000000002,l2,464736.0,,358400.0,0.7711905253735454,0.026858513189448437,ok
422,2366711,0,1,7,_matmul_small_gate,"(1, 64, 1)","(128, 1, 1)",step02.layer09._matmul_small_gate.line1954/_matmul_small_gate,bf16_tensor,80704.0,l2,23325440.0,,1073741824.0,46.0330790758931,13.304691514670894,ok
422,2366711,0,1,7,_matmul_small_gate,"(1, 64, 1)","(128, 1, 1)",step02.layer09._matmul_small_gate.line1954/_matmul_small_gate,fp32_simt,80704.0,l2,23325440.0,,2883584.0,0.12362399165889261,0.035730372720063436,ok
423,2366711,0,1,7,_matmul_small_res_gate_ffn_down,"(64, 1, 1)","(128, 1, 1)",step02.layer09._matmul_small_res_gate_ffn_down.line1971/_matmul_small_res_gate_ffn_down,bf16_tensor,73312.0,l2,39293952.0,,536870912.0,13.662940088082767,7.323097337407245,ok
423,2366711,0,1,7,_matmul_small_res_gate_ffn_down,"(64, 1, 1)","(128, 1, 1)",step02.layer09._matmul_small_res_gate_ffn_down.line1971/_matmul_small_res_gate_ffn_down,fp32_simt,73312.0,l2,39293952.0,,131072.0,0.0033356787324420817,0.0017878655608904407,ok
424,2366711,0,1,7,_adarms_norm_kernel,"(50, 1, 1)","(128, 1, 1)",step02.layer10._adarms_norm_kernel.line1854/_adarms_norm_kernel,bf16_tensor,16544.0,l2,460096.0,,0.0,,,zero_counted_flops
424,2366711,0,1,7,_adarms_norm_kernel,"(50, 1, 1)","(128, 1, 1)",step02.layer10._adarms_norm_kernel.line1854/_adarms_norm_kernel,fp32_simt,16544.0,l2,460096.0,,358400.0,0.7789678675754625,0.021663442940038684,ok
425,2366711,0,1,7,_matmul_rope_qkv,"(128, 1, 1)","(128, 1, 1)",step02.layer10._matmul_rope_qkv.line1863/_matmul_rope_qkv,bf16_tensor,32416.000000000004,l2,13876256.0,,335544320.0,24.18118547250786,10.351194471865744,ok
425,2366711,0,1,7,_matmul_rope_qkv,"(128, 1, 1)","(128, 1, 1)",step02.layer10._matmul_rope_qkv.line1863/_matmul_rope_qkv,fp32_simt,32416.000000000004,l2,13876256.0,,442368.0,0.03187949256629454,0.01364659427443238,ok
426,2366711,0,1,7,_matmul_abt_scale,"(91, 1, 1)","(128, 1, 1)",step02.layer10._matmul_abt_scale.line1899/_matmul_abt_scale,bf16_tensor,15744.0,l2,2841312.0,,47710208.0,16.791611762453403,3.0303739837398376,ok
426,2366711,0,1,7,_matmul_abt_scale,"(91, 1, 1)","(128, 1, 1)",step02.layer10._matmul_abt_scale.line1899/_matmul_abt_scale,fp32_simt,15744.0,l2,2841312.0,,93184.0,0.0327961167235418,0.00591869918699187,ok
427,2366711,0,1,7,_softmax_prefix_suffix_mask_vector,"(100, 1, 1)","(128, 1, 1)",step02.layer10._softmax_prefix_suffix_mask_vector.line1911/_softmax_prefix_suffix_mask_vector,bf16_tensor,17920.0,l2,564448.0,,0.0,,,zero_counted_flops
427,2366711,0,1,7,_softmax_prefix_suffix_mask_vector,"(100, 1, 1)","(128, 1, 1)",step02.layer10._softmax_prefix_suffix_mask_vector.line1911/_softmax_prefix_suffix_mask_vector,fp32_simt,17920.0,l2,564448.0,,2528000.0,4.4787119451216055,0.14107142857142857,ok
428,2366711,0,1,7,_matmul_small,"(104, 1, 1)","(128, 1, 1)",step02.layer10._matmul_small.line1921/_matmul_small,bf16_tensor,18816.0,l2,3425312.0,,54525952.0,15.918535888117637,2.897850340136054,ok
428,2366711,0,1,7,_matmul_small,"(104, 1, 1)","(128, 1, 1)",step02.layer10._matmul_small.line1921/_matmul_small,fp32_simt,18816.0,l2,3425312.0,,0.0,,,zero_counted_flops
429,2366711,0,1,7,_matmul_small_res_gate_oproj,"(128, 1, 1)","(128, 1, 1)",step02.layer10._matmul_small_res_gate_oproj.line1932/_matmul_small_res_gate_oproj,bf16_tensor,40096.00000000001,l2,14683552.0,,268435456.0,18.28137061114368,6.6948188347964885,ok
429,2366711,0,1,7,_matmul_small_res_gate_oproj,"(128, 1, 1)","(128, 1, 1)",step02.layer10._matmul_small_res_gate_oproj.line1932/_matmul_small_res_gate_oproj,fp32_simt,40096.00000000001,l2,14683552.0,,131072.0,0.0089264504937225,0.003268954509177973,ok
430,2366711,0,1,7,_adarms_norm_kernel,"(50, 1, 1)","(128, 1, 1)",step02.layer10._adarms_norm_kernel.line1945/_adarms_norm_kernel,bf16_tensor,14048.000000000002,l2,470784.0,,0.0,,,zero_counted_flops
430,2366711,0,1,7,_adarms_norm_kernel,"(50, 1, 1)","(128, 1, 1)",step02.layer10._adarms_norm_kernel.line1945/_adarms_norm_kernel,fp32_simt,14048.000000000002,l2,470784.0,,358400.0,0.7612833061446438,0.025512528473804096,ok
431,2366711,0,1,7,_matmul_small_gate,"(1, 64, 1)","(128, 1, 1)",step02.layer10._matmul_small_gate.line1954/_matmul_small_gate,bf16_tensor,84352.00000000001,l2,23352672.0,,1073741824.0,45.979399016951895,12.729298937784522,ok
431,2366711,0,1,7,_matmul_small_gate,"(1, 64, 1)","(128, 1, 1)",step02.layer10._matmul_small_gate.line1954/_matmul_small_gate,fp32_simt,84352.00000000001,l2,23352672.0,,2883584.0,0.12347983134435322,0.03418512898330804,ok
432,2366711,0,1,7,_matmul_small_res_gate_ffn_down,"(64, 1, 1)","(128, 1, 1)",step02.layer10._matmul_small_res_gate_ffn_down.line1971/_matmul_small_res_gate_ffn_down,bf16_tensor,75776.0,l2,39359072.0,,536870912.0,13.640334609515184,7.084972972972973,ok
432,2366711,0,1,7,_matmul_small_res_gate_ffn_down,"(64, 1, 1)","(128, 1, 1)",step02.layer10._matmul_small_res_gate_ffn_down.line1971/_matmul_small_res_gate_ffn_down,fp32_simt,75776.0,l2,39359072.0,,131072.0,0.003330159816776168,0.0017297297297297297,ok
433,2366711,0,1,7,_adarms_norm_kernel,"(50, 1, 1)","(128, 1, 1)",step02.layer11._adarms_norm_kernel.line1854/_adarms_norm_kernel,bf16_tensor,16448.000000000004,l2,471744.0,,0.0,,,zero_counted_flops
433,2366711,0,1,7,_adarms_norm_kernel,"(50, 1, 1)","(128, 1, 1)",step02.layer11._adarms_norm_kernel.line1854/_adarms_norm_kernel,fp32_simt,16448.000000000004,l2,471744.0,,358400.0,0.7597340930674265,0.021789883268482486,ok
434,2366711,0,1,7,_matmul_rope_qkv,"(128, 1, 1)","(128, 1, 1)",step02.layer11._matmul_rope_qkv.line1863/_matmul_rope_qkv,bf16_tensor,33600.0,l2,13961792.0,,335544320.0,24.033041030836156,9.986438095238094,ok
434,2366711,0,1,7,_matmul_rope_qkv,"(128, 1, 1)","(128, 1, 1)",step02.layer11._matmul_rope_qkv.line1863/_matmul_rope_qkv,fp32_simt,33600.0,l2,13961792.0,,442368.0,0.03168418495276251,0.013165714285714284,ok
435,2366711,0,1,7,_matmul_abt_scale,"(91, 1, 1)","(128, 1, 1)",step02.layer11._matmul_abt_scale.line1899/_matmul_abt_scale,bf16_tensor,17280.0,l2,2866624.0,,47710208.0,16.643343528833917,2.761007407407407,ok
435,2366711,0,1,7,_matmul_abt_scale,"(91, 1, 1)","(128, 1, 1)",step02.layer11._matmul_abt_scale.line1899/_matmul_abt_scale,fp32_simt,17280.0,l2,2866624.0,,93184.0,0.032506530329753744,0.005392592592592592,ok
436,2366711,0,1,7,_softmax_prefix_suffix_mask_vector,"(100, 1, 1)","(128, 1, 1)",step02.layer11._softmax_prefix_suffix_mask_vector.line1911/_softmax_prefix_suffix_mask_vector,bf16_tensor,18720.0,l2,566528.0,,0.0,,,zero_counted_flops
436,2366711,0,1,7,_softmax_prefix_suffix_mask_vector,"(100, 1, 1)","(128, 1, 1)",step02.layer11._softmax_prefix_suffix_mask_vector.line1911/_softmax_prefix_suffix_mask_vector,fp32_simt,18720.0,l2,566528.0,,2528000.0,4.462268413917759,0.13504273504273503,ok
437,2366711,0,1,7,_matmul_small,"(104, 1, 1)","(128, 1, 1)",step02.layer11._matmul_small.line1921/_matmul_small,bf16_tensor,19840.0,l2,3414272.0,,54525952.0,15.970008247731874,2.748283870967742,ok
437,2366711,0,1,7,_matmul_small,"(104, 1, 1)","(128, 1, 1)",step02.layer11._matmul_small.line1921/_matmul_small,fp32_simt,19840.0,l2,3414272.0,,0.0,,,zero_counted_flops
438,2366711,0,1,7,_matmul_small_res_gate_oproj,"(128, 1, 1)","(128, 1, 1)",step02.layer11._matmul_small_res_gate_oproj.line1932/_matmul_small_res_gate_oproj,bf16_tensor,43168.00000000001,l2,14655136.0,,268435456.0,18.31681780366965,6.218389918458116,ok
438,2366711,0,1,7,_matmul_small_res_gate_oproj,"(128, 1, 1)","(128, 1, 1)",step02.layer11._matmul_small_res_gate_oproj.line1932/_matmul_small_res_gate_oproj,fp32_simt,43168.00000000001,l2,14655136.0,,131072.0,0.008943758693198071,0.003036323202372127,ok
439,2366711,0,1,7,_adarms_norm_kernel,"(50, 1, 1)","(128, 1, 1)",step02.layer11._adarms_norm_kernel.line1945/_adarms_norm_kernel,bf16_tensor,16128.000000000002,l2,469216.0,,0.0,,,zero_counted_flops
439,2366711,0,1,7,_adarms_norm_kernel,"(50, 1, 1)","(128, 1, 1)",step02.layer11._adarms_norm_kernel.line1945/_adarms_norm_kernel,fp32_simt,16128.000000000002,l2,469216.0,,358400.0,0.7638273204664803,0.022222222222222216,ok
440,2366711,0,1,7,_matmul_small_gate,"(1, 64, 1)","(128, 1, 1)",step02.layer11._matmul_small_gate.line1954/_matmul_small_gate,bf16_tensor,90144.00000000001,l2,23347712.0,,1073741824.0,45.98916690423456,11.911406460773872,ok
440,2366711,0,1,7,_matmul_small_gate,"(1, 64, 1)","(128, 1, 1)",step02.layer11._matmul_small_gate.line1954/_matmul_small_gate,fp32_simt,90144.00000000001,l2,23347712.0,,2883584.0,0.12350606346352054,0.03198864039758608,ok
441,2366711,0,1,7,_matmul_small_res_gate_ffn_down,"(64, 1, 1)","(128, 1, 1)",step02.layer11._matmul_small_res_gate_ffn_down.line1971/_matmul_small_res_gate_ffn_down,bf16_tensor,67392.00000000001,l2,39329600.0,,536870912.0,13.650556120580937,7.966389363722696,ok
441,2366711,0,1,7,_matmul_small_res_gate_ffn_down,"(64, 1, 1)","(128, 1, 1)",step02.layer11._matmul_small_res_gate_ffn_down.line1971/_matmul_small_res_gate_ffn_down,fp32_simt,67392.00000000001,l2,39329600.0,,131072.0,0.0033326553028762054,0.0019449192782526113,ok
442,2366711,0,1,7,_adarms_norm_kernel,"(50, 1, 1)","(128, 1, 1)",step02.layer12._adarms_norm_kernel.line1854/_adarms_norm_kernel,bf16_tensor,12896.000000000002,l2,454272.0,,0.0,,,zero_counted_flops
442,2366711,0,1,7,_adarms_norm_kernel,"(50, 1, 1)","(128, 1, 1)",step02.layer12._adarms_norm_kernel.line1854/_adarms_norm_kernel,fp32_simt,12896.000000000002,l2,454272.0,,358400.0,0.7889546351084813,0.02779156327543424,ok
443,2366711,0,1,7,_matmul_rope_qkv,"(128, 1, 1)","(128, 1, 1)",step02.layer12._matmul_rope_qkv.line1863/_matmul_rope_qkv,bf16_tensor,36832.0,l2,13873856.0,,335544320.0,24.185368508942286,9.1101303214596,ok
443,2366711,0,1,7,_matmul_rope_qkv,"(128, 1, 1)","(128, 1, 1)",step02.layer12._matmul_rope_qkv.line1863/_matmul_rope_qkv,fp32_simt,36832.0,l2,13873856.0,,442368.0,0.031885007311593834,0.012010425716768027,ok
444,2366711,0,1,7,_matmul_abt_scale,"(91, 1, 1)","(128, 1, 1)",step02.layer12._matmul_abt_scale.line1899/_matmul_abt_scale,bf16_tensor,16032.000000000002,l2,2840672.0,,47710208.0,16.795394892476146,2.975936127744511,ok
444,2366711,0,1,7,_matmul_abt_scale,"(91, 1, 1)","(128, 1, 1)",step02.layer12._matmul_abt_scale.line1899/_matmul_abt_scale,fp32_simt,16032.000000000002,l2,2840672.0,,93184.0,0.03280350564936747,0.005812375249500998,ok
445,2366711,0,1,7,_softmax_prefix_suffix_mask_vector,"(100, 1, 1)","(128, 1, 1)",step02.layer12._softmax_prefix_suffix_mask_vector.line1911/_softmax_prefix_suffix_mask_vector,bf16_tensor,18048.0,l2,561824.0,,0.0,,,zero_counted_flops
445,2366711,0,1,7,_softmax_prefix_suffix_mask_vector,"(100, 1, 1)","(128, 1, 1)",step02.layer12._softmax_prefix_suffix_mask_vector.line1911/_softmax_prefix_suffix_mask_vector,fp32_simt,18048.0,l2,561824.0,,2528000.0,4.499629777296804,0.1400709219858156,ok
446,2366711,0,1,7,_matmul_small,"(104, 1, 1)","(128, 1, 1)",step02.layer12._matmul_small.line1921/_matmul_small,bf16_tensor,10912.0,l2,3400992.0,,54525952.0,16.032367027032112,4.996879765395895,ok
446,2366711,0,1,7,_matmul_small,"(104, 1, 1)","(128, 1, 1)",step02.layer12._matmul_small.line1921/_matmul_small,fp32_simt,10912.0,l2,3400992.0,,0.0,,,zero_counted_flops
447,2366711,0,1,7,_matmul_small_res_gate_oproj,"(128, 1, 1)","(128, 1, 1)",step02.layer12._matmul_small_res_gate_oproj.line1932/_matmul_small_res_gate_oproj,bf16_tensor,37504.00000000001,l2,14744608.0,,268435456.0,18.205669218198274,7.157515358361773,ok
447,2366711,0,1,7,_matmul_small_res_gate_oproj,"(128, 1, 1)","(128, 1, 1)",step02.layer12._matmul_small_res_gate_oproj.line1932/_matmul_small_res_gate_oproj,fp32_simt,37504.00000000001,l2,14744608.0,,131072.0,0.008889486922948376,0.0034948805460750846,ok
448,2366711,0,1,7,_adarms_norm_kernel,"(50, 1, 1)","(128, 1, 1)",step02.layer12._adarms_norm_kernel.line1945/_adarms_norm_kernel,bf16_tensor,16640.0,l2,452800.0,,0.0,,,zero_counted_flops
448,2366711,0,1,7,_adarms_norm_kernel,"(50, 1, 1)","(128, 1, 1)",step02.layer12._adarms_norm_kernel.line1945/_adarms_norm_kernel,fp32_simt,16640.0,l2,452800.0,,358400.0,0.7915194346289752,0.02153846153846154,ok
449,2366711,0,1,7,_matmul_small_gate,"(1, 64, 1)","(128, 1, 1)",step02.layer12._matmul_small_gate.line1954/_matmul_small_gate,bf16_tensor,78656.0,l2,23303680.0,,1073741824.0,46.07606283642755,13.651111472742066,ok
449,2366711,0,1,7,_matmul_small_gate,"(1, 64, 1)","(128, 1, 1)",step02.layer12._matmul_small_gate.line1954/_matmul_small_gate,fp32_simt,78656.0,l2,23303680.0,,2883584.0,0.12373942656267164,0.0366606997558991,ok
450,2366711,0,1,7,_matmul_small_res_gate_ffn_down,"(64, 1, 1)","(128, 1, 1)",step02.layer12._matmul_small_res_gate_ffn_down.line1971/_matmul_small_res_gate_ffn_down,bf16_tensor,74080.00000000001,l2,39341632.0,,536870912.0,13.646381319412473,7.247177537796976,ok
450,2366711,0,1,7,_matmul_small_res_gate_ffn_down,"(64, 1, 1)","(128, 1, 1)",step02.layer12._matmul_small_res_gate_ffn_down.line1971/_matmul_small_res_gate_ffn_down,fp32_simt,74080.00000000001,l2,39341632.0,,131072.0,0.003331636064309686,0.0017693304535637147,ok
451,2366711,0,1,7,_adarms_norm_kernel,"(50, 1, 1)","(128, 1, 1)",step02.layer13._adarms_norm_kernel.line1854/_adarms_norm_kernel,bf16_tensor,15456.000000000002,l2,457440.0,,0.0,,,zero_counted_flops
451,2366711,0,1,7,_adarms_norm_kernel,"(50, 1, 1)","(128, 1, 1)",step02.layer13._adarms_norm_kernel.line1854/_adarms_norm_kernel,fp32_simt,15456.000000000002,l2,457440.0,,358400.0,0.7834907310248339,0.023188405797101443,ok
452,2366711,0,1,7,_matmul_rope_qkv,"(128, 1, 1)","(128, 1, 1)",step02.layer13._matmul_rope_qkv.line1863/_matmul_rope_qkv,bf16_tensor,36352.0,l2,13820960.0,,335544320.0,24.277931489563677,9.230422535211268,ok
452,2366711,0,1,7,_matmul_rope_qkv,"(128, 1, 1)","(128, 1, 1)",step02.layer13._matmul_rope_qkv.line1863/_matmul_rope_qkv,fp32_simt,36352.0,l2,13820960.0,,442368.0,0.03200703858487399,0.012169014084507043,ok
453,2366711,0,1,7,_matmul_abt_scale,"(91, 1, 1)","(128, 1, 1)",step02.layer13._matmul_abt_scale.line1899/_matmul_abt_scale,bf16_tensor,17664.000000000004,l2,2851232.0,,47710208.0,16.733190424349896,2.7009855072463766,ok
453,2366711,0,1,7,_matmul_abt_scale,"(91, 1, 1)","(128, 1, 1)",step02.layer13._matmul_abt_scale.line1899/_matmul_abt_scale,fp32_simt,17664.000000000004,l2,2851232.0,,93184.0,0.03268201254755839,0.005275362318840579,ok
454,2366711,0,1,7,_softmax_prefix_suffix_mask_vector,"(100, 1, 1)","(128, 1, 1)",step02.layer13._softmax_prefix_suffix_mask_vector.line1911/_softmax_prefix_suffix_mask_vector,bf16_tensor,19072.0,l2,567136.0,,0.0,,,zero_counted_flops
454,2366711,0,1,7,_softmax_prefix_suffix_mask_vector,"(100, 1, 1)","(128, 1, 1)",step02.layer13._softmax_prefix_suffix_mask_vector.line1911/_softmax_prefix_suffix_mask_vector,fp32_simt,19072.0,l2,567136.0,,2528000.0,4.457484624499238,0.1325503355704698,ok
455,2366711,0,1,7,_matmul_small,"(104, 1, 1)","(128, 1, 1)",step02.layer13._matmul_small.line1921/_matmul_small,bf16_tensor,17760.000000000004,l2,3417024.0,,54525952.0,15.957146335524714,3.0701549549549547,ok
455,2366711,0,1,7,_matmul_small,"(104, 1, 1)","(128, 1, 1)",step02.layer13._matmul_small.line1921/_matmul_small,fp32_simt,17760.000000000004,l2,3417024.0,,0.0,,,zero_counted_flops
456,2366711,0,1,7,_matmul_small_res_gate_oproj,"(128, 1, 1)","(128, 1, 1)",step02.layer13._matmul_small_res_gate_oproj.line1932/_matmul_small_res_gate_oproj,bf16_tensor,39584.0,l2,14708448.0,,268435456.0,18.250426965509888,6.7814130962004855,ok
456,2366711,0,1,7,_matmul_small_res_gate_oproj,"(128, 1, 1)","(128, 1, 1)",step02.layer13._matmul_small_res_gate_oproj.line1932/_matmul_small_res_gate_oproj,fp32_simt,39584.0,l2,14708448.0,,131072.0,0.008911341291752875,0.0033112368633791433,ok
457,2366711,0,1,7,_adarms_norm_kernel,"(50, 1, 1)","(128, 1, 1)",step02.layer13._adarms_norm_kernel.line1945/_adarms_norm_kernel,bf16_tensor,17568.000000000004,l2,471520.0,,0.0,,,zero_counted_flops
457,2366711,0,1,7,_adarms_norm_kernel,"(50, 1, 1)","(128, 1, 1)",step02.layer13._adarms_norm_kernel.line1945/_adarms_norm_kernel,fp32_simt,17568.000000000004,l2,471520.0,,358400.0,0.7600950118764845,0.020400728597449905,ok
458,2366711,0,1,7,_matmul_small_gate,"(1, 64, 1)","(128, 1, 1)",step02.layer13._matmul_small_gate.line1954/_matmul_small_gate,bf16_tensor,81664.00000000001,l2,23280416.0,,1073741824.0,46.122106409095096,13.148288401253916,ok
458,2366711,0,1,7,_matmul_small_gate,"(1, 64, 1)","(128, 1, 1)",step02.layer13._matmul_small_gate.line1954/_matmul_small_gate,fp32_simt,81664.00000000001,l2,23280416.0,,2883584.0,0.1238630787353628,0.0353103448275862,ok
459,2366711,0,1,7,_matmul_small_res_gate_ffn_down,"(64, 1, 1)","(128, 1, 1)",step02.layer13._matmul_small_res_gate_ffn_down.line1971/_matmul_small_res_gate_ffn_down,bf16_tensor,75008.00000000001,l2,39335296.0,,536870912.0,13.648579433595721,7.157515358361773,ok
459,2366711,0,1,7,_matmul_small_res_gate_ffn_down,"(64, 1, 1)","(128, 1, 1)",step02.layer13._matmul_small_res_gate_ffn_down.line1971/_matmul_small_res_gate_ffn_down,fp32_simt,75008.00000000001,l2,39335296.0,,131072.0,0.0033321727132802053,0.0017474402730375423,ok
460,2366711,0,1,7,_adarms_norm_kernel,"(50, 1, 1)","(128, 1, 1)",step02.layer14._adarms_norm_kernel.line1854/_adarms_norm_kernel,bf16_tensor,16160.000000000002,l2,472128.0,,0.0,,,zero_counted_flops
460,2366711,0,1,7,_adarms_norm_kernel,"(50, 1, 1)","(128, 1, 1)",step02.layer14._adarms_norm_kernel.line1854/_adarms_norm_kernel,fp32_simt,16160.000000000002,l2,472128.0,,358400.0,0.7591161718855903,0.022178217821782177,ok
461,2366711,0,1,7,_matmul_rope_qkv,"(128, 1, 1)","(128, 1, 1)",step02.layer14._matmul_rope_qkv.line1863/_matmul_rope_qkv,bf16_tensor,33856.0,l2,13863424.0,,335544320.0,24.203567603501128,9.910926275992438,ok
461,2366711,0,1,7,_matmul_rope_qkv,"(128, 1, 1)","(128, 1, 1)",step02.layer14._matmul_rope_qkv.line1863/_matmul_rope_qkv,fp32_simt,33856.0,l2,13863424.0,,442368.0,0.031909000258521995,0.013066162570888468,ok
462,2366711,0,1,7,_matmul_abt_scale,"(91, 1, 1)","(128, 1, 1)",step02.layer14._matmul_abt_scale.line1899/_matmul_abt_scale,bf16_tensor,14784.000000000002,l2,2834304.0,,47710208.0,16.833130108838006,3.2271515151515153,ok
462,2366711,0,1,7,_matmul_abt_scale,"(91, 1, 1)","(128, 1, 1)",step02.layer14._matmul_abt_scale.line1899/_matmul_abt_scale,fp32_simt,14784.000000000002,l2,2834304.0,,93184.0,0.03287720724382423,0.006303030303030303,ok
463,2366711,0,1,7,_softmax_prefix_suffix_mask_vector,"(100, 1, 1)","(128, 1, 1)",step02.layer14._softmax_prefix_suffix_mask_vector.line1911/_softmax_prefix_suffix_mask_vector,bf16_tensor,17024.0,l2,562496.0,,0.0,,,zero_counted_flops
463,2366711,0,1,7,_softmax_prefix_suffix_mask_vector,"(100, 1, 1)","(128, 1, 1)",step02.layer14._softmax_prefix_suffix_mask_vector.line1911/_softmax_prefix_suffix_mask_vector,fp32_simt,17024.0,l2,562496.0,,2528000.0,4.494254181363067,0.14849624060150377,ok
464,2366711,0,1,7,_matmul_small,"(104, 1, 1)","(128, 1, 1)",step02.layer14._matmul_small.line1921/_matmul_small,bf16_tensor,19936.0,l2,3395264.0,,54525952.0,16.059414525645135,2.735049759229535,ok
464,2366711,0,1,7,_matmul_small,"(104, 1, 1)","(128, 1, 1)",step02.layer14._matmul_small.line1921/_matmul_small,fp32_simt,19936.0,l2,3395264.0,,0.0,,,zero_counted_flops
465,2366711,0,1,7,_matmul_small_res_gate_oproj,"(128, 1, 1)","(128, 1, 1)",step02.layer14._matmul_small_res_gate_oproj.line1932/_matmul_small_res_gate_oproj,bf16_tensor,42304.0,l2,14725248.0,,268435456.0,18.229605097313133,6.345391830559758,ok
465,2366711,0,1,7,_matmul_small_res_gate_oproj,"(128, 1, 1)","(128, 1, 1)",step02.layer14._matmul_small_res_gate_oproj.line1932/_matmul_small_res_gate_oproj,fp32_simt,42304.0,l2,14725248.0,,131072.0,0.008901174363922428,0.003098335854765507,ok
466,2366711,0,1,7,_adarms_norm_kernel,"(50, 1, 1)","(128, 1, 1)",step02.layer14._adarms_norm_kernel.line1945/_adarms_norm_kernel,bf16_tensor,12448.0,l2,456448.0,,0.0,,,zero_counted_flops
466,2366711,0,1,7,_adarms_norm_kernel,"(50, 1, 1)","(128, 1, 1)",step02.layer14._adarms_norm_kernel.line1945/_adarms_norm_kernel,fp32_simt,12448.0,l2,456448.0,,358400.0,0.7851934941110488,0.028791773778920306,ok
467,2366711,0,1,7,_matmul_small_gate,"(1, 64, 1)","(128, 1, 1)",step02.layer14._matmul_small_gate.line1954/_matmul_small_gate,bf16_tensor,77280.0,l2,23286016.0,,1073741824.0,46.111014610657314,13.894174741200828,ok
467,2366711,0,1,7,_matmul_small_gate,"(1, 64, 1)","(128, 1, 1)",step02.layer14._matmul_small_gate.line1954/_matmul_small_gate,fp32_simt,77280.0,l2,23286016.0,,2883584.0,0.1238332911907301,0.03731345755693581,ok
468,2366711,0,1,7,_matmul_small_res_gate_ffn_down,"(64, 1, 1)","(128, 1, 1)",step02.layer14._matmul_small_res_gate_ffn_down.line1971/_matmul_small_res_gate_ffn_down,bf16_tensor,77184.0,l2,39247264.0,,536870912.0,13.679193331795052,6.955728026533997,ok
468,2366711,0,1,7,_matmul_small_res_gate_ffn_down,"(64, 1, 1)","(128, 1, 1)",step02.layer14._matmul_small_res_gate_ffn_down.line1971/_matmul_small_res_gate_ffn_down,fp32_simt,77184.0,l2,39247264.0,,131072.0,0.0033396468095202763,0.0016981757877280266,ok
469,2366711,0,1,7,_adarms_norm_kernel,"(50, 1, 1)","(128, 1, 1)",step02.layer15._adarms_norm_kernel.line1854/_adarms_norm_kernel,bf16_tensor,15328.0,l2,452992.0,,0.0,,,zero_counted_flops
469,2366711,0,1,7,_adarms_norm_kernel,"(50, 1, 1)","(128, 1, 1)",step02.layer15._adarms_norm_kernel.line1854/_adarms_norm_kernel,fp32_simt,15328.0,l2,452992.0,,358400.0,0.7911839502684375,0.02338204592901879,ok
470,2366711,0,1,7,_matmul_rope_qkv,"(128, 1, 1)","(128, 1, 1)",step02.layer15._matmul_rope_qkv.line1863/_matmul_rope_qkv,bf16_tensor,36640.0,l2,13824800.0,,335544320.0,24.27118800995313,9.157868995633187,ok
470,2366711,0,1,7,_matmul_rope_qkv,"(128, 1, 1)","(128, 1, 1)",step02.layer15._matmul_rope_qkv.line1863/_matmul_rope_qkv,fp32_simt,36640.0,l2,13824800.0,,442368.0,0.0319981482553093,0.012073362445414846,ok
471,2366711,0,1,7,_matmul_abt_scale,"(91, 1, 1)","(128, 1, 1)",step02.layer15._matmul_abt_scale.line1899/_matmul_abt_scale,bf16_tensor,15552.0,l2,2838592.0,,47710208.0,16.807701846549275,3.0677860082304527,ok
471,2366711,0,1,7,_matmul_abt_scale,"(91, 1, 1)","(128, 1, 1)",step02.layer15._matmul_abt_scale.line1899/_matmul_abt_scale,fp32_simt,15552.0,l2,2838592.0,,93184.0,0.03282754266904155,0.005991769547325103,ok
472,2366711,0,1,7,_softmax_prefix_suffix_mask_vector,"(100, 1, 1)","(128, 1, 1)",step02.layer15._softmax_prefix_suffix_mask_vector.line1911/_softmax_prefix_suffix_mask_vector,bf16_tensor,16928.0,l2,560768.0,,0.0,,,zero_counted_flops
472,2366711,0,1,7,_softmax_prefix_suffix_mask_vector,"(100, 1, 1)","(128, 1, 1)",step02.layer15._softmax_prefix_suffix_mask_vector.line1911/_softmax_prefix_suffix_mask_vector,fp32_simt,16928.0,l2,560768.0,,2528000.0,4.5081031727916,0.1493383742911153,ok
473,2366711,0,1,7,_matmul_small,"(104, 1, 1)","(128, 1, 1)",step02.layer15._matmul_small.line1921/_matmul_small,bf16_tensor,19648.000000000004,l2,3426752.0,,54525952.0,15.911846553237584,2.7751400651465796,ok
473,2366711,0,1,7,_matmul_small,"(104, 1, 1)","(128, 1, 1)",step02.layer15._matmul_small.line1921/_matmul_small,fp32_simt,19648.000000000004,l2,3426752.0,,0.0,,,zero_counted_flops
474,2366711,0,1,7,_matmul_small_res_gate_oproj,"(128, 1, 1)","(128, 1, 1)",step02.layer15._matmul_small_res_gate_oproj.line1932/_matmul_small_res_gate_oproj,bf16_tensor,39584.0,l2,14727104.0,,268435456.0,18.22730769063626,6.7814130962004855,ok
474,2366711,0,1,7,_matmul_small_res_gate_oproj,"(128, 1, 1)","(128, 1, 1)",step02.layer15._matmul_small_res_gate_oproj.line1932/_matmul_small_res_gate_oproj,fp32_simt,39584.0,l2,14727104.0,,131072.0,0.008900052583318486,0.0033112368633791433,ok
475,2366711,0,1,7,_adarms_norm_kernel,"(50, 1, 1)","(128, 1, 1)",step02.layer15._adarms_norm_kernel.line1945/_adarms_norm_kernel,bf16_tensor,16704.0,l2,456288.0,,0.0,,,zero_counted_flops
475,2366711,0,1,7,_adarms_norm_kernel,"(50, 1, 1)","(128, 1, 1)",step02.layer15._adarms_norm_kernel.line1945/_adarms_norm_kernel,fp32_simt,16704.0,l2,456288.0,,358400.0,0.7854688267059401,0.021455938697318006,ok
476,2366711,0,1,7,_matmul_small_gate,"(1, 64, 1)","(128, 1, 1)",step02.layer15._matmul_small_gate.line1954/_matmul_small_gate,bf16_tensor,79136.00000000001,l2,23356992.0,,1073741824.0,45.97089488235471,13.568310553983016,ok
476,2366711,0,1,7,_matmul_small_gate,"(1, 64, 1)","(128, 1, 1)",step02.layer15._matmul_small_gate.line1954/_matmul_small_gate,fp32_simt,79136.00000000001,l2,23356992.0,,2883584.0,0.1234569930922612,0.036438334007278604,ok
477,2366711,0,1,7,_matmul_small_res_gate_ffn_down,"(64, 1, 1)","(128, 1, 1)",step02.layer15._matmul_small_res_gate_ffn_down.line1971/_matmul_small_res_gate_ffn_down,bf16_tensor,69536.0,l2,39354848.0,,536870912.0,13.641798641936058,7.72076208007363,ok
477,2366711,0,1,7,_matmul_small_res_gate_ffn_down,"(64, 1, 1)","(128, 1, 1)",step02.layer15._matmul_small_res_gate_ffn_down.line1971/_matmul_small_res_gate_ffn_down,fp32_simt,69536.0,l2,39354848.0,,131072.0,0.0033305172465664203,0.001884951679705476,ok
478,2366711,0,1,7,_adarms_norm_kernel,"(50, 1, 1)","(128, 1, 1)",step02.layer16._adarms_norm_kernel.line1854/_adarms_norm_kernel,bf16_tensor,14048.000000000002,l2,466400.0,,0.0,,,zero_counted_flops
478,2366711,0,1,7,_adarms_norm_kernel,"(50, 1, 1)","(128, 1, 1)",step02.layer16._adarms_norm_kernel.line1854/_adarms_norm_kernel,fp32_simt,14048.000000000002,l2,466400.0,,358400.0,0.7684391080617495,0.025512528473804096,ok
479,2366711,0,1,7,_matmul_rope_qkv,"(128, 1, 1)","(128, 1, 1)",step02.layer16._matmul_rope_qkv.line1863/_matmul_rope_qkv,bf16_tensor,37312.00000000001,l2,13810784.0,,335544320.0,24.295819846288232,8.992933104631216,ok
479,2366711,0,1,7,_matmul_rope_qkv,"(128, 1, 1)","(128, 1, 1)",step02.layer16._matmul_rope_qkv.line1863/_matmul_rope_qkv,fp32_simt,37312.00000000001,l2,13810784.0,,442368.0,0.03203062186766515,0.011855917667238421,ok
480,2366711,0,1,7,_matmul_abt_scale,"(91, 1, 1)","(128, 1, 1)",step02.layer16._matmul_abt_scale.line1899/_matmul_abt_scale,bf16_tensor,18208.000000000004,l2,2864128.0,,47710208.0,16.657847693957812,2.620288224956063,ok
480,2366711,0,1,7,_matmul_abt_scale,"(91, 1, 1)","(128, 1, 1)",step02.layer16._matmul_abt_scale.line1899/_matmul_abt_scale,fp32_simt,18208.000000000004,l2,2864128.0,,93184.0,0.03253485877726135,0.005117750439367311,ok
481,2366711,0,1,7,_softmax_prefix_suffix_mask_vector,"(100, 1, 1)","(128, 1, 1)",step02.layer16._softmax_prefix_suffix_mask_vector.line1911/_softmax_prefix_suffix_mask_vector,bf16_tensor,16224.000000000002,l2,562720.0,,0.0,,,zero_counted_flops
481,2366711,0,1,7,_softmax_prefix_suffix_mask_vector,"(100, 1, 1)","(128, 1, 1)",step02.layer16._softmax_prefix_suffix_mask_vector.line1911/_softmax_prefix_suffix_mask_vector,fp32_simt,16224.000000000002,l2,562720.0,,2528000.0,4.492465169178277,0.155818540433925,ok
482,2366711,0,1,7,_matmul_small,"(104, 1, 1)","(128, 1, 1)",step02.layer16._matmul_small.line1921/_matmul_small,bf16_tensor,18400.0,l2,3419424.0,,54525952.0,15.945946451800069,2.9633669565217393,ok
482,2366711,0,1,7,_matmul_small,"(104, 1, 1)","(128, 1, 1)",step02.layer16._matmul_small.line1921/_matmul_small,fp32_simt,18400.0,l2,3419424.0,,0.0,,,zero_counted_flops
483,2366711,0,1,7,_matmul_small_res_gate_oproj,"(128, 1, 1)","(128, 1, 1)",step02.layer16._matmul_small_res_gate_oproj.line1932/_matmul_small_res_gate_oproj,bf16_tensor,37504.00000000001,l2,14780000.0,,268435456.0,18.162074154262516,7.157515358361773,ok
483,2366711,0,1,7,_matmul_small_res_gate_oproj,"(128, 1, 1)","(128, 1, 1)",step02.layer16._matmul_small_res_gate_oproj.line1932/_matmul_small_res_gate_oproj,fp32_simt,37504.00000000001,l2,14780000.0,,131072.0,0.008868200270635994,0.0034948805460750846,ok
484,2366711,0,1,7,_adarms_norm_kernel,"(50, 1, 1)","(128, 1, 1)",step02.layer16._adarms_norm_kernel.line1945/_adarms_norm_kernel,bf16_tensor,16704.0,l2,467616.0,,0.0,,,zero_counted_flops
484,2366711,0,1,7,_adarms_norm_kernel,"(50, 1, 1)","(128, 1, 1)",step02.layer16._adarms_norm_kernel.line1945/_adarms_norm_kernel,fp32_simt,16704.0,l2,467616.0,,358400.0,0.7664408403476357,0.021455938697318006,ok
485,2366711,0,1,7,_matmul_small_gate,"(1, 64, 1)","(128, 1, 1)",step02.layer16._matmul_small_gate.line1954/_matmul_small_gate,bf16_tensor,91712.0,l2,23296640.0,,1073741824.0,46.089986538831354,11.707757152826238,ok
485,2366711,0,1,7,_matmul_small_gate,"(1, 64, 1)","(128, 1, 1)",step02.layer16._matmul_small_gate.line1954/_matmul_small_gate,fp32_simt,91712.0,l2,23296640.0,,2883584.0,0.1237768193181506,0.031441730635031404,ok
486,2366711,0,1,7,_matmul_small_res_gate_ffn_down,"(64, 1, 1)","(128, 1, 1)",step02.layer16._matmul_small_res_gate_ffn_down.line1971/_matmul_small_res_gate_ffn_down,bf16_tensor,80480.0,l2,39279712.0,,536870912.0,13.66789328801596,6.670861232604374,ok
486,2366711,0,1,7,_matmul_small_res_gate_ffn_down,"(64, 1, 1)","(128, 1, 1)",step02.layer16._matmul_small_res_gate_ffn_down.line1971/_matmul_small_res_gate_ffn_down,fp32_simt,80480.0,l2,39279712.0,,131072.0,0.0033368880097695217,0.0016286282306163023,ok
487,2366711,0,1,7,_adarms_norm_kernel,"(50, 1, 1)","(128, 1, 1)",step02.layer17._adarms_norm_kernel.line1854/_adarms_norm_kernel,bf16_tensor,16960.0,l2,464384.0,,0.0,,,zero_counted_flops
487,2366711,0,1,7,_adarms_norm_kernel,"(50, 1, 1)","(128, 1, 1)",step02.layer17._adarms_norm_kernel.line1854/_adarms_norm_kernel,fp32_simt,16960.0,l2,464384.0,,358400.0,0.7717750826901875,0.02113207547169811,ok
488,2366711,0,1,7,_matmul_rope_qkv,"(128, 1, 1)","(128, 1, 1)",step02.layer17._matmul_rope_qkv.line1863/_matmul_rope_qkv,bf16_tensor,40928.00000000001,l2,13728960.0,,335544320.0,24.44062186793464,8.198405003909302,ok
488,2366711,0,1,7,_matmul_rope_qkv,"(128, 1, 1)","(128, 1, 1)",step02.layer17._matmul_rope_qkv.line1863/_matmul_rope_qkv,fp32_simt,40928.00000000001,l2,13728960.0,,442368.0,0.03222152297042165,0.010808444096950741,ok
489,2366711,0,1,7,_matmul_abt_scale,"(91, 1, 1)","(128, 1, 1)",step02.layer17._matmul_abt_scale.line1899/_matmul_abt_scale,bf16_tensor,18816.0,l2,2863200.0,,47710208.0,16.663246716960046,2.5356190476190474,ok
489,2366711,0,1,7,_matmul_abt_scale,"(91, 1, 1)","(128, 1, 1)",step02.layer17._matmul_abt_scale.line1899/_matmul_abt_scale,fp32_simt,18816.0,l2,2863200.0,,93184.0,0.03254540374406259,0.004952380952380952,ok
490,2366711,0,1,7,_softmax_prefix_suffix_mask_vector,"(100, 1, 1)","(128, 1, 1)",step02.layer17._softmax_prefix_suffix_mask_vector.line1911/_softmax_prefix_suffix_mask_vector,bf16_tensor,19200.000000000004,l2,566816.0,,0.0,,,zero_counted_flops
490,2366711,0,1,7,_softmax_prefix_suffix_mask_vector,"(100, 1, 1)","(128, 1, 1)",step02.layer17._softmax_prefix_suffix_mask_vector.line1911/_softmax_prefix_suffix_mask_vector,fp32_simt,19200.000000000004,l2,566816.0,,2528000.0,4.46000112911421,0.13166666666666665,ok
491,2366711,0,1,7,_matmul_small,"(104, 1, 1)","(128, 1, 1)",step02.layer17._matmul_small.line1921/_matmul_small,bf16_tensor,16960.0,l2,3418144.0,,54525952.0,15.951917765898687,3.21497358490566,ok
491,2366711,0,1,7,_matmul_small,"(104, 1, 1)","(128, 1, 1)",step02.layer17._matmul_small.line1921/_matmul_small,fp32_simt,16960.0,l2,3418144.0,,0.0,,,zero_counted_flops
492,2366711,0,1,7,_matmul_small_res_gate_oproj,"(128, 1, 1)","(128, 1, 1)",step02.layer17._matmul_small_res_gate_oproj.line1932/_matmul_small_res_gate_oproj,bf16_tensor,40640.00000000001,l2,14705888.0,,268435456.0,18.253603998616065,6.605203149606298,ok
492,2366711,0,1,7,_matmul_small_res_gate_oproj,"(128, 1, 1)","(128, 1, 1)",step02.layer17._matmul_small_res_gate_oproj.line1932/_matmul_small_res_gate_oproj,fp32_simt,40640.00000000001,l2,14705888.0,,131072.0,0.00891289257744925,0.0032251968503937004,ok
493,2366711,0,1,7,_adarms_norm_kernel,"(50, 1, 1)","(128, 1, 1)",step02.layer17._adarms_norm_kernel.line1945/_adarms_norm_kernel,bf16_tensor,16928.0,l2,456320.0,,0.0,,,zero_counted_flops
493,2366711,0,1,7,_adarms_norm_kernel,"(50, 1, 1)","(128, 1, 1)",step02.layer17._adarms_norm_kernel.line1945/_adarms_norm_kernel,fp32_simt,16928.0,l2,456320.0,,358400.0,0.7854137447405329,0.021172022684310017,ok
494,2366711,0,1,7,_matmul_small_gate,"(1, 64, 1)","(128, 1, 1)",step02.layer17._matmul_small_gate.line1954/_matmul_small_gate,bf16_tensor,80992.0,l2,23282976.0,,1073741824.0,46.11703521061912,13.257381272224418,ok
494,2366711,0,1,7,_matmul_small_gate,"(1, 64, 1)","(128, 1, 1)",step02.layer17._matmul_small_gate.line1954/_matmul_small_gate,fp32_simt,80992.0,l2,23282976.0,,2883584.0,0.12384945979414315,0.03560331884630581,ok
495,2366711,0,1,7,_matmul_small_res_gate_ffn_down,"(64, 1, 1)","(128, 1, 1)",step02.layer17._matmul_small_res_gate_ffn_down.line1971/_matmul_small_res_gate_ffn_down,bf16_tensor,73376.00000000001,l2,39267808.0,,536870912.0,13.672036697337422,7.3167099869167025,ok
495,2366711,0,1,7,_matmul_small_res_gate_ffn_down,"(64, 1, 1)","(128, 1, 1)",step02.layer17._matmul_small_res_gate_ffn_down.line1971/_matmul_small_res_gate_ffn_down,fp32_simt,73376.00000000001,l2,39267808.0,,131072.0,0.003337899584310894,0.0017863061491495856,ok
496,2366711,0,1,7,_adarms_norm_kernel,"(50, 1, 1)","(128, 1, 1)",step02.layer-1._adarms_norm_kernel.line1989/_adarms_norm_kernel,bf16_tensor,15744.0,l2,460512.0,,0.0,,,zero_counted_flops
496,2366711,0,1,7,_adarms_norm_kernel,"(50, 1, 1)","(128, 1, 1)",step02.layer-1._adarms_norm_kernel.line1989/_adarms_norm_kernel,fp32_simt,15744.0,l2,460512.0,,358400.0,0.7782641928983393,0.02276422764227642,ok
497,2366711,0,1,7,_matmul_small_bias_res,"(8, 1, 1)","(128, 1, 1)",step02.layer-1._matmul_small_bias_res.line1998/_matmul_small_bias_res,bf16_tensor,15680.000000000002,l2,516704.0,,8388608.0,16.23484238558246,0.5349877551020407,ok
497,2366711,0,1,7,_matmul_small_bias_res,"(8, 1, 1)","(128, 1, 1)",step02.layer-1._matmul_small_bias_res.line1998/_matmul_small_bias_res,fp32_simt,15680.000000000002,l2,516704.0,,4096.0,0.007927169133585186,0.0002612244897959183,ok
498,2366711,0,1,7,_matmul_small_bias,"(64, 1, 1)","(128, 1, 1)",step03.layer-1._matmul_small_bias.line1839/_matmul_small_bias,bf16_tensor,16384.0,l2,365760.0,,4194304.0,11.467366579177602,0.25599999999999995,ok
498,2366711,0,1,7,_matmul_small_bias,"(64, 1, 1)","(128, 1, 1)",step03.layer-1._matmul_small_bias.line1839/_matmul_small_bias,fp32_simt,16384.0,l2,365760.0,,32768.0,0.08958880139982502,0.0019999999999999996,ok
499,2366711,0,1,7,_adarms_norm_kernel,"(50, 1, 1)","(128, 1, 1)",step03.layer00._adarms_norm_kernel.line1854/_adarms_norm_kernel,bf16_tensor,15232.0,l2,460768.0,,0.0,,,zero_counted_flops
499,2366711,0,1,7,_adarms_norm_kernel,"(50, 1, 1)","(128, 1, 1)",step03.layer00._adarms_norm_kernel.line1854/_adarms_norm_kernel,fp32_simt,15232.0,l2,460768.0,,358400.0,0.7778317938745746,0.02352941176470588,ok
500,2366711,0,1,7,_matmul_rope_qkv,"(128, 1, 1)","(128, 1, 1)",step03.layer00._matmul_rope_qkv.line1863/_matmul_rope_qkv,bf16_tensor,31680.0,l2,13900064.0,,335544320.0,24.13976798955746,10.591676767676768,ok
500,2366711,0,1,7,_matmul_rope_qkv,"(128, 1, 1)","(128, 1, 1)",step03.layer00._matmul_rope_qkv.line1863/_matmul_rope_qkv,fp32_simt,31680.0,l2,13900064.0,,442368.0,0.031824889439357976,0.013963636363636362,ok
501,2366711,0,1,7,_matmul_abt_scale,"(91, 1, 1)","(128, 1, 1)",step03.layer00._matmul_abt_scale.line1899/_matmul_abt_scale,bf16_tensor,17696.0,l2,2866976.0,,47710208.0,16.641300101570437,2.6961012658227848,ok
501,2366711,0,1,7,_matmul_abt_scale,"(91, 1, 1)","(128, 1, 1)",step03.layer00._matmul_abt_scale.line1899/_matmul_abt_scale,fp32_simt,17696.0,l2,2866976.0,,93184.0,0.03250253926087976,0.0052658227848101265,ok
502,2366711,0,1,7,_softmax_prefix_suffix_mask_vector,"(100, 1, 1)","(128, 1, 1)",step03.layer00._softmax_prefix_suffix_mask_vector.line1911/_softmax_prefix_suffix_mask_vector,bf16_tensor,16448.000000000004,l2,562880.0,,0.0,,,zero_counted_flops
502,2366711,0,1,7,_softmax_prefix_suffix_mask_vector,"(100, 1, 1)","(128, 1, 1)",step03.layer00._softmax_prefix_suffix_mask_vector.line1911/_softmax_prefix_suffix_mask_vector,fp32_simt,16448.000000000004,l2,562880.0,,2528000.0,4.491188175099488,0.15369649805447466,ok
503,2366711,0,1,7,_matmul_small,"(104, 1, 1)","(128, 1, 1)",step03.layer00._matmul_small.line1921/_matmul_small,bf16_tensor,17952.0,l2,3420928.0,,54525952.0,15.93893586769438,3.0373190730837787,ok
503,2366711,0,1,7,_matmul_small,"(104, 1, 1)","(128, 1, 1)",step03.layer00._matmul_small.line1921/_matmul_small,fp32_simt,17952.0,l2,3420928.0,,0.0,,,zero_counted_flops
504,2366711,0,1,7,_matmul_small_res_gate_oproj,"(128, 1, 1)","(128, 1, 1)",step03.layer00._matmul_small_res_gate_oproj.line1932/_matmul_small_res_gate_oproj,bf16_tensor,43840.0,l2,14759584.0,,268435456.0,18.187196603915122,6.123071532846715,ok
504,2366711,0,1,7,_matmul_small_res_gate_oproj,"(128, 1, 1)","(128, 1, 1)",step03.layer00._matmul_small_res_gate_oproj.line1932/_matmul_small_res_gate_oproj,fp32_simt,43840.0,l2,14759584.0,,131072.0,0.008880467091755431,0.00298978102189781,ok
505,2366711,0,1,7,_adarms_norm_kernel,"(50, 1, 1)","(128, 1, 1)",step03.layer00._adarms_norm_kernel.line1945/_adarms_norm_kernel,bf16_tensor,15808.000000000002,l2,472032.0,,0.0,,,zero_counted_flops
505,2366711,0,1,7,_adarms_norm_kernel,"(50, 1, 1)","(128, 1, 1)",step03.layer00._adarms_norm_kernel.line1945/_adarms_norm_kernel,fp32_simt,15808.000000000002,l2,472032.0,,358400.0,0.759270557928276,0.022672064777327933,ok
506,2366711,0,1,7,_matmul_small_gate,"(1, 64, 1)","(128, 1, 1)",step03.layer00._matmul_small_gate.line1954/_matmul_small_gate,bf16_tensor,80864.0,l2,23297696.0,,1073741824.0,46.08789744702652,13.278366442421843,ok
506,2366711,0,1,7,_matmul_small_gate,"(1, 64, 1)","(128, 1, 1)",step03.layer00._matmul_small_gate.line1954/_matmul_small_gate,fp32_simt,80864.0,l2,23297696.0,,2883584.0,0.12377120896418255,0.03565967550455085,ok
507,2366711,0,1,7,_matmul_small_res_gate_ffn_down,"(64, 1, 1)","(128, 1, 1)",step03.layer00._matmul_small_res_gate_ffn_down.line1971/_matmul_small_res_gate_ffn_down,bf16_tensor,79680.00000000001,l2,39298752.0,,536870912.0,13.661271279047233,6.737837751004015,ok
507,2366711,0,1,7,_matmul_small_res_gate_ffn_down,"(64, 1, 1)","(128, 1, 1)",step03.layer00._matmul_small_res_gate_ffn_down.line1971/_matmul_small_res_gate_ffn_down,fp32_simt,79680.00000000001,l2,39298752.0,,131072.0,0.0033352713083611408,0.0016449799196787147,ok
508,2366711,0,1,7,_adarms_norm_kernel,"(50, 1, 1)","(128, 1, 1)",step03.layer01._adarms_norm_kernel.line1854/_adarms_norm_kernel,bf16_tensor,15200.0,l2,464416.0,,0.0,,,zero_counted_flops
508,2366711,0,1,7,_adarms_norm_kernel,"(50, 1, 1)","(128, 1, 1)",step03.layer01._adarms_norm_kernel.line1854/_adarms_norm_kernel,fp32_simt,15200.0,l2,464416.0,,358400.0,0.7717219044994144,0.02357894736842105,ok
509,2366711,0,1,7,_matmul_rope_qkv,"(128, 1, 1)","(128, 1, 1)",step03.layer01._matmul_rope_qkv.line1863/_matmul_rope_qkv,bf16_tensor,33472.0,l2,13984352.0,,335544320.0,23.9942701671125,10.024627151051625,ok
509,2366711,0,1,7,_matmul_rope_qkv,"(128, 1, 1)","(128, 1, 1)",step03.layer01._matmul_rope_qkv.line1863/_matmul_rope_qkv,fp32_simt,33472.0,l2,13984352.0,,442368.0,0.031633071021095575,0.01321606118546845,ok
510,2366711,0,1,7,_matmul_abt_scale,"(91, 1, 1)","(128, 1, 1)",step03.layer01._matmul_abt_scale.line1899/_matmul_abt_scale,bf16_tensor,16768.0,l2,2869568.0,,47710208.0,16.62626848361844,2.845312977099237,ok
510,2366711,0,1,7,_matmul_abt_scale,"(91, 1, 1)","(128, 1, 1)",step03.layer01._matmul_abt_scale.line1899/_matmul_abt_scale,fp32_simt,16768.0,l2,2869568.0,,93184.0,0.032473180632067264,0.005557251908396947,ok
511,2366711,0,1,7,_softmax_prefix_suffix_mask_vector,"(100, 1, 1)","(128, 1, 1)",step03.layer01._softmax_prefix_suffix_mask_vector.line1911/_softmax_prefix_suffix_mask_vector,bf16_tensor,19456.0,l2,567552.0,,0.0,,,zero_counted_flops
511,2366711,0,1,7,_softmax_prefix_suffix_mask_vector,"(100, 1, 1)","(128, 1, 1)",step03.layer01._softmax_prefix_suffix_mask_vector.line1911/_softmax_prefix_suffix_mask_vector,fp32_simt,19456.0,l2,567552.0,,2528000.0,4.454217410915652,0.1299342105263158,ok
512,2366711,0,1,7,_matmul_small,"(104, 1, 1)","(128, 1, 1)",step03.layer01._matmul_small.line1921/_matmul_small,bf16_tensor,18848.0,l2,3424128.0,,54525952.0,15.92404022279541,2.89293039049236,ok
512,2366711,0,1,7,_matmul_small,"(104, 1, 1)","(128, 1, 1)",step03.layer01._matmul_small.line1921/_matmul_small,fp32_simt,18848.0,l2,3424128.0,,0.0,,,zero_counted_flops
513,2366711,0,1,7,_matmul_small_res_gate_oproj,"(128, 1, 1)","(128, 1, 1)",step03.layer01._matmul_small_res_gate_oproj.line1932/_matmul_small_res_gate_oproj,bf16_tensor,39744.00000000001,l2,14736736.0,,268435456.0,18.21539423655279,6.754112721417068,ok
513,2366711,0,1,7,_matmul_small_res_gate_oproj,"(128, 1, 1)","(128, 1, 1)",step03.layer01._matmul_small_res_gate_oproj.line1932/_matmul_small_res_gate_oproj,fp32_simt,39744.00000000001,l2,14736736.0,,131072.0,0.008894235467066792,0.003297906602254428,ok
514,2366711,0,1,7,_adarms_norm_kernel,"(50, 1, 1)","(128, 1, 1)",step03.layer01._adarms_norm_kernel.line1945/_adarms_norm_kernel,bf16_tensor,16224.000000000002,l2,456160.0,,0.0,,,zero_counted_flops
514,2366711,0,1,7,_adarms_norm_kernel,"(50, 1, 1)","(128, 1, 1)",step03.layer01._adarms_norm_kernel.line1945/_adarms_norm_kernel,fp32_simt,16224.000000000002,l2,456160.0,,358400.0,0.7856892318484742,0.02209072978303747,ok
515,2366711,0,1,7,_matmul_small_gate,"(1, 64, 1)","(128, 1, 1)",step03.layer01._matmul_small_gate.line1954/_matmul_small_gate,bf16_tensor,82656.0,l2,23363456.0,,1073741824.0,45.958176050666474,12.990488579171506,ok
515,2366711,0,1,7,_matmul_small_gate,"(1, 64, 1)","(128, 1, 1)",step03.layer01._matmul_small_gate.line1954/_matmul_small_gate,fp32_simt,82656.0,l2,23363456.0,,2883584.0,0.1234228360735672,0.03488656600851723,ok
516,2366711,0,1,7,_matmul_small_res_gate_ffn_down,"(64, 1, 1)","(128, 1, 1)",step03.layer01._matmul_small_res_gate_ffn_down.line1971/_matmul_small_res_gate_ffn_down,bf16_tensor,66624.0,l2,39361952.0,,536870912.0,13.63933658574656,8.058220941402498,ok
516,2366711,0,1,7,_matmul_small_res_gate_ffn_down,"(64, 1, 1)","(128, 1, 1)",step03.layer01._matmul_small_res_gate_ffn_down.line1971/_matmul_small_res_gate_ffn_down,fp32_simt,66624.0,l2,39361952.0,,131072.0,0.0033299161586295314,0.001967339097022094,ok
517,2366711,0,1,7,_adarms_norm_kernel,"(50, 1, 1)","(128, 1, 1)",step03.layer02._adarms_norm_kernel.line1854/_adarms_norm_kernel,bf16_tensor,15040.000000000002,l2,460416.0,,0.0,,,zero_counted_flops
517,2366711,0,1,7,_adarms_norm_kernel,"(50, 1, 1)","(128, 1, 1)",step03.layer02._adarms_norm_kernel.line1854/_adarms_norm_kernel,fp32_simt,15040.000000000002,l2,460416.0,,358400.0,0.778426466499861,0.02382978723404255,ok
518,2366711,0,1,7,_matmul_rope_qkv,"(128, 1, 1)","(128, 1, 1)",step03.layer02._matmul_rope_qkv.line1863/_matmul_rope_qkv,bf16_tensor,36544.0,l2,13816384.0,,335544320.0,24.285972364404465,9.181926444833625,ok
518,2366711,0,1,7,_matmul_rope_qkv,"(128, 1, 1)","(128, 1, 1)",step03.layer02._matmul_rope_qkv.line1863/_matmul_rope_qkv,fp32_simt,36544.0,l2,13816384.0,,442368.0,0.032017639347603544,0.01210507880910683,ok
519,2366711,0,1,7,_matmul_abt_scale,"(91, 1, 1)","(128, 1, 1)",step03.layer02._matmul_abt_scale.line1899/_matmul_abt_scale,bf16_tensor,17984.000000000004,l2,2855232.0,,47710208.0,16.70974827964943,2.6529252669039143,ok
519,2366711,0,1,7,_matmul_abt_scale,"(91, 1, 1)","(128, 1, 1)",step03.layer02._matmul_abt_scale.line1899/_matmul_abt_scale,fp32_simt,17984.000000000004,l2,2855232.0,,93184.0,0.03263622710869029,0.005181494661921708,ok
520,2366711,0,1,7,_softmax_prefix_suffix_mask_vector,"(100, 1, 1)","(128, 1, 1)",step03.layer02._softmax_prefix_suffix_mask_vector.line1911/_softmax_prefix_suffix_mask_vector,bf16_tensor,17824.0,l2,562112.0,,0.0,,,zero_counted_flops
520,2366711,0,1,7,_softmax_prefix_suffix_mask_vector,"(100, 1, 1)","(128, 1, 1)",step03.layer02._softmax_prefix_suffix_mask_vector.line1911/_softmax_prefix_suffix_mask_vector,fp32_simt,17824.0,l2,562112.0,,2528000.0,4.497324376636684,0.14183123877917414,ok
521,2366711,0,1,7,_matmul_small,"(104, 1, 1)","(128, 1, 1)",step03.layer02._matmul_small.line1921/_matmul_small,bf16_tensor,20000.0,l2,3413184.0,,54525952.0,15.975098910577337,2.7262976,ok
521,2366711,0,1,7,_matmul_small,"(104, 1, 1)","(128, 1, 1)",step03.layer02._matmul_small.line1921/_matmul_small,fp32_simt,20000.0,l2,3413184.0,,0.0,,,zero_counted_flops
522,2366711,0,1,7,_matmul_small_res_gate_oproj,"(128, 1, 1)","(128, 1, 1)",step03.layer02._matmul_small_res_gate_oproj.line1932/_matmul_small_res_gate_oproj,bf16_tensor,40224.0,l2,14650944.0,,268435456.0,18.322058701473434,6.673514717581543,ok
522,2366711,0,1,7,_matmul_small_res_gate_oproj,"(128, 1, 1)","(128, 1, 1)",step03.layer02._matmul_small_res_gate_oproj.line1932/_matmul_small_res_gate_oproj,fp32_simt,40224.0,l2,14650944.0,,131072.0,0.008946317725328825,0.0032585521081941126,ok
523,2366711,0,1,7,_adarms_norm_kernel,"(50, 1, 1)","(128, 1, 1)",step03.layer02._adarms_norm_kernel.line1945/_adarms_norm_kernel,bf16_tensor,12608.0,l2,457600.0,,0.0,,,zero_counted_flops
523,2366711,0,1,7,_adarms_norm_kernel,"(50, 1, 1)","(128, 1, 1)",step03.layer02._adarms_norm_kernel.line1945/_adarms_norm_kernel,fp32_simt,12608.0,l2,457600.0,,358400.0,0.7832167832167832,0.02842639593908629,ok
524,2366711,0,1,7,_matmul_small_gate,"(1, 64, 1)","(128, 1, 1)",step03.layer02._matmul_small_gate.line1954/_matmul_small_gate,bf16_tensor,79328.00000000001,l2,23320384.0,,1073741824.0,46.04305932526668,13.535470754336425,ok
524,2366711,0,1,7,_matmul_small_gate,"(1, 64, 1)","(128, 1, 1)",step03.layer02._matmul_small_gate.line1954/_matmul_small_gate,fp32_simt,79328.00000000001,l2,23320384.0,,2883584.0,0.12365079408640955,0.036350141185962075,ok
525,2366711,0,1,7,_matmul_small_res_gate_ffn_down,"(64, 1, 1)","(128, 1, 1)",step03.layer02._matmul_small_res_gate_ffn_down.line1971/_matmul_small_res_gate_ffn_down,bf16_tensor,73088.0,l2,39259296.0,,536870912.0,13.675000998489631,7.345541155866901,ok
525,2366711,0,1,7,_matmul_small_res_gate_ffn_down,"(64, 1, 1)","(128, 1, 1)",step03.layer02._matmul_small_res_gate_ffn_down.line1971/_matmul_small_res_gate_ffn_down,fp32_simt,73088.0,l2,39259296.0,,131072.0,0.0033386232906468826,0.0017933450087565675,ok
526,2366711,0,1,7,_adarms_norm_kernel,"(50, 1, 1)","(128, 1, 1)",step03.layer03._adarms_norm_kernel.line1854/_adarms_norm_kernel,bf16_tensor,16288.0,l2,464704.0,,0.0,,,zero_counted_flops
526,2366711,0,1,7,_adarms_norm_kernel,"(50, 1, 1)","(128, 1, 1)",step03.layer03._adarms_norm_kernel.line1854/_adarms_norm_kernel,fp32_simt,16288.0,l2,464704.0,,358400.0,0.7712436303539457,0.02200392927308448,ok
527,2366711,0,1,7,_matmul_rope_qkv,"(128, 1, 1)","(128, 1, 1)",step03.layer03._matmul_rope_qkv.line1863/_matmul_rope_qkv,bf16_tensor,32800.00000000001,l2,13868320.0,,335544320.0,24.195022901115635,10.23000975609756,ok
527,2366711,0,1,7,_matmul_rope_qkv,"(128, 1, 1)","(128, 1, 1)",step03.layer03._matmul_rope_qkv.line1863/_matmul_rope_qkv,fp32_simt,32800.00000000001,l2,13868320.0,,442368.0,0.0318977352700255,0.01348682926829268,ok
528,2366711,0,1,7,_matmul_abt_scale,"(91, 1, 1)","(128, 1, 1)",step03.layer03._matmul_abt_scale.line1899/_matmul_abt_scale,bf16_tensor,18976.000000000004,l2,2869088.0,,47710208.0,16.629050067477888,2.5142394603709945,ok
528,2366711,0,1,7,_matmul_abt_scale,"(91, 1, 1)","(128, 1, 1)",step03.layer03._matmul_abt_scale.line1899/_matmul_abt_scale,fp32_simt,18976.000000000004,l2,2869088.0,,93184.0,0.03247861341304275,0.004910623946037099,ok
529,2366711,0,1,7,_softmax_prefix_suffix_mask_vector,"(100, 1, 1)","(128, 1, 1)",step03.layer03._softmax_prefix_suffix_mask_vector.line1911/_softmax_prefix_suffix_mask_vector,bf16_tensor,19776.0,l2,566720.0,,0.0,,,zero_counted_flops
529,2366711,0,1,7,_softmax_prefix_suffix_mask_vector,"(100, 1, 1)","(128, 1, 1)",step03.layer03._softmax_prefix_suffix_mask_vector.line1911/_softmax_prefix_suffix_mask_vector,fp32_simt,19776.0,l2,566720.0,,2528000.0,4.4607566346696785,0.12783171521035597,ok
530,2366711,0,1,7,_matmul_small,"(104, 1, 1)","(128, 1, 1)",step03.layer03._matmul_small.line1921/_matmul_small,bf16_tensor,17024.0,l2,3415360.0,,54525952.0,15.964920828258222,3.2028872180451122,ok
530,2366711,0,1,7,_matmul_small,"(104, 1, 1)","(128, 1, 1)",step03.layer03._matmul_small.line1921/_matmul_small,fp32_simt,17024.0,l2,3415360.0,,0.0,,,zero_counted_flops
531,2366711,0,1,7,_matmul_small_res_gate_oproj,"(128, 1, 1)","(128, 1, 1)",step03.layer03._matmul_small_res_gate_oproj.line1932/_matmul_small_res_gate_oproj,bf16_tensor,40192.00000000001,l2,14711744.0,,268435456.0,18.246338163578702,6.678828025477706,ok
531,2366711,0,1,7,_matmul_small_res_gate_oproj,"(128, 1, 1)","(128, 1, 1)",step03.layer03._matmul_small_res_gate_oproj.line1932/_matmul_small_res_gate_oproj,fp32_simt,40192.00000000001,l2,14711744.0,,131072.0,0.008909344806434913,0.0032611464968152863,ok
532,2366711,0,1,7,_adarms_norm_kernel,"(50, 1, 1)","(128, 1, 1)",step03.layer03._adarms_norm_kernel.line1945/_adarms_norm_kernel,bf16_tensor,15392.000000000002,l2,468224.0,,0.0,,,zero_counted_flops
532,2366711,0,1,7,_adarms_norm_kernel,"(50, 1, 1)","(128, 1, 1)",step03.layer03._adarms_norm_kernel.line1945/_adarms_norm_kernel,fp32_simt,15392.000000000002,l2,468224.0,,358400.0,0.7654455986878076,0.023284823284823283,ok
533,2366711,0,1,7,_matmul_small_gate,"(1, 64, 1)","(128, 1, 1)",step03.layer03._matmul_small_gate.line1954/_matmul_small_gate,bf16_tensor,79168.0,l2,23285920.0,,1073741824.0,46.11120471082955,13.562826192400971,ok
533,2366711,0,1,7,_matmul_small_gate,"(1, 64, 1)","(128, 1, 1)",step03.layer03._matmul_small_gate.line1954/_matmul_small_gate,fp32_simt,79168.0,l2,23285920.0,,2883584.0,0.12383380171365357,0.03642360549717058,ok
534,2366711,0,1,7,_matmul_small_res_gate_ffn_down,"(64, 1, 1)","(128, 1, 1)",step03.layer03._matmul_small_res_gate_ffn_down.line1971/_matmul_small_res_gate_ffn_down,bf16_tensor,61568.00000000001,l2,39346688.0,,536870912.0,13.644627776548816,8.719966735966736,ok
534,2366711,0,1,7,_matmul_small_res_gate_ffn_down,"(64, 1, 1)","(128, 1, 1)",step03.layer03._matmul_small_res_gate_ffn_down.line1971/_matmul_small_res_gate_ffn_down,fp32_simt,61568.00000000001,l2,39346688.0,,131072.0,0.0033312079532589883,0.002128898128898129,ok
535,2366711,0,1,7,_adarms_norm_kernel,"(50, 1, 1)","(128, 1, 1)",step03.layer04._adarms_norm_kernel.line1854/_adarms_norm_kernel,bf16_tensor,16032.000000000002,l2,463808.0,,0.0,,,zero_counted_flops
535,2366711,0,1,7,_adarms_norm_kernel,"(50, 1, 1)","(128, 1, 1)",step03.layer04._adarms_norm_kernel.line1854/_adarms_norm_kernel,fp32_simt,16032.000000000002,l2,463808.0,,358400.0,0.7727335449151373,0.022355289421157682,ok
536,2366711,0,1,7,_matmul_rope_qkv,"(128, 1, 1)","(128, 1, 1)",step03.layer04._matmul_rope_qkv.line1863/_matmul_rope_qkv,bf16_tensor,32448.000000000004,l2,13891104.0,,335544320.0,24.1553385533648,10.340986193293885,ok
536,2366711,0,1,7,_matmul_rope_qkv,"(128, 1, 1)","(128, 1, 1)",step03.layer04._matmul_rope_qkv.line1863/_matmul_rope_qkv,fp32_simt,32448.000000000004,l2,13891104.0,,442368.0,0.031845417038127426,0.013633136094674555,ok
537,2366711,0,1,7,_matmul_abt_scale,"(91, 1, 1)","(128, 1, 1)",step03.layer04._matmul_abt_scale.line1899/_matmul_abt_scale,bf16_tensor,18688.0,l2,2860160.0,,47710208.0,16.680957708659655,2.5529863013698626,ok
537,2366711,0,1,7,_matmul_abt_scale,"(91, 1, 1)","(128, 1, 1)",step03.layer04._matmul_abt_scale.line1899/_matmul_abt_scale,fp32_simt,18688.0,l2,2860160.0,,93184.0,0.03257999552472589,0.004986301369863013,ok
538,2366711,0,1,7,_softmax_prefix_suffix_mask_vector,"(100, 1, 1)","(128, 1, 1)",step03.layer04._softmax_prefix_suffix_mask_vector.line1911/_softmax_prefix_suffix_mask_vector,bf16_tensor,19488.0,l2,567360.0,,0.0,,,zero_counted_flops
538,2366711,0,1,7,_softmax_prefix_suffix_mask_vector,"(100, 1, 1)","(128, 1, 1)",step03.layer04._softmax_prefix_suffix_mask_vector.line1911/_softmax_prefix_suffix_mask_vector,fp32_simt,19488.0,l2,567360.0,,2528000.0,4.455724760293288,0.1297208538587849,ok
539,2366711,0,1,7,_matmul_small,"(104, 1, 1)","(128, 1, 1)",step03.layer04._matmul_small.line1921/_matmul_small,bf16_tensor,18176.0,l2,3431712.0,,54525952.0,15.888848481457652,2.9998873239436623,ok
539,2366711,0,1,7,_matmul_small,"(104, 1, 1)","(128, 1, 1)",step03.layer04._matmul_small.line1921/_matmul_small,fp32_simt,18176.0,l2,3431712.0,,0.0,,,zero_counted_flops
540,2366711,0,1,7,_matmul_small_res_gate_oproj,"(128, 1, 1)","(128, 1, 1)",step03.layer04._matmul_small_res_gate_oproj.line1932/_matmul_small_res_gate_oproj,bf16_tensor,40000.0,l2,14719392.0,,268435456.0,18.236857609336038,6.710886399999999,ok
540,2366711,0,1,7,_matmul_small_res_gate_oproj,"(128, 1, 1)","(128, 1, 1)",step03.layer04._matmul_small_res_gate_oproj.line1932/_matmul_small_res_gate_oproj,fp32_simt,40000.0,l2,14719392.0,,131072.0,0.008904715629558612,0.0032767999999999994,ok
541,2366711,0,1,7,_adarms_norm_kernel,"(50, 1, 1)","(128, 1, 1)",step03.layer04._adarms_norm_kernel.line1945/_adarms_norm_kernel,bf16_tensor,17664.000000000004,l2,453600.0,,0.0,,,zero_counted_flops
541,2366711,0,1,7,_adarms_norm_kernel,"(50, 1, 1)","(128, 1, 1)",step03.layer04._adarms_norm_kernel.line1945/_adarms_norm_kernel,fp32_simt,17664.000000000004,l2,453600.0,,358400.0,0.7901234567901234,0.020289855072463763,ok
542,2366711,0,1,7,_matmul_small_gate,"(1, 64, 1)","(128, 1, 1)",step03.layer04._matmul_small_gate.line1954/_matmul_small_gate,bf16_tensor,82400.00000000001,l2,23314976.0,,1073741824.0,46.053739193212124,13.030847378640775,ok
542,2366711,0,1,7,_matmul_small_gate,"(1, 64, 1)","(128, 1, 1)",step03.layer04._matmul_small_gate.line1954/_matmul_small_gate,fp32_simt,82400.00000000001,l2,23314976.0,,2883584.0,0.12367947537239583,0.03499495145631067,ok
543,2366711,0,1,7,_matmul_small_res_gate_ffn_down,"(64, 1, 1)","(128, 1, 1)",step03.layer04._matmul_small_res_gate_ffn_down.line1971/_matmul_small_res_gate_ffn_down,bf16_tensor,74496.0,l2,39281120.0,,536870912.0,13.667403373427234,7.206707903780068,ok
543,2366711,0,1,7,_matmul_small_res_gate_ffn_down,"(64, 1, 1)","(128, 1, 1)",step03.layer04._matmul_small_res_gate_ffn_down.line1971/_matmul_small_res_gate_ffn_down,fp32_simt,74496.0,l2,39281120.0,,131072.0,0.0033367684017156334,0.0017594501718213057,ok
544,2366711,0,1,7,_adarms_norm_kernel,"(50, 1, 1)","(128, 1, 1)",step03.layer05._adarms_norm_kernel.line1854/_adarms_norm_kernel,bf16_tensor,14368.0,l2,457120.0,,0.0,,,zero_counted_flops
544,2366711,0,1,7,_adarms_norm_kernel,"(50, 1, 1)","(128, 1, 1)",step03.layer05._adarms_norm_kernel.line1854/_adarms_norm_kernel,fp32_simt,14368.0,l2,457120.0,,358400.0,0.784039201960098,0.024944320712694878,ok
545,2366711,0,1,7,_matmul_rope_qkv,"(128, 1, 1)","(128, 1, 1)",step03.layer05._matmul_rope_qkv.line1863/_matmul_rope_qkv,bf16_tensor,38240.0,l2,13853824.0,,335544320.0,24.2203394528471,8.774694560669456,ok
545,2366711,0,1,7,_matmul_rope_qkv,"(128, 1, 1)","(128, 1, 1)",step03.layer05._matmul_rope_qkv.line1863/_matmul_rope_qkv,fp32_simt,38240.0,l2,13853824.0,,442368.0,0.031931111583343344,0.011568200836820084,ok
546,2366711,0,1,7,_matmul_abt_scale,"(91, 1, 1)","(128, 1, 1)",step03.layer05._matmul_abt_scale.line1899/_matmul_abt_scale,bf16_tensor,10304.0,l2,2857088.0,,47710208.0,16.69889341875364,4.630260869565218,ok
546,2366711,0,1,7,_matmul_abt_scale,"(91, 1, 1)","(128, 1, 1)",step03.layer05._matmul_abt_scale.line1899/_matmul_abt_scale,fp32_simt,10304.0,l2,2857088.0,,93184.0,0.032615026208503206,0.009043478260869566,ok
547,2366711,0,1,7,_softmax_prefix_suffix_mask_vector,"(100, 1, 1)","(128, 1, 1)",step03.layer05._softmax_prefix_suffix_mask_vector.line1911/_softmax_prefix_suffix_mask_vector,bf16_tensor,16896.000000000004,l2,563744.0,,0.0,,,zero_counted_flops
547,2366711,0,1,7,_softmax_prefix_suffix_mask_vector,"(100, 1, 1)","(128, 1, 1)",step03.layer05._softmax_prefix_suffix_mask_vector.line1911/_softmax_prefix_suffix_mask_vector,fp32_simt,16896.000000000004,l2,563744.0,,2528000.0,4.484304932735426,0.1496212121212121,ok
548,2366711,0,1,7,_matmul_small,"(104, 1, 1)","(128, 1, 1)",step03.layer05._matmul_small.line1921/_matmul_small,bf16_tensor,19648.000000000004,l2,3417184.0,,54525952.0,15.956399187166978,2.7751400651465796,ok
548,2366711,0,1,7,_matmul_small,"(104, 1, 1)","(128, 1, 1)",step03.layer05._matmul_small.line1921/_matmul_small,fp32_simt,19648.000000000004,l2,3417184.0,,0.0,,,zero_counted_flops
549,2366711,0,1,7,_matmul_small_res_gate_oproj,"(128, 1, 1)","(128, 1, 1)",step03.layer05._matmul_small_res_gate_oproj.line1932/_matmul_small_res_gate_oproj,bf16_tensor,38880.0,l2,14733472.0,,268435456.0,18.219429608988296,6.904204115226337,ok
549,2366711,0,1,7,_matmul_small_res_gate_oproj,"(128, 1, 1)","(128, 1, 1)",step03.layer05._matmul_small_res_gate_oproj.line1932/_matmul_small_res_gate_oproj,fp32_simt,38880.0,l2,14733472.0,,131072.0,0.008896205863763816,0.00337119341563786,ok
550,2366711,0,1,7,_adarms_norm_kernel,"(50, 1, 1)","(128, 1, 1)",step03.layer05._adarms_norm_kernel.line1945/_adarms_norm_kernel,bf16_tensor,16096.0,l2,471328.0,,0.0,,,zero_counted_flops
550,2366711,0,1,7,_adarms_norm_kernel,"(50, 1, 1)","(128, 1, 1)",step03.layer05._adarms_norm_kernel.line1945/_adarms_norm_kernel,fp32_simt,16096.0,l2,471328.0,,358400.0,0.7604046438997896,0.022266401590457258,ok
551,2366711,0,1,7,_matmul_small_gate,"(1, 64, 1)","(128, 1, 1)",step03.layer05._matmul_small_gate.line1954/_matmul_small_gate,bf16_tensor,78304.0,l2,23289280.0,,1073741824.0,46.10455213729235,13.712477319166327,ok
551,2366711,0,1,7,_matmul_small_gate,"(1, 64, 1)","(128, 1, 1)",step03.layer05._matmul_small_gate.line1954/_matmul_small_gate,fp32_simt,78304.0,l2,23289280.0,,2883584.0,0.12381593591558004,0.036825500612995506,ok
552,2366711,0,1,7,_matmul_small_res_gate_ffn_down,"(64, 1, 1)","(128, 1, 1)",step03.layer05._matmul_small_res_gate_ffn_down.line1971/_matmul_small_res_gate_ffn_down,bf16_tensor,74432.00000000001,l2,39345248.0,,536870912.0,13.645127157414283,7.212904557179707,ok
552,2366711,0,1,7,_matmul_small_res_gate_ffn_down,"(64, 1, 1)","(128, 1, 1)",step03.layer05._matmul_small_res_gate_ffn_down.line1971/_matmul_small_res_gate_ffn_down,fp32_simt,74432.00000000001,l2,39345248.0,,131072.0,0.0033313298724155964,0.0017609630266552019,ok
553,2366711,0,1,7,_adarms_norm_kernel,"(50, 1, 1)","(128, 1, 1)",step03.layer06._adarms_norm_kernel.line1854/_adarms_norm_kernel,bf16_tensor,14624.000000000002,l2,465216.0,,0.0,,,zero_counted_flops
553,2366711,0,1,7,_adarms_norm_kernel,"(50, 1, 1)","(128, 1, 1)",step03.layer06._adarms_norm_kernel.line1854/_adarms_norm_kernel,fp32_simt,14624.000000000002,l2,465216.0,,358400.0,0.7703948273490163,0.02450765864332604,ok
554,2366711,0,1,7,_matmul_rope_qkv,"(128, 1, 1)","(128, 1, 1)",step03.layer06._matmul_rope_qkv.line1863/_matmul_rope_qkv,bf16_tensor,38400.00000000001,l2,13861440.0,,335544320.0,24.20703188124755,8.738133333333332,ok
554,2366711,0,1,7,_matmul_rope_qkv,"(128, 1, 1)","(128, 1, 1)",step03.layer06._matmul_rope_qkv.line1863/_matmul_rope_qkv,fp32_simt,38400.00000000001,l2,13861440.0,,442368.0,0.03191356742156659,0.011519999999999997,ok
555,2366711,0,1,7,_matmul_abt_scale,"(91, 1, 1)","(128, 1, 1)",step03.layer06._matmul_abt_scale.line1899/_matmul_abt_scale,bf16_tensor,15552.0,l2,2864928.0,,47710208.0,16.65319617107306,3.0677860082304527,ok
555,2366711,0,1,7,_matmul_abt_scale,"(91, 1, 1)","(128, 1, 1)",step03.layer06._matmul_abt_scale.line1899/_matmul_abt_scale,fp32_simt,15552.0,l2,2864928.0,,93184.0,0.03252577377162707,0.005991769547325103,ok
556,2366711,0,1,7,_softmax_prefix_suffix_mask_vector,"(100, 1, 1)","(128, 1, 1)",step03.layer06._softmax_prefix_suffix_mask_vector.line1911/_softmax_prefix_suffix_mask_vector,bf16_tensor,18368.0,l2,566528.0,,0.0,,,zero_counted_flops
556,2366711,0,1,7,_softmax_prefix_suffix_mask_vector,"(100, 1, 1)","(128, 1, 1)",step03.layer06._softmax_prefix_suffix_mask_vector.line1911/_softmax_prefix_suffix_mask_vector,fp32_simt,18368.0,l2,566528.0,,2528000.0,4.462268413917759,0.1376306620209059,ok
557,2366711,0,1,7,_matmul_small,"(104, 1, 1)","(128, 1, 1)",step03.layer06._matmul_small.line1921/_matmul_small,bf16_tensor,17888.000000000004,l2,3425632.0,,54525952.0,15.917048883242567,3.0481860465116273,ok
557,2366711,0,1,7,_matmul_small,"(104, 1, 1)","(128, 1, 1)",step03.layer06._matmul_small.line1921/_matmul_small,fp32_simt,17888.000000000004,l2,3425632.0,,0.0,,,zero_counted_flops
558,2366711,0,1,7,_matmul_small_res_gate_oproj,"(128, 1, 1)","(128, 1, 1)",step03.layer06._matmul_small_res_gate_oproj.line1932/_matmul_small_res_gate_oproj,bf16_tensor,39520.0,l2,14697184.0,,268435456.0,18.264414189820307,6.792395141700404,ok
558,2366711,0,1,7,_matmul_small_res_gate_oproj,"(128, 1, 1)","(128, 1, 1)",step03.layer06._matmul_small_res_gate_oproj.line1932/_matmul_small_res_gate_oproj,fp32_simt,39520.0,l2,14697184.0,,131072.0,0.008918170991123197,0.0033165991902834005,ok
559,2366711,0,1,7,_adarms_norm_kernel,"(50, 1, 1)","(128, 1, 1)",step03.layer06._adarms_norm_kernel.line1945/_adarms_norm_kernel,bf16_tensor,16416.0,l2,467360.0,,0.0,,,zero_counted_flops
559,2366711,0,1,7,_adarms_norm_kernel,"(50, 1, 1)","(128, 1, 1)",step03.layer06._adarms_norm_kernel.line1945/_adarms_norm_kernel,fp32_simt,16416.0,l2,467360.0,,358400.0,0.7668606641561109,0.021832358674463936,ok
560,2366711,0,1,7,_matmul_small_gate,"(1, 64, 1)","(128, 1, 1)",step03.layer06._matmul_small_gate.line1954/_matmul_small_gate,bf16_tensor,79424.0,l2,23340896.0,,1073741824.0,46.002596644104834,13.519110394842867,ok
560,2366711,0,1,7,_matmul_small_gate,"(1, 64, 1)","(128, 1, 1)",step03.layer06._matmul_small_gate.line1954/_matmul_small_gate,fp32_simt,79424.0,l2,23340896.0,,2883584.0,0.12354212965946124,0.03630620467365028,ok
561,2366711,0,1,7,_matmul_small_res_gate_ffn_down,"(64, 1, 1)","(128, 1, 1)",step03.layer06._matmul_small_res_gate_ffn_down.line1971/_matmul_small_res_gate_ffn_down,bf16_tensor,75008.00000000001,l2,39246208.0,,536870912.0,13.67956139864519,7.157515358361773,ok
561,2366711,0,1,7,_matmul_small_res_gate_ffn_down,"(64, 1, 1)","(128, 1, 1)",step03.layer06._matmul_small_res_gate_ffn_down.line1971/_matmul_small_res_gate_ffn_down,fp32_simt,75008.00000000001,l2,39246208.0,,131072.0,0.0033397366695911107,0.0017474402730375423,ok
562,2366711,0,1,7,_adarms_norm_kernel,"(50, 1, 1)","(128, 1, 1)",step03.layer07._adarms_norm_kernel.line1854/_adarms_norm_kernel,bf16_tensor,15808.000000000002,l2,456768.0,,0.0,,,zero_counted_flops
562,2366711,0,1,7,_adarms_norm_kernel,"(50, 1, 1)","(128, 1, 1)",step03.layer07._adarms_norm_kernel.line1854/_adarms_norm_kernel,fp32_simt,15808.000000000002,l2,456768.0,,358400.0,0.7846434075942272,0.022672064777327933,ok
563,2366711,0,1,7,_matmul_rope_qkv,"(128, 1, 1)","(128, 1, 1)",step03.layer07._matmul_rope_qkv.line1863/_matmul_rope_qkv,bf16_tensor,36064.0,l2,13801792.0,,335544320.0,24.31164880618401,9.30413487133984,ok
563,2366711,0,1,7,_matmul_rope_qkv,"(128, 1, 1)","(128, 1, 1)",step03.layer07._matmul_rope_qkv.line1863/_matmul_rope_qkv,fp32_simt,36064.0,l2,13801792.0,,442368.0,0.03205149012534025,0.012266193433895298,ok
564,2366711,0,1,7,_matmul_abt_scale,"(91, 1, 1)","(128, 1, 1)",step03.layer07._matmul_abt_scale.line1899/_matmul_abt_scale,bf16_tensor,17664.000000000004,l2,2857920.0,,47710208.0,16.694032023289665,2.7009855072463766,ok
564,2366711,0,1,7,_matmul_abt_scale,"(91, 1, 1)","(128, 1, 1)",step03.layer07._matmul_abt_scale.line1899/_matmul_abt_scale,fp32_simt,17664.000000000004,l2,2857920.0,,93184.0,0.03260553129548763,0.005275362318840579,ok
565,2366711,0,1,7,_softmax_prefix_suffix_mask_vector,"(100, 1, 1)","(128, 1, 1)",step03.layer07._softmax_prefix_suffix_mask_vector.line1911/_softmax_prefix_suffix_mask_vector,bf16_tensor,18944.0,l2,557696.0,,0.0,,,zero_counted_flops
565,2366711,0,1,7,_softmax_prefix_suffix_mask_vector,"(100, 1, 1)","(128, 1, 1)",step03.layer07._softmax_prefix_suffix_mask_vector.line1911/_softmax_prefix_suffix_mask_vector,fp32_simt,18944.0,l2,557696.0,,2528000.0,4.5329355060821666,0.13344594594594594,ok
566,2366711,0,1,7,_matmul_small,"(104, 1, 1)","(128, 1, 1)",step03.layer07._matmul_small.line1921/_matmul_small,bf16_tensor,17632.0,l2,3421152.0,,54525952.0,15.937892265529271,3.0924428312159713,ok
566,2366711,0,1,7,_matmul_small,"(104, 1, 1)","(128, 1, 1)",step03.layer07._matmul_small.line1921/_matmul_small,fp32_simt,17632.0,l2,3421152.0,,0.0,,,zero_counted_flops
567,2366711,0,1,7,_matmul_small_res_gate_oproj,"(128, 1, 1)","(128, 1, 1)",step03.layer07._matmul_small_res_gate_oproj.line1932/_matmul_small_res_gate_oproj,bf16_tensor,42080.00000000001,l2,14732288.0,,268435456.0,18.22089386251477,6.379169581749049,ok
567,2366711,0,1,7,_matmul_small_res_gate_oproj,"(128, 1, 1)","(128, 1, 1)",step03.layer07._matmul_small_res_gate_oproj.line1932/_matmul_small_res_gate_oproj,fp32_simt,42080.00000000001,l2,14732288.0,,131072.0,0.00889692083130604,0.003114828897338403,ok
568,2366711,0,1,7,_adarms_norm_kernel,"(50, 1, 1)","(128, 1, 1)",step03.layer07._adarms_norm_kernel.line1945/_adarms_norm_kernel,bf16_tensor,16416.0,l2,453568.0,,0.0,,,zero_counted_flops
568,2366711,0,1,7,_adarms_norm_kernel,"(50, 1, 1)","(128, 1, 1)",step03.layer07._adarms_norm_kernel.line1945/_adarms_norm_kernel,fp32_simt,16416.0,l2,453568.0,,358400.0,0.790179201354593,0.021832358674463936,ok
569,2366711,0,1,7,_matmul_small_gate,"(1, 64, 1)","(128, 1, 1)",step03.layer07._matmul_small_gate.line1954/_matmul_small_gate,bf16_tensor,96992.00000000001,l2,23318688.0,,1073741824.0,46.0464080998039,11.070416364236225,ok
569,2366711,0,1,7,_matmul_small_gate,"(1, 64, 1)","(128, 1, 1)",step03.layer07._matmul_small_gate.line1954/_matmul_small_gate,fp32_simt,96992.00000000001,l2,23318688.0,,2883584.0,0.12365978737740305,0.029730122071923454,ok
570,2366711,0,1,7,_matmul_small_res_gate_ffn_down,"(64, 1, 1)","(128, 1, 1)",step03.layer07._matmul_small_res_gate_ffn_down.line1971/_matmul_small_res_gate_ffn_down,bf16_tensor,74208.0,l2,39222144.0,,536870912.0,13.68795423320051,7.234677015955152,ok
570,2366711,0,1,7,_matmul_small_res_gate_ffn_down,"(64, 1, 1)","(128, 1, 1)",step03.layer07._matmul_small_res_gate_ffn_down.line1971/_matmul_small_res_gate_ffn_down,fp32_simt,74208.0,l2,39222144.0,,131072.0,0.0033417857014649685,0.0017662785683484259,ok
571,2366711,0,1,7,_adarms_norm_kernel,"(50, 1, 1)","(128, 1, 1)",step03.layer08._adarms_norm_kernel.line1854/_adarms_norm_kernel,bf16_tensor,15520.0,l2,467552.0,,0.0,,,zero_counted_flops
571,2366711,0,1,7,_adarms_norm_kernel,"(50, 1, 1)","(128, 1, 1)",step03.layer08._adarms_norm_kernel.line1854/_adarms_norm_kernel,fp32_simt,15520.0,l2,467552.0,,358400.0,0.7665457531996441,0.02309278350515464,ok
572,2366711,0,1,7,_matmul_rope_qkv,"(128, 1, 1)","(128, 1, 1)",step03.layer08._matmul_rope_qkv.line1863/_matmul_rope_qkv,bf16_tensor,37504.00000000001,l2,13860992.0,,335544320.0,24.20781427476475,8.946894197952217,ok
572,2366711,0,1,7,_matmul_rope_qkv,"(128, 1, 1)","(128, 1, 1)",step03.layer08._matmul_rope_qkv.line1863/_matmul_rope_qkv,fp32_simt,37504.00000000001,l2,13860992.0,,442368.0,0.03191459889739493,0.01179522184300341,ok
573,2366711,0,1,7,_matmul_abt_scale,"(91, 1, 1)","(128, 1, 1)",step03.layer08._matmul_abt_scale.line1899/_matmul_abt_scale,bf16_tensor,16864.0,l2,2850464.0,,47710208.0,16.73769884481965,2.8291157495256165,ok
573,2366711,0,1,7,_matmul_abt_scale,"(91, 1, 1)","(128, 1, 1)",step03.layer08._matmul_abt_scale.line1899/_matmul_abt_scale,fp32_simt,16864.0,l2,2850464.0,,93184.0,0.03269081805628838,0.00552561669829222,ok
574,2366711,0,1,7,_softmax_prefix_suffix_mask_vector,"(100, 1, 1)","(128, 1, 1)",step03.layer08._softmax_prefix_suffix_mask_vector.line1911/_softmax_prefix_suffix_mask_vector,bf16_tensor,16832.0,l2,560576.0,,0.0,,,zero_counted_flops
574,2366711,0,1,7,_softmax_prefix_suffix_mask_vector,"(100, 1, 1)","(128, 1, 1)",step03.layer08._softmax_prefix_suffix_mask_vector.line1911/_softmax_prefix_suffix_mask_vector,fp32_simt,16832.0,l2,560576.0,,2528000.0,4.509647220002283,0.15019011406844107,ok
575,2366711,0,1,7,_matmul_small,"(104, 1, 1)","(128, 1, 1)",step03.layer08._matmul_small.line1921/_matmul_small,bf16_tensor,16064.0,l2,3413056.0,,54525952.0,15.975698025464569,3.3942948207171315,ok
575,2366711,0,1,7,_matmul_small,"(104, 1, 1)","(128, 1, 1)",step03.layer08._matmul_small.line1921/_matmul_small,fp32_simt,16064.0,l2,3413056.0,,0.0,,,zero_counted_flops
576,2366711,0,1,7,_matmul_small_res_gate_oproj,"(128, 1, 1)","(128, 1, 1)",step03.layer08._matmul_small_res_gate_oproj.line1932/_matmul_small_res_gate_oproj,bf16_tensor,39136.0,l2,14814144.0,,268435456.0,18.1202137632792,6.8590417007358955,ok
576,2366711,0,1,7,_matmul_small_res_gate_oproj,"(128, 1, 1)","(128, 1, 1)",step03.layer08._matmul_small_res_gate_oproj.line1932/_matmul_small_res_gate_oproj,fp32_simt,39136.0,l2,14814144.0,,131072.0,0.008847760626601172,0.003349141455437449,ok
577,2366711,0,1,7,_adarms_norm_kernel,"(50, 1, 1)","(128, 1, 1)",step03.layer08._adarms_norm_kernel.line1945/_adarms_norm_kernel,bf16_tensor,14368.0,l2,462208.0,,0.0,,,zero_counted_flops
577,2366711,0,1,7,_adarms_norm_kernel,"(50, 1, 1)","(128, 1, 1)",step03.layer08._adarms_norm_kernel.line1945/_adarms_norm_kernel,fp32_simt,14368.0,l2,462208.0,,358400.0,0.7754084741068956,0.024944320712694878,ok
578,2366711,0,1,7,_matmul_small_gate,"(1, 64, 1)","(128, 1, 1)",step03.layer08._matmul_small_gate.line1954/_matmul_small_gate,bf16_tensor,87936.0,l2,23348384.0,,1073741824.0,45.987843270009606,12.210491994177582,ok
578,2366711,0,1,7,_matmul_small_gate,"(1, 64, 1)","(128, 1, 1)",step03.layer08._matmul_small_gate.line1954/_matmul_small_gate,fp32_simt,87936.0,l2,23348384.0,,2883584.0,0.12350250878176408,0.03279184861717612,ok
579,2366711,0,1,7,_matmul_small_res_gate_ffn_down,"(64, 1, 1)","(128, 1, 1)",step03.layer08._matmul_small_res_gate_ffn_down.line1971/_matmul_small_res_gate_ffn_down,bf16_tensor,76864.0,l2,39357216.0,,536870912.0,13.640977857783437,6.9846860949208995,ok
579,2366711,0,1,7,_matmul_small_res_gate_ffn_down,"(64, 1, 1)","(128, 1, 1)",step03.layer08._matmul_small_res_gate_ffn_down.line1971/_matmul_small_res_gate_ffn_down,fp32_simt,76864.0,l2,39357216.0,,131072.0,0.0033303168598104093,0.0017052456286427977,ok
580,2366711,0,1,7,_adarms_norm_kernel,"(50, 1, 1)","(128, 1, 1)",step03.layer09._adarms_norm_kernel.line1854/_adarms_norm_kernel,bf16_tensor,16064.0,l2,471584.0,,0.0,,,zero_counted_flops
580,2366711,0,1,7,_adarms_norm_kernel,"(50, 1, 1)","(128, 1, 1)",step03.layer09._adarms_norm_kernel.line1854/_adarms_norm_kernel,fp32_simt,16064.0,l2,471584.0,,358400.0,0.7599918572301011,0.022310756972111552,ok
581,2366711,0,1,7,_matmul_rope_qkv,"(128, 1, 1)","(128, 1, 1)",step03.layer09._matmul_rope_qkv.line1863/_matmul_rope_qkv,bf16_tensor,36512.00000000001,l2,13796672.0,,335544320.0,24.32067095601026,9.189973707274321,ok
581,2366711,0,1,7,_matmul_rope_qkv,"(128, 1, 1)","(128, 1, 1)",step03.layer09._matmul_rope_qkv.line1863/_matmul_rope_qkv,fp32_simt,36512.00000000001,l2,13796672.0,,442368.0,0.03206338456114634,0.012115687992988606,ok
582,2366711,0,1,7,_matmul_abt_scale,"(91, 1, 1)","(128, 1, 1)",step03.layer09._matmul_abt_scale.line1899/_matmul_abt_scale,bf16_tensor,16800.0,l2,2852512.0,,47710208.0,16.72568178503719,2.839893333333333,ok
582,2366711,0,1,7,_matmul_abt_scale,"(91, 1, 1)","(128, 1, 1)",step03.layer09._matmul_abt_scale.line1899/_matmul_abt_scale,fp32_simt,16800.0,l2,2852512.0,,93184.0,0.03266734723640076,0.005546666666666666,ok
583,2366711,0,1,7,_softmax_prefix_suffix_mask_vector,"(100, 1, 1)","(128, 1, 1)",step03.layer09._softmax_prefix_suffix_mask_vector.line1911/_softmax_prefix_suffix_mask_vector,bf16_tensor,16448.000000000004,l2,560416.0,,0.0,,,zero_counted_flops
583,2366711,0,1,7,_softmax_prefix_suffix_mask_vector,"(100, 1, 1)","(128, 1, 1)",step03.layer09._softmax_prefix_suffix_mask_vector.line1911/_softmax_prefix_suffix_mask_vector,fp32_simt,16448.000000000004,l2,560416.0,,2528000.0,4.510934734197454,0.15369649805447466,ok
584,2366711,0,1,7,_matmul_small,"(104, 1, 1)","(128, 1, 1)",step03.layer09._matmul_small.line1921/_matmul_small,bf16_tensor,16896.000000000004,l2,3413088.0,,54525952.0,15.975548242529932,3.2271515151515144,ok
584,2366711,0,1,7,_matmul_small,"(104, 1, 1)","(128, 1, 1)",step03.layer09._matmul_small.line1921/_matmul_small,fp32_simt,16896.000000000004,l2,3413088.0,,0.0,,,zero_counted_flops
585,2366711,0,1,7,_matmul_small_res_gate_oproj,"(128, 1, 1)","(128, 1, 1)",step03.layer09._matmul_small_res_gate_oproj.line1932/_matmul_small_res_gate_oproj,bf16_tensor,39648.00000000001,l2,14715808.0,,268435456.0,18.24129915258476,6.770466505246166,ok
585,2366711,0,1,7,_matmul_small_res_gate_oproj,"(128, 1, 1)","(128, 1, 1)",step03.layer09._matmul_small_res_gate_oproj.line1932/_matmul_small_res_gate_oproj,fp32_simt,39648.00000000001,l2,14715808.0,,131072.0,0.008906884351848027,0.0033058918482647293,ok
586,2366711,0,1,7,_adarms_norm_kernel,"(50, 1, 1)","(128, 1, 1)",step03.layer09._adarms_norm_kernel.line1945/_adarms_norm_kernel,bf16_tensor,14816.0,l2,456928.0,,0.0,,,zero_counted_flops
586,2366711,0,1,7,_adarms_norm_kernel,"(50, 1, 1)","(128, 1, 1)",step03.layer09._adarms_norm_kernel.line1945/_adarms_norm_kernel,fp32_simt,14816.0,l2,456928.0,,358400.0,0.7843686532670355,0.024190064794816415,ok
587,2366711,0,1,7,_matmul_small_gate,"(1, 64, 1)","(128, 1, 1)",step03.layer09._matmul_small_gate.line1954/_matmul_small_gate,bf16_tensor,80992.0,l2,23270080.0,,1073741824.0,46.14259271992189,13.257381272224418,ok
587,2366711,0,1,7,_matmul_small_gate,"(1, 64, 1)","(128, 1, 1)",step03.layer09._matmul_small_gate.line1954/_matmul_small_gate,fp32_simt,80992.0,l2,23270080.0,,2883584.0,0.12391809568338398,0.03560331884630581,ok
588,2366711,0,1,7,_matmul_small_res_gate_ffn_down,"(64, 1, 1)","(128, 1, 1)",step03.layer09._matmul_small_res_gate_ffn_down.line1971/_matmul_small_res_gate_ffn_down,bf16_tensor,79968.0,l2,39331552.0,,536870912.0,13.6498786521315,6.713571828731492,ok
588,2366711,0,1,7,_matmul_small_res_gate_ffn_down,"(64, 1, 1)","(128, 1, 1)",step03.layer09._matmul_small_res_gate_ffn_down.line1971/_matmul_small_res_gate_ffn_down,fp32_simt,79968.0,l2,39331552.0,,131072.0,0.003332489905305542,0.0016390556222488995,ok
589,2366711,0,1,7,_adarms_norm_kernel,"(50, 1, 1)","(128, 1, 1)",step03.layer10._adarms_norm_kernel.line1854/_adarms_norm_kernel,bf16_tensor,15232.0,l2,460320.0,,0.0,,,zero_counted_flops
589,2366711,0,1,7,_adarms_norm_kernel,"(50, 1, 1)","(128, 1, 1)",step03.layer10._adarms_norm_kernel.line1854/_adarms_norm_kernel,fp32_simt,15232.0,l2,460320.0,,358400.0,0.7785888077858881,0.02352941176470588,ok
590,2366711,0,1,7,_matmul_rope_qkv,"(128, 1, 1)","(128, 1, 1)",step03.layer10._matmul_rope_qkv.line1863/_matmul_rope_qkv,bf16_tensor,42080.00000000001,l2,13758528.0,,335544320.0,24.388097331342422,7.9739619771863115,ok
590,2366711,0,1,7,_matmul_rope_qkv,"(128, 1, 1)","(128, 1, 1)",step03.layer10._matmul_rope_qkv.line1863/_matmul_rope_qkv,fp32_simt,42080.00000000001,l2,13758528.0,,442368.0,0.03215227675518777,0.010512547528517109,ok
591,2366711,0,1,7,_matmul_abt_scale,"(91, 1, 1)","(128, 1, 1)",step03.layer10._matmul_abt_scale.line1899/_matmul_abt_scale,bf16_tensor,18464.0,l2,2868704.0,,47710208.0,16.631276004774282,2.583958405545927,ok
591,2366711,0,1,7,_matmul_abt_scale,"(91, 1, 1)","(128, 1, 1)",step03.layer10._matmul_abt_scale.line1899/_matmul_abt_scale,fp32_simt,18464.0,l2,2868704.0,,93184.0,0.03248296094682477,0.005046793760831889,ok
592,2366711,0,1,7,_softmax_prefix_suffix_mask_vector,"(100, 1, 1)","(128, 1, 1)",step03.layer10._softmax_prefix_suffix_mask_vector.line1911/_softmax_prefix_suffix_mask_vector,bf16_tensor,17120.000000000004,l2,560832.0,,0.0,,,zero_counted_flops
592,2366711,0,1,7,_softmax_prefix_suffix_mask_vector,"(100, 1, 1)","(128, 1, 1)",step03.layer10._softmax_prefix_suffix_mask_vector.line1911/_softmax_prefix_suffix_mask_vector,fp32_simt,17120.000000000004,l2,560832.0,,2528000.0,4.507588725322378,0.14766355140186915,ok
593,2366711,0,1,7,_matmul_small,"(104, 1, 1)","(128, 1, 1)",step03.layer10._matmul_small.line1921/_matmul_small,bf16_tensor,16704.0,l2,3412576.0,,54525952.0,15.97794510657052,3.264245210727969,ok
593,2366711,0,1,7,_matmul_small,"(104, 1, 1)","(128, 1, 1)",step03.layer10._matmul_small.line1921/_matmul_small,fp32_simt,16704.0,l2,3412576.0,,0.0,,,zero_counted_flops
594,2366711,0,1,7,_matmul_small_res_gate_oproj,"(128, 1, 1)","(128, 1, 1)",step03.layer10._matmul_small_res_gate_oproj.line1932/_matmul_small_res_gate_oproj,bf16_tensor,37984.0,l2,14720640.0,,268435456.0,18.235311508195295,7.067066554338669,ok
594,2366711,0,1,7,_matmul_small_res_gate_oproj,"(128, 1, 1)","(128, 1, 1)",step03.layer10._matmul_small_res_gate_oproj.line1932/_matmul_small_res_gate_oproj,fp32_simt,37984.0,l2,14720640.0,,131072.0,0.008903960697360984,0.003450716090985678,ok
595,2366711,0,1,7,_adarms_norm_kernel,"(50, 1, 1)","(128, 1, 1)",step03.layer10._adarms_norm_kernel.line1945/_adarms_norm_kernel,bf16_tensor,12704.0,l2,457856.0,,0.0,,,zero_counted_flops
595,2366711,0,1,7,_adarms_norm_kernel,"(50, 1, 1)","(128, 1, 1)",step03.layer10._adarms_norm_kernel.line1945/_adarms_norm_kernel,fp32_simt,12704.0,l2,457856.0,,358400.0,0.7827788649706457,0.028211586901763223,ok
596,2366711,0,1,7,_matmul_small_gate,"(1, 64, 1)","(128, 1, 1)",step03.layer10._matmul_small_gate.line1954/_matmul_small_gate,bf16_tensor,91936.00000000001,l2,23356000.0,,1073741824.0,45.972847405377635,11.679231465367211,ok
596,2366711,0,1,7,_matmul_small_gate,"(1, 64, 1)","(128, 1, 1)",step03.layer10._matmul_small_gate.line1954/_matmul_small_gate,fp32_simt,91936.00000000001,l2,23356000.0,,2883584.0,0.12346223668436376,0.03136512356421858,ok
597,2366711,0,1,7,_matmul_small_res_gate_ffn_down,"(64, 1, 1)","(128, 1, 1)",step03.layer10._matmul_small_res_gate_ffn_down.line1971/_matmul_small_res_gate_ffn_down,bf16_tensor,75680.0,l2,39354752.0,,536870912.0,13.641831919052622,7.093960253699788,ok
597,2366711,0,1,7,_matmul_small_res_gate_ffn_down,"(64, 1, 1)","(128, 1, 1)",step03.layer10._matmul_small_res_gate_ffn_down.line1971/_matmul_small_res_gate_ffn_down,fp32_simt,75680.0,l2,39354752.0,,131072.0,0.0033305253708624566,0.0017319238900634249,ok
598,2366711,0,1,7,_adarms_norm_kernel,"(50, 1, 1)","(128, 1, 1)",step03.layer11._adarms_norm_kernel.line1854/_adarms_norm_kernel,bf16_tensor,14048.000000000002,l2,468000.0,,0.0,,,zero_counted_flops
598,2366711,0,1,7,_adarms_norm_kernel,"(50, 1, 1)","(128, 1, 1)",step03.layer11._adarms_norm_kernel.line1854/_adarms_norm_kernel,fp32_simt,14048.000000000002,l2,468000.0,,358400.0,0.7658119658119659,0.025512528473804096,ok
599,2366711,0,1,7,_matmul_rope_qkv,"(128, 1, 1)","(128, 1, 1)",step03.layer11._matmul_rope_qkv.line1863/_matmul_rope_qkv,bf16_tensor,36960.00000000001,l2,13811968.0,,335544320.0,24.293737141586195,9.078580086580086,ok
599,2366711,0,1,7,_matmul_rope_qkv,"(128, 1, 1)","(128, 1, 1)",step03.layer11._matmul_rope_qkv.line1863/_matmul_rope_qkv,fp32_simt,36960.00000000001,l2,13811968.0,,442368.0,0.032027876114395865,0.011968831168831167,ok
600,2366711,0,1,7,_matmul_abt_scale,"(91, 1, 1)","(128, 1, 1)",step03.layer11._matmul_abt_scale.line1899/_matmul_abt_scale,bf16_tensor,15904.000000000002,l2,2835616.0,,47710208.0,16.825341654159097,2.9998873239436614,ok
600,2366711,0,1,7,_matmul_abt_scale,"(91, 1, 1)","(128, 1, 1)",step03.layer11._matmul_abt_scale.line1899/_matmul_abt_scale,fp32_simt,15904.000000000002,l2,2835616.0,,93184.0,0.032861995418279485,0.005859154929577464,ok
601,2366711,0,1,7,_softmax_prefix_suffix_mask_vector,"(100, 1, 1)","(128, 1, 1)",step03.layer11._softmax_prefix_suffix_mask_vector.line1911/_softmax_prefix_suffix_mask_vector,bf16_tensor,19456.0,l2,567200.0,,0.0,,,zero_counted_flops
601,2366711,0,1,7,_softmax_prefix_suffix_mask_vector,"(100, 1, 1)","(128, 1, 1)",step03.layer11._softmax_prefix_suffix_mask_vector.line1911/_softmax_prefix_suffix_mask_vector,fp32_simt,19456.0,l2,567200.0,,2528000.0,4.456981664315938,0.1299342105263158,ok
602,2366711,0,1,7,_matmul_small,"(104, 1, 1)","(128, 1, 1)",step03.layer11._matmul_small.line1921/_matmul_small,bf16_tensor,17376.0,l2,3417344.0,,54525952.0,15.955652108772192,3.138003683241252,ok
602,2366711,0,1,7,_matmul_small,"(104, 1, 1)","(128, 1, 1)",step03.layer11._matmul_small.line1921/_matmul_small,fp32_simt,17376.0,l2,3417344.0,,0.0,,,zero_counted_flops
603,2366711,0,1,7,_matmul_small_res_gate_oproj,"(128, 1, 1)","(128, 1, 1)",step03.layer11._matmul_small_res_gate_oproj.line1932/_matmul_small_res_gate_oproj,bf16_tensor,38944.00000000001,l2,14728256.0,,268435456.0,18.225882005310066,6.89285784716516,ok
603,2366711,0,1,7,_matmul_small_res_gate_oproj,"(128, 1, 1)","(128, 1, 1)",step03.layer11._matmul_small_res_gate_oproj.line1932/_matmul_small_res_gate_oproj,fp32_simt,38944.00000000001,l2,14728256.0,,131072.0,0.008899356447905305,0.003365653245686113,ok
604,2366711,0,1,7,_adarms_norm_kernel,"(50, 1, 1)","(128, 1, 1)",step03.layer11._adarms_norm_kernel.line1945/_adarms_norm_kernel,bf16_tensor,13152.0,l2,458240.0,,0.0,,,zero_counted_flops
604,2366711,0,1,7,_adarms_norm_kernel,"(50, 1, 1)","(128, 1, 1)",step03.layer11._adarms_norm_kernel.line1945/_adarms_norm_kernel,fp32_simt,13152.0,l2,458240.0,,358400.0,0.7821229050279329,0.02725060827250608,ok
605,2366711,0,1,7,_matmul_small_gate,"(1, 64, 1)","(128, 1, 1)",step03.layer11._matmul_small_gate.line1954/_matmul_small_gate,bf16_tensor,84320.0,l2,23362848.0,,1073741824.0,45.95937207655505,12.734129791271346,ok
605,2366711,0,1,7,_matmul_small_gate,"(1, 64, 1)","(128, 1, 1)",step03.layer11._matmul_small_gate.line1954/_matmul_small_gate,fp32_simt,84320.0,l2,23362848.0,,2883584.0,0.12342604805715468,0.03419810246679317,ok
606,2366711,0,1,7,_matmul_small_res_gate_ffn_down,"(64, 1, 1)","(128, 1, 1)",step03.layer11._matmul_small_res_gate_ffn_down.line1971/_matmul_small_res_gate_ffn_down,bf16_tensor,73408.0,l2,39169280.0,,536870912.0,13.70642789451325,7.313520488230166,ok
606,2366711,0,1,7,_matmul_small_res_gate_ffn_down,"(64, 1, 1)","(128, 1, 1)",step03.layer11._matmul_small_res_gate_ffn_down.line1971/_matmul_small_res_gate_ffn_down,fp32_simt,73408.0,l2,39169280.0,,131072.0,0.003346295872683899,0.001785527462946818,ok
607,2366711,0,1,7,_adarms_norm_kernel,"(50, 1, 1)","(128, 1, 1)",step03.layer12._adarms_norm_kernel.line1854/_adarms_norm_kernel,bf16_tensor,12096.0,l2,460832.0,,0.0,,,zero_counted_flops
607,2366711,0,1,7,_adarms_norm_kernel,"(50, 1, 1)","(128, 1, 1)",step03.layer12._adarms_norm_kernel.line1854/_adarms_norm_kernel,fp32_simt,12096.0,l2,460832.0,,358400.0,0.7777237691826957,0.029629629629629627,ok
608,2366711,0,1,7,_matmul_rope_qkv,"(128, 1, 1)","(128, 1, 1)",step03.layer12._matmul_rope_qkv.line1863/_matmul_rope_qkv,bf16_tensor,38016.0,l2,13828544.0,,335544320.0,24.264616723206725,8.826397306397304,ok
608,2366711,0,1,7,_matmul_rope_qkv,"(128, 1, 1)","(128, 1, 1)",step03.layer12._matmul_rope_qkv.line1863/_matmul_rope_qkv,fp32_simt,38016.0,l2,13828544.0,,442368.0,0.03198948493782136,0.011636363636363636,ok
609,2366711,0,1,7,_matmul_abt_scale,"(91, 1, 1)","(128, 1, 1)",step03.layer12._matmul_abt_scale.line1899/_matmul_abt_scale,bf16_tensor,19296.0,l2,2852320.0,,47710208.0,16.726807651315422,2.472543946932007,ok
609,2366711,0,1,7,_matmul_abt_scale,"(91, 1, 1)","(128, 1, 1)",step03.layer12._matmul_abt_scale.line1899/_matmul_abt_scale,fp32_simt,19296.0,l2,2852320.0,,93184.0,0.032669546193975434,0.004829187396351576,ok
610,2366711,0,1,7,_softmax_prefix_suffix_mask_vector,"(100, 1, 1)","(128, 1, 1)",step03.layer12._softmax_prefix_suffix_mask_vector.line1911/_softmax_prefix_suffix_mask_vector,bf16_tensor,19584.0,l2,566848.0,,0.0,,,zero_counted_flops
610,2366711,0,1,7,_softmax_prefix_suffix_mask_vector,"(100, 1, 1)","(128, 1, 1)",step03.layer12._softmax_prefix_suffix_mask_vector.line1911/_softmax_prefix_suffix_mask_vector,fp32_simt,19584.0,l2,566848.0,,2528000.0,4.45974935079598,0.12908496732026142,ok
611,2366711,0,1,7,_matmul_small,"(104, 1, 1)","(128, 1, 1)",step03.layer12._matmul_small.line1921/_matmul_small,bf16_tensor,16416.0,l2,3420352.0,,54525952.0,15.941620043784967,3.321512670565302,ok
611,2366711,0,1,7,_matmul_small,"(104, 1, 1)","(128, 1, 1)",step03.layer12._matmul_small.line1921/_matmul_small,fp32_simt,16416.0,l2,3420352.0,,0.0,,,zero_counted_flops
612,2366711,0,1,7,_matmul_small_res_gate_oproj,"(128, 1, 1)","(128, 1, 1)",step03.layer12._matmul_small_res_gate_oproj.line1932/_matmul_small_res_gate_oproj,bf16_tensor,39776.0,l2,14718400.0,,268435456.0,18.238086748559628,6.748679002413516,ok
612,2366711,0,1,7,_matmul_small_res_gate_oproj,"(128, 1, 1)","(128, 1, 1)",step03.layer12._matmul_small_res_gate_oproj.line1932/_matmul_small_res_gate_oproj,fp32_simt,39776.0,l2,14718400.0,,131072.0,0.00890531579519513,0.0032952534191472245,ok
613,2366711,0,1,7,_adarms_norm_kernel,"(50, 1, 1)","(128, 1, 1)",step03.layer12._adarms_norm_kernel.line1945/_adarms_norm_kernel,bf16_tensor,17312.0,l2,459968.0,,0.0,,,zero_counted_flops
613,2366711,0,1,7,_adarms_norm_kernel,"(50, 1, 1)","(128, 1, 1)",step03.layer12._adarms_norm_kernel.line1945/_adarms_norm_kernel,fp32_simt,17312.0,l2,459968.0,,358400.0,0.7791846389314039,0.020702402957486137,ok
614,2366711,0,1,7,_matmul_small_gate,"(1, 64, 1)","(128, 1, 1)",step03.layer12._matmul_small_gate.line1954/_matmul_small_gate,bf16_tensor,79168.0,l2,23318400.0,,1073741824.0,46.04697680801427,13.562826192400971,ok
614,2366711,0,1,7,_matmul_small_gate,"(1, 64, 1)","(128, 1, 1)",step03.layer12._matmul_small_gate.line1954/_matmul_small_gate,fp32_simt,79168.0,l2,23318400.0,,2883584.0,0.1236613146699602,0.03642360549717058,ok
615,2366711,0,1,7,_matmul_small_res_gate_ffn_down,"(64, 1, 1)","(128, 1, 1)",step03.layer12._matmul_small_res_gate_ffn_down.line1971/_matmul_small_res_gate_ffn_down,bf16_tensor,76768.00000000001,l2,39360416.0,,536870912.0,13.639868846914625,6.993420591913297,ok
615,2366711,0,1,7,_matmul_small_res_gate_ffn_down,"(64, 1, 1)","(128, 1, 1)",step03.layer12._matmul_small_res_gate_ffn_down.line1971/_matmul_small_res_gate_ffn_down,fp32_simt,76768.00000000001,l2,39360416.0,,131072.0,0.003330046105203766,0.0017073780741975822,ok
616,2366711,0,1,7,_adarms_norm_kernel,"(50, 1, 1)","(128, 1, 1)",step03.layer13._adarms_norm_kernel.line1854/_adarms_norm_kernel,bf16_tensor,14176.000000000002,l2,456192.0,,0.0,,,zero_counted_flops
616,2366711,0,1,7,_adarms_norm_kernel,"(50, 1, 1)","(128, 1, 1)",step03.layer13._adarms_norm_kernel.line1854/_adarms_norm_kernel,fp32_simt,14176.000000000002,l2,456192.0,,358400.0,0.7856341189674523,0.025282167042889388,ok
617,2366711,0,1,7,_matmul_rope_qkv,"(128, 1, 1)","(128, 1, 1)",step03.layer13._matmul_rope_qkv.line1863/_matmul_rope_qkv,bf16_tensor,37056.0,l2,13800224.0,,335544320.0,24.314411128399076,9.055060449050085,ok
617,2366711,0,1,7,_matmul_rope_qkv,"(128, 1, 1)","(128, 1, 1)",step03.layer13._matmul_rope_qkv.line1863/_matmul_rope_qkv,fp32_simt,37056.0,l2,13800224.0,,442368.0,0.03205513185872925,0.011937823834196892,ok
618,2366711,0,1,7,_matmul_abt_scale,"(91, 1, 1)","(128, 1, 1)",step03.layer13._matmul_abt_scale.line1899/_matmul_abt_scale,bf16_tensor,18528.0,l2,2865440.0,,47710208.0,16.650220559495224,2.575032815198618,ok
618,2366711,0,1,7,_matmul_abt_scale,"(91, 1, 1)","(128, 1, 1)",step03.layer13._matmul_abt_scale.line1899/_matmul_abt_scale,fp32_simt,18528.0,l2,2865440.0,,93184.0,0.03251996203026411,0.005029360967184801,ok
619,2366711,0,1,7,_softmax_prefix_suffix_mask_vector,"(100, 1, 1)","(128, 1, 1)",step03.layer13._softmax_prefix_suffix_mask_vector.line1911/_softmax_prefix_suffix_mask_vector,bf16_tensor,18400.0,l2,567264.0,,0.0,,,zero_counted_flops
619,2366711,0,1,7,_softmax_prefix_suffix_mask_vector,"(100, 1, 1)","(128, 1, 1)",step03.layer13._softmax_prefix_suffix_mask_vector.line1911/_softmax_prefix_suffix_mask_vector,fp32_simt,18400.0,l2,567264.0,,2528000.0,4.456478817622835,0.1373913043478261,ok
620,2366711,0,1,7,_matmul_small,"(104, 1, 1)","(128, 1, 1)",step03.layer13._matmul_small.line1921/_matmul_small,bf16_tensor,16864.0,l2,3423680.0,,54525952.0,15.926123936816525,3.233275142314991,ok
620,2366711,0,1,7,_matmul_small,"(104, 1, 1)","(128, 1, 1)",step03.layer13._matmul_small.line1921/_matmul_small,fp32_simt,16864.0,l2,3423680.0,,0.0,,,zero_counted_flops
621,2366711,0,1,7,_matmul_small_res_gate_oproj,"(128, 1, 1)","(128, 1, 1)",step03.layer13._matmul_small_res_gate_oproj.line1932/_matmul_small_res_gate_oproj,bf16_tensor,40800.0,l2,14721696.0,,268435456.0,18.234003473512836,6.5793003921568625,ok
621,2366711,0,1,7,_matmul_small_res_gate_oproj,"(128, 1, 1)","(128, 1, 1)",step03.layer13._matmul_small_res_gate_oproj.line1932/_matmul_small_res_gate_oproj,fp32_simt,40800.0,l2,14721696.0,,131072.0,0.00890332200855119,0.003212549019607843,ok
622,2366711,0,1,7,_adarms_norm_kernel,"(50, 1, 1)","(128, 1, 1)",step03.layer13._adarms_norm_kernel.line1945/_adarms_norm_kernel,bf16_tensor,14016.000000000002,l2,453792.0,,0.0,,,zero_counted_flops
622,2366711,0,1,7,_adarms_norm_kernel,"(50, 1, 1)","(128, 1, 1)",step03.layer13._adarms_norm_kernel.line1945/_adarms_norm_kernel,fp32_simt,14016.000000000002,l2,453792.0,,358400.0,0.7897891545025033,0.02557077625570776,ok
623,2366711,0,1,7,_matmul_small_gate,"(1, 64, 1)","(128, 1, 1)",step03.layer13._matmul_small_gate.line1954/_matmul_small_gate,bf16_tensor,79392.0,l2,23334720.0,,1073741824.0,46.01477215068362,13.524559451833937,ok
623,2366711,0,1,7,_matmul_small_gate,"(1, 64, 1)","(128, 1, 1)",step03.layer13._matmul_small_gate.line1954/_matmul_small_gate,fp32_simt,79392.0,l2,23334720.0,,2883584.0,0.12357482755310542,0.036320838371624344,ok
624,2366711,0,1,7,_matmul_small_res_gate_ffn_down,"(64, 1, 1)","(128, 1, 1)",step03.layer13._matmul_small_res_gate_ffn_down.line1971/_matmul_small_res_gate_ffn_down,bf16_tensor,73376.00000000001,l2,39421280.0,,536870912.0,13.618809739308313,7.3167099869167025,ok
624,2366711,0,1,7,_matmul_small_res_gate_ffn_down,"(64, 1, 1)","(128, 1, 1)",step03.layer13._matmul_small_res_gate_ffn_down.line1971/_matmul_small_res_gate_ffn_down,fp32_simt,73376.00000000001,l2,39421280.0,,131072.0,0.0033249047215108186,0.0017863061491495856,ok
625,2366711,0,1,7,_adarms_norm_kernel,"(50, 1, 1)","(128, 1, 1)",step03.layer14._adarms_norm_kernel.line1854/_adarms_norm_kernel,bf16_tensor,14400.000000000002,l2,460064.0,,0.0,,,zero_counted_flops
625,2366711,0,1,7,_adarms_norm_kernel,"(50, 1, 1)","(128, 1, 1)",step03.layer14._adarms_norm_kernel.line1854/_adarms_norm_kernel,fp32_simt,14400.000000000002,l2,460064.0,,358400.0,0.7790220491062113,0.024888888888888884,ok
626,2366711,0,1,7,_matmul_rope_qkv,"(128, 1, 1)","(128, 1, 1)",step03.layer14._matmul_rope_qkv.line1863/_matmul_rope_qkv,bf16_tensor,36928.0,l2,13784992.0,,335544320.0,24.3412778186596,9.086447140381281,ok
626,2366711,0,1,7,_matmul_rope_qkv,"(128, 1, 1)","(128, 1, 1)",step03.layer14._matmul_rope_qkv.line1863/_matmul_rope_qkv,fp32_simt,36928.0,l2,13784992.0,,442368.0,0.03209055181170943,0.011979202772963604,ok
627,2366711,0,1,7,_matmul_abt_scale,"(91, 1, 1)","(128, 1, 1)",step03.layer14._matmul_abt_scale.line1899/_matmul_abt_scale,bf16_tensor,16576.000000000004,l2,2832704.0,,47710208.0,16.842637988296694,2.87827027027027,ok
627,2366711,0,1,7,_matmul_abt_scale,"(91, 1, 1)","(128, 1, 1)",step03.layer14._matmul_abt_scale.line1899/_matmul_abt_scale,fp32_simt,16576.000000000004,l2,2832704.0,,93184.0,0.03289577732089198,0.005621621621621621,ok
628,2366711,0,1,7,_softmax_prefix_suffix_mask_vector,"(100, 1, 1)","(128, 1, 1)",step03.layer14._softmax_prefix_suffix_mask_vector.line1911/_softmax_prefix_suffix_mask_vector,bf16_tensor,14048.000000000002,l2,557312.0,,0.0,,,zero_counted_flops
628,2366711,0,1,7,_softmax_prefix_suffix_mask_vector,"(100, 1, 1)","(128, 1, 1)",step03.layer14._softmax_prefix_suffix_mask_vector.line1911/_softmax_prefix_suffix_mask_vector,fp32_simt,14048.000000000002,l2,557312.0,,2528000.0,4.536058796508957,0.1799544419134396,ok
629,2366711,0,1,7,_matmul_small,"(104, 1, 1)","(128, 1, 1)",step03.layer14._matmul_small.line1921/_matmul_small,bf16_tensor,18240.0,l2,3427040.0,,54525952.0,15.910509360847845,2.9893614035087714,ok
629,2366711,0,1,7,_matmul_small,"(104, 1, 1)","(128, 1, 1)",step03.layer14._matmul_small.line1921/_matmul_small,fp32_simt,18240.0,l2,3427040.0,,0.0,,,zero_counted_flops
630,2366711,0,1,7,_matmul_small_res_gate_oproj,"(128, 1, 1)","(128, 1, 1)",step03.layer14._matmul_small_res_gate_oproj.line1932/_matmul_small_res_gate_oproj,bf16_tensor,39552.0,l2,14690560.0,,268435456.0,18.27264964712033,6.786899676375405,ok
630,2366711,0,1,7,_matmul_small_res_gate_oproj,"(128, 1, 1)","(128, 1, 1)",step03.layer14._matmul_small_res_gate_oproj.line1932/_matmul_small_res_gate_oproj,fp32_simt,39552.0,l2,14690560.0,,131072.0,0.008922192210507973,0.003313915857605178,ok
631,2366711,0,1,7,_adarms_norm_kernel,"(50, 1, 1)","(128, 1, 1)",step03.layer14._adarms_norm_kernel.line1945/_adarms_norm_kernel,bf16_tensor,15488.000000000002,l2,456352.0,,0.0,,,zero_counted_flops
631,2366711,0,1,7,_adarms_norm_kernel,"(50, 1, 1)","(128, 1, 1)",step03.layer14._adarms_norm_kernel.line1945/_adarms_norm_kernel,fp32_simt,15488.000000000002,l2,456352.0,,358400.0,0.785358670499965,0.023140495867768594,ok
632,2366711,0,1,7,_matmul_small_gate,"(1, 64, 1)","(128, 1, 1)",step03.layer14._matmul_small_gate.line1954/_matmul_small_gate,bf16_tensor,82944.00000000001,l2,23316352.0,,1073741824.0,46.05102136045982,12.94538271604938,ok
632,2366711,0,1,7,_matmul_small_gate,"(1, 64, 1)","(128, 1, 1)",step03.layer14._matmul_small_gate.line1954/_matmul_small_gate,fp32_simt,82944.00000000001,l2,23316352.0,,2883584.0,0.12367217650514112,0.034765432098765425,ok
633,2366711,0,1,7,_matmul_small_res_gate_ffn_down,"(64, 1, 1)","(128, 1, 1)",step03.layer14._matmul_small_res_gate_ffn_down.line1971/_matmul_small_res_gate_ffn_down,bf16_tensor,73600.0,l2,39311584.0,,536870912.0,13.656811997196552,7.294441739130434,ok
633,2366711,0,1,7,_matmul_small_res_gate_ffn_down,"(64, 1, 1)","(128, 1, 1)",step03.layer14._matmul_small_res_gate_ffn_down.line1971/_matmul_small_res_gate_ffn_down,fp32_simt,73600.0,l2,39311584.0,,131072.0,0.0033341826165030645,0.0017808695652173911,ok
634,2366711,0,1,7,_adarms_norm_kernel,"(50, 1, 1)","(128, 1, 1)",step03.layer15._adarms_norm_kernel.line1854/_adarms_norm_kernel,bf16_tensor,16224.000000000002,l2,468320.0,,0.0,,,zero_counted_flops
634,2366711,0,1,7,_adarms_norm_kernel,"(50, 1, 1)","(128, 1, 1)",step03.layer15._adarms_norm_kernel.line1854/_adarms_norm_kernel,fp32_simt,16224.000000000002,l2,468320.0,,358400.0,0.7652886914929963,0.02209072978303747,ok
635,2366711,0,1,7,_matmul_rope_qkv,"(128, 1, 1)","(128, 1, 1)",step03.layer15._matmul_rope_qkv.line1863/_matmul_rope_qkv,bf16_tensor,37888.0,l2,13765760.0,,335544320.0,24.37528476451718,8.856216216216216,ok
635,2366711,0,1,7,_matmul_rope_qkv,"(128, 1, 1)","(128, 1, 1)",step03.layer15._matmul_rope_qkv.line1863/_matmul_rope_qkv,fp32_simt,37888.0,l2,13765760.0,,442368.0,0.03213538518759589,0.011675675675675677,ok
636,2366711,0,1,7,_matmul_abt_scale,"(91, 1, 1)","(128, 1, 1)",step03.layer15._matmul_abt_scale.line1899/_matmul_abt_scale,bf16_tensor,15744.0,l2,2837760.0,,47710208.0,16.812629679747406,3.0303739837398376,ok
636,2366711,0,1,7,_matmul_abt_scale,"(91, 1, 1)","(128, 1, 1)",step03.layer15._matmul_abt_scale.line1899/_matmul_abt_scale,fp32_simt,15744.0,l2,2837760.0,,93184.0,0.03283716734325665,0.00591869918699187,ok
637,2366711,0,1,7,_softmax_prefix_suffix_mask_vector,"(100, 1, 1)","(128, 1, 1)",step03.layer15._softmax_prefix_suffix_mask_vector.line1911/_softmax_prefix_suffix_mask_vector,bf16_tensor,19328.000000000004,l2,567136.0,,0.0,,,zero_counted_flops
637,2366711,0,1,7,_softmax_prefix_suffix_mask_vector,"(100, 1, 1)","(128, 1, 1)",step03.layer15._softmax_prefix_suffix_mask_vector.line1911/_softmax_prefix_suffix_mask_vector,fp32_simt,19328.000000000004,l2,567136.0,,2528000.0,4.457484624499238,0.13079470198675497,ok
638,2366711,0,1,7,_matmul_small,"(104, 1, 1)","(128, 1, 1)",step03.layer15._matmul_small.line1921/_matmul_small,bf16_tensor,11712.0,l2,3409856.0,,54525952.0,15.990690515963138,4.655562841530054,ok
638,2366711,0,1,7,_matmul_small,"(104, 1, 1)","(128, 1, 1)",step03.layer15._matmul_small.line1921/_matmul_small,fp32_simt,11712.0,l2,3409856.0,,0.0,,,zero_counted_flops
639,2366711,0,1,7,_matmul_small_res_gate_oproj,"(128, 1, 1)","(128, 1, 1)",step03.layer15._matmul_small_res_gate_oproj.line1932/_matmul_small_res_gate_oproj,bf16_tensor,40032.00000000001,l2,14690720.0,,268435456.0,18.27245063550323,6.7055219824140675,ok
639,2366711,0,1,7,_matmul_small_res_gate_oproj,"(128, 1, 1)","(128, 1, 1)",step03.layer15._matmul_small_res_gate_oproj.line1932/_matmul_small_res_gate_oproj,fp32_simt,40032.00000000001,l2,14690720.0,,131072.0,0.008922095036866811,0.003274180655475619,ok
640,2366711,0,1,7,_adarms_norm_kernel,"(50, 1, 1)","(128, 1, 1)",step03.layer15._adarms_norm_kernel.line1945/_adarms_norm_kernel,bf16_tensor,16448.000000000004,l2,470944.0,,0.0,,,zero_counted_flops
640,2366711,0,1,7,_adarms_norm_kernel,"(50, 1, 1)","(128, 1, 1)",step03.layer15._adarms_norm_kernel.line1945/_adarms_norm_kernel,fp32_simt,16448.000000000004,l2,470944.0,,358400.0,0.7610246653529932,0.021789883268482486,ok
641,2366711,0,1,7,_matmul_small_gate,"(1, 64, 1)","(128, 1, 1)",step03.layer15._matmul_small_gate.line1954/_matmul_small_gate,bf16_tensor,93312.0,l2,23353888.0,,1073741824.0,45.97700494238904,11.507006858710563,ok
641,2366711,0,1,7,_matmul_small_gate,"(1, 64, 1)","(128, 1, 1)",step03.layer15._matmul_small_gate.line1954/_matmul_small_gate,fp32_simt,93312.0,l2,23353888.0,,2883584.0,0.12347340194489242,0.03090260631001372,ok
642,2366711,0,1,7,_matmul_small_res_gate_ffn_down,"(64, 1, 1)","(128, 1, 1)",step03.layer15._matmul_small_res_gate_ffn_down.line1971/_matmul_small_res_gate_ffn_down,bf16_tensor,74016.0,l2,39403424.0,,536870912.0,13.624981219906168,7.25344401210549,ok
642,2366711,0,1,7,_matmul_small_res_gate_ffn_down,"(64, 1, 1)","(128, 1, 1)",step03.layer15._matmul_small_res_gate_ffn_down.line1971/_matmul_small_res_gate_ffn_down,fp32_simt,74016.0,l2,39403424.0,,131072.0,0.0033264114306411543,0.0017708603545179419,ok
643,2366711,0,1,7,_adarms_norm_kernel,"(50, 1, 1)","(128, 1, 1)",step03.layer16._adarms_norm_kernel.line1854/_adarms_norm_kernel,bf16_tensor,14080.0,l2,456672.0,,0.0,,,zero_counted_flops
643,2366711,0,1,7,_adarms_norm_kernel,"(50, 1, 1)","(128, 1, 1)",step03.layer16._adarms_norm_kernel.line1854/_adarms_norm_kernel,fp32_simt,14080.0,l2,456672.0,,358400.0,0.7848083526031813,0.025454545454545452,ok
644,2366711,0,1,7,_matmul_rope_qkv,"(128, 1, 1)","(128, 1, 1)",step03.layer16._matmul_rope_qkv.line1863/_matmul_rope_qkv,bf16_tensor,35872.00000000001,l2,13766400.0,,335544320.0,24.374151557415157,9.35393398751115,ok
644,2366711,0,1,7,_matmul_rope_qkv,"(128, 1, 1)","(128, 1, 1)",step03.layer16._matmul_rope_qkv.line1863/_matmul_rope_qkv,fp32_simt,35872.00000000001,l2,13766400.0,,442368.0,0.032133891213389124,0.012331846565566457,ok
645,2366711,0,1,7,_matmul_abt_scale,"(91, 1, 1)","(128, 1, 1)",step03.layer16._matmul_abt_scale.line1899/_matmul_abt_scale,bf16_tensor,15808.000000000002,l2,2860160.0,,47710208.0,16.680957708659655,3.0181052631578944,ok
645,2366711,0,1,7,_matmul_abt_scale,"(91, 1, 1)","(128, 1, 1)",step03.layer16._matmul_abt_scale.line1899/_matmul_abt_scale,fp32_simt,15808.000000000002,l2,2860160.0,,93184.0,0.03257999552472589,0.0058947368421052625,ok
646,2366711,0,1,7,_softmax_prefix_suffix_mask_vector,"(100, 1, 1)","(128, 1, 1)",step03.layer16._softmax_prefix_suffix_mask_vector.line1911/_softmax_prefix_suffix_mask_vector,bf16_tensor,17152.0,l2,563840.0,,0.0,,,zero_counted_flops
646,2366711,0,1,7,_softmax_prefix_suffix_mask_vector,"(100, 1, 1)","(128, 1, 1)",step03.layer16._softmax_prefix_suffix_mask_vector.line1911/_softmax_prefix_suffix_mask_vector,fp32_simt,17152.0,l2,563840.0,,2528000.0,4.483541430192963,0.14738805970149252,ok
647,2366711,0,1,7,_matmul_small,"(104, 1, 1)","(128, 1, 1)",step03.layer16._matmul_small.line1921/_matmul_small,bf16_tensor,17888.000000000004,l2,3417536.0,,54525952.0,15.954755707035712,3.0481860465116273,ok
647,2366711,0,1,7,_matmul_small,"(104, 1, 1)","(128, 1, 1)",step03.layer16._matmul_small.line1921/_matmul_small,fp32_simt,17888.000000000004,l2,3417536.0,,0.0,,,zero_counted_flops
648,2366711,0,1,7,_matmul_small_res_gate_oproj,"(128, 1, 1)","(128, 1, 1)",step03.layer16._matmul_small_res_gate_oproj.line1932/_matmul_small_res_gate_oproj,bf16_tensor,39904.0,l2,14774496.0,,268435456.0,18.168840141822773,6.727031275060144,ok
648,2366711,0,1,7,_matmul_small_res_gate_oproj,"(128, 1, 1)","(128, 1, 1)",step03.layer16._matmul_small_res_gate_oproj.line1932/_matmul_small_res_gate_oproj,fp32_simt,39904.0,l2,14774496.0,,131072.0,0.008871503975499401,0.003284683239775461,ok
649,2366711,0,1,7,_adarms_norm_kernel,"(50, 1, 1)","(128, 1, 1)",step03.layer16._adarms_norm_kernel.line1945/_adarms_norm_kernel,bf16_tensor,12832.0,l2,457568.0,,0.0,,,zero_counted_flops
649,2366711,0,1,7,_adarms_norm_kernel,"(50, 1, 1)","(128, 1, 1)",step03.layer16._adarms_norm_kernel.line1945/_adarms_norm_kernel,fp32_simt,12832.0,l2,457568.0,,358400.0,0.7832715574515701,0.027930174563591023,ok
650,2366711,0,1,7,_matmul_small_gate,"(1, 64, 1)","(128, 1, 1)",step03.layer16._matmul_small_gate.line1954/_matmul_small_gate,bf16_tensor,85280.00000000001,l2,23318176.0,,1073741824.0,46.047419146334605,12.59078123827392,ok
650,2366711,0,1,7,_matmul_small_gate,"(1, 64, 1)","(128, 1, 1)",step03.layer16._matmul_small_gate.line1954/_matmul_small_gate,fp32_simt,85280.00000000001,l2,23318176.0,,2883584.0,0.12366250259025406,0.03381313320825515,ok
651,2366711,0,1,7,_matmul_small_res_gate_ffn_down,"(64, 1, 1)","(128, 1, 1)",step03.layer16._matmul_small_res_gate_ffn_down.line1971/_matmul_small_res_gate_ffn_down,bf16_tensor,72608.0,l2,39242368.0,,536870912.0,13.680899990540835,7.394101366240633,ok
651,2366711,0,1,7,_matmul_small_res_gate_ffn_down,"(64, 1, 1)","(128, 1, 1)",step03.layer16._matmul_small_res_gate_ffn_down.line1971/_matmul_small_res_gate_ffn_down,fp32_simt,72608.0,l2,39242368.0,,131072.0,0.0033400634742531336,0.0018052005288673421,ok
652,2366711,0,1,7,_adarms_norm_kernel,"(50, 1, 1)","(128, 1, 1)",step03.layer17._adarms_norm_kernel.line1854/_adarms_norm_kernel,bf16_tensor,15872.0,l2,456864.0,,0.0,,,zero_counted_flops
652,2366711,0,1,7,_adarms_norm_kernel,"(50, 1, 1)","(128, 1, 1)",step03.layer17._adarms_norm_kernel.line1854/_adarms_norm_kernel,fp32_simt,15872.0,l2,456864.0,,358400.0,0.7844785319044617,0.02258064516129032,ok
653,2366711,0,1,7,_matmul_rope_qkv,"(128, 1, 1)","(128, 1, 1)",step03.layer17._matmul_rope_qkv.line1863/_matmul_rope_qkv,bf16_tensor,36096.0,l2,13795520.0,,335544320.0,24.322701862633668,9.295886524822695,ok
653,2366711,0,1,7,_matmul_rope_qkv,"(128, 1, 1)","(128, 1, 1)",step03.layer17._matmul_rope_qkv.line1863/_matmul_rope_qkv,fp32_simt,36096.0,l2,13795520.0,,442368.0,0.032066062025933054,0.012255319148936171,ok
654,2366711,0,1,7,_matmul_abt_scale,"(91, 1, 1)","(128, 1, 1)",step03.layer17._matmul_abt_scale.line1899/_matmul_abt_scale,bf16_tensor,15776.0,l2,2826464.0,,47710208.0,16.879821572112718,3.0242271805273835,ok
654,2366711,0,1,7,_matmul_abt_scale,"(91, 1, 1)","(128, 1, 1)",step03.layer17._matmul_abt_scale.line1899/_matmul_abt_scale,fp32_simt,15776.0,l2,2826464.0,,93184.0,0.03296840150803265,0.005906693711967546,ok
655,2366711,0,1,7,_softmax_prefix_suffix_mask_vector,"(100, 1, 1)","(128, 1, 1)",step03.layer17._softmax_prefix_suffix_mask_vector.line1911/_softmax_prefix_suffix_mask_vector,bf16_tensor,10656.000000000002,l2,550464.0,,0.0,,,zero_counted_flops
655,2366711,0,1,7,_softmax_prefix_suffix_mask_vector,"(100, 1, 1)","(128, 1, 1)",step03.layer17._softmax_prefix_suffix_mask_vector.line1911/_softmax_prefix_suffix_mask_vector,fp32_simt,10656.000000000002,l2,550464.0,,2528000.0,4.592489245436577,0.23723723723723722,ok
656,2366711,0,1,7,_matmul_small,"(104, 1, 1)","(128, 1, 1)",step03.layer17._matmul_small.line1921/_matmul_small,bf16_tensor,20832.0,l2,3420128.0,,54525952.0,15.942664134207842,2.6174132104454686,ok
656,2366711,0,1,7,_matmul_small,"(104, 1, 1)","(128, 1, 1)",step03.layer17._matmul_small.line1921/_matmul_small,fp32_simt,20832.0,l2,3420128.0,,0.0,,,zero_counted_flops
657,2366711,0,1,7,_matmul_small_res_gate_oproj,"(128, 1, 1)","(128, 1, 1)",step03.layer17._matmul_small_res_gate_oproj.line1932/_matmul_small_res_gate_oproj,bf16_tensor,39680.0,l2,14755200.0,,268435456.0,18.192600303621774,6.765006451612903,ok
657,2366711,0,1,7,_matmul_small_res_gate_oproj,"(128, 1, 1)","(128, 1, 1)",step03.layer17._matmul_small_res_gate_oproj.line1932/_matmul_small_res_gate_oproj,fp32_simt,39680.0,l2,14755200.0,,131072.0,0.00888310561700282,0.003303225806451613,ok
658,2366711,0,1,7,_adarms_norm_kernel,"(50, 1, 1)","(128, 1, 1)",step03.layer17._adarms_norm_kernel.line1945/_adarms_norm_kernel,bf16_tensor,16352.000000000002,l2,464704.0,,0.0,,,zero_counted_flops
658,2366711,0,1,7,_adarms_norm_kernel,"(50, 1, 1)","(128, 1, 1)",step03.layer17._adarms_norm_kernel.line1945/_adarms_norm_kernel,fp32_simt,16352.000000000002,l2,464704.0,,358400.0,0.7712436303539457,0.02191780821917808,ok
659,2366711,0,1,7,_matmul_small_gate,"(1, 64, 1)","(128, 1, 1)",step03.layer17._matmul_small_gate.line1954/_matmul_small_gate,bf16_tensor,79296.00000000001,l2,23281056.0,,1073741824.0,46.12083850492005,13.540933010492331,ok
659,2366711,0,1,7,_matmul_small_gate,"(1, 64, 1)","(128, 1, 1)",step03.layer17._matmul_small_gate.line1954/_matmul_small_gate,fp32_simt,79296.00000000001,l2,23281056.0,,2883584.0,0.12385967371926772,0.036364810330912024,ok
660,2366711,0,1,7,_matmul_small_res_gate_ffn_down,"(64, 1, 1)","(128, 1, 1)",step03.layer17._matmul_small_res_gate_ffn_down.line1971/_matmul_small_res_gate_ffn_down,bf16_tensor,72704.0,l2,39269152.0,,536870912.0,13.671568767260368,7.384338028169013,ok
660,2366711,0,1,7,_matmul_small_res_gate_ffn_down,"(64, 1, 1)","(128, 1, 1)",step03.layer17._matmul_small_res_gate_ffn_down.line1971/_matmul_small_res_gate_ffn_down,fp32_simt,72704.0,l2,39269152.0,,131072.0,0.0033377853435694257,0.0018028169014084505,ok
661,2366711,0,1,7,_adarms_norm_kernel,"(50, 1, 1)","(128, 1, 1)",step03.layer-1._adarms_norm_kernel.line1989/_adarms_norm_kernel,bf16_tensor,16832.0,l2,467648.0,,0.0,,,zero_counted_flops
661,2366711,0,1,7,_adarms_norm_kernel,"(50, 1, 1)","(128, 1, 1)",step03.layer-1._adarms_norm_kernel.line1989/_adarms_norm_kernel,fp32_simt,16832.0,l2,467648.0,,358400.0,0.7663883946900233,0.02129277566539924,ok
662,2366711,0,1,7,_matmul_small_bias_res,"(8, 1, 1)","(128, 1, 1)",step03.layer-1._matmul_small_bias_res.line1998/_matmul_small_bias_res,bf16_tensor,14048.000000000002,l2,517216.0,,8388608.0,16.218771267710203,0.597138952164009,ok
662,2366711,0,1,7,_matmul_small_bias_res,"(8, 1, 1)","(128, 1, 1)",step03.layer-1._matmul_small_bias_res.line1998/_matmul_small_bias_res,fp32_simt,14048.000000000002,l2,517216.0,,4096.0,0.007919321908061622,0.00029157175398633253,ok
663,2366711,0,1,7,_matmul_small_bias,"(64, 1, 1)","(128, 1, 1)",step04.layer-1._matmul_small_bias.line1839/_matmul_small_bias,bf16_tensor,15872.0,l2,365408.0,,4194304.0,11.478413171030738,0.26425806451612904,ok
663,2366711,0,1,7,_matmul_small_bias,"(64, 1, 1)","(128, 1, 1)",step04.layer-1._matmul_small_bias.line1839/_matmul_small_bias,fp32_simt,15872.0,l2,365408.0,,32768.0,0.08967510289867764,0.002064516129032258,ok
664,2366711,0,1,7,_adarms_norm_kernel,"(50, 1, 1)","(128, 1, 1)",step04.layer00._adarms_norm_kernel.line1854/_adarms_norm_kernel,bf16_tensor,15520.0,l2,467808.0,,0.0,,,zero_counted_flops
664,2366711,0,1,7,_adarms_norm_kernel,"(50, 1, 1)","(128, 1, 1)",step04.layer00._adarms_norm_kernel.line1854/_adarms_norm_kernel,fp32_simt,15520.0,l2,467808.0,,358400.0,0.7661262740269512,0.02309278350515464,ok
665,2366711,0,1,7,_matmul_rope_qkv,"(128, 1, 1)","(128, 1, 1)",step04.layer00._matmul_rope_qkv.line1863/_matmul_rope_qkv,bf16_tensor,34528.00000000001,l2,13818144.0,,335544320.0,24.282879089984878,9.718035217794252,ok
665,2366711,0,1,7,_matmul_rope_qkv,"(128, 1, 1)","(128, 1, 1)",step04.layer00._matmul_rope_qkv.line1863/_matmul_rope_qkv,fp32_simt,34528.00000000001,l2,13818144.0,,442368.0,0.03201356130027303,0.012811862835959219,ok
666,2366711,0,1,7,_matmul_abt_scale,"(91, 1, 1)","(128, 1, 1)",step04.layer00._matmul_abt_scale.line1899/_matmul_abt_scale,bf16_tensor,17184.0,l2,2844448.0,,47710208.0,16.77309903362621,2.776432029795158,ok
666,2366711,0,1,7,_matmul_abt_scale,"(91, 1, 1)","(128, 1, 1)",step04.layer00._matmul_abt_scale.line1899/_matmul_abt_scale,fp32_simt,17184.0,l2,2844448.0,,93184.0,0.03275995905005119,0.005422718808193668,ok
667,2366711,0,1,7,_softmax_prefix_suffix_mask_vector,"(100, 1, 1)","(128, 1, 1)",step04.layer00._softmax_prefix_suffix_mask_vector.line1911/_softmax_prefix_suffix_mask_vector,bf16_tensor,18880.000000000004,l2,566976.0,,0.0,,,zero_counted_flops
667,2366711,0,1,7,_softmax_prefix_suffix_mask_vector,"(100, 1, 1)","(128, 1, 1)",step04.layer00._softmax_prefix_suffix_mask_vector.line1911/_softmax_prefix_suffix_mask_vector,fp32_simt,18880.000000000004,l2,566976.0,,2528000.0,4.458742521729315,0.13389830508474573,ok
668,2366711,0,1,7,_matmul_small,"(104, 1, 1)","(128, 1, 1)",step04.layer00._matmul_small.line1921/_matmul_small,bf16_tensor,19808.0,l2,3426400.0,,54525952.0,15.913481204763016,2.752723747980614,ok
668,2366711,0,1,7,_matmul_small,"(104, 1, 1)","(128, 1, 1)",step04.layer00._matmul_small.line1921/_matmul_small,fp32_simt,19808.0,l2,3426400.0,,0.0,,,zero_counted_flops
669,2366711,0,1,7,_matmul_small_res_gate_oproj,"(128, 1, 1)","(128, 1, 1)",step04.layer00._matmul_small_res_gate_oproj.line1932/_matmul_small_res_gate_oproj,bf16_tensor,36768.00000000001,l2,14712064.0,,268435456.0,18.24594129008683,7.3007902523933845,ok
669,2366711,0,1,7,_matmul_small_res_gate_oproj,"(128, 1, 1)","(128, 1, 1)",step04.layer00._matmul_small_res_gate_oproj.line1932/_matmul_small_res_gate_oproj,fp32_simt,36768.00000000001,l2,14712064.0,,131072.0,0.00890915102055021,0.0035648389904264573,ok
670,2366711,0,1,7,_adarms_norm_kernel,"(50, 1, 1)","(128, 1, 1)",step04.layer00._adarms_norm_kernel.line1945/_adarms_norm_kernel,bf16_tensor,14720.000000000002,l2,456928.0,,0.0,,,zero_counted_flops
670,2366711,0,1,7,_adarms_norm_kernel,"(50, 1, 1)","(128, 1, 1)",step04.layer00._adarms_norm_kernel.line1945/_adarms_norm_kernel,fp32_simt,14720.000000000002,l2,456928.0,,358400.0,0.7843686532670355,0.02434782608695652,ok
671,2366711,0,1,7,_matmul_small_gate,"(1, 64, 1)","(128, 1, 1)",step04.layer00._matmul_small_gate.line1954/_matmul_small_gate,bf16_tensor,88512.00000000001,l2,23316032.0,,1073741824.0,46.05165338596207,12.131031091829355,ok
671,2366711,0,1,7,_matmul_small_gate,"(1, 64, 1)","(128, 1, 1)",step04.layer00._matmul_small_gate.line1954/_matmul_small_gate,fp32_simt,88512.00000000001,l2,23316032.0,,2883584.0,0.12367387383925361,0.03257845263919016,ok
672,2366711,0,1,7,_matmul_small_res_gate_ffn_down,"(64, 1, 1)","(128, 1, 1)",step04.layer00._matmul_small_res_gate_ffn_down.line1971/_matmul_small_res_gate_ffn_down,bf16_tensor,75200.0,l2,39234848.0,,536870912.0,13.683522158668742,7.13924085106383,ok
672,2366711,0,1,7,_matmul_small_res_gate_ffn_down,"(64, 1, 1)","(128, 1, 1)",step04.layer00._matmul_small_res_gate_ffn_down.line1971/_matmul_small_res_gate_ffn_down,fp32_simt,75200.0,l2,39234848.0,,131072.0,0.003340703652018736,0.0017429787234042554,ok
673,2366711,0,1,7,_adarms_norm_kernel,"(50, 1, 1)","(128, 1, 1)",step04.layer01._adarms_norm_kernel.line1854/_adarms_norm_kernel,bf16_tensor,16704.0,l2,452480.0,,0.0,,,zero_counted_flops
673,2366711,0,1,7,_adarms_norm_kernel,"(50, 1, 1)","(128, 1, 1)",step04.layer01._adarms_norm_kernel.line1854/_adarms_norm_kernel,fp32_simt,16704.0,l2,452480.0,,358400.0,0.7920792079207921,0.021455938697318006,ok
674,2366711,0,1,7,_matmul_rope_qkv,"(128, 1, 1)","(128, 1, 1)",step04.layer01._matmul_rope_qkv.line1863/_matmul_rope_qkv,bf16_tensor,36384.0,l2,13805952.0,,335544320.0,24.30432323681844,9.222304309586631,ok
674,2366711,0,1,7,_matmul_rope_qkv,"(128, 1, 1)","(128, 1, 1)",step04.layer01._matmul_rope_qkv.line1863/_matmul_rope_qkv,fp32_simt,36384.0,l2,13805952.0,,442368.0,0.032041832392289936,0.012158311345646437,ok
675,2366711,0,1,7,_matmul_abt_scale,"(91, 1, 1)","(128, 1, 1)",step04.layer01._matmul_abt_scale.line1899/_matmul_abt_scale,bf16_tensor,18816.0,l2,2868320.0,,47710208.0,16.633502538071067,2.5356190476190474,ok
675,2366711,0,1,7,_matmul_abt_scale,"(91, 1, 1)","(128, 1, 1)",step04.layer01._matmul_abt_scale.line1899/_matmul_abt_scale,fp32_simt,18816.0,l2,2868320.0,,93184.0,0.03248730964467005,0.004952380952380952,ok
676,2366711,0,1,7,_softmax_prefix_suffix_mask_vector,"(100, 1, 1)","(128, 1, 1)",step04.layer01._softmax_prefix_suffix_mask_vector.line1911/_softmax_prefix_suffix_mask_vector,bf16_tensor,17504.0,l2,562432.0,,0.0,,,zero_counted_flops
676,2366711,0,1,7,_softmax_prefix_suffix_mask_vector,"(100, 1, 1)","(128, 1, 1)",step04.layer01._softmax_prefix_suffix_mask_vector.line1911/_softmax_prefix_suffix_mask_vector,fp32_simt,17504.0,l2,562432.0,,2528000.0,4.494765589440146,0.14442413162705667,ok
677,2366711,0,1,7,_matmul_small,"(104, 1, 1)","(128, 1, 1)",step04.layer01._matmul_small.line1921/_matmul_small,bf16_tensor,22496.000000000004,l2,3398496.0,,54525952.0,16.044141879231283,2.4238065433854903,ok
677,2366711,0,1,7,_matmul_small,"(104, 1, 1)","(128, 1, 1)",step04.layer01._matmul_small.line1921/_matmul_small,fp32_simt,22496.000000000004,l2,3398496.0,,0.0,,,zero_counted_flops
678,2366711,0,1,7,_matmul_small_res_gate_oproj,"(128, 1, 1)","(128, 1, 1)",step04.layer01._matmul_small_res_gate_oproj.line1932/_matmul_small_res_gate_oproj,bf16_tensor,39296.00000000001,l2,14716032.0,,268435456.0,18.24102149275022,6.831114006514658,ok
678,2366711,0,1,7,_matmul_small_res_gate_oproj,"(128, 1, 1)","(128, 1, 1)",step04.layer01._matmul_small_res_gate_oproj.line1932/_matmul_small_res_gate_oproj,fp32_simt,39296.00000000001,l2,14716032.0,,131072.0,0.008906748775756944,0.003335504885993485,ok
679,2366711,0,1,7,_adarms_norm_kernel,"(50, 1, 1)","(128, 1, 1)",step04.layer01._adarms_norm_kernel.line1945/_adarms_norm_kernel,bf16_tensor,17344.000000000004,l2,464352.0,,0.0,,,zero_counted_flops
679,2366711,0,1,7,_adarms_norm_kernel,"(50, 1, 1)","(128, 1, 1)",step04.layer01._adarms_norm_kernel.line1945/_adarms_norm_kernel,fp32_simt,17344.000000000004,l2,464352.0,,358400.0,0.7718282682103232,0.02066420664206642,ok
680,2366711,0,1,7,_matmul_small_gate,"(1, 64, 1)","(128, 1, 1)",step04.layer01._matmul_small_gate.line1954/_matmul_small_gate,bf16_tensor,89920.0,l2,23352608.0,,1073741824.0,45.97952502778276,11.941079003558718,ok
680,2366711,0,1,7,_matmul_small_gate,"(1, 64, 1)","(128, 1, 1)",step04.layer01._matmul_small_gate.line1954/_matmul_small_gate,fp32_simt,89920.0,l2,23352608.0,,2883584.0,0.1234801697523463,0.03206832740213523,ok
681,2366711,0,1,7,_matmul_small_res_gate_ffn_down,"(64, 1, 1)","(128, 1, 1)",step04.layer01._matmul_small_res_gate_ffn_down.line1971/_matmul_small_res_gate_ffn_down,bf16_tensor,74432.00000000001,l2,39284032.0,,536870912.0,13.666390252405863,7.212904557179707,ok
681,2366711,0,1,7,_matmul_small_res_gate_ffn_down,"(64, 1, 1)","(128, 1, 1)",step04.layer01._matmul_small_res_gate_ffn_down.line1971/_matmul_small_res_gate_ffn_down,fp32_simt,74432.00000000001,l2,39284032.0,,131072.0,0.003336521057716275,0.0017609630266552019,ok
682,2366711,0,1,7,_adarms_norm_kernel,"(50, 1, 1)","(128, 1, 1)",step04.layer02._adarms_norm_kernel.line1854/_adarms_norm_kernel,bf16_tensor,14624.000000000002,l2,470464.0,,0.0,,,zero_counted_flops
682,2366711,0,1,7,_adarms_norm_kernel,"(50, 1, 1)","(128, 1, 1)",step04.layer02._adarms_norm_kernel.line1854/_adarms_norm_kernel,fp32_simt,14624.000000000002,l2,470464.0,,358400.0,0.7618011154944906,0.02450765864332604,ok
683,2366711,0,1,7,_matmul_rope_qkv,"(128, 1, 1)","(128, 1, 1)",step04.layer02._matmul_rope_qkv.line1863/_matmul_rope_qkv,bf16_tensor,36768.00000000001,l2,13836224.0,,335544320.0,24.25114829016934,9.125987815491731,ok
683,2366711,0,1,7,_matmul_rope_qkv,"(128, 1, 1)","(128, 1, 1)",step04.layer02._matmul_rope_qkv.line1863/_matmul_rope_qkv,fp32_simt,36768.00000000001,l2,13836224.0,,442368.0,0.03197172870285997,0.012031331592689293,ok
684,2366711,0,1,7,_matmul_abt_scale,"(91, 1, 1)","(128, 1, 1)",step04.layer02._matmul_abt_scale.line1899/_matmul_abt_scale,bf16_tensor,15936.000000000002,l2,2827200.0,,47710208.0,16.8754272778721,2.9938634538152606,ok
684,2366711,0,1,7,_matmul_abt_scale,"(91, 1, 1)","(128, 1, 1)",step04.layer02._matmul_abt_scale.line1899/_matmul_abt_scale,fp32_simt,15936.000000000002,l2,2827200.0,,93184.0,0.03295981890209394,0.005847389558232931,ok
685,2366711,0,1,7,_softmax_prefix_suffix_mask_vector,"(100, 1, 1)","(128, 1, 1)",step04.layer02._softmax_prefix_suffix_mask_vector.line1911/_softmax_prefix_suffix_mask_vector,bf16_tensor,19008.0,l2,563072.0,,0.0,,,zero_counted_flops
685,2366711,0,1,7,_softmax_prefix_suffix_mask_vector,"(100, 1, 1)","(128, 1, 1)",step04.layer02._softmax_prefix_suffix_mask_vector.line1911/_softmax_prefix_suffix_mask_vector,fp32_simt,19008.0,l2,563072.0,,2528000.0,4.48965674016822,0.13299663299663297,ok
686,2366711,0,1,7,_matmul_small,"(104, 1, 1)","(128, 1, 1)",step04.layer02._matmul_small.line1921/_matmul_small,bf16_tensor,19072.0,l2,3411104.0,,54525952.0,15.984840098689457,2.858953020134228,ok
686,2366711,0,1,7,_matmul_small,"(104, 1, 1)","(128, 1, 1)",step04.layer02._matmul_small.line1921/_matmul_small,fp32_simt,19072.0,l2,3411104.0,,0.0,,,zero_counted_flops
687,2366711,0,1,7,_matmul_small_res_gate_oproj,"(128, 1, 1)","(128, 1, 1)",step04.layer02._matmul_small_res_gate_oproj.line1932/_matmul_small_res_gate_oproj,bf16_tensor,38784.0,l2,14722688.0,,268435456.0,18.23277488458629,6.9212937293729375,ok
687,2366711,0,1,7,_matmul_small_res_gate_oproj,"(128, 1, 1)","(128, 1, 1)",step04.layer02._matmul_small_res_gate_oproj.line1932/_matmul_small_res_gate_oproj,fp32_simt,38784.0,l2,14722688.0,,131072.0,0.0089027221116144,0.0033795379537953796,ok
688,2366711,0,1,7,_adarms_norm_kernel,"(50, 1, 1)","(128, 1, 1)",step04.layer02._adarms_norm_kernel.line1945/_adarms_norm_kernel,bf16_tensor,14304.0,l2,467712.0,,0.0,,,zero_counted_flops
688,2366711,0,1,7,_adarms_norm_kernel,"(50, 1, 1)","(128, 1, 1)",step04.layer02._adarms_norm_kernel.line1945/_adarms_norm_kernel,fp32_simt,14304.0,l2,467712.0,,358400.0,0.7662835249042146,0.02505592841163311,ok
689,2366711,0,1,7,_matmul_small_gate,"(1, 64, 1)","(128, 1, 1)",step04.layer02._matmul_small_gate.line1954/_matmul_small_gate,bf16_tensor,79104.0,l2,23291296.0,,1073741824.0,46.10056151448163,13.57379935275081,ok
689,2366711,0,1,7,_matmul_small_gate,"(1, 64, 1)","(128, 1, 1)",step04.layer02._matmul_small_gate.line1954/_matmul_small_gate,fp32_simt,79104.0,l2,23291296.0,,2883584.0,0.12380521891096141,0.03645307443365695,ok
690,2366711,0,1,7,_matmul_small_res_gate_ffn_down,"(64, 1, 1)","(128, 1, 1)",step04.layer02._matmul_small_res_gate_ffn_down.line1971/_matmul_small_res_gate_ffn_down,bf16_tensor,79520.00000000001,l2,39310560.0,,536870912.0,13.657167743222178,6.751394768611669,ok
690,2366711,0,1,7,_matmul_small_res_gate_ffn_down,"(64, 1, 1)","(128, 1, 1)",step04.layer02._matmul_small_res_gate_ffn_down.line1971/_matmul_small_res_gate_ffn_down,fp32_simt,79520.00000000001,l2,39310560.0,,131072.0,0.003334269468560102,0.0016482897384305832,ok
691,2366711,0,1,7,_adarms_norm_kernel,"(50, 1, 1)","(128, 1, 1)",step04.layer03._adarms_norm_kernel.line1854/_adarms_norm_kernel,bf16_tensor,15808.000000000002,l2,457632.0,,0.0,,,zero_counted_flops
691,2366711,0,1,7,_adarms_norm_kernel,"(50, 1, 1)","(128, 1, 1)",step04.layer03._adarms_norm_kernel.line1854/_adarms_norm_kernel,fp32_simt,15808.000000000002,l2,457632.0,,358400.0,0.7831620166421929,0.022672064777327933,ok
692,2366711,0,1,7,_matmul_rope_qkv,"(128, 1, 1)","(128, 1, 1)",step04.layer03._matmul_rope_qkv.line1863/_matmul_rope_qkv,bf16_tensor,37696.0,l2,13730464.0,,335544320.0,24.437944704563517,8.90132427843803,ok
692,2366711,0,1,7,_matmul_rope_qkv,"(128, 1, 1)","(128, 1, 1)",step04.layer03._matmul_rope_qkv.line1863/_matmul_rope_qkv,fp32_simt,37696.0,l2,13730464.0,,442368.0,0.03221799350699292,0.011735144312393888,ok
693,2366711,0,1,7,_matmul_abt_scale,"(91, 1, 1)","(128, 1, 1)",step04.layer03._matmul_abt_scale.line1899/_matmul_abt_scale,bf16_tensor,18016.0,l2,2856416.0,,47710208.0,16.70282199791627,2.6482131438721135,ok
693,2366711,0,1,7,_matmul_abt_scale,"(91, 1, 1)","(128, 1, 1)",step04.layer03._matmul_abt_scale.line1899/_matmul_abt_scale,fp32_simt,18016.0,l2,2856416.0,,93184.0,0.032622699214680216,0.005172291296625222,ok
694,2366711,0,1,7,_softmax_prefix_suffix_mask_vector,"(100, 1, 1)","(128, 1, 1)",step04.layer03._softmax_prefix_suffix_mask_vector.line1911/_softmax_prefix_suffix_mask_vector,bf16_tensor,19104.000000000004,l2,566880.0,,0.0,,,zero_counted_flops
694,2366711,0,1,7,_softmax_prefix_suffix_mask_vector,"(100, 1, 1)","(128, 1, 1)",step04.layer03._softmax_prefix_suffix_mask_vector.line1911/_softmax_prefix_suffix_mask_vector,fp32_simt,19104.000000000004,l2,566880.0,,2528000.0,4.459497600903189,0.1323283082077052,ok
695,2366711,0,1,7,_matmul_small,"(104, 1, 1)","(128, 1, 1)",step04.layer03._matmul_small.line1921/_matmul_small,bf16_tensor,17152.0,l2,3414112.0,,54525952.0,15.970756671134398,3.178985074626865,ok
695,2366711,0,1,7,_matmul_small,"(104, 1, 1)","(128, 1, 1)",step04.layer03._matmul_small.line1921/_matmul_small,fp32_simt,17152.0,l2,3414112.0,,0.0,,,zero_counted_flops
696,2366711,0,1,7,_matmul_small_res_gate_oproj,"(128, 1, 1)","(128, 1, 1)",step04.layer03._matmul_small_res_gate_oproj.line1932/_matmul_small_res_gate_oproj,bf16_tensor,40992.0,l2,14757440.0,,268435456.0,18.189838888045625,6.548483996877439,ok
696,2366711,0,1,7,_matmul_small_res_gate_oproj,"(128, 1, 1)","(128, 1, 1)",step04.layer03._matmul_small_res_gate_oproj.line1932/_matmul_small_res_gate_oproj,fp32_simt,40992.0,l2,14757440.0,,131072.0,0.008881757269553528,0.003197501951600312,ok
697,2366711,0,1,7,_adarms_norm_kernel,"(50, 1, 1)","(128, 1, 1)",step04.layer03._adarms_norm_kernel.line1945/_adarms_norm_kernel,bf16_tensor,15456.000000000002,l2,454592.0,,0.0,,,zero_counted_flops
697,2366711,0,1,7,_adarms_norm_kernel,"(50, 1, 1)","(128, 1, 1)",step04.layer03._adarms_norm_kernel.line1945/_adarms_norm_kernel,fp32_simt,15456.000000000002,l2,454592.0,,358400.0,0.7883992679149655,0.023188405797101443,ok
698,2366711,0,1,7,_matmul_small_gate,"(1, 64, 1)","(128, 1, 1)",step04.layer03._matmul_small_gate.line1954/_matmul_small_gate,bf16_tensor,89312.0,l2,23317440.0,,1073741824.0,46.0488726035105,12.022369043353637,ok
698,2366711,0,1,7,_matmul_small_gate,"(1, 64, 1)","(128, 1, 1)",step04.layer03._matmul_small_gate.line1954/_matmul_small_gate,fp32_simt,89312.0,l2,23317440.0,,2883584.0,0.12366640591763076,0.0322866356144751,ok
699,2366711,0,1,7,_matmul_small_res_gate_ffn_down,"(64, 1, 1)","(128, 1, 1)",step04.layer03._matmul_small_res_gate_ffn_down.line1971/_matmul_small_res_gate_ffn_down,bf16_tensor,74944.0,l2,39362176.0,,536870912.0,13.639258967796902,7.163627668659265,ok
699,2366711,0,1,7,_matmul_small_res_gate_ffn_down,"(64, 1, 1)","(128, 1, 1)",step04.layer03._matmul_small_res_gate_ffn_down.line1971/_matmul_small_res_gate_ffn_down,fp32_simt,74944.0,l2,39362176.0,,131072.0,0.0033298972089347905,0.0017489325362937658,ok
700,2366711,0,1,7,_adarms_norm_kernel,"(50, 1, 1)","(128, 1, 1)",step04.layer04._adarms_norm_kernel.line1854/_adarms_norm_kernel,bf16_tensor,15840.0,l2,457632.0,,0.0,,,zero_counted_flops
700,2366711,0,1,7,_adarms_norm_kernel,"(50, 1, 1)","(128, 1, 1)",step04.layer04._adarms_norm_kernel.line1854/_adarms_norm_kernel,fp32_simt,15840.0,l2,457632.0,,358400.0,0.7831620166421929,0.022626262626262626,ok
701,2366711,0,1,7,_matmul_rope_qkv,"(128, 1, 1)","(128, 1, 1)",step04.layer04._matmul_rope_qkv.line1863/_matmul_rope_qkv,bf16_tensor,36576.0,l2,13805280.0,,335544320.0,24.30550629903921,9.173893263342082,ok
701,2366711,0,1,7,_matmul_rope_qkv,"(128, 1, 1)","(128, 1, 1)",step04.layer04._matmul_rope_qkv.line1863/_matmul_rope_qkv,fp32_simt,36576.0,l2,13805280.0,,442368.0,0.032043392093459896,0.012094488188976377,ok
702,2366711,0,1,7,_matmul_abt_scale,"(91, 1, 1)","(128, 1, 1)",step04.layer04._matmul_abt_scale.line1899/_matmul_abt_scale,bf16_tensor,16480.0,l2,2858304.0,,47710208.0,16.691789256846018,2.8950368932038835,ok
702,2366711,0,1,7,_matmul_abt_scale,"(91, 1, 1)","(128, 1, 1)",step04.layer04._matmul_abt_scale.line1899/_matmul_abt_scale,fp32_simt,16480.0,l2,2858304.0,,93184.0,0.03260115089227738,0.005654368932038835,ok
703,2366711,0,1,7,_softmax_prefix_suffix_mask_vector,"(100, 1, 1)","(128, 1, 1)",step04.layer04._softmax_prefix_suffix_mask_vector.line1911/_softmax_prefix_suffix_mask_vector,bf16_tensor,18304.0,l2,567168.0,,0.0,,,zero_counted_flops
703,2366711,0,1,7,_softmax_prefix_suffix_mask_vector,"(100, 1, 1)","(128, 1, 1)",step04.layer04._softmax_prefix_suffix_mask_vector.line1911/_softmax_prefix_suffix_mask_vector,fp32_simt,18304.0,l2,567168.0,,2528000.0,4.4572331302189125,0.13811188811188813,ok
704,2366711,0,1,7,_matmul_small,"(104, 1, 1)","(128, 1, 1)",step04.layer04._matmul_small.line1921/_matmul_small,bf16_tensor,19936.0,l2,3427008.0,,54525952.0,15.910657926681234,2.735049759229535,ok
704,2366711,0,1,7,_matmul_small,"(104, 1, 1)","(128, 1, 1)",step04.layer04._matmul_small.line1921/_matmul_small,fp32_simt,19936.0,l2,3427008.0,,0.0,,,zero_counted_flops
705,2366711,0,1,7,_matmul_small_res_gate_oproj,"(128, 1, 1)","(128, 1, 1)",step04.layer04._matmul_small_res_gate_oproj.line1932/_matmul_small_res_gate_oproj,bf16_tensor,39488.00000000001,l2,14688736.0,,268435456.0,18.274918685991768,6.797899513776336,ok
705,2366711,0,1,7,_matmul_small_res_gate_oproj,"(128, 1, 1)","(128, 1, 1)",step04.layer04._matmul_small_res_gate_oproj.line1932/_matmul_small_res_gate_oproj,fp32_simt,39488.00000000001,l2,14688736.0,,131072.0,0.008923300139644418,0.0033192868719611017,ok
706,2366711,0,1,7,_adarms_norm_kernel,"(50, 1, 1)","(128, 1, 1)",step04.layer04._adarms_norm_kernel.line1945/_adarms_norm_kernel,bf16_tensor,14656.000000000002,l2,470560.0,,0.0,,,zero_counted_flops
706,2366711,0,1,7,_adarms_norm_kernel,"(50, 1, 1)","(128, 1, 1)",step04.layer04._adarms_norm_kernel.line1945/_adarms_norm_kernel,fp32_simt,14656.000000000002,l2,470560.0,,358400.0,0.7616456987419246,0.024454148471615717,ok
707,2366711,0,1,7,_matmul_small_gate,"(1, 64, 1)","(128, 1, 1)",step04.layer04._matmul_small_gate.line1954/_matmul_small_gate,bf16_tensor,97216.00000000001,l2,23340000.0,,1073741824.0,46.00436263924593,11.04490849242923,ok
707,2366711,0,1,7,_matmul_small_gate,"(1, 64, 1)","(128, 1, 1)",step04.layer04._matmul_small_gate.line1954/_matmul_small_gate,fp32_simt,97216.00000000001,l2,23340000.0,,2883584.0,0.12354687232219366,0.029661619486504275,ok
708,2366711,0,1,7,_matmul_small_res_gate_ffn_down,"(64, 1, 1)","(128, 1, 1)",step04.layer04._matmul_small_res_gate_ffn_down.line1971/_matmul_small_res_gate_ffn_down,bf16_tensor,74432.00000000001,l2,39294368.0,,536870912.0,13.662795441830239,7.212904557179707,ok
708,2366711,0,1,7,_matmul_small_res_gate_ffn_down,"(64, 1, 1)","(128, 1, 1)",step04.layer04._matmul_small_res_gate_ffn_down.line1971/_matmul_small_res_gate_ffn_down,fp32_simt,74432.00000000001,l2,39294368.0,,131072.0,0.0033356434184155857,0.0017609630266552019,ok
709,2366711,0,1,7,_adarms_norm_kernel,"(50, 1, 1)","(128, 1, 1)",step04.layer05._adarms_norm_kernel.line1854/_adarms_norm_kernel,bf16_tensor,13728.000000000002,l2,469280.0,,0.0,,,zero_counted_flops
709,2366711,0,1,7,_adarms_norm_kernel,"(50, 1, 1)","(128, 1, 1)",step04.layer05._adarms_norm_kernel.line1854/_adarms_norm_kernel,fp32_simt,13728.000000000002,l2,469280.0,,358400.0,0.7637231503579952,0.026107226107226104,ok
710,2366711,0,1,7,_matmul_rope_qkv,"(128, 1, 1)","(128, 1, 1)",step04.layer05._matmul_rope_qkv.line1863/_matmul_rope_qkv,bf16_tensor,37888.0,l2,13796096.0,,335544320.0,24.32168636692583,8.856216216216216,ok
710,2366711,0,1,7,_matmul_rope_qkv,"(128, 1, 1)","(128, 1, 1)",step04.layer05._matmul_rope_qkv.line1863/_matmul_rope_qkv,fp32_simt,37888.0,l2,13796096.0,,442368.0,0.03206472323764636,0.011675675675675677,ok
711,2366711,0,1,7,_matmul_abt_scale,"(91, 1, 1)","(128, 1, 1)",step04.layer05._matmul_abt_scale.line1899/_matmul_abt_scale,bf16_tensor,17568.000000000004,l2,2861760.0,,47710208.0,16.671631443587163,2.7157449908925315,ok
711,2366711,0,1,7,_matmul_abt_scale,"(91, 1, 1)","(128, 1, 1)",step04.layer05._matmul_abt_scale.line1899/_matmul_abt_scale,fp32_simt,17568.000000000004,l2,2861760.0,,93184.0,0.03256178016325618,0.005304189435336976,ok
712,2366711,0,1,7,_softmax_prefix_suffix_mask_vector,"(100, 1, 1)","(128, 1, 1)",step04.layer05._softmax_prefix_suffix_mask_vector.line1911/_softmax_prefix_suffix_mask_vector,bf16_tensor,20096.000000000004,l2,567488.0,,0.0,,,zero_counted_flops
712,2366711,0,1,7,_softmax_prefix_suffix_mask_vector,"(100, 1, 1)","(128, 1, 1)",step04.layer05._softmax_prefix_suffix_mask_vector.line1911/_softmax_prefix_suffix_mask_vector,fp32_simt,20096.000000000004,l2,567488.0,,2528000.0,4.4547197473779185,0.12579617834394904,ok
713,2366711,0,1,7,_matmul_small,"(104, 1, 1)","(128, 1, 1)",step04.layer05._matmul_small.line1921/_matmul_small,bf16_tensor,18912.0,l2,3425984.0,,54525952.0,15.915413498720367,2.8831404399323177,ok
713,2366711,0,1,7,_matmul_small,"(104, 1, 1)","(128, 1, 1)",step04.layer05._matmul_small.line1921/_matmul_small,fp32_simt,18912.0,l2,3425984.0,,0.0,,,zero_counted_flops
714,2366711,0,1,7,_matmul_small_res_gate_oproj,"(128, 1, 1)","(128, 1, 1)",step04.layer05._matmul_small_res_gate_oproj.line1932/_matmul_small_res_gate_oproj,bf16_tensor,39488.00000000001,l2,14667328.0,,268435456.0,18.301592219114482,6.797899513776336,ok
714,2366711,0,1,7,_matmul_small_res_gate_oproj,"(128, 1, 1)","(128, 1, 1)",step04.layer05._matmul_small_res_gate_oproj.line1932/_matmul_small_res_gate_oproj,fp32_simt,39488.00000000001,l2,14667328.0,,131072.0,0.008936324325739493,0.0033192868719611017,ok
715,2366711,0,1,7,_adarms_norm_kernel,"(50, 1, 1)","(128, 1, 1)",step04.layer05._adarms_norm_kernel.line1945/_adarms_norm_kernel,bf16_tensor,13408.000000000002,l2,456256.0,,0.0,,,zero_counted_flops
715,2366711,0,1,7,_adarms_norm_kernel,"(50, 1, 1)","(128, 1, 1)",step04.layer05._adarms_norm_kernel.line1945/_adarms_norm_kernel,fp32_simt,13408.000000000002,l2,456256.0,,358400.0,0.7855239163978117,0.02673031026252983,ok
716,2366711,0,1,7,_matmul_small_gate,"(1, 64, 1)","(128, 1, 1)",step04.layer05._matmul_small_gate.line1954/_matmul_small_gate,bf16_tensor,79168.0,l2,23327488.0,,1073741824.0,46.029037674352246,13.562826192400971,ok
716,2366711,0,1,7,_matmul_small_gate,"(1, 64, 1)","(128, 1, 1)",step04.layer05._matmul_small_gate.line1954/_matmul_small_gate,fp32_simt,79168.0,l2,23327488.0,,2883584.0,0.12361313828561395,0.03642360549717058,ok
717,2366711,0,1,7,_matmul_small_res_gate_ffn_down,"(64, 1, 1)","(128, 1, 1)",step04.layer05._matmul_small_res_gate_ffn_down.line1971/_matmul_small_res_gate_ffn_down,bf16_tensor,74592.0,l2,39324160.0,,536870912.0,13.652444502311047,7.19743286143286,ok
717,2366711,0,1,7,_matmul_small_res_gate_ffn_down,"(64, 1, 1)","(128, 1, 1)",step04.layer05._matmul_small_res_gate_ffn_down.line1971/_matmul_small_res_gate_ffn_down,fp32_simt,74592.0,l2,39324160.0,,131072.0,0.003333116333572033,0.0017571857571857569,ok
718,2366711,0,1,7,_adarms_norm_kernel,"(50, 1, 1)","(128, 1, 1)",step04.layer06._adarms_norm_kernel.line1854/_adarms_norm_kernel,bf16_tensor,16320.0,l2,459200.0,,0.0,,,zero_counted_flops
718,2366711,0,1,7,_adarms_norm_kernel,"(50, 1, 1)","(128, 1, 1)",step04.layer06._adarms_norm_kernel.line1854/_adarms_norm_kernel,fp32_simt,16320.0,l2,459200.0,,358400.0,0.7804878048780488,0.02196078431372549,ok
719,2366711,0,1,7,_matmul_rope_qkv,"(128, 1, 1)","(128, 1, 1)",step04.layer06._matmul_rope_qkv.line1863/_matmul_rope_qkv,bf16_tensor,36160.0,l2,13776192.0,,335544320.0,24.356826617979774,9.279433628318584,ok
719,2366711,0,1,7,_matmul_rope_qkv,"(128, 1, 1)","(128, 1, 1)",step04.layer06._matmul_rope_qkv.line1863/_matmul_rope_qkv,fp32_simt,36160.0,l2,13776192.0,,442368.0,0.032111050717063175,0.01223362831858407,ok
720,2366711,0,1,7,_matmul_abt_scale,"(91, 1, 1)","(128, 1, 1)",step04.layer06._matmul_abt_scale.line1899/_matmul_abt_scale,bf16_tensor,16096.0,l2,2856416.0,,47710208.0,16.70282199791627,2.96410337972167,ok
720,2366711,0,1,7,_matmul_abt_scale,"(91, 1, 1)","(128, 1, 1)",step04.layer06._matmul_abt_scale.line1899/_matmul_abt_scale,fp32_simt,16096.0,l2,2856416.0,,93184.0,0.032622699214680216,0.005789264413518886,ok
721,2366711,0,1,7,_softmax_prefix_suffix_mask_vector,"(100, 1, 1)","(128, 1, 1)",step04.layer06._softmax_prefix_suffix_mask_vector.line1911/_softmax_prefix_suffix_mask_vector,bf16_tensor,17696.0,l2,565088.0,,0.0,,,zero_counted_flops
721,2366711,0,1,7,_softmax_prefix_suffix_mask_vector,"(100, 1, 1)","(128, 1, 1)",step04.layer06._softmax_prefix_suffix_mask_vector.line1911/_softmax_prefix_suffix_mask_vector,fp32_simt,17696.0,l2,565088.0,,2528000.0,4.4736395039356704,0.14285714285714285,ok
722,2366711,0,1,7,_matmul_small,"(104, 1, 1)","(128, 1, 1)",step04.layer06._matmul_small.line1921/_matmul_small,bf16_tensor,17696.0,l2,3427264.0,,54525952.0,15.909469477694161,3.0812585895117537,ok
722,2366711,0,1,7,_matmul_small,"(104, 1, 1)","(128, 1, 1)",step04.layer06._matmul_small.line1921/_matmul_small,fp32_simt,17696.0,l2,3427264.0,,0.0,,,zero_counted_flops
723,2366711,0,1,7,_matmul_small_res_gate_oproj,"(128, 1, 1)","(128, 1, 1)",step04.layer06._matmul_small_res_gate_oproj.line1932/_matmul_small_res_gate_oproj,bf16_tensor,38528.0,l2,14698336.0,,268435456.0,18.26298269409544,6.967282392026578,ok
723,2366711,0,1,7,_matmul_small_res_gate_oproj,"(128, 1, 1)","(128, 1, 1)",step04.layer06._matmul_small_res_gate_oproj.line1932/_matmul_small_res_gate_oproj,fp32_simt,38528.0,l2,14698336.0,,131072.0,0.00891747201860129,0.0034019933554817277,ok
724,2366711,0,1,7,_adarms_norm_kernel,"(50, 1, 1)","(128, 1, 1)",step04.layer06._adarms_norm_kernel.line1945/_adarms_norm_kernel,bf16_tensor,13792.000000000002,l2,456928.0,,0.0,,,zero_counted_flops
724,2366711,0,1,7,_adarms_norm_kernel,"(50, 1, 1)","(128, 1, 1)",step04.layer06._adarms_norm_kernel.line1945/_adarms_norm_kernel,fp32_simt,13792.000000000002,l2,456928.0,,358400.0,0.7843686532670355,0.025986078886310902,ok
725,2366711,0,1,7,_matmul_small_gate,"(1, 64, 1)","(128, 1, 1)",step04.layer06._matmul_small_gate.line1954/_matmul_small_gate,bf16_tensor,76064.00000000001,l2,23343584.0,,1073741824.0,45.997299472094774,14.116294488851493,ok
725,2366711,0,1,7,_matmul_small_gate,"(1, 64, 1)","(128, 1, 1)",step04.layer06._matmul_small_gate.line1954/_matmul_small_gate,fp32_simt,76064.00000000001,l2,23343584.0,,2883584.0,0.12352790385572326,0.03790997055111484,ok
726,2366711,0,1,7,_matmul_small_res_gate_ffn_down,"(64, 1, 1)","(128, 1, 1)",step04.layer06._matmul_small_res_gate_ffn_down.line1971/_matmul_small_res_gate_ffn_down,bf16_tensor,72416.0,l2,39458400.0,,536870912.0,13.605998013097338,7.413705700397701,ok
726,2366711,0,1,7,_matmul_small_res_gate_ffn_down,"(64, 1, 1)","(128, 1, 1)",step04.layer06._matmul_small_res_gate_ffn_down.line1971/_matmul_small_res_gate_ffn_down,fp32_simt,72416.0,l2,39458400.0,,131072.0,0.0033217768586663423,0.0018099867432611575,ok
727,2366711,0,1,7,_adarms_norm_kernel,"(50, 1, 1)","(128, 1, 1)",step04.layer07._adarms_norm_kernel.line1854/_adarms_norm_kernel,bf16_tensor,15840.0,l2,469600.0,,0.0,,,zero_counted_flops
727,2366711,0,1,7,_adarms_norm_kernel,"(50, 1, 1)","(128, 1, 1)",step04.layer07._adarms_norm_kernel.line1854/_adarms_norm_kernel,fp32_simt,15840.0,l2,469600.0,,358400.0,0.7632027257240205,0.022626262626262626,ok
728,2366711,0,1,7,_matmul_rope_qkv,"(128, 1, 1)","(128, 1, 1)",step04.layer07._matmul_rope_qkv.line1863/_matmul_rope_qkv,bf16_tensor,32512.000000000004,l2,13872160.0,,335544320.0,24.18832539417077,10.320629921259842,ok
728,2366711,0,1,7,_matmul_rope_qkv,"(128, 1, 1)","(128, 1, 1)",step04.layer07._matmul_rope_qkv.line1863/_matmul_rope_qkv,fp32_simt,32512.000000000004,l2,13872160.0,,442368.0,0.031888905548955605,0.013606299212598424,ok
729,2366711,0,1,7,_matmul_abt_scale,"(91, 1, 1)","(128, 1, 1)",step04.layer07._matmul_abt_scale.line1899/_matmul_abt_scale,bf16_tensor,15936.000000000002,l2,2856768.0,,47710208.0,16.700763940228956,2.9938634538152606,ok
729,2366711,0,1,7,_matmul_abt_scale,"(91, 1, 1)","(128, 1, 1)",step04.layer07._matmul_abt_scale.line1899/_matmul_abt_scale,fp32_simt,15936.000000000002,l2,2856768.0,,93184.0,0.03261867957075968,0.005847389558232931,ok
730,2366711,0,1,7,_softmax_prefix_suffix_mask_vector,"(100, 1, 1)","(128, 1, 1)",step04.layer07._softmax_prefix_suffix_mask_vector.line1911/_softmax_prefix_suffix_mask_vector,bf16_tensor,17120.000000000004,l2,564064.0,,0.0,,,zero_counted_flops
730,2366711,0,1,7,_softmax_prefix_suffix_mask_vector,"(100, 1, 1)","(128, 1, 1)",step04.layer07._softmax_prefix_suffix_mask_vector.line1911/_softmax_prefix_suffix_mask_vector,fp32_simt,17120.000000000004,l2,564064.0,,2528000.0,4.48176093492937,0.14766355140186915,ok
731,2366711,0,1,7,_matmul_small,"(104, 1, 1)","(128, 1, 1)",step04.layer07._matmul_small.line1921/_matmul_small,bf16_tensor,20416.000000000004,l2,3408384.0,,54525952.0,15.997596514946673,2.6707460815047015,ok
731,2366711,0,1,7,_matmul_small,"(104, 1, 1)","(128, 1, 1)",step04.layer07._matmul_small.line1921/_matmul_small,fp32_simt,20416.000000000004,l2,3408384.0,,0.0,,,zero_counted_flops
732,2366711,0,1,7,_matmul_small_res_gate_oproj,"(128, 1, 1)","(128, 1, 1)",step04.layer07._matmul_small_res_gate_oproj.line1932/_matmul_small_res_gate_oproj,bf16_tensor,43872.0,l2,14708640.0,,268435456.0,18.250188732608862,6.118605397520057,ok
732,2366711,0,1,7,_matmul_small_res_gate_oproj,"(128, 1, 1)","(128, 1, 1)",step04.layer07._matmul_small_res_gate_oproj.line1932/_matmul_small_res_gate_oproj,fp32_simt,43872.0,l2,14708640.0,,131072.0,0.008911224967094171,0.0029876002917578405,ok
733,2366711,0,1,7,_adarms_norm_kernel,"(50, 1, 1)","(128, 1, 1)",step04.layer07._adarms_norm_kernel.line1945/_adarms_norm_kernel,bf16_tensor,14400.000000000002,l2,464640.0,,0.0,,,zero_counted_flops
733,2366711,0,1,7,_adarms_norm_kernel,"(50, 1, 1)","(128, 1, 1)",step04.layer07._adarms_norm_kernel.line1945/_adarms_norm_kernel,fp32_simt,14400.000000000002,l2,464640.0,,358400.0,0.7713498622589532,0.024888888888888884,ok
734,2366711,0,1,7,_matmul_small_gate,"(1, 64, 1)","(128, 1, 1)",step04.layer07._matmul_small_gate.line1954/_matmul_small_gate,bf16_tensor,85056.0,l2,23349920.0,,1073741824.0,45.98481810644319,12.623939804364182,ok
734,2366711,0,1,7,_matmul_small_gate,"(1, 64, 1)","(128, 1, 1)",step04.layer07._matmul_small_gate.line1954/_matmul_small_gate,fp32_simt,85056.0,l2,23349920.0,,2883584.0,0.12349438456320193,0.03390218209179834,ok
735,2366711,0,1,7,_matmul_small_res_gate_ffn_down,"(64, 1, 1)","(128, 1, 1)",step04.layer07._matmul_small_res_gate_ffn_down.line1971/_matmul_small_res_gate_ffn_down,bf16_tensor,75424.0,l2,39421152.0,,536870912.0,13.618853959417523,7.118038184132371,ok
735,2366711,0,1,7,_matmul_small_res_gate_ffn_down,"(64, 1, 1)","(128, 1, 1)",step04.layer07._matmul_small_res_gate_ffn_down.line1971/_matmul_small_res_gate_ffn_down,fp32_simt,75424.0,l2,39421152.0,,131072.0,0.0033249155174359187,0.0017378022910479421,ok
736,2366711,0,1,7,_adarms_norm_kernel,"(50, 1, 1)","(128, 1, 1)",step04.layer08._adarms_norm_kernel.line1854/_adarms_norm_kernel,bf16_tensor,16128.000000000002,l2,464928.0,,0.0,,,zero_counted_flops
736,2366711,0,1,7,_adarms_norm_kernel,"(50, 1, 1)","(128, 1, 1)",step04.layer08._adarms_norm_kernel.line1854/_adarms_norm_kernel,fp32_simt,16128.000000000002,l2,464928.0,,358400.0,0.7708720490054374,0.022222222222222216,ok
737,2366711,0,1,7,_matmul_rope_qkv,"(128, 1, 1)","(128, 1, 1)",step04.layer08._matmul_rope_qkv.line1863/_matmul_rope_qkv,bf16_tensor,37344.0,l2,13867968.0,,335544320.0,24.195637024833054,8.98522707797772,ok
737,2366711,0,1,7,_matmul_rope_qkv,"(128, 1, 1)","(128, 1, 1)",step04.layer08._matmul_rope_qkv.line1863/_matmul_rope_qkv,fp32_simt,37344.0,l2,13867968.0,,442368.0,0.03189854490578577,0.011845758354755783,ok
738,2366711,0,1,7,_matmul_abt_scale,"(91, 1, 1)","(128, 1, 1)",step04.layer08._matmul_abt_scale.line1899/_matmul_abt_scale,bf16_tensor,16896.000000000004,l2,2832032.0,,47710208.0,16.84663450130507,2.823757575757575,ok
738,2366711,0,1,7,_matmul_abt_scale,"(91, 1, 1)","(128, 1, 1)",step04.layer08._matmul_abt_scale.line1899/_matmul_abt_scale,fp32_simt,16896.000000000004,l2,2832032.0,,93184.0,0.03290358301036146,0.005515151515151514,ok
739,2366711,0,1,7,_softmax_prefix_suffix_mask_vector,"(100, 1, 1)","(128, 1, 1)",step04.layer08._softmax_prefix_suffix_mask_vector.line1911/_softmax_prefix_suffix_mask_vector,bf16_tensor,17952.0,l2,564288.0,,0.0,,,zero_counted_flops
739,2366711,0,1,7,_softmax_prefix_suffix_mask_vector,"(100, 1, 1)","(128, 1, 1)",step04.layer08._softmax_prefix_suffix_mask_vector.line1911/_softmax_prefix_suffix_mask_vector,fp32_simt,17952.0,l2,564288.0,,2528000.0,4.479981853238063,0.1408199643493761,ok
740,2366711,0,1,7,_matmul_small,"(104, 1, 1)","(128, 1, 1)",step04.layer08._matmul_small.line1921/_matmul_small,bf16_tensor,22016.0,l2,3427648.0,,54525952.0,15.907687137068917,2.4766511627906977,ok
740,2366711,0,1,7,_matmul_small,"(104, 1, 1)","(128, 1, 1)",step04.layer08._matmul_small.line1921/_matmul_small,fp32_simt,22016.0,l2,3427648.0,,0.0,,,zero_counted_flops
741,2366711,0,1,7,_matmul_small_res_gate_oproj,"(128, 1, 1)","(128, 1, 1)",step04.layer08._matmul_small_res_gate_oproj.line1932/_matmul_small_res_gate_oproj,bf16_tensor,41440.0,l2,14702304.0,,268435456.0,18.258053703691612,6.477689575289575,ok
741,2366711,0,1,7,_matmul_small_res_gate_oproj,"(128, 1, 1)","(128, 1, 1)",step04.layer08._matmul_small_res_gate_oproj.line1932/_matmul_small_res_gate_oproj,fp32_simt,41440.0,l2,14702304.0,,131072.0,0.00891506528500567,0.0031629343629343627,ok
742,2366711,0,1,7,_adarms_norm_kernel,"(50, 1, 1)","(128, 1, 1)",step04.layer08._adarms_norm_kernel.line1945/_adarms_norm_kernel,bf16_tensor,14432.0,l2,456480.0,,0.0,,,zero_counted_flops
742,2366711,0,1,7,_adarms_norm_kernel,"(50, 1, 1)","(128, 1, 1)",step04.layer08._adarms_norm_kernel.line1945/_adarms_norm_kernel,fp32_simt,14432.0,l2,456480.0,,358400.0,0.7851384507535927,0.02483370288248337,ok
743,2366711,0,1,7,_matmul_small_gate,"(1, 64, 1)","(128, 1, 1)",step04.layer08._matmul_small_gate.line1954/_matmul_small_gate,bf16_tensor,79040.0,l2,23320800.0,,1073741824.0,46.04223800212686,13.584790283400809,ok
743,2366711,0,1,7,_matmul_small_gate,"(1, 64, 1)","(128, 1, 1)",step04.layer08._matmul_small_gate.line1954/_matmul_small_gate,fp32_simt,79040.0,l2,23320800.0,,2883584.0,0.12364858838461802,0.03648259109311741,ok
744,2366711,0,1,7,_matmul_small_res_gate_ffn_down,"(64, 1, 1)","(128, 1, 1)",step04.layer08._matmul_small_res_gate_ffn_down.line1971/_matmul_small_res_gate_ffn_down,bf16_tensor,72320.0,l2,39488672.0,,536870912.0,13.595567660517933,7.423546902654867,ok
744,2366711,0,1,7,_matmul_small_res_gate_ffn_down,"(64, 1, 1)","(128, 1, 1)",step04.layer08._matmul_small_res_gate_ffn_down.line1971/_matmul_small_res_gate_ffn_down,fp32_simt,72320.0,l2,39488672.0,,131072.0,0.003319230385868636,0.0018123893805309735,ok
745,2366711,0,1,7,_adarms_norm_kernel,"(50, 1, 1)","(128, 1, 1)",step04.layer09._adarms_norm_kernel.line1854/_adarms_norm_kernel,bf16_tensor,16096.0,l2,460736.0,,0.0,,,zero_counted_flops
745,2366711,0,1,7,_adarms_norm_kernel,"(50, 1, 1)","(128, 1, 1)",step04.layer09._adarms_norm_kernel.line1854/_adarms_norm_kernel,fp32_simt,16096.0,l2,460736.0,,358400.0,0.7778858174746492,0.022266401590457258,ok
746,2366711,0,1,7,_matmul_rope_qkv,"(128, 1, 1)","(128, 1, 1)",step04.layer09._matmul_rope_qkv.line1863/_matmul_rope_qkv,bf16_tensor,36416.00000000001,l2,13778944.0,,335544320.0,24.351961950059454,9.214200351493847,ok
746,2366711,0,1,7,_matmul_rope_qkv,"(128, 1, 1)","(128, 1, 1)",step04.layer09._matmul_rope_qkv.line1863/_matmul_rope_qkv,fp32_simt,36416.00000000001,l2,13778944.0,,442368.0,0.03210463733650416,0.012147627416520208,ok
747,2366711,0,1,7,_matmul_abt_scale,"(91, 1, 1)","(128, 1, 1)",step04.layer09._matmul_abt_scale.line1899/_matmul_abt_scale,bf16_tensor,16544.0,l2,2843104.0,,47710208.0,16.781028059473027,2.8838375241779497,ok
747,2366711,0,1,7,_matmul_abt_scale,"(91, 1, 1)","(128, 1, 1)",step04.layer09._matmul_abt_scale.line1899/_matmul_abt_scale,fp32_simt,16544.0,l2,2843104.0,,93184.0,0.032775445428658255,0.005632495164410058,ok
748,2366711,0,1,7,_softmax_prefix_suffix_mask_vector,"(100, 1, 1)","(128, 1, 1)",step04.layer09._softmax_prefix_suffix_mask_vector.line1911/_softmax_prefix_suffix_mask_vector,bf16_tensor,17056.0,l2,564512.0,,0.0,,,zero_counted_flops
748,2366711,0,1,7,_softmax_prefix_suffix_mask_vector,"(100, 1, 1)","(128, 1, 1)",step04.layer09._softmax_prefix_suffix_mask_vector.line1911/_softmax_prefix_suffix_mask_vector,fp32_simt,17056.0,l2,564512.0,,2528000.0,4.478204183436313,0.14821763602251406,ok
749,2366711,0,1,7,_matmul_small,"(104, 1, 1)","(128, 1, 1)",step04.layer09._matmul_small.line1921/_matmul_small,bf16_tensor,19264.0,l2,3430976.0,,54525952.0,15.89225689716279,2.8304584717607972,ok
749,2366711,0,1,7,_matmul_small,"(104, 1, 1)","(128, 1, 1)",step04.layer09._matmul_small.line1921/_matmul_small,fp32_simt,19264.0,l2,3430976.0,,0.0,,,zero_counted_flops
750,2366711,0,1,7,_matmul_small_res_gate_oproj,"(128, 1, 1)","(128, 1, 1)",step04.layer09._matmul_small_res_gate_oproj.line1932/_matmul_small_res_gate_oproj,bf16_tensor,42976.0,l2,14716576.0,,268435456.0,18.240347211199126,6.2461712583767675,ok
750,2366711,0,1,7,_matmul_small_res_gate_oproj,"(128, 1, 1)","(128, 1, 1)",step04.layer09._matmul_small_res_gate_oproj.line1932/_matmul_small_res_gate_oproj,fp32_simt,42976.0,l2,14716576.0,,131072.0,0.008906419536718323,0.003049888309754281,ok
751,2366711,0,1,7,_adarms_norm_kernel,"(50, 1, 1)","(128, 1, 1)",step04.layer09._adarms_norm_kernel.line1945/_adarms_norm_kernel,bf16_tensor,15232.0,l2,464288.0,,0.0,,,zero_counted_flops
751,2366711,0,1,7,_adarms_norm_kernel,"(50, 1, 1)","(128, 1, 1)",step04.layer09._adarms_norm_kernel.line1945/_adarms_norm_kernel,fp32_simt,15232.0,l2,464288.0,,358400.0,0.7719346612447446,0.02352941176470588,ok
752,2366711,0,1,7,_matmul_small_gate,"(1, 64, 1)","(128, 1, 1)",step04.layer09._matmul_small_gate.line1954/_matmul_small_gate,bf16_tensor,83104.00000000001,l2,23364736.0,,1073741824.0,45.955658304891614,12.920458991143626,ok
752,2366711,0,1,7,_matmul_small_gate,"(1, 64, 1)","(128, 1, 1)",step04.layer09._matmul_small_gate.line1954/_matmul_small_gate,fp32_simt,83104.00000000001,l2,23364736.0,,2883584.0,0.12341607454926946,0.03469849826723141,ok
753,2366711,0,1,7,_matmul_small_res_gate_ffn_down,"(64, 1, 1)","(128, 1, 1)",step04.layer09._matmul_small_res_gate_ffn_down.line1971/_matmul_small_res_gate_ffn_down,bf16_tensor,74816.00000000001,l2,39276256.0,,536870912.0,13.66909595456349,7.17588366124893,ok
753,2366711,0,1,7,_matmul_small_res_gate_ffn_down,"(64, 1, 1)","(128, 1, 1)",step04.layer09._matmul_small_res_gate_ffn_down.line1971/_matmul_small_res_gate_ffn_down,fp32_simt,74816.00000000001,l2,39276256.0,,131072.0,0.003337181629532102,0.001751924721984602,ok
754,2366711,0,1,7,_adarms_norm_kernel,"(50, 1, 1)","(128, 1, 1)",step04.layer10._adarms_norm_kernel.line1854/_adarms_norm_kernel,bf16_tensor,16928.0,l2,460480.0,,0.0,,,zero_counted_flops
754,2366711,0,1,7,_adarms_norm_kernel,"(50, 1, 1)","(128, 1, 1)",step04.layer10._adarms_norm_kernel.line1854/_adarms_norm_kernel,fp32_simt,16928.0,l2,460480.0,,358400.0,0.778318276580959,0.021172022684310017,ok
755,2366711,0,1,7,_matmul_rope_qkv,"(128, 1, 1)","(128, 1, 1)",step04.layer10._matmul_rope_qkv.line1863/_matmul_rope_qkv,bf16_tensor,36608.0,l2,13784544.0,,335544320.0,24.34206891428545,9.165874125874128,ok
755,2366711,0,1,7,_matmul_rope_qkv,"(128, 1, 1)","(128, 1, 1)",step04.layer10._matmul_rope_qkv.line1863/_matmul_rope_qkv,fp32_simt,36608.0,l2,13784544.0,,442368.0,0.03209159476004429,0.012083916083916084,ok
756,2366711,0,1,7,_matmul_abt_scale,"(91, 1, 1)","(128, 1, 1)",step04.layer10._matmul_abt_scale.line1899/_matmul_abt_scale,bf16_tensor,16128.000000000002,l2,2837088.0,,47710208.0,16.816611962688505,2.9582222222222216,ok
756,2366711,0,1,7,_matmul_abt_scale,"(91, 1, 1)","(128, 1, 1)",step04.layer10._matmul_abt_scale.line1899/_matmul_abt_scale,fp32_simt,16128.000000000002,l2,2837088.0,,93184.0,0.032844945239625986,0.005777777777777777,ok
757,2366711,0,1,7,_softmax_prefix_suffix_mask_vector,"(100, 1, 1)","(128, 1, 1)",step04.layer10._softmax_prefix_suffix_mask_vector.line1911/_softmax_prefix_suffix_mask_vector,bf16_tensor,17120.000000000004,l2,560608.0,,0.0,,,zero_counted_flops
757,2366711,0,1,7,_softmax_prefix_suffix_mask_vector,"(100, 1, 1)","(128, 1, 1)",step04.layer10._softmax_prefix_suffix_mask_vector.line1911/_softmax_prefix_suffix_mask_vector,fp32_simt,17120.000000000004,l2,560608.0,,2528000.0,4.5093898053541865,0.14766355140186915,ok
758,2366711,0,1,7,_matmul_small,"(104, 1, 1)","(128, 1, 1)",step04.layer10._matmul_small.line1921/_matmul_small,bf16_tensor,16544.0,l2,3413728.0,,54525952.0,15.972553173539309,3.2958143133462285,ok
758,2366711,0,1,7,_matmul_small,"(104, 1, 1)","(128, 1, 1)",step04.layer10._matmul_small.line1921/_matmul_small,fp32_simt,16544.0,l2,3413728.0,,0.0,,,zero_counted_flops
759,2366711,0,1,7,_matmul_small_res_gate_oproj,"(128, 1, 1)","(128, 1, 1)",step04.layer10._matmul_small_res_gate_oproj.line1932/_matmul_small_res_gate_oproj,bf16_tensor,39552.0,l2,14687616.0,,268435456.0,18.27631223474252,6.786899676375405,ok
759,2366711,0,1,7,_matmul_small_res_gate_oproj,"(128, 1, 1)","(128, 1, 1)",step04.layer10._matmul_small_res_gate_oproj.line1932/_matmul_small_res_gate_oproj,fp32_simt,39552.0,l2,14687616.0,,131072.0,0.00892398058337037,0.003313915857605178,ok
760,2366711,0,1,7,_adarms_norm_kernel,"(50, 1, 1)","(128, 1, 1)",step04.layer10._adarms_norm_kernel.line1945/_adarms_norm_kernel,bf16_tensor,14144.0,l2,470816.0,,0.0,,,zero_counted_flops
760,2366711,0,1,7,_adarms_norm_kernel,"(50, 1, 1)","(128, 1, 1)",step04.layer10._adarms_norm_kernel.line1945/_adarms_norm_kernel,fp32_simt,14144.0,l2,470816.0,,358400.0,0.7612315639230612,0.025339366515837104,ok
761,2366711,0,1,7,_matmul_small_gate,"(1, 64, 1)","(128, 1, 1)",step04.layer10._matmul_small_gate.line1954/_matmul_small_gate,bf16_tensor,87648.00000000001,l2,23348416.0,,1073741824.0,45.987780241708904,12.250614092734573,ok
761,2366711,0,1,7,_matmul_small_gate,"(1, 64, 1)","(128, 1, 1)",step04.layer10._matmul_small_gate.line1954/_matmul_small_gate,fp32_simt,87648.00000000001,l2,23348416.0,,2883584.0,0.12350233951630808,0.03289959839357429,ok
762,2366711,0,1,7,_matmul_small_res_gate_ffn_down,"(64, 1, 1)","(128, 1, 1)",step04.layer10._matmul_small_res_gate_ffn_down.line1971/_matmul_small_res_gate_ffn_down,bf16_tensor,73536.00000000001,l2,39349664.0,,536870912.0,13.643595838582002,7.3007902523933845,ok
762,2366711,0,1,7,_matmul_small_res_gate_ffn_down,"(64, 1, 1)","(128, 1, 1)",step04.layer10._matmul_small_res_gate_ffn_down.line1971/_matmul_small_res_gate_ffn_down,fp32_simt,73536.00000000001,l2,39349664.0,,131072.0,0.003330956015278809,0.0017824194952132286,ok
763,2366711,0,1,7,_adarms_norm_kernel,"(50, 1, 1)","(128, 1, 1)",step04.layer11._adarms_norm_kernel.line1854/_adarms_norm_kernel,bf16_tensor,15008.000000000002,l2,459808.0,,0.0,,,zero_counted_flops
763,2366711,0,1,7,_adarms_norm_kernel,"(50, 1, 1)","(128, 1, 1)",step04.layer11._adarms_norm_kernel.line1854/_adarms_norm_kernel,fp32_simt,15008.000000000002,l2,459808.0,,358400.0,0.7794557728443177,0.023880597014925373,ok
764,2366711,0,1,7,_matmul_rope_qkv,"(128, 1, 1)","(128, 1, 1)",step04.layer11._matmul_rope_qkv.line1863/_matmul_rope_qkv,bf16_tensor,37184.0,l2,13829280.0,,335544320.0,24.26332535027131,9.023889845094663,ok
764,2366711,0,1,7,_matmul_rope_qkv,"(128, 1, 1)","(128, 1, 1)",step04.layer11._matmul_rope_qkv.line1863/_matmul_rope_qkv,fp32_simt,37184.0,l2,13829280.0,,442368.0,0.03198778244420534,0.011896729776247849,ok
765,2366711,0,1,7,_matmul_abt_scale,"(91, 1, 1)","(128, 1, 1)",step04.layer11._matmul_abt_scale.line1899/_matmul_abt_scale,bf16_tensor,18272.0,l2,2878720.0,,47710208.0,16.573410404624276,2.611110332749562,ok
765,2366711,0,1,7,_matmul_abt_scale,"(91, 1, 1)","(128, 1, 1)",step04.layer11._matmul_abt_scale.line1899/_matmul_abt_scale,fp32_simt,18272.0,l2,2878720.0,,93184.0,0.03236994219653179,0.005099824868651489,ok
766,2366711,0,1,7,_softmax_prefix_suffix_mask_vector,"(100, 1, 1)","(128, 1, 1)",step04.layer11._softmax_prefix_suffix_mask_vector.line1911/_softmax_prefix_suffix_mask_vector,bf16_tensor,16384.0,l2,562304.0,,0.0,,,zero_counted_flops
766,2366711,0,1,7,_softmax_prefix_suffix_mask_vector,"(100, 1, 1)","(128, 1, 1)",step04.layer11._softmax_prefix_suffix_mask_vector.line1911/_softmax_prefix_suffix_mask_vector,fp32_simt,16384.0,l2,562304.0,,2528000.0,4.495788754837241,0.154296875,ok
767,2366711,0,1,7,_matmul_small,"(104, 1, 1)","(128, 1, 1)",step04.layer11._matmul_small.line1921/_matmul_small,bf16_tensor,18432.000000000004,l2,3420960.0,,54525952.0,15.9387867733034,2.9582222222222216,ok
767,2366711,0,1,7,_matmul_small,"(104, 1, 1)","(128, 1, 1)",step04.layer11._matmul_small.line1921/_matmul_small,fp32_simt,18432.000000000004,l2,3420960.0,,0.0,,,zero_counted_flops
768,2366711,0,1,7,_matmul_small_res_gate_oproj,"(128, 1, 1)","(128, 1, 1)",step04.layer11._matmul_small_res_gate_oproj.line1932/_matmul_small_res_gate_oproj,bf16_tensor,40544.0,l2,14714848.0,,268435456.0,18.242489219052754,6.620842936069455,ok
768,2366711,0,1,7,_matmul_small_res_gate_oproj,"(128, 1, 1)","(128, 1, 1)",step04.layer11._matmul_small_res_gate_oproj.line1932/_matmul_small_res_gate_oproj,fp32_simt,40544.0,l2,14714848.0,,131072.0,0.008907465438990602,0.0032328334648776638,ok
769,2366711,0,1,7,_adarms_norm_kernel,"(50, 1, 1)","(128, 1, 1)",step04.layer11._adarms_norm_kernel.line1945/_adarms_norm_kernel,bf16_tensor,14880.000000000002,l2,454688.0,,0.0,,,zero_counted_flops
769,2366711,0,1,7,_adarms_norm_kernel,"(50, 1, 1)","(128, 1, 1)",step04.layer11._adarms_norm_kernel.line1945/_adarms_norm_kernel,fp32_simt,14880.000000000002,l2,454688.0,,358400.0,0.7882328101907242,0.024086021505376344,ok
770,2366711,0,1,7,_matmul_small_gate,"(1, 64, 1)","(128, 1, 1)",step04.layer11._matmul_small_gate.line1954/_matmul_small_gate,bf16_tensor,90752.0,l2,23390592.0,,1073741824.0,45.9048588423927,11.831605077574046,ok
770,2366711,0,1,7,_matmul_small_gate,"(1, 64, 1)","(128, 1, 1)",step04.layer11._matmul_small_gate.line1954/_matmul_small_gate,fp32_simt,90752.0,l2,23390592.0,,2883584.0,0.12327965021150383,0.031774330042313115,ok
771,2366711,0,1,7,_matmul_small_res_gate_ffn_down,"(64, 1, 1)","(128, 1, 1)",step04.layer11._matmul_small_res_gate_ffn_down.line1971/_matmul_small_res_gate_ffn_down,bf16_tensor,73824.0,l2,39270880.0,,536870912.0,13.670967189938194,7.272308625921109,ok
771,2366711,0,1,7,_matmul_small_res_gate_ffn_down,"(64, 1, 1)","(128, 1, 1)",step04.layer11._matmul_small_res_gate_ffn_down.line1971/_matmul_small_res_gate_ffn_down,fp32_simt,73824.0,l2,39270880.0,,131072.0,0.0033376384741060044,0.0017754659731252708,ok
772,2366711,0,1,7,_adarms_norm_kernel,"(50, 1, 1)","(128, 1, 1)",step04.layer12._adarms_norm_kernel.line1854/_adarms_norm_kernel,bf16_tensor,12192.000000000002,l2,460576.0,,0.0,,,zero_counted_flops
772,2366711,0,1,7,_adarms_norm_kernel,"(50, 1, 1)","(128, 1, 1)",step04.layer12._adarms_norm_kernel.line1854/_adarms_norm_kernel,fp32_simt,12192.000000000002,l2,460576.0,,358400.0,0.7781560480789272,0.02939632545931758,ok
773,2366711,0,1,7,_matmul_rope_qkv,"(128, 1, 1)","(128, 1, 1)",step04.layer12._matmul_rope_qkv.line1863/_matmul_rope_qkv,bf16_tensor,37568.0,l2,13777600.0,,335544320.0,24.35433747532226,8.931652470187393,ok
773,2366711,0,1,7,_matmul_rope_qkv,"(128, 1, 1)","(128, 1, 1)",step04.layer12._matmul_rope_qkv.line1863/_matmul_rope_qkv,fp32_simt,37568.0,l2,13777600.0,,442368.0,0.03210776913250494,0.011775127768313458,ok
774,2366711,0,1,7,_matmul_abt_scale,"(91, 1, 1)","(128, 1, 1)",step04.layer12._matmul_abt_scale.line1899/_matmul_abt_scale,bf16_tensor,19040.0,l2,2853472.0,,47710208.0,16.720054726312366,2.505788235294118,ok
774,2366711,0,1,7,_matmul_abt_scale,"(91, 1, 1)","(128, 1, 1)",step04.layer12._matmul_abt_scale.line1899/_matmul_abt_scale,fp32_simt,19040.0,l2,2853472.0,,93184.0,0.03265635688732884,0.004894117647058824,ok
775,2366711,0,1,7,_softmax_prefix_suffix_mask_vector,"(100, 1, 1)","(128, 1, 1)",step04.layer12._softmax_prefix_suffix_mask_vector.line1911/_softmax_prefix_suffix_mask_vector,bf16_tensor,19264.0,l2,566848.0,,0.0,,,zero_counted_flops
775,2366711,0,1,7,_softmax_prefix_suffix_mask_vector,"(100, 1, 1)","(128, 1, 1)",step04.layer12._softmax_prefix_suffix_mask_vector.line1911/_softmax_prefix_suffix_mask_vector,fp32_simt,19264.0,l2,566848.0,,2528000.0,4.45974935079598,0.13122923588039867,ok
776,2366711,0,1,7,_matmul_small,"(104, 1, 1)","(128, 1, 1)",step04.layer12._matmul_small.line1921/_matmul_small,bf16_tensor,16736.0,l2,3424160.0,,54525952.0,15.9238914069436,3.2580038240917784,ok
776,2366711,0,1,7,_matmul_small,"(104, 1, 1)","(128, 1, 1)",step04.layer12._matmul_small.line1921/_matmul_small,fp32_simt,16736.0,l2,3424160.0,,0.0,,,zero_counted_flops
777,2366711,0,1,7,_matmul_small_res_gate_oproj,"(128, 1, 1)","(128, 1, 1)",step04.layer12._matmul_small_res_gate_oproj.line1932/_matmul_small_res_gate_oproj,bf16_tensor,39328.0,l2,14758016.0,,268435456.0,18.189128945245756,6.825555736371033,ok
777,2366711,0,1,7,_matmul_small_res_gate_oproj,"(128, 1, 1)","(128, 1, 1)",step04.layer12._matmul_small_res_gate_oproj.line1932/_matmul_small_res_gate_oproj,fp32_simt,39328.0,l2,14758016.0,,131072.0,0.008881410617795779,0.0033327908868999185,ok
778,2366711,0,1,7,_adarms_norm_kernel,"(50, 1, 1)","(128, 1, 1)",step04.layer12._adarms_norm_kernel.line1945/_adarms_norm_kernel,bf16_tensor,14208.0,l2,464320.0,,0.0,,,zero_counted_flops
778,2366711,0,1,7,_adarms_norm_kernel,"(50, 1, 1)","(128, 1, 1)",step04.layer12._adarms_norm_kernel.line1945/_adarms_norm_kernel,fp32_simt,14208.0,l2,464320.0,,358400.0,0.771881461061337,0.025225225225225224,ok
779,2366711,0,1,7,_matmul_small_gate,"(1, 64, 1)","(128, 1, 1)",step04.layer12._matmul_small_gate.line1954/_matmul_small_gate,bf16_tensor,79136.00000000001,l2,23354400.0,,1073741824.0,45.97599698557873,13.568310553983016,ok
779,2366711,0,1,7,_matmul_small_gate,"(1, 64, 1)","(128, 1, 1)",step04.layer12._matmul_small_gate.line1954/_matmul_small_gate,fp32_simt,79136.00000000001,l2,23354400.0,,2883584.0,0.12347069502963039,0.036438334007278604,ok
780,2366711,0,1,7,_matmul_small_res_gate_ffn_down,"(64, 1, 1)","(128, 1, 1)",step04.layer12._matmul_small_res_gate_ffn_down.line1971/_matmul_small_res_gate_ffn_down,bf16_tensor,73632.0,l2,39427168.0,,536870912.0,13.616775924661898,7.291271621034333,ok
780,2366711,0,1,7,_matmul_small_res_gate_ffn_down,"(64, 1, 1)","(128, 1, 1)",step04.layer12._matmul_small_res_gate_ffn_down.line1971/_matmul_small_res_gate_ffn_down,fp32_simt,73632.0,l2,39427168.0,,131072.0,0.0033244081847319086,0.0017800956106040853,ok
781,2366711,0,1,7,_adarms_norm_kernel,"(50, 1, 1)","(128, 1, 1)",step04.layer13._adarms_norm_kernel.line1854/_adarms_norm_kernel,bf16_tensor,16128.000000000002,l2,468320.0,,0.0,,,zero_counted_flops
781,2366711,0,1,7,_adarms_norm_kernel,"(50, 1, 1)","(128, 1, 1)",step04.layer13._adarms_norm_kernel.line1854/_adarms_norm_kernel,fp32_simt,16128.000000000002,l2,468320.0,,358400.0,0.7652886914929963,0.022222222222222216,ok
782,2366711,0,1,7,_matmul_rope_qkv,"(128, 1, 1)","(128, 1, 1)",step04.layer13._matmul_rope_qkv.line1863/_matmul_rope_qkv,bf16_tensor,36832.0,l2,13807584.0,,335544320.0,24.301450565138694,9.1101303214596,ok
782,2366711,0,1,7,_matmul_rope_qkv,"(128, 1, 1)","(128, 1, 1)",step04.layer13._matmul_rope_qkv.line1863/_matmul_rope_qkv,fp32_simt,36832.0,l2,13807584.0,,442368.0,0.032038045178649645,0.012010425716768027,ok
783,2366711,0,1,7,_matmul_abt_scale,"(91, 1, 1)","(128, 1, 1)",step04.layer13._matmul_abt_scale.line1899/_matmul_abt_scale,bf16_tensor,15488.000000000002,l2,2842144.0,,47710208.0,16.786696240584572,3.0804628099173548,ok
783,2366711,0,1,7,_matmul_abt_scale,"(91, 1, 1)","(128, 1, 1)",step04.layer13._matmul_abt_scale.line1899/_matmul_abt_scale,fp32_simt,15488.000000000002,l2,2842144.0,,93184.0,0.03278651609489174,0.0060165289256198335,ok
784,2366711,0,1,7,_softmax_prefix_suffix_mask_vector,"(100, 1, 1)","(128, 1, 1)",step04.layer13._softmax_prefix_suffix_mask_vector.line1911/_softmax_prefix_suffix_mask_vector,bf16_tensor,19744.000000000004,l2,567360.0,,0.0,,,zero_counted_flops
784,2366711,0,1,7,_softmax_prefix_suffix_mask_vector,"(100, 1, 1)","(128, 1, 1)",step04.layer13._softmax_prefix_suffix_mask_vector.line1911/_softmax_prefix_suffix_mask_vector,fp32_simt,19744.000000000004,l2,567360.0,,2528000.0,4.455724760293288,0.12803889789303077,ok
785,2366711,0,1,7,_matmul_small,"(104, 1, 1)","(128, 1, 1)",step04.layer13._matmul_small.line1921/_matmul_small,bf16_tensor,19136.0,l2,3406848.0,,54525952.0,16.004809137360986,2.849391304347826,ok
785,2366711,0,1,7,_matmul_small,"(104, 1, 1)","(128, 1, 1)",step04.layer13._matmul_small.line1921/_matmul_small,fp32_simt,19136.0,l2,3406848.0,,0.0,,,zero_counted_flops
786,2366711,0,1,7,_matmul_small_res_gate_oproj,"(128, 1, 1)","(128, 1, 1)",step04.layer13._matmul_small_res_gate_oproj.line1932/_matmul_small_res_gate_oproj,bf16_tensor,42304.0,l2,14693184.0,,268435456.0,18.269386403927154,6.345391830559758,ok
786,2366711,0,1,7,_matmul_small_res_gate_oproj,"(128, 1, 1)","(128, 1, 1)",step04.layer13._matmul_small_res_gate_oproj.line1932/_matmul_small_res_gate_oproj,fp32_simt,42304.0,l2,14693184.0,,131072.0,0.008920598830042556,0.003098335854765507,ok
787,2366711,0,1,7,_adarms_norm_kernel,"(50, 1, 1)","(128, 1, 1)",step04.layer13._adarms_norm_kernel.line1945/_adarms_norm_kernel,bf16_tensor,12640.000000000002,l2,461472.0,,0.0,,,zero_counted_flops
787,2366711,0,1,7,_adarms_norm_kernel,"(50, 1, 1)","(128, 1, 1)",step04.layer13._adarms_norm_kernel.line1945/_adarms_norm_kernel,fp32_simt,12640.000000000002,l2,461472.0,,358400.0,0.7766451702378476,0.028354430379746835,ok
788,2366711,0,1,7,_matmul_small_gate,"(1, 64, 1)","(128, 1, 1)",step04.layer13._matmul_small_gate.line1954/_matmul_small_gate,bf16_tensor,80736.00000000001,l2,23309664.0,,1073741824.0,46.06423430213323,13.29941815299247,ok
788,2366711,0,1,7,_matmul_small_gate,"(1, 64, 1)","(128, 1, 1)",step04.layer13._matmul_small_gate.line1954/_matmul_small_gate,fp32_simt,80736.00000000001,l2,23309664.0,,2883584.0,0.12370766047936169,0.035716210860087194,ok
789,2366711,0,1,7,_matmul_small_res_gate_ffn_down,"(64, 1, 1)","(128, 1, 1)",step04.layer13._matmul_small_res_gate_ffn_down.line1971/_matmul_small_res_gate_ffn_down,bf16_tensor,73760.0,l2,39228224.0,,536870912.0,13.685832731045892,7.278618655097614,ok
789,2366711,0,1,7,_matmul_small_res_gate_ffn_down,"(64, 1, 1)","(128, 1, 1)",step04.layer13._matmul_small_res_gate_ffn_down.line1971/_matmul_small_res_gate_ffn_down,fp32_simt,73760.0,l2,39228224.0,,131072.0,0.003341267756603001,0.001777006507592191,ok
790,2366711,0,1,7,_adarms_norm_kernel,"(50, 1, 1)","(128, 1, 1)",step04.layer14._adarms_norm_kernel.line1854/_adarms_norm_kernel,bf16_tensor,15616.000000000002,l2,453632.0,,0.0,,,zero_counted_flops
790,2366711,0,1,7,_adarms_norm_kernel,"(50, 1, 1)","(128, 1, 1)",step04.layer14._adarms_norm_kernel.line1854/_adarms_norm_kernel,fp32_simt,15616.000000000002,l2,453632.0,,358400.0,0.7900677200902935,0.022950819672131147,ok
791,2366711,0,1,7,_matmul_rope_qkv,"(128, 1, 1)","(128, 1, 1)",step04.layer14._matmul_rope_qkv.line1863/_matmul_rope_qkv,bf16_tensor,38464.0,l2,13802432.0,,335544320.0,24.310521508093647,8.72359400998336,ok
791,2366711,0,1,7,_matmul_rope_qkv,"(128, 1, 1)","(128, 1, 1)",step04.layer14._matmul_rope_qkv.line1863/_matmul_rope_qkv,fp32_simt,38464.0,l2,13802432.0,,442368.0,0.0320500039413344,0.011500831946755408,ok
792,2366711,0,1,7,_matmul_abt_scale,"(91, 1, 1)","(128, 1, 1)",step04.layer14._matmul_abt_scale.line1899/_matmul_abt_scale,bf16_tensor,17504.0,l2,2853536.0,,47710208.0,16.71967972368318,2.7256745886654477,ok
792,2366711,0,1,7,_matmul_abt_scale,"(91, 1, 1)","(128, 1, 1)",step04.layer14._matmul_abt_scale.line1899/_matmul_abt_scale,fp32_simt,17504.0,l2,2853536.0,,93184.0,0.03265562446031871,0.0053235831809872024,ok
793,2366711,0,1,7,_softmax_prefix_suffix_mask_vector,"(100, 1, 1)","(128, 1, 1)",step04.layer14._softmax_prefix_suffix_mask_vector.line1911/_softmax_prefix_suffix_mask_vector,bf16_tensor,17408.0,l2,564032.0,,0.0,,,zero_counted_flops
793,2366711,0,1,7,_softmax_prefix_suffix_mask_vector,"(100, 1, 1)","(128, 1, 1)",step04.layer14._softmax_prefix_suffix_mask_vector.line1911/_softmax_prefix_suffix_mask_vector,fp32_simt,17408.0,l2,564032.0,,2528000.0,4.482015204811074,0.14522058823529413,ok
794,2366711,0,1,7,_matmul_small,"(104, 1, 1)","(128, 1, 1)",step04.layer14._matmul_small.line1921/_matmul_small,bf16_tensor,17760.000000000004,l2,3424608.0,,54525952.0,15.92180827703492,3.0701549549549547,ok
794,2366711,0,1,7,_matmul_small,"(104, 1, 1)","(128, 1, 1)",step04.layer14._matmul_small.line1921/_matmul_small,fp32_simt,17760.000000000004,l2,3424608.0,,0.0,,,zero_counted_flops
795,2366711,0,1,7,_matmul_small_res_gate_oproj,"(128, 1, 1)","(128, 1, 1)",step04.layer14._matmul_small_res_gate_oproj.line1932/_matmul_small_res_gate_oproj,bf16_tensor,38912.0,l2,14696992.0,,268435456.0,18.264652794258854,6.898526315789474,ok
795,2366711,0,1,7,_matmul_small_res_gate_oproj,"(128, 1, 1)","(128, 1, 1)",step04.layer14._matmul_small_res_gate_oproj.line1932/_matmul_small_res_gate_oproj,fp32_simt,38912.0,l2,14696992.0,,131072.0,0.008918287497196706,0.003368421052631579,ok
796,2366711,0,1,7,_adarms_norm_kernel,"(50, 1, 1)","(128, 1, 1)",step04.layer14._adarms_norm_kernel.line1945/_adarms_norm_kernel,bf16_tensor,15776.0,l2,455840.0,,0.0,,,zero_counted_flops
796,2366711,0,1,7,_adarms_norm_kernel,"(50, 1, 1)","(128, 1, 1)",step04.layer14._adarms_norm_kernel.line1945/_adarms_norm_kernel,fp32_simt,15776.0,l2,455840.0,,358400.0,0.7862407862407862,0.022718052738336717,ok
797,2366711,0,1,7,_matmul_small_gate,"(1, 64, 1)","(128, 1, 1)",step04.layer14._matmul_small_gate.line1954/_matmul_small_gate,bf16_tensor,79840.00000000001,l2,23332832.0,,1073741824.0,46.01849548310295,13.44867014028056,ok
797,2366711,0,1,7,_matmul_small_gate,"(1, 64, 1)","(128, 1, 1)",step04.layer14._matmul_small_gate.line1954/_matmul_small_gate,fp32_simt,79840.00000000001,l2,23332832.0,,2883584.0,0.12358482673684874,0.03611703406813627,ok
798,2366711,0,1,7,_matmul_small_res_gate_ffn_down,"(64, 1, 1)","(128, 1, 1)",step04.layer14._matmul_small_res_gate_ffn_down.line1971/_matmul_small_res_gate_ffn_down,bf16_tensor,73312.0,l2,39211776.0,,536870912.0,13.691573470173857,7.323097337407245,ok
798,2366711,0,1,7,_matmul_small_res_gate_ffn_down,"(64, 1, 1)","(128, 1, 1)",step04.layer14._matmul_small_res_gate_ffn_down.line1971/_matmul_small_res_gate_ffn_down,fp32_simt,73312.0,l2,39211776.0,,131072.0,0.0033426693042416643,0.0017878655608904407,ok
799,2366711,0,1,7,_adarms_norm_kernel,"(50, 1, 1)","(128, 1, 1)",step04.layer15._adarms_norm_kernel.line1854/_adarms_norm_kernel,bf16_tensor,15008.000000000002,l2,471552.0,,0.0,,,zero_counted_flops
799,2366711,0,1,7,_adarms_norm_kernel,"(50, 1, 1)","(128, 1, 1)",step04.layer15._adarms_norm_kernel.line1854/_adarms_norm_kernel,fp32_simt,15008.000000000002,l2,471552.0,,358400.0,0.760043431053203,0.023880597014925373,ok
800,2366711,0,1,7,_matmul_rope_qkv,"(128, 1, 1)","(128, 1, 1)",step04.layer15._matmul_rope_qkv.line1863/_matmul_rope_qkv,bf16_tensor,36992.0,l2,13832608.0,,335544320.0,24.257487814300816,9.070726643598615,ok
800,2366711,0,1,7,_matmul_rope_qkv,"(128, 1, 1)","(128, 1, 1)",step04.layer15._matmul_rope_qkv.line1863/_matmul_rope_qkv,fp32_simt,36992.0,l2,13832608.0,,442368.0,0.03198008647393174,0.011958477508650518,ok
801,2366711,0,1,7,_matmul_abt_scale,"(91, 1, 1)","(128, 1, 1)",step04.layer15._matmul_abt_scale.line1899/_matmul_abt_scale,bf16_tensor,15072.0,l2,2847296.0,,47710208.0,16.756321787408123,3.1654861995753714,ok
801,2366711,0,1,7,_matmul_abt_scale,"(91, 1, 1)","(128, 1, 1)",step04.layer15._matmul_abt_scale.line1899/_matmul_abt_scale,fp32_simt,15072.0,l2,2847296.0,,93184.0,0.03272719099103149,0.006182590233545647,ok
802,2366711,0,1,7,_softmax_prefix_suffix_mask_vector,"(100, 1, 1)","(128, 1, 1)",step04.layer15._softmax_prefix_suffix_mask_vector.line1911/_softmax_prefix_suffix_mask_vector,bf16_tensor,20064.0,l2,566496.0,,0.0,,,zero_counted_flops
802,2366711,0,1,7,_softmax_prefix_suffix_mask_vector,"(100, 1, 1)","(128, 1, 1)",step04.layer15._softmax_prefix_suffix_mask_vector.line1911/_softmax_prefix_suffix_mask_vector,fp32_simt,20064.0,l2,566496.0,,2528000.0,4.462520476755352,0.12599681020733652,ok
803,2366711,0,1,7,_matmul_small,"(104, 1, 1)","(128, 1, 1)",step04.layer15._matmul_small.line1921/_matmul_small,bf16_tensor,16544.0,l2,3414560.0,,54525952.0,15.96866126235884,3.2958143133462285,ok
803,2366711,0,1,7,_matmul_small,"(104, 1, 1)","(128, 1, 1)",step04.layer15._matmul_small.line1921/_matmul_small,fp32_simt,16544.0,l2,3414560.0,,0.0,,,zero_counted_flops
804,2366711,0,1,7,_matmul_small_res_gate_oproj,"(128, 1, 1)","(128, 1, 1)",step04.layer15._matmul_small_res_gate_oproj.line1932/_matmul_small_res_gate_oproj,bf16_tensor,42336.0,l2,14754432.0,,268435456.0,18.193547267695564,6.340595616024188,ok
804,2366711,0,1,7,_matmul_small_res_gate_oproj,"(128, 1, 1)","(128, 1, 1)",step04.layer15._matmul_small_res_gate_oproj.line1932/_matmul_small_res_gate_oproj,fp32_simt,42336.0,l2,14754432.0,,131072.0,0.008883568001804475,0.0030959939531368104,ok
805,2366711,0,1,7,_adarms_norm_kernel,"(50, 1, 1)","(128, 1, 1)",step04.layer15._adarms_norm_kernel.line1945/_adarms_norm_kernel,bf16_tensor,14272.000000000002,l2,464960.0,,0.0,,,zero_counted_flops
805,2366711,0,1,7,_adarms_norm_kernel,"(50, 1, 1)","(128, 1, 1)",step04.layer15._adarms_norm_kernel.line1945/_adarms_norm_kernel,fp32_simt,14272.000000000002,l2,464960.0,,358400.0,0.7708189951823813,0.02511210762331838,ok
806,2366711,0,1,7,_matmul_small_gate,"(1, 64, 1)","(128, 1, 1)",step04.layer15._matmul_small_gate.line1954/_matmul_small_gate,bf16_tensor,84512.0,l2,23296032.0,,1073741824.0,46.091189435179345,12.705199545626657,ok
806,2366711,0,1,7,_matmul_small_gate,"(1, 64, 1)","(128, 1, 1)",step04.layer15._matmul_small_gate.line1954/_matmul_small_gate,fp32_simt,84512.0,l2,23296032.0,,2883584.0,0.12378004975267891,0.03412040893600909,ok
807,2366711,0,1,7,_matmul_small_res_gate_ffn_down,"(64, 1, 1)","(128, 1, 1)",step04.layer15._matmul_small_res_gate_ffn_down.line1971/_matmul_small_res_gate_ffn_down,bf16_tensor,72192.0,l2,39428800.0,,536870912.0,13.616212311812685,7.436709219858155,ok
807,2366711,0,1,7,_matmul_small_res_gate_ffn_down,"(64, 1, 1)","(128, 1, 1)",step04.layer15._matmul_small_res_gate_ffn_down.line1971/_matmul_small_res_gate_ffn_down,fp32_simt,72192.0,l2,39428800.0,,131072.0,0.003324270583938644,0.0018156028368794324,ok
808,2366711,0,1,7,_adarms_norm_kernel,"(50, 1, 1)","(128, 1, 1)",step04.layer16._adarms_norm_kernel.line1854/_adarms_norm_kernel,bf16_tensor,16064.0,l2,468128.0,,0.0,,,zero_counted_flops
808,2366711,0,1,7,_adarms_norm_kernel,"(50, 1, 1)","(128, 1, 1)",step04.layer16._adarms_norm_kernel.line1854/_adarms_norm_kernel,fp32_simt,16064.0,l2,468128.0,,358400.0,0.7656025702372001,0.022310756972111552,ok
809,2366711,0,1,7,_matmul_rope_qkv,"(128, 1, 1)","(128, 1, 1)",step04.layer16._matmul_rope_qkv.line1863/_matmul_rope_qkv,bf16_tensor,36896.0,l2,13814496.0,,335544320.0,24.289291480485428,9.094327840416305,ok
809,2366711,0,1,7,_matmul_rope_qkv,"(128, 1, 1)","(128, 1, 1)",step04.layer16._matmul_rope_qkv.line1863/_matmul_rope_qkv,fp32_simt,36896.0,l2,13814496.0,,442368.0,0.03202201513540559,0.01198959236773634,ok
810,2366711,0,1,7,_matmul_abt_scale,"(91, 1, 1)","(128, 1, 1)",step04.layer16._matmul_abt_scale.line1899/_matmul_abt_scale,bf16_tensor,19040.0,l2,2858080.0,,47710208.0,16.693097464031798,2.505788235294118,ok
810,2366711,0,1,7,_matmul_abt_scale,"(91, 1, 1)","(128, 1, 1)",step04.layer16._matmul_abt_scale.line1899/_matmul_abt_scale,fp32_simt,19040.0,l2,2858080.0,,93184.0,0.032603705984437105,0.004894117647058824,ok
811,2366711,0,1,7,_softmax_prefix_suffix_mask_vector,"(100, 1, 1)","(128, 1, 1)",step04.layer16._softmax_prefix_suffix_mask_vector.line1911/_softmax_prefix_suffix_mask_vector,bf16_tensor,19648.000000000004,l2,567072.0,,0.0,,,zero_counted_flops
811,2366711,0,1,7,_softmax_prefix_suffix_mask_vector,"(100, 1, 1)","(128, 1, 1)",step04.layer16._softmax_prefix_suffix_mask_vector.line1911/_softmax_prefix_suffix_mask_vector,fp32_simt,19648.000000000004,l2,567072.0,,2528000.0,4.457987698211162,0.1286644951140065,ok
812,2366711,0,1,7,_matmul_small,"(104, 1, 1)","(128, 1, 1)",step04.layer16._matmul_small.line1921/_matmul_small,bf16_tensor,20128.0,l2,3425280.0,,54525952.0,15.918684603886398,2.7089602543720193,ok
812,2366711,0,1,7,_matmul_small,"(104, 1, 1)","(128, 1, 1)",step04.layer16._matmul_small.line1921/_matmul_small,fp32_simt,20128.0,l2,3425280.0,,0.0,,,zero_counted_flops
813,2366711,0,1,7,_matmul_small_res_gate_oproj,"(128, 1, 1)","(128, 1, 1)",step04.layer16._matmul_small_res_gate_oproj.line1932/_matmul_small_res_gate_oproj,bf16_tensor,44160.00000000001,l2,14701536.0,,268435456.0,18.25900749418292,6.0787014492753615,ok
813,2366711,0,1,7,_matmul_small_res_gate_oproj,"(128, 1, 1)","(128, 1, 1)",step04.layer16._matmul_small_res_gate_oproj.line1932/_matmul_small_res_gate_oproj,fp32_simt,44160.00000000001,l2,14701536.0,,131072.0,0.008915531003019004,0.002968115942028985,ok
814,2366711,0,1,7,_adarms_norm_kernel,"(50, 1, 1)","(128, 1, 1)",step04.layer16._adarms_norm_kernel.line1945/_adarms_norm_kernel,bf16_tensor,13184.000000000002,l2,465248.0,,0.0,,,zero_counted_flops
814,2366711,0,1,7,_adarms_norm_kernel,"(50, 1, 1)","(128, 1, 1)",step04.layer16._adarms_norm_kernel.line1945/_adarms_norm_kernel,fp32_simt,13184.000000000002,l2,465248.0,,358400.0,0.7703418391911411,0.027184466019417472,ok
815,2366711,0,1,7,_matmul_small_gate,"(1, 64, 1)","(128, 1, 1)",step04.layer16._matmul_small_gate.line1954/_matmul_small_gate,bf16_tensor,90880.00000000001,l2,23327520.0,,1073741824.0,46.02897453308367,11.814940845070423,ok
815,2366711,0,1,7,_matmul_small_gate,"(1, 64, 1)","(128, 1, 1)",step04.layer16._matmul_small_gate.line1954/_matmul_small_gate,fp32_simt,90880.00000000001,l2,23327520.0,,2883584.0,0.12361296871677743,0.03172957746478873,ok
816,2366711,0,1,7,_matmul_small_res_gate_ffn_down,"(64, 1, 1)","(128, 1, 1)",step04.layer16._matmul_small_res_gate_ffn_down.line1971/_matmul_small_res_gate_ffn_down,bf16_tensor,73824.0,l2,39344864.0,,536870912.0,13.645260331818658,7.272308625921109,ok
816,2366711,0,1,7,_matmul_small_res_gate_ffn_down,"(64, 1, 1)","(128, 1, 1)",step04.layer16._matmul_small_res_gate_ffn_down.line1971/_matmul_small_res_gate_ffn_down,fp32_simt,73824.0,l2,39344864.0,,131072.0,0.0033313623856979146,0.0017754659731252708,ok
817,2366711,0,1,7,_adarms_norm_kernel,"(50, 1, 1)","(128, 1, 1)",step04.layer17._adarms_norm_kernel.line1854/_adarms_norm_kernel,bf16_tensor,14976.0,l2,470528.0,,0.0,,,zero_counted_flops
817,2366711,0,1,7,_adarms_norm_kernel,"(50, 1, 1)","(128, 1, 1)",step04.layer17._adarms_norm_kernel.line1854/_adarms_norm_kernel,fp32_simt,14976.0,l2,470528.0,,358400.0,0.7616974972796517,0.023931623931623933,ok
818,2366711,0,1,7,_matmul_rope_qkv,"(128, 1, 1)","(128, 1, 1)",step04.layer17._matmul_rope_qkv.line1863/_matmul_rope_qkv,bf16_tensor,37856.00000000001,l2,13827488.0,,335544320.0,24.2664698027581,8.863702451394758,ok
818,2366711,0,1,7,_matmul_rope_qkv,"(128, 1, 1)","(128, 1, 1)",step04.layer17._matmul_rope_qkv.line1863/_matmul_rope_qkv,fp32_simt,37856.00000000001,l2,13827488.0,,442368.0,0.03199192796262054,0.011685545224006761,ok
819,2366711,0,1,7,_matmul_abt_scale,"(91, 1, 1)","(128, 1, 1)",step04.layer17._matmul_abt_scale.line1899/_matmul_abt_scale,bf16_tensor,16544.0,l2,2832000.0,,47710208.0,16.846824858757063,2.8838375241779497,ok
819,2366711,0,1,7,_matmul_abt_scale,"(91, 1, 1)","(128, 1, 1)",step04.layer17._matmul_abt_scale.line1899/_matmul_abt_scale,fp32_simt,16544.0,l2,2832000.0,,93184.0,0.03290395480225989,0.005632495164410058,ok
820,2366711,0,1,7,_softmax_prefix_suffix_mask_vector,"(100, 1, 1)","(128, 1, 1)",step04.layer17._softmax_prefix_suffix_mask_vector.line1911/_softmax_prefix_suffix_mask_vector,bf16_tensor,19040.0,l2,566272.0,,0.0,,,zero_counted_flops
820,2366711,0,1,7,_softmax_prefix_suffix_mask_vector,"(100, 1, 1)","(128, 1, 1)",step04.layer17._softmax_prefix_suffix_mask_vector.line1911/_softmax_prefix_suffix_mask_vector,fp32_simt,19040.0,l2,566272.0,,2528000.0,4.464285714285714,0.13277310924369748,ok
821,2366711,0,1,7,_matmul_small,"(104, 1, 1)","(128, 1, 1)",step04.layer17._matmul_small.line1921/_matmul_small,bf16_tensor,18976.000000000004,l2,3420000.0,,54525952.0,15.94326081871345,2.8734165261382794,ok
821,2366711,0,1,7,_matmul_small,"(104, 1, 1)","(128, 1, 1)",step04.layer17._matmul_small.line1921/_matmul_small,fp32_simt,18976.000000000004,l2,3420000.0,,0.0,,,zero_counted_flops
822,2366711,0,1,7,_matmul_small_res_gate_oproj,"(128, 1, 1)","(128, 1, 1)",step04.layer17._matmul_small_res_gate_oproj.line1932/_matmul_small_res_gate_oproj,bf16_tensor,42912.00000000001,l2,14735168.0,,268435456.0,18.217332574694773,6.255486950037285,ok
822,2366711,0,1,7,_matmul_small_res_gate_oproj,"(128, 1, 1)","(128, 1, 1)",step04.layer17._matmul_small_res_gate_oproj.line1932/_matmul_small_res_gate_oproj,fp32_simt,42912.00000000001,l2,14735168.0,,131072.0,0.008895181921237682,0.003054436987322893,ok
823,2366711,0,1,7,_adarms_norm_kernel,"(50, 1, 1)","(128, 1, 1)",step04.layer17._adarms_norm_kernel.line1945/_adarms_norm_kernel,bf16_tensor,12864.0,l2,454368.0,,0.0,,,zero_counted_flops
823,2366711,0,1,7,_adarms_norm_kernel,"(50, 1, 1)","(128, 1, 1)",step04.layer17._adarms_norm_kernel.line1945/_adarms_norm_kernel,fp32_simt,12864.0,l2,454368.0,,358400.0,0.7887879428128741,0.027860696517412933,ok
824,2366711,0,1,7,_matmul_small_gate,"(1, 64, 1)","(128, 1, 1)",step04.layer17._matmul_small_gate.line1954/_matmul_small_gate,bf16_tensor,78976.00000000001,l2,23348512.0,,1073741824.0,45.987591157843376,13.595799027552673,ok
824,2366711,0,1,7,_matmul_small_gate,"(1, 64, 1)","(128, 1, 1)",step04.layer17._matmul_small_gate.line1954/_matmul_small_gate,fp32_simt,78976.00000000001,l2,23348512.0,,2883584.0,0.12350183172272391,0.03651215559157212,ok
825,2366711,0,1,7,_matmul_small_res_gate_ffn_down,"(64, 1, 1)","(128, 1, 1)",step04.layer17._matmul_small_res_gate_ffn_down.line1971/_matmul_small_res_gate_ffn_down,bf16_tensor,79008.0,l2,39318656.0,,536870912.0,13.65435563209485,6.7951462130417175,ok
825,2366711,0,1,7,_matmul_small_res_gate_ffn_down,"(64, 1, 1)","(128, 1, 1)",step04.layer17._matmul_small_res_gate_ffn_down.line1971/_matmul_small_res_gate_ffn_down,fp32_simt,79008.0,l2,39318656.0,,131072.0,0.0033335829179919067,0.001658971243418388,ok
826,2366711,0,1,7,_adarms_norm_kernel,"(50, 1, 1)","(128, 1, 1)",step04.layer-1._adarms_norm_kernel.line1989/_adarms_norm_kernel,bf16_tensor,14336.000000000002,l2,459168.0,,0.0,,,zero_counted_flops
826,2366711,0,1,7,_adarms_norm_kernel,"(50, 1, 1)","(128, 1, 1)",step04.layer-1._adarms_norm_kernel.line1989/_adarms_norm_kernel,fp32_simt,14336.000000000002,l2,459168.0,,358400.0,0.7805421980625827,0.024999999999999998,ok
827,2366711,0,1,7,_matmul_small_bias_res,"(8, 1, 1)","(128, 1, 1)",step04.layer-1._matmul_small_bias_res.line1998/_matmul_small_bias_res,bf16_tensor,11424.000000000002,l2,511648.0,,8388608.0,16.395271749327662,0.7342969187675069,ok
827,2366711,0,1,7,_matmul_small_bias_res,"(8, 1, 1)","(128, 1, 1)",step04.layer-1._matmul_small_bias_res.line1998/_matmul_small_bias_res,fp32_simt,11424.000000000002,l2,511648.0,,4096.0,0.008005503783851398,0.00035854341736694673,ok
828,2366711,0,1,7,_matmul_small_bias,"(64, 1, 1)","(128, 1, 1)",step05.layer-1._matmul_small_bias.line1839/_matmul_small_bias,bf16_tensor,15136.0,l2,365216.0,,4194304.0,11.484447559800229,0.27710782241014803,ok
828,2366711,0,1,7,_matmul_small_bias,"(64, 1, 1)","(128, 1, 1)",step05.layer-1._matmul_small_bias.line1839/_matmul_small_bias,fp32_simt,15136.0,l2,365216.0,,32768.0,0.08972224656093929,0.0021649048625792815,ok
829,2366711,0,1,7,_adarms_norm_kernel,"(50, 1, 1)","(128, 1, 1)",step05.layer00._adarms_norm_kernel.line1854/_adarms_norm_kernel,bf16_tensor,13984.0,l2,456000.0,,0.0,,,zero_counted_flops
829,2366711,0,1,7,_adarms_norm_kernel,"(50, 1, 1)","(128, 1, 1)",step05.layer00._adarms_norm_kernel.line1854/_adarms_norm_kernel,fp32_simt,13984.0,l2,456000.0,,358400.0,0.7859649122807018,0.02562929061784897,ok
830,2366711,0,1,7,_matmul_rope_qkv,"(128, 1, 1)","(128, 1, 1)",step05.layer00._matmul_rope_qkv.line1863/_matmul_rope_qkv,bf16_tensor,36864.00000000001,l2,13783264.0,,335544320.0,24.34432947087134,9.10222222222222,ok
830,2366711,0,1,7,_matmul_rope_qkv,"(128, 1, 1)","(128, 1, 1)",step05.layer00._matmul_rope_qkv.line1863/_matmul_rope_qkv,fp32_simt,36864.00000000001,l2,13783264.0,,442368.0,0.03209457498601202,0.011999999999999999,ok
831,2366711,0,1,7,_matmul_abt_scale,"(91, 1, 1)","(128, 1, 1)",step05.layer00._matmul_abt_scale.line1899/_matmul_abt_scale,bf16_tensor,16960.0,l2,2873600.0,,47710208.0,16.60293986636971,2.8131018867924524,ok
831,2366711,0,1,7,_matmul_abt_scale,"(91, 1, 1)","(128, 1, 1)",step05.layer00._matmul_abt_scale.line1899/_matmul_abt_scale,fp32_simt,16960.0,l2,2873600.0,,93184.0,0.03242761692650334,0.005494339622641509,ok
832,2366711,0,1,7,_softmax_prefix_suffix_mask_vector,"(100, 1, 1)","(128, 1, 1)",step05.layer00._softmax_prefix_suffix_mask_vector.line1911/_softmax_prefix_suffix_mask_vector,bf16_tensor,17440.000000000004,l2,560832.0,,0.0,,,zero_counted_flops
832,2366711,0,1,7,_softmax_prefix_suffix_mask_vector,"(100, 1, 1)","(128, 1, 1)",step05.layer00._softmax_prefix_suffix_mask_vector.line1911/_softmax_prefix_suffix_mask_vector,fp32_simt,17440.000000000004,l2,560832.0,,2528000.0,4.507588725322378,0.14495412844036695,ok
833,2366711,0,1,7,_matmul_small,"(104, 1, 1)","(128, 1, 1)",step05.layer00._matmul_small.line1921/_matmul_small,bf16_tensor,20736.000000000004,l2,3419552.0,,54525952.0,15.945349566258972,2.629530864197531,ok
833,2366711,0,1,7,_matmul_small,"(104, 1, 1)","(128, 1, 1)",step05.layer00._matmul_small.line1921/_matmul_small,fp32_simt,20736.000000000004,l2,3419552.0,,0.0,,,zero_counted_flops
834,2366711,0,1,7,_matmul_small_res_gate_oproj,"(128, 1, 1)","(128, 1, 1)",step05.layer00._matmul_small_res_gate_oproj.line1932/_matmul_small_res_gate_oproj,bf16_tensor,45280.0,l2,14692896.0,,268435456.0,18.26974450782201,5.928344876325088,ok
834,2366711,0,1,7,_matmul_small_res_gate_oproj,"(128, 1, 1)","(128, 1, 1)",step05.layer00._matmul_small_res_gate_oproj.line1932/_matmul_small_res_gate_oproj,fp32_simt,45280.0,l2,14692896.0,,131072.0,0.008920773685459966,0.0028946996466431094,ok
835,2366711,0,1,7,_adarms_norm_kernel,"(50, 1, 1)","(128, 1, 1)",step05.layer00._adarms_norm_kernel.line1945/_adarms_norm_kernel,bf16_tensor,14720.000000000002,l2,464448.0,,0.0,,,zero_counted_flops
835,2366711,0,1,7,_adarms_norm_kernel,"(50, 1, 1)","(128, 1, 1)",step05.layer00._adarms_norm_kernel.line1945/_adarms_norm_kernel,fp32_simt,14720.000000000002,l2,464448.0,,358400.0,0.7716687336364889,0.02434782608695652,ok
836,2366711,0,1,7,_matmul_small_gate,"(1, 64, 1)","(128, 1, 1)",step05.layer00._matmul_small_gate.line1954/_matmul_small_gate,bf16_tensor,80576.00000000001,l2,23285824.0,,1073741824.0,46.11139481256922,13.325826846703732,ok
836,2366711,0,1,7,_matmul_small_gate,"(1, 64, 1)","(128, 1, 1)",step05.layer00._matmul_small_gate.line1954/_matmul_small_gate,fp32_simt,80576.00000000001,l2,23285824.0,,2883584.0,0.1238343122407865,0.03578713264495632,ok
837,2366711,0,1,7,_matmul_small_res_gate_ffn_down,"(64, 1, 1)","(128, 1, 1)",step05.layer00._matmul_small_res_gate_ffn_down.line1971/_matmul_small_res_gate_ffn_down,bf16_tensor,67520.0,l2,39169952.0,,536870912.0,13.706192746930096,7.951287203791469,ok
837,2366711,0,1,7,_matmul_small_res_gate_ffn_down,"(64, 1, 1)","(128, 1, 1)",step05.layer00._matmul_small_res_gate_ffn_down.line1971/_matmul_small_res_gate_ffn_down,fp32_simt,67520.0,l2,39169952.0,,131072.0,0.0033462384636059805,0.0019412322274881516,ok
838,2366711,0,1,7,_adarms_norm_kernel,"(50, 1, 1)","(128, 1, 1)",step05.layer01._adarms_norm_kernel.line1854/_adarms_norm_kernel,bf16_tensor,15296.0,l2,467584.0,,0.0,,,zero_counted_flops
838,2366711,0,1,7,_adarms_norm_kernel,"(50, 1, 1)","(128, 1, 1)",step05.layer01._adarms_norm_kernel.line1854/_adarms_norm_kernel,fp32_simt,15296.0,l2,467584.0,,358400.0,0.7664932931836846,0.023430962343096235,ok
839,2366711,0,1,7,_matmul_rope_qkv,"(128, 1, 1)","(128, 1, 1)",step05.layer01._matmul_rope_qkv.line1863/_matmul_rope_qkv,bf16_tensor,35520.00000000001,l2,13776544.0,,335544320.0,24.356204284615938,9.44663063063063,ok
839,2366711,0,1,7,_matmul_rope_qkv,"(128, 1, 1)","(128, 1, 1)",step05.layer01._matmul_rope_qkv.line1863/_matmul_rope_qkv,fp32_simt,35520.00000000001,l2,13776544.0,,442368.0,0.032110230258038594,0.012454054054054052,ok
840,2366711,0,1,7,_matmul_abt_scale,"(91, 1, 1)","(128, 1, 1)",step05.layer01._matmul_abt_scale.line1899/_matmul_abt_scale,bf16_tensor,17568.000000000004,l2,2864800.0,,47710208.0,16.65394024015638,2.7157449908925315,ok
840,2366711,0,1,7,_matmul_abt_scale,"(91, 1, 1)","(128, 1, 1)",step05.layer01._matmul_abt_scale.line1899/_matmul_abt_scale,fp32_simt,17568.000000000004,l2,2864800.0,,93184.0,0.03252722703155543,0.005304189435336976,ok
841,2366711,0,1,7,_softmax_prefix_suffix_mask_vector,"(100, 1, 1)","(128, 1, 1)",step05.layer01._softmax_prefix_suffix_mask_vector.line1911/_softmax_prefix_suffix_mask_vector,bf16_tensor,17312.0,l2,563872.0,,0.0,,,zero_counted_flops
841,2366711,0,1,7,_softmax_prefix_suffix_mask_vector,"(100, 1, 1)","(128, 1, 1)",step05.layer01._softmax_prefix_suffix_mask_vector.line1911/_softmax_prefix_suffix_mask_vector,fp32_simt,17312.0,l2,563872.0,,2528000.0,4.483286987117643,0.14602587800369687,ok
842,2366711,0,1,7,_matmul_small,"(104, 1, 1)","(128, 1, 1)",step05.layer01._matmul_small.line1921/_matmul_small,bf16_tensor,19456.0,l2,3422272.0,,54525952.0,15.932676303929085,2.8025263157894735,ok
842,2366711,0,1,7,_matmul_small,"(104, 1, 1)","(128, 1, 1)",step05.layer01._matmul_small.line1921/_matmul_small,fp32_simt,19456.0,l2,3422272.0,,0.0,,,zero_counted_flops
843,2366711,0,1,7,_matmul_small_res_gate_oproj,"(128, 1, 1)","(128, 1, 1)",step05.layer01._matmul_small_res_gate_oproj.line1932/_matmul_small_res_gate_oproj,bf16_tensor,40672.0,l2,14693760.0,,268435456.0,18.268670238250795,6.600006294256491,ok
843,2366711,0,1,7,_matmul_small_res_gate_oproj,"(128, 1, 1)","(128, 1, 1)",step05.layer01._matmul_small_res_gate_oproj.line1932/_matmul_small_res_gate_oproj,fp32_simt,40672.0,l2,14693760.0,,131072.0,0.008920249139770896,0.003222659323367427,ok
844,2366711,0,1,7,_adarms_norm_kernel,"(50, 1, 1)","(128, 1, 1)",step05.layer01._adarms_norm_kernel.line1945/_adarms_norm_kernel,bf16_tensor,13120.000000000002,l2,463200.0,,0.0,,,zero_counted_flops
844,2366711,0,1,7,_adarms_norm_kernel,"(50, 1, 1)","(128, 1, 1)",step05.layer01._adarms_norm_kernel.line1945/_adarms_norm_kernel,fp32_simt,13120.000000000002,l2,463200.0,,358400.0,0.7737478411053541,0.027317073170731704,ok
845,2366711,0,1,7,_matmul_small_gate,"(1, 64, 1)","(128, 1, 1)",step05.layer01._matmul_small_gate.line1954/_matmul_small_gate,bf16_tensor,88224.0,l2,23382592.0,,1073741824.0,45.920564495159475,12.170631846209648,ok
845,2366711,0,1,7,_matmul_small_gate,"(1, 64, 1)","(128, 1, 1)",step05.layer01._matmul_small_gate.line1954/_matmul_small_gate,fp32_simt,88224.0,l2,23382592.0,,2883584.0,0.12332182847821148,0.0326848023213638,ok
846,2366711,0,1,7,_matmul_small_res_gate_ffn_down,"(64, 1, 1)","(128, 1, 1)",step05.layer01._matmul_small_res_gate_ffn_down.line1971/_matmul_small_res_gate_ffn_down,bf16_tensor,75584.0,l2,39206816.0,,536870912.0,13.693305572173982,7.102970364098222,ok
846,2366711,0,1,7,_matmul_small_res_gate_ffn_down,"(64, 1, 1)","(128, 1, 1)",step05.layer01._matmul_small_res_gate_ffn_down.line1971/_matmul_small_res_gate_ffn_down,fp32_simt,75584.0,l2,39206816.0,,131072.0,0.0033430921807065385,0.0017341236240474174,ok
847,2366711,0,1,7,_adarms_norm_kernel,"(50, 1, 1)","(128, 1, 1)",step05.layer02._adarms_norm_kernel.line1854/_adarms_norm_kernel,bf16_tensor,13312.0,l2,454048.0,,0.0,,,zero_counted_flops
847,2366711,0,1,7,_adarms_norm_kernel,"(50, 1, 1)","(128, 1, 1)",step05.layer02._adarms_norm_kernel.line1854/_adarms_norm_kernel,fp32_simt,13312.0,l2,454048.0,,358400.0,0.7893438579181056,0.026923076923076925,ok
848,2366711,0,1,7,_matmul_rope_qkv,"(128, 1, 1)","(128, 1, 1)",step05.layer02._matmul_rope_qkv.line1863/_matmul_rope_qkv,bf16_tensor,35808.0,l2,13800512.0,,335544320.0,24.31390371603604,9.370652368185882,ok
848,2366711,0,1,7,_matmul_rope_qkv,"(128, 1, 1)","(128, 1, 1)",step05.layer02._matmul_rope_qkv.line1863/_matmul_rope_qkv,fp32_simt,35808.0,l2,13800512.0,,442368.0,0.032054462906883456,0.012353887399463807,ok
849,2366711,0,1,7,_matmul_abt_scale,"(91, 1, 1)","(128, 1, 1)",step05.layer02._matmul_abt_scale.line1899/_matmul_abt_scale,bf16_tensor,15840.0,l2,2853600.0,,47710208.0,16.719304737874964,3.0120080808080805,ok
849,2366711,0,1,7,_matmul_abt_scale,"(91, 1, 1)","(128, 1, 1)",step05.layer02._matmul_abt_scale.line1899/_matmul_abt_scale,fp32_simt,15840.0,l2,2853600.0,,93184.0,0.03265489206616204,0.005882828282828282,ok
850,2366711,0,1,7,_softmax_prefix_suffix_mask_vector,"(100, 1, 1)","(128, 1, 1)",step05.layer02._softmax_prefix_suffix_mask_vector.line1911/_softmax_prefix_suffix_mask_vector,bf16_tensor,18624.0,l2,567040.0,,0.0,,,zero_counted_flops
850,2366711,0,1,7,_softmax_prefix_suffix_mask_vector,"(100, 1, 1)","(128, 1, 1)",step05.layer02._softmax_prefix_suffix_mask_vector.line1911/_softmax_prefix_suffix_mask_vector,fp32_simt,18624.0,l2,567040.0,,2528000.0,4.45823927765237,0.13573883161512026,ok
851,2366711,0,1,7,_matmul_small,"(104, 1, 1)","(128, 1, 1)",step05.layer02._matmul_small.line1921/_matmul_small,bf16_tensor,18976.000000000004,l2,3403520.0,,54525952.0,16.020458819104928,2.8734165261382794,ok
851,2366711,0,1,7,_matmul_small,"(104, 1, 1)","(128, 1, 1)",step05.layer02._matmul_small.line1921/_matmul_small,fp32_simt,18976.000000000004,l2,3403520.0,,0.0,,,zero_counted_flops
852,2366711,0,1,7,_matmul_small_res_gate_oproj,"(128, 1, 1)","(128, 1, 1)",step05.layer02._matmul_small_res_gate_oproj.line1932/_matmul_small_res_gate_oproj,bf16_tensor,42432.0,l2,14702976.0,,268435456.0,18.257219218748638,6.326250377073906,ok
852,2366711,0,1,7,_matmul_small_res_gate_oproj,"(128, 1, 1)","(128, 1, 1)",step05.layer02._matmul_small_res_gate_oproj.line1932/_matmul_small_res_gate_oproj,fp32_simt,42432.0,l2,14702976.0,,131072.0,0.008914657821654608,0.0030889894419306183,ok
853,2366711,0,1,7,_adarms_norm_kernel,"(50, 1, 1)","(128, 1, 1)",step05.layer02._adarms_norm_kernel.line1945/_adarms_norm_kernel,bf16_tensor,15232.0,l2,459456.0,,0.0,,,zero_counted_flops
853,2366711,0,1,7,_adarms_norm_kernel,"(50, 1, 1)","(128, 1, 1)",step05.layer02._adarms_norm_kernel.line1945/_adarms_norm_kernel,fp32_simt,15232.0,l2,459456.0,,358400.0,0.7800529321632539,0.02352941176470588,ok
854,2366711,0,1,7,_matmul_small_gate,"(1, 64, 1)","(128, 1, 1)",step05.layer02._matmul_small_gate.line1954/_matmul_small_gate,bf16_tensor,88608.0,l2,23308256.0,,1073741824.0,46.06701694026357,12.117888046226074,ok
854,2366711,0,1,7,_matmul_small_gate,"(1, 64, 1)","(128, 1, 1)",step05.layer02._matmul_small_gate.line1954/_matmul_small_gate,fp32_simt,88608.0,l2,23308256.0,,2883584.0,0.1237151333844969,0.03254315637414229,ok
855,2366711,0,1,7,_matmul_small_res_gate_ffn_down,"(64, 1, 1)","(128, 1, 1)",step05.layer02._matmul_small_res_gate_ffn_down.line1971/_matmul_small_res_gate_ffn_down,bf16_tensor,79872.00000000001,l2,39300544.0,,536870912.0,13.660648361508686,6.721641025641024,ok
855,2366711,0,1,7,_matmul_small_res_gate_ffn_down,"(64, 1, 1)","(128, 1, 1)",step05.layer02._matmul_small_res_gate_ffn_down.line1971/_matmul_small_res_gate_ffn_down,fp32_simt,79872.00000000001,l2,39300544.0,,131072.0,0.0033351192288839566,0.0016410256410256407,ok
856,2366711,0,1,7,_adarms_norm_kernel,"(50, 1, 1)","(128, 1, 1)",step05.layer03._adarms_norm_kernel.line1854/_adarms_norm_kernel,bf16_tensor,16512.0,l2,461664.0,,0.0,,,zero_counted_flops
856,2366711,0,1,7,_adarms_norm_kernel,"(50, 1, 1)","(128, 1, 1)",step05.layer03._adarms_norm_kernel.line1854/_adarms_norm_kernel,fp32_simt,16512.0,l2,461664.0,,358400.0,0.7763221737020863,0.021705426356589147,ok
857,2366711,0,1,7,_matmul_rope_qkv,"(128, 1, 1)","(128, 1, 1)",step05.layer03._matmul_rope_qkv.line1863/_matmul_rope_qkv,bf16_tensor,36384.0,l2,13779392.0,,335544320.0,24.351170211283634,9.222304309586631,ok
857,2366711,0,1,7,_matmul_rope_qkv,"(128, 1, 1)","(128, 1, 1)",step05.layer03._matmul_rope_qkv.line1863/_matmul_rope_qkv,fp32_simt,36384.0,l2,13779392.0,,442368.0,0.032103593540266505,0.012158311345646437,ok
858,2366711,0,1,7,_matmul_abt_scale,"(91, 1, 1)","(128, 1, 1)",step05.layer03._matmul_abt_scale.line1899/_matmul_abt_scale,bf16_tensor,15712.000000000002,l2,2837152.0,,47710208.0,16.81623261637022,3.0365458248472503,ok
858,2366711,0,1,7,_matmul_abt_scale,"(91, 1, 1)","(128, 1, 1)",step05.layer03._matmul_abt_scale.line1899/_matmul_abt_scale,fp32_simt,15712.000000000002,l2,2837152.0,,93184.0,0.03284420432884808,0.005930753564154786,ok
859,2366711,0,1,7,_softmax_prefix_suffix_mask_vector,"(100, 1, 1)","(128, 1, 1)",step05.layer03._softmax_prefix_suffix_mask_vector.line1911/_softmax_prefix_suffix_mask_vector,bf16_tensor,18176.0,l2,564832.0,,0.0,,,zero_counted_flops
859,2366711,0,1,7,_softmax_prefix_suffix_mask_vector,"(100, 1, 1)","(128, 1, 1)",step05.layer03._softmax_prefix_suffix_mask_vector.line1911/_softmax_prefix_suffix_mask_vector,fp32_simt,18176.0,l2,564832.0,,2528000.0,4.475667101014107,0.1390845070422535,ok
860,2366711,0,1,7,_matmul_small,"(104, 1, 1)","(128, 1, 1)",step05.layer03._matmul_small.line1921/_matmul_small,bf16_tensor,19136.0,l2,3418240.0,,54525952.0,15.951469762216814,2.849391304347826,ok
860,2366711,0,1,7,_matmul_small,"(104, 1, 1)","(128, 1, 1)",step05.layer03._matmul_small.line1921/_matmul_small,fp32_simt,19136.0,l2,3418240.0,,0.0,,,zero_counted_flops
861,2366711,0,1,7,_matmul_small_res_gate_oproj,"(128, 1, 1)","(128, 1, 1)",step05.layer03._matmul_small_res_gate_oproj.line1932/_matmul_small_res_gate_oproj,bf16_tensor,39200.00000000001,l2,14727904.0,,268435456.0,18.226317607719334,6.847843265306122,ok
861,2366711,0,1,7,_matmul_small_res_gate_oproj,"(128, 1, 1)","(128, 1, 1)",step05.layer03._matmul_small_res_gate_oproj.line1932/_matmul_small_res_gate_oproj,fp32_simt,39200.00000000001,l2,14727904.0,,131072.0,0.008899569144394206,0.003343673469387755,ok
862,2366711,0,1,7,_adarms_norm_kernel,"(50, 1, 1)","(128, 1, 1)",step05.layer03._adarms_norm_kernel.line1945/_adarms_norm_kernel,bf16_tensor,14336.000000000002,l2,471104.0,,0.0,,,zero_counted_flops
862,2366711,0,1,7,_adarms_norm_kernel,"(50, 1, 1)","(128, 1, 1)",step05.layer03._adarms_norm_kernel.line1945/_adarms_norm_kernel,fp32_simt,14336.000000000002,l2,471104.0,,358400.0,0.760766200244532,0.024999999999999998,ok
863,2366711,0,1,7,_matmul_small_gate,"(1, 64, 1)","(128, 1, 1)",step05.layer03._matmul_small_gate.line1954/_matmul_small_gate,bf16_tensor,79456.0,l2,23300544.0,,1073741824.0,46.08226417374633,13.513665726943213,ok
863,2366711,0,1,7,_matmul_small_gate,"(1, 64, 1)","(128, 1, 1)",step05.layer03._matmul_small_gate.line1954/_matmul_small_gate,fp32_simt,79456.0,l2,23300544.0,,2883584.0,0.12375608054472892,0.03629158276278695,ok
864,2366711,0,1,7,_matmul_small_res_gate_ffn_down,"(64, 1, 1)","(128, 1, 1)",step05.layer03._matmul_small_res_gate_ffn_down.line1971/_matmul_small_res_gate_ffn_down,bf16_tensor,68640.0,l2,39117440.0,,536870912.0,13.72459220235271,7.82154592074592,ok
864,2366711,0,1,7,_matmul_small_res_gate_ffn_down,"(64, 1, 1)","(128, 1, 1)",step05.layer03._matmul_small_res_gate_ffn_down.line1971/_matmul_small_res_gate_ffn_down,fp32_simt,68640.0,l2,39117440.0,,131072.0,0.003350730518152517,0.0019095571095571094,ok
865,2366711,0,1,7,_adarms_norm_kernel,"(50, 1, 1)","(128, 1, 1)",step05.layer04._adarms_norm_kernel.line1854/_adarms_norm_kernel,bf16_tensor,14528.0,l2,467648.0,,0.0,,,zero_counted_flops
865,2366711,0,1,7,_adarms_norm_kernel,"(50, 1, 1)","(128, 1, 1)",step05.layer04._adarms_norm_kernel.line1854/_adarms_norm_kernel,fp32_simt,14528.0,l2,467648.0,,358400.0,0.7663883946900233,0.02466960352422907,ok
866,2366711,0,1,7,_matmul_rope_qkv,"(128, 1, 1)","(128, 1, 1)",step05.layer04._matmul_rope_qkv.line1863/_matmul_rope_qkv,bf16_tensor,40416.0,l2,13796736.0,,335544320.0,24.320558137808828,8.302264449722882,ok
866,2366711,0,1,7,_matmul_rope_qkv,"(128, 1, 1)","(128, 1, 1)",step05.layer04._matmul_rope_qkv.line1863/_matmul_rope_qkv,fp32_simt,40416.0,l2,13796736.0,,442368.0,0.03206323582621281,0.010945368171021378,ok
867,2366711,0,1,7,_matmul_abt_scale,"(91, 1, 1)","(128, 1, 1)",step05.layer04._matmul_abt_scale.line1899/_matmul_abt_scale,bf16_tensor,18560.000000000004,l2,2863328.0,,47710208.0,16.662501816068573,2.5705931034482754,ok
867,2366711,0,1,7,_matmul_abt_scale,"(91, 1, 1)","(128, 1, 1)",step05.layer04._matmul_abt_scale.line1899/_matmul_abt_scale,fp32_simt,18560.000000000004,l2,2863328.0,,93184.0,0.03254394885950893,0.005020689655172413,ok
868,2366711,0,1,7,_softmax_prefix_suffix_mask_vector,"(100, 1, 1)","(128, 1, 1)",step05.layer04._softmax_prefix_suffix_mask_vector.line1911/_softmax_prefix_suffix_mask_vector,bf16_tensor,16256.000000000002,l2,560448.0,,0.0,,,zero_counted_flops
868,2366711,0,1,7,_softmax_prefix_suffix_mask_vector,"(100, 1, 1)","(128, 1, 1)",step05.layer04._softmax_prefix_suffix_mask_vector.line1911/_softmax_prefix_suffix_mask_vector,fp32_simt,16256.000000000002,l2,560448.0,,2528000.0,4.510677172547676,0.15551181102362205,ok
869,2366711,0,1,7,_matmul_small,"(104, 1, 1)","(128, 1, 1)",step05.layer04._matmul_small.line1921/_matmul_small,bf16_tensor,16512.0,l2,3421952.0,,54525952.0,15.934166230268572,3.3022015503875966,ok
869,2366711,0,1,7,_matmul_small,"(104, 1, 1)","(128, 1, 1)",step05.layer04._matmul_small.line1921/_matmul_small,fp32_simt,16512.0,l2,3421952.0,,0.0,,,zero_counted_flops
870,2366711,0,1,7,_matmul_small_res_gate_oproj,"(128, 1, 1)","(128, 1, 1)",step05.layer04._matmul_small_res_gate_oproj.line1932/_matmul_small_res_gate_oproj,bf16_tensor,39040.00000000001,l2,14783776.0,,268435456.0,18.157435285816018,6.87590819672131,ok
870,2366711,0,1,7,_matmul_small_res_gate_oproj,"(128, 1, 1)","(128, 1, 1)",step05.layer04._matmul_small_res_gate_oproj.line1932/_matmul_small_res_gate_oproj,fp32_simt,39040.00000000001,l2,14783776.0,,131072.0,0.008865935198152352,0.0033573770491803273,ok
871,2366711,0,1,7,_adarms_norm_kernel,"(50, 1, 1)","(128, 1, 1)",step05.layer04._adarms_norm_kernel.line1945/_adarms_norm_kernel,bf16_tensor,14112.000000000002,l2,456544.0,,0.0,,,zero_counted_flops
871,2366711,0,1,7,_adarms_norm_kernel,"(50, 1, 1)","(128, 1, 1)",step05.layer04._adarms_norm_kernel.line1945/_adarms_norm_kernel,fp32_simt,14112.000000000002,l2,456544.0,,358400.0,0.7850283871872152,0.025396825396825393,ok
872,2366711,0,1,7,_matmul_small_gate,"(1, 64, 1)","(128, 1, 1)",step05.layer04._matmul_small_gate.line1954/_matmul_small_gate,bf16_tensor,83904.0,l2,23346784.0,,1073741824.0,45.990994905336855,12.797266209000762,ok
872,2366711,0,1,7,_matmul_small_gate,"(1, 64, 1)","(128, 1, 1)",step05.layer04._matmul_small_gate.line1954/_matmul_small_gate,fp32_simt,83904.0,l2,23346784.0,,2883584.0,0.12351097264616831,0.03436765827612509,ok
873,2366711,0,1,7,_matmul_small_res_gate_ffn_down,"(64, 1, 1)","(128, 1, 1)",step05.layer04._matmul_small_res_gate_ffn_down.line1971/_matmul_small_res_gate_ffn_down,bf16_tensor,76992.00000000001,l2,39414080.0,,536870912.0,13.62129756675787,6.973073981712385,ok
873,2366711,0,1,7,_matmul_small_res_gate_ffn_down,"(64, 1, 1)","(128, 1, 1)",step05.layer04._matmul_small_res_gate_ffn_down.line1971/_matmul_small_res_gate_ffn_down,fp32_simt,76992.00000000001,l2,39414080.0,,131072.0,0.0033255121012592454,0.0017024106400665001,ok
874,2366711,0,1,7,_adarms_norm_kernel,"(50, 1, 1)","(128, 1, 1)",step05.layer05._adarms_norm_kernel.line1854/_adarms_norm_kernel,bf16_tensor,14688.0,l2,455712.0,,0.0,,,zero_counted_flops
874,2366711,0,1,7,_adarms_norm_kernel,"(50, 1, 1)","(128, 1, 1)",step05.layer05._adarms_norm_kernel.line1854/_adarms_norm_kernel,fp32_simt,14688.0,l2,455712.0,,358400.0,0.7864616248858929,0.024400871459694988,ok
875,2366711,0,1,7,_matmul_rope_qkv,"(128, 1, 1)","(128, 1, 1)",step05.layer05._matmul_rope_qkv.line1863/_matmul_rope_qkv,bf16_tensor,34944.0,l2,13853600.0,,335544320.0,24.22073107351158,9.602344322344322,ok
875,2366711,0,1,7,_matmul_rope_qkv,"(128, 1, 1)","(128, 1, 1)",step05.layer05._matmul_rope_qkv.line1863/_matmul_rope_qkv,fp32_simt,34944.0,l2,13853600.0,,442368.0,0.0319316278801178,0.012659340659340658,ok
876,2366711,0,1,7,_matmul_abt_scale,"(91, 1, 1)","(128, 1, 1)",step05.layer05._matmul_abt_scale.line1899/_matmul_abt_scale,bf16_tensor,18912.0,l2,2877920.0,,47710208.0,16.578017457052315,2.5227478849407783,ok
876,2366711,0,1,7,_matmul_abt_scale,"(91, 1, 1)","(128, 1, 1)",step05.layer05._matmul_abt_scale.line1899/_matmul_abt_scale,fp32_simt,18912.0,l2,2877920.0,,93184.0,0.0323789403458053,0.004927241962774958,ok
877,2366711,0,1,7,_softmax_prefix_suffix_mask_vector,"(100, 1, 1)","(128, 1, 1)",step05.layer05._softmax_prefix_suffix_mask_vector.line1911/_softmax_prefix_suffix_mask_vector,bf16_tensor,19584.0,l2,566944.0,,0.0,,,zero_counted_flops
877,2366711,0,1,7,_softmax_prefix_suffix_mask_vector,"(100, 1, 1)","(128, 1, 1)",step05.layer05._softmax_prefix_suffix_mask_vector.line1911/_softmax_prefix_suffix_mask_vector,fp32_simt,19584.0,l2,566944.0,,2528000.0,4.458994186374668,0.12908496732026142,ok
878,2366711,0,1,7,_matmul_small,"(104, 1, 1)","(128, 1, 1)",step05.layer05._matmul_small.line1921/_matmul_small,bf16_tensor,16256.000000000002,l2,3417376.0,,54525952.0,15.955502701487925,3.3542047244094486,ok
878,2366711,0,1,7,_matmul_small,"(104, 1, 1)","(128, 1, 1)",step05.layer05._matmul_small.line1921/_matmul_small,fp32_simt,16256.000000000002,l2,3417376.0,,0.0,,,zero_counted_flops
879,2366711,0,1,7,_matmul_small_res_gate_oproj,"(128, 1, 1)","(128, 1, 1)",step05.layer05._matmul_small_res_gate_oproj.line1932/_matmul_small_res_gate_oproj,bf16_tensor,42560.00000000001,l2,14724352.0,,268435456.0,18.230714397482483,6.307224060150375,ok
879,2366711,0,1,7,_matmul_small_res_gate_oproj,"(128, 1, 1)","(128, 1, 1)",step05.layer05._matmul_small_res_gate_oproj.line1932/_matmul_small_res_gate_oproj,fp32_simt,42560.00000000001,l2,14724352.0,,131072.0,0.008901716014395744,0.0030796992481203003,ok
880,2366711,0,1,7,_adarms_norm_kernel,"(50, 1, 1)","(128, 1, 1)",step05.layer05._adarms_norm_kernel.line1945/_adarms_norm_kernel,bf16_tensor,13376.0,l2,455200.0,,0.0,,,zero_counted_flops
880,2366711,0,1,7,_adarms_norm_kernel,"(50, 1, 1)","(128, 1, 1)",step05.layer05._adarms_norm_kernel.line1945/_adarms_norm_kernel,fp32_simt,13376.0,l2,455200.0,,358400.0,0.7873462214411248,0.026794258373205742,ok
881,2366711,0,1,7,_matmul_small_gate,"(1, 64, 1)","(128, 1, 1)",step05.layer05._matmul_small_gate.line1954/_matmul_small_gate,bf16_tensor,80320.0,l2,23303392.0,,1073741824.0,46.0766322773955,13.368299601593625,ok
881,2366711,0,1,7,_matmul_small_gate,"(1, 64, 1)","(128, 1, 1)",step05.layer05._matmul_small_gate.line1954/_matmul_small_gate,fp32_simt,80320.0,l2,23303392.0,,2883584.0,0.12374095582308361,0.03590119521912351,ok
882,2366711,0,1,7,_matmul_small_res_gate_ffn_down,"(64, 1, 1)","(128, 1, 1)",step05.layer05._matmul_small_res_gate_ffn_down.line1971/_matmul_small_res_gate_ffn_down,bf16_tensor,75136.0,l2,39405280.0,,536870912.0,13.624339479379413,7.145321976149914,ok
882,2366711,0,1,7,_matmul_small_res_gate_ffn_down,"(64, 1, 1)","(128, 1, 1)",step05.layer05._matmul_small_res_gate_ffn_down.line1971/_matmul_small_res_gate_ffn_down,fp32_simt,75136.0,l2,39405280.0,,131072.0,0.0033262547557078646,0.001744463373083475,ok
883,2366711,0,1,7,_adarms_norm_kernel,"(50, 1, 1)","(128, 1, 1)",step05.layer06._adarms_norm_kernel.line1854/_adarms_norm_kernel,bf16_tensor,13952.000000000002,l2,471328.0,,0.0,,,zero_counted_flops
883,2366711,0,1,7,_adarms_norm_kernel,"(50, 1, 1)","(128, 1, 1)",step05.layer06._adarms_norm_kernel.line1854/_adarms_norm_kernel,fp32_simt,13952.000000000002,l2,471328.0,,358400.0,0.7604046438997896,0.02568807339449541,ok
884,2366711,0,1,7,_matmul_rope_qkv,"(128, 1, 1)","(128, 1, 1)",step05.layer06._matmul_rope_qkv.line1863/_matmul_rope_qkv,bf16_tensor,29536.000000000004,l2,13712224.0,,335544320.0,24.47045205795938,11.360520043336944,ok
884,2366711,0,1,7,_matmul_rope_qkv,"(128, 1, 1)","(128, 1, 1)",step05.layer06._matmul_rope_qkv.line1863/_matmul_rope_qkv,fp32_simt,29536.000000000004,l2,13712224.0,,442368.0,0.03226084988109879,0.014977248104008665,ok
885,2366711,0,1,7,_matmul_abt_scale,"(91, 1, 1)","(128, 1, 1)",step05.layer06._matmul_abt_scale.line1899/_matmul_abt_scale,bf16_tensor,16320.0,l2,2852064.0,,47710208.0,16.72830904215333,2.923419607843137,ok
885,2366711,0,1,7,_matmul_abt_scale,"(91, 1, 1)","(128, 1, 1)",step05.layer06._matmul_abt_scale.line1899/_matmul_abt_scale,fp32_simt,16320.0,l2,2852064.0,,93184.0,0.032672478597955724,0.005709803921568627,ok
886,2366711,0,1,7,_softmax_prefix_suffix_mask_vector,"(100, 1, 1)","(128, 1, 1)",step05.layer06._softmax_prefix_suffix_mask_vector.line1911/_softmax_prefix_suffix_mask_vector,bf16_tensor,15776.0,l2,560224.0,,0.0,,,zero_counted_flops
886,2366711,0,1,7,_softmax_prefix_suffix_mask_vector,"(100, 1, 1)","(128, 1, 1)",step05.layer06._softmax_prefix_suffix_mask_vector.line1911/_softmax_prefix_suffix_mask_vector,fp32_simt,15776.0,l2,560224.0,,2528000.0,4.512480721996916,0.16024340770791076,ok
887,2366711,0,1,7,_matmul_small,"(104, 1, 1)","(128, 1, 1)",step05.layer06._matmul_small.line1921/_matmul_small,bf16_tensor,20160.0,l2,3410944.0,,54525952.0,15.985589912939057,2.704660317460317,ok
887,2366711,0,1,7,_matmul_small,"(104, 1, 1)","(128, 1, 1)",step05.layer06._matmul_small.line1921/_matmul_small,fp32_simt,20160.0,l2,3410944.0,,0.0,,,zero_counted_flops
888,2366711,0,1,7,_matmul_small_res_gate_oproj,"(128, 1, 1)","(128, 1, 1)",step05.layer06._matmul_small_res_gate_oproj.line1932/_matmul_small_res_gate_oproj,bf16_tensor,39904.0,l2,14716768.0,,268435456.0,18.24010924137691,6.727031275060144,ok
888,2366711,0,1,7,_matmul_small_res_gate_oproj,"(128, 1, 1)","(128, 1, 1)",step05.layer06._matmul_small_res_gate_oproj.line1932/_matmul_small_res_gate_oproj,fp32_simt,39904.0,l2,14716768.0,,131072.0,0.00890630334051607,0.003284683239775461,ok
889,2366711,0,1,7,_adarms_norm_kernel,"(50, 1, 1)","(128, 1, 1)",step05.layer06._adarms_norm_kernel.line1945/_adarms_norm_kernel,bf16_tensor,16416.0,l2,472000.0,,0.0,,,zero_counted_flops
889,2366711,0,1,7,_adarms_norm_kernel,"(50, 1, 1)","(128, 1, 1)",step05.layer06._adarms_norm_kernel.line1945/_adarms_norm_kernel,fp32_simt,16416.0,l2,472000.0,,358400.0,0.7593220338983051,0.021832358674463936,ok
890,2366711,0,1,7,_matmul_small_gate,"(1, 64, 1)","(128, 1, 1)",step05.layer06._matmul_small_gate.line1954/_matmul_small_gate,bf16_tensor,82752.00000000001,l2,23311872.0,,1073741824.0,46.05987129647932,12.975418406805877,ok
890,2366711,0,1,7,_matmul_small_gate,"(1, 64, 1)","(128, 1, 1)",step05.layer06._matmul_small_gate.line1954/_matmul_small_gate,fp32_simt,82752.00000000001,l2,23311872.0,,2883584.0,0.12369594342316224,0.034846094354215,ok
891,2366711,0,1,7,_matmul_small_res_gate_ffn_down,"(64, 1, 1)","(128, 1, 1)",step05.layer06._matmul_small_res_gate_ffn_down.line1971/_matmul_small_res_gate_ffn_down,bf16_tensor,74720.0,l2,39447456.0,,536870912.0,13.609772756955481,7.185103211991435,ok
891,2366711,0,1,7,_matmul_small_res_gate_ffn_down,"(64, 1, 1)","(128, 1, 1)",step05.layer06._matmul_small_res_gate_ffn_down.line1971/_matmul_small_res_gate_ffn_down,fp32_simt,74720.0,l2,39447456.0,,131072.0,0.003322698426991084,0.0017541755888650964,ok
892,2366711,0,1,7,_adarms_norm_kernel,"(50, 1, 1)","(128, 1, 1)",step05.layer07._adarms_norm_kernel.line1854/_adarms_norm_kernel,bf16_tensor,14144.0,l2,460448.0,,0.0,,,zero_counted_flops
892,2366711,0,1,7,_adarms_norm_kernel,"(50, 1, 1)","(128, 1, 1)",step05.layer07._adarms_norm_kernel.line1854/_adarms_norm_kernel,fp32_simt,14144.0,l2,460448.0,,358400.0,0.7783723677809438,0.025339366515837104,ok
893,2366711,0,1,7,_matmul_rope_qkv,"(128, 1, 1)","(128, 1, 1)",step05.layer07._matmul_rope_qkv.line1863/_matmul_rope_qkv,bf16_tensor,36928.0,l2,13797632.0,,335544320.0,24.31897879288272,9.086447140381281,ok
893,2366711,0,1,7,_matmul_rope_qkv,"(128, 1, 1)","(128, 1, 1)",step05.layer07._matmul_rope_qkv.line1863/_matmul_rope_qkv,fp32_simt,36928.0,l2,13797632.0,,442368.0,0.03206115368202312,0.011979202772963604,ok
894,2366711,0,1,7,_matmul_abt_scale,"(91, 1, 1)","(128, 1, 1)",step05.layer07._matmul_abt_scale.line1899/_matmul_abt_scale,bf16_tensor,15904.000000000002,l2,2854848.0,,47710208.0,16.71199587508687,2.9998873239436614,ok
894,2366711,0,1,7,_matmul_abt_scale,"(91, 1, 1)","(128, 1, 1)",step05.layer07._matmul_abt_scale.line1899/_matmul_abt_scale,fp32_simt,15904.000000000002,l2,2854848.0,,93184.0,0.032640616943529044,0.005859154929577464,ok
895,2366711,0,1,7,_softmax_prefix_suffix_mask_vector,"(100, 1, 1)","(128, 1, 1)",step05.layer07._softmax_prefix_suffix_mask_vector.line1911/_softmax_prefix_suffix_mask_vector,bf16_tensor,19680.0,l2,566848.0,,0.0,,,zero_counted_flops
895,2366711,0,1,7,_softmax_prefix_suffix_mask_vector,"(100, 1, 1)","(128, 1, 1)",step05.layer07._softmax_prefix_suffix_mask_vector.line1911/_softmax_prefix_suffix_mask_vector,fp32_simt,19680.0,l2,566848.0,,2528000.0,4.45974935079598,0.12845528455284552,ok
896,2366711,0,1,7,_matmul_small,"(104, 1, 1)","(128, 1, 1)",step05.layer07._matmul_small.line1921/_matmul_small,bf16_tensor,19488.0,l2,3403776.0,,54525952.0,16.019253910950663,2.797924466338259,ok
896,2366711,0,1,7,_matmul_small,"(104, 1, 1)","(128, 1, 1)",step05.layer07._matmul_small.line1921/_matmul_small,fp32_simt,19488.0,l2,3403776.0,,0.0,,,zero_counted_flops
897,2366711,0,1,7,_matmul_small_res_gate_oproj,"(128, 1, 1)","(128, 1, 1)",step05.layer07._matmul_small_res_gate_oproj.line1932/_matmul_small_res_gate_oproj,bf16_tensor,39008.0,l2,14780384.0,,268435456.0,18.161602296665635,6.8815488105004095,ok
897,2366711,0,1,7,_matmul_small_res_gate_oproj,"(128, 1, 1)","(128, 1, 1)",step05.layer07._matmul_small_res_gate_oproj.line1932/_matmul_small_res_gate_oproj,fp32_simt,39008.0,l2,14780384.0,,131072.0,0.008867969871418767,0.003360131255127153,ok
898,2366711,0,1,7,_adarms_norm_kernel,"(50, 1, 1)","(128, 1, 1)",step05.layer07._adarms_norm_kernel.line1945/_adarms_norm_kernel,bf16_tensor,18656.000000000004,l2,453664.0,,0.0,,,zero_counted_flops
898,2366711,0,1,7,_adarms_norm_kernel,"(50, 1, 1)","(128, 1, 1)",step05.layer07._adarms_norm_kernel.line1945/_adarms_norm_kernel,fp32_simt,18656.000000000004,l2,453664.0,,358400.0,0.7900119912534387,0.019210977701543737,ok
899,2366711,0,1,7,_matmul_small_gate,"(1, 64, 1)","(128, 1, 1)",step05.layer07._matmul_small_gate.line1954/_matmul_small_gate,bf16_tensor,89664.0,l2,23350368.0,,1073741824.0,45.983935842038974,11.975172019985724,ok
899,2366711,0,1,7,_matmul_small_gate,"(1, 64, 1)","(128, 1, 1)",step05.layer07._matmul_small_gate.line1954/_matmul_small_gate,fp32_simt,89664.0,l2,23350368.0,,2883584.0,0.12349201520078827,0.0321598857958601,ok
900,2366711,0,1,7,_matmul_small_res_gate_ffn_down,"(64, 1, 1)","(128, 1, 1)",step05.layer07._matmul_small_res_gate_ffn_down.line1971/_matmul_small_res_gate_ffn_down,bf16_tensor,74976.00000000001,l2,39328480.0,,536870912.0,13.650944862349117,7.1605702091335885,ok
900,2366711,0,1,7,_matmul_small_res_gate_ffn_down,"(64, 1, 1)","(128, 1, 1)",step05.layer07._matmul_small_res_gate_ffn_down.line1971/_matmul_small_res_gate_ffn_down,fp32_simt,74976.00000000001,l2,39328480.0,,131072.0,0.0033327502105344525,0.001748186086214255,ok
901,2366711,0,1,7,_adarms_norm_kernel,"(50, 1, 1)","(128, 1, 1)",step05.layer08._adarms_norm_kernel.line1854/_adarms_norm_kernel,bf16_tensor,13856.0,l2,455584.0,,0.0,,,zero_counted_flops
901,2366711,0,1,7,_adarms_norm_kernel,"(50, 1, 1)","(128, 1, 1)",step05.layer08._adarms_norm_kernel.line1854/_adarms_norm_kernel,fp32_simt,13856.0,l2,455584.0,,358400.0,0.7866825876237972,0.025866050808314087,ok
902,2366711,0,1,7,_matmul_rope_qkv,"(128, 1, 1)","(128, 1, 1)",step05.layer08._matmul_rope_qkv.line1863/_matmul_rope_qkv,bf16_tensor,34528.00000000001,l2,13873216.0,,335544320.0,24.1864842297561,9.718035217794252,ok
902,2366711,0,1,7,_matmul_rope_qkv,"(128, 1, 1)","(128, 1, 1)",step05.layer08._matmul_rope_qkv.line1863/_matmul_rope_qkv,fp32_simt,34528.00000000001,l2,13873216.0,,442368.0,0.03188647823258861,0.012811862835959219,ok
903,2366711,0,1,7,_matmul_abt_scale,"(91, 1, 1)","(128, 1, 1)",step05.layer08._matmul_abt_scale.line1899/_matmul_abt_scale,bf16_tensor,16000.000000000002,l2,2834272.0,,47710208.0,16.833320161226588,2.9818879999999996,ok
903,2366711,0,1,7,_matmul_abt_scale,"(91, 1, 1)","(128, 1, 1)",step05.layer08._matmul_abt_scale.line1899/_matmul_abt_scale,fp32_simt,16000.000000000002,l2,2834272.0,,93184.0,0.03287757843989568,0.005823999999999999,ok
904,2366711,0,1,7,_softmax_prefix_suffix_mask_vector,"(100, 1, 1)","(128, 1, 1)",step05.layer08._softmax_prefix_suffix_mask_vector.line1911/_softmax_prefix_suffix_mask_vector,bf16_tensor,18784.0,l2,566176.0,,0.0,,,zero_counted_flops
904,2366711,0,1,7,_softmax_prefix_suffix_mask_vector,"(100, 1, 1)","(128, 1, 1)",step05.layer08._softmax_prefix_suffix_mask_vector.line1911/_softmax_prefix_suffix_mask_vector,fp32_simt,18784.0,l2,566176.0,,2528000.0,4.46504267224326,0.13458262350936967,ok
905,2366711,0,1,7,_matmul_small,"(104, 1, 1)","(128, 1, 1)",step05.layer08._matmul_small.line1921/_matmul_small,bf16_tensor,20160.0,l2,3422848.0,,54525952.0,15.929995138551288,2.704660317460317,ok
905,2366711,0,1,7,_matmul_small,"(104, 1, 1)","(128, 1, 1)",step05.layer08._matmul_small.line1921/_matmul_small,fp32_simt,20160.0,l2,3422848.0,,0.0,,,zero_counted_flops
906,2366711,0,1,7,_matmul_small_res_gate_oproj,"(128, 1, 1)","(128, 1, 1)",step05.layer08._matmul_small_res_gate_oproj.line1932/_matmul_small_res_gate_oproj,bf16_tensor,40512.0,l2,14717568.0,,268435456.0,18.23911776728329,6.6260726698262244,ok
906,2366711,0,1,7,_matmul_small_res_gate_oproj,"(128, 1, 1)","(128, 1, 1)",step05.layer08._matmul_small_res_gate_oproj.line1932/_matmul_small_res_gate_oproj,fp32_simt,40512.0,l2,14717568.0,,131072.0,0.008905819222306294,0.003235387045813586,ok
907,2366711,0,1,7,_adarms_norm_kernel,"(50, 1, 1)","(128, 1, 1)",step05.layer08._adarms_norm_kernel.line1945/_adarms_norm_kernel,bf16_tensor,16128.000000000002,l2,470848.0,,0.0,,,zero_counted_flops
907,2366711,0,1,7,_adarms_norm_kernel,"(50, 1, 1)","(128, 1, 1)",step05.layer08._adarms_norm_kernel.line1945/_adarms_norm_kernel,fp32_simt,16128.000000000002,l2,470848.0,,358400.0,0.7611798287345385,0.022222222222222216,ok
908,2366711,0,1,7,_matmul_small_gate,"(1, 64, 1)","(128, 1, 1)",step05.layer08._matmul_small_gate.line1954/_matmul_small_gate,bf16_tensor,85312.0,l2,23328832.0,,1073741824.0,46.02638589021517,12.586058514628657,ok
908,2366711,0,1,7,_matmul_small_gate,"(1, 64, 1)","(128, 1, 1)",step05.layer08._matmul_small_gate.line1954/_matmul_small_gate,fp32_simt,85312.0,l2,23328832.0,,2883584.0,0.12360601679501143,0.033800450112528135,ok
909,2366711,0,1,7,_matmul_small_res_gate_ffn_down,"(64, 1, 1)","(128, 1, 1)",step05.layer08._matmul_small_res_gate_ffn_down.line1971/_matmul_small_res_gate_ffn_down,bf16_tensor,74304.0,l2,39332384.0,,536870912.0,13.649589915526096,7.225329888027563,ok
909,2366711,0,1,7,_matmul_small_res_gate_ffn_down,"(64, 1, 1)","(128, 1, 1)",step05.layer08._matmul_small_res_gate_ffn_down.line1971/_matmul_small_res_gate_ffn_down,fp32_simt,74304.0,l2,39332384.0,,131072.0,0.0033324194129702384,0.0017639965546942292,ok
910,2366711,0,1,7,_adarms_norm_kernel,"(50, 1, 1)","(128, 1, 1)",step05.layer09._adarms_norm_kernel.line1854/_adarms_norm_kernel,bf16_tensor,15648.0,l2,464288.0,,0.0,,,zero_counted_flops
910,2366711,0,1,7,_adarms_norm_kernel,"(50, 1, 1)","(128, 1, 1)",step05.layer09._adarms_norm_kernel.line1854/_adarms_norm_kernel,fp32_simt,15648.0,l2,464288.0,,358400.0,0.7719346612447446,0.022903885480572598,ok
911,2366711,0,1,7,_matmul_rope_qkv,"(128, 1, 1)","(128, 1, 1)",step05.layer09._matmul_rope_qkv.line1863/_matmul_rope_qkv,bf16_tensor,36064.0,l2,13799296.0,,335544320.0,24.316046267867577,9.30413487133984,ok
911,2366711,0,1,7,_matmul_rope_qkv,"(128, 1, 1)","(128, 1, 1)",step05.layer09._matmul_rope_qkv.line1863/_matmul_rope_qkv,fp32_simt,36064.0,l2,13799296.0,,442368.0,0.032057287560176985,0.012266193433895298,ok
912,2366711,0,1,7,_matmul_abt_scale,"(91, 1, 1)","(128, 1, 1)",step05.layer09._matmul_abt_scale.line1899/_matmul_abt_scale,bf16_tensor,17568.000000000004,l2,2860864.0,,47710208.0,16.676852866826245,2.7157449908925315,ok
912,2366711,0,1,7,_matmul_abt_scale,"(91, 1, 1)","(128, 1, 1)",step05.layer09._matmul_abt_scale.line1899/_matmul_abt_scale,fp32_simt,17568.000000000004,l2,2860864.0,,93184.0,0.03257197825552001,0.005304189435336976,ok
913,2366711,0,1,7,_softmax_prefix_suffix_mask_vector,"(100, 1, 1)","(128, 1, 1)",step05.layer09._softmax_prefix_suffix_mask_vector.line1911/_softmax_prefix_suffix_mask_vector,bf16_tensor,16576.000000000004,l2,563456.0,,0.0,,,zero_counted_flops
913,2366711,0,1,7,_softmax_prefix_suffix_mask_vector,"(100, 1, 1)","(128, 1, 1)",step05.layer09._softmax_prefix_suffix_mask_vector.line1911/_softmax_prefix_suffix_mask_vector,fp32_simt,16576.000000000004,l2,563456.0,,2528000.0,4.486597001363017,0.1525096525096525,ok
914,2366711,0,1,7,_matmul_small,"(104, 1, 1)","(128, 1, 1)",step05.layer09._matmul_small.line1921/_matmul_small,bf16_tensor,17056.0,l2,3400384.0,,54525952.0,16.03523366772694,3.196878048780488,ok
914,2366711,0,1,7,_matmul_small,"(104, 1, 1)","(128, 1, 1)",step05.layer09._matmul_small.line1921/_matmul_small,fp32_simt,17056.0,l2,3400384.0,,0.0,,,zero_counted_flops
915,2366711,0,1,7,_matmul_small_res_gate_oproj,"(128, 1, 1)","(128, 1, 1)",step05.layer09._matmul_small_res_gate_oproj.line1932/_matmul_small_res_gate_oproj,bf16_tensor,40160.0,l2,14689216.0,,268435456.0,18.27432151586579,6.6841498007968125,ok
915,2366711,0,1,7,_matmul_small_res_gate_oproj,"(128, 1, 1)","(128, 1, 1)",step05.layer09._matmul_small_res_gate_oproj.line1932/_matmul_small_res_gate_oproj,fp32_simt,40160.0,l2,14689216.0,,131072.0,0.008923008552668843,0.0032637450199203186,ok
916,2366711,0,1,7,_adarms_norm_kernel,"(50, 1, 1)","(128, 1, 1)",step05.layer09._adarms_norm_kernel.line1945/_adarms_norm_kernel,bf16_tensor,17184.0,l2,464064.0,,0.0,,,zero_counted_flops
916,2366711,0,1,7,_adarms_norm_kernel,"(50, 1, 1)","(128, 1, 1)",step05.layer09._adarms_norm_kernel.line1945/_adarms_norm_kernel,fp32_simt,17184.0,l2,464064.0,,358400.0,0.7723072679630396,0.02085661080074488,ok
917,2366711,0,1,7,_matmul_small_gate,"(1, 64, 1)","(128, 1, 1)",step05.layer09._matmul_small_gate.line1954/_matmul_small_gate,bf16_tensor,88288.0,l2,23347936.0,,1073741824.0,45.98872568436028,12.161809351214208,ok
917,2366711,0,1,7,_matmul_small_gate,"(1, 64, 1)","(128, 1, 1)",step05.layer09._matmul_small_gate.line1954/_matmul_small_gate,fp32_simt,88288.0,l2,23347936.0,,2883584.0,0.12350487854686598,0.03266110909749909,ok
918,2366711,0,1,7,_matmul_small_res_gate_ffn_down,"(64, 1, 1)","(128, 1, 1)",step05.layer09._matmul_small_res_gate_ffn_down.line1971/_matmul_small_res_gate_ffn_down,bf16_tensor,67360.0,l2,39368256.0,,536870912.0,13.637152532233076,7.970173871733966,ok
918,2366711,0,1,7,_matmul_small_res_gate_ffn_down,"(64, 1, 1)","(128, 1, 1)",step05.layer09._matmul_small_res_gate_ffn_down.line1971/_matmul_small_res_gate_ffn_down,fp32_simt,67360.0,l2,39368256.0,,131072.0,0.0033293829424397158,0.0019458432304038003,ok
919,2366711,0,1,7,_adarms_norm_kernel,"(50, 1, 1)","(128, 1, 1)",step05.layer10._adarms_norm_kernel.line1854/_adarms_norm_kernel,bf16_tensor,16032.000000000002,l2,457664.0,,0.0,,,zero_counted_flops
919,2366711,0,1,7,_adarms_norm_kernel,"(50, 1, 1)","(128, 1, 1)",step05.layer10._adarms_norm_kernel.line1854/_adarms_norm_kernel,fp32_simt,16032.000000000002,l2,457664.0,,358400.0,0.7831072577261922,0.022355289421157682,ok
920,2366711,0,1,7,_matmul_rope_qkv,"(128, 1, 1)","(128, 1, 1)",step05.layer10._matmul_rope_qkv.line1863/_matmul_rope_qkv,bf16_tensor,35840.0,l2,13817984.0,,335544320.0,24.283160264189046,9.362285714285713,ok
920,2366711,0,1,7,_matmul_rope_qkv,"(128, 1, 1)","(128, 1, 1)",step05.layer10._matmul_rope_qkv.line1863/_matmul_rope_qkv,fp32_simt,35840.0,l2,13817984.0,,442368.0,0.03201393198892111,0.012342857142857142,ok
921,2366711,0,1,7,_matmul_abt_scale,"(91, 1, 1)","(128, 1, 1)",step05.layer10._matmul_abt_scale.line1899/_matmul_abt_scale,bf16_tensor,18624.0,l2,2875744.0,,47710208.0,16.59056160770917,2.5617594501718215,ok
921,2366711,0,1,7,_matmul_abt_scale,"(91, 1, 1)","(128, 1, 1)",step05.layer10._matmul_abt_scale.line1899/_matmul_abt_scale,fp32_simt,18624.0,l2,2875744.0,,93184.0,0.03240344064005697,0.005003436426116839,ok
922,2366711,0,1,7,_softmax_prefix_suffix_mask_vector,"(100, 1, 1)","(128, 1, 1)",step05.layer10._softmax_prefix_suffix_mask_vector.line1911/_softmax_prefix_suffix_mask_vector,bf16_tensor,18784.0,l2,567040.0,,0.0,,,zero_counted_flops
922,2366711,0,1,7,_softmax_prefix_suffix_mask_vector,"(100, 1, 1)","(128, 1, 1)",step05.layer10._softmax_prefix_suffix_mask_vector.line1911/_softmax_prefix_suffix_mask_vector,fp32_simt,18784.0,l2,567040.0,,2528000.0,4.45823927765237,0.13458262350936967,ok
923,2366711,0,1,7,_matmul_small,"(104, 1, 1)","(128, 1, 1)",step05.layer10._matmul_small.line1921/_matmul_small,bf16_tensor,16352.000000000002,l2,3403616.0,,54525952.0,16.02000695730658,3.334512720156555,ok
923,2366711,0,1,7,_matmul_small,"(104, 1, 1)","(128, 1, 1)",step05.layer10._matmul_small.line1921/_matmul_small,fp32_simt,16352.000000000002,l2,3403616.0,,0.0,,,zero_counted_flops
924,2366711,0,1,7,_matmul_small_res_gate_oproj,"(128, 1, 1)","(128, 1, 1)",step05.layer10._matmul_small_res_gate_oproj.line1932/_matmul_small_res_gate_oproj,bf16_tensor,41376.00000000001,l2,14707872.0,,268435456.0,18.25114170153235,6.487709203402939,ok
924,2366711,0,1,7,_matmul_small_res_gate_oproj,"(128, 1, 1)","(128, 1, 1)",step05.layer10._matmul_small_res_gate_oproj.line1932/_matmul_small_res_gate_oproj,fp32_simt,41376.00000000001,l2,14707872.0,,131072.0,0.008911690283951343,0.003167826759474091,ok
925,2366711,0,1,7,_adarms_norm_kernel,"(50, 1, 1)","(128, 1, 1)",step05.layer10._adarms_norm_kernel.line1945/_adarms_norm_kernel,bf16_tensor,16640.0,l2,460224.0,,0.0,,,zero_counted_flops
925,2366711,0,1,7,_adarms_norm_kernel,"(50, 1, 1)","(128, 1, 1)",step05.layer10._adarms_norm_kernel.line1945/_adarms_norm_kernel,fp32_simt,16640.0,l2,460224.0,,358400.0,0.7787512167987762,0.02153846153846154,ok
926,2366711,0,1,7,_matmul_small_gate,"(1, 64, 1)","(128, 1, 1)",step05.layer10._matmul_small_gate.line1954/_matmul_small_gate,bf16_tensor,86336.00000000001,l2,23294592.0,,1073741824.0,46.09403865068768,12.436779836916232,ok
926,2366711,0,1,7,_matmul_small_gate,"(1, 64, 1)","(128, 1, 1)",step05.layer10._matmul_small_gate.line1954/_matmul_small_gate,fp32_simt,86336.00000000001,l2,23294592.0,,2883584.0,0.1237877014544835,0.0333995552260934,ok
927,2366711,0,1,7,_matmul_small_res_gate_ffn_down,"(64, 1, 1)","(128, 1, 1)",step05.layer10._matmul_small_res_gate_ffn_down.line1971/_matmul_small_res_gate_ffn_down,bf16_tensor,73152.0,l2,39215552.0,,536870912.0,13.69025513143357,7.339114610673665,ok
927,2366711,0,1,7,_matmul_small_res_gate_ffn_down,"(64, 1, 1)","(128, 1, 1)",step05.layer10._matmul_small_res_gate_ffn_down.line1971/_matmul_small_res_gate_ffn_down,fp32_simt,73152.0,l2,39215552.0,,131072.0,0.003342347444197649,0.0017917760279965002,ok
928,2366711,0,1,7,_adarms_norm_kernel,"(50, 1, 1)","(128, 1, 1)",step05.layer11._adarms_norm_kernel.line1854/_adarms_norm_kernel,bf16_tensor,15648.0,l2,465024.0,,0.0,,,zero_counted_flops
928,2366711,0,1,7,_adarms_norm_kernel,"(50, 1, 1)","(128, 1, 1)",step05.layer11._adarms_norm_kernel.line1854/_adarms_norm_kernel,fp32_simt,15648.0,l2,465024.0,,358400.0,0.7707129094412332,0.022903885480572598,ok
929,2366711,0,1,7,_matmul_rope_qkv,"(128, 1, 1)","(128, 1, 1)",step05.layer11._matmul_rope_qkv.line1863/_matmul_rope_qkv,bf16_tensor,36512.00000000001,l2,13783456.0,,335544320.0,24.34399036061783,9.189973707274321,ok
929,2366711,0,1,7,_matmul_rope_qkv,"(128, 1, 1)","(128, 1, 1)",step05.layer11._matmul_rope_qkv.line1863/_matmul_rope_qkv,fp32_simt,36512.00000000001,l2,13783456.0,,442368.0,0.03209412791683015,0.012115687992988606,ok
930,2366711,0,1,7,_matmul_abt_scale,"(91, 1, 1)","(128, 1, 1)",step05.layer11._matmul_abt_scale.line1899/_matmul_abt_scale,bf16_tensor,18944.0,l2,2867808.0,,47710208.0,16.636472176658966,2.5184864864864864,ok
930,2366711,0,1,7,_matmul_abt_scale,"(91, 1, 1)","(128, 1, 1)",step05.layer11._matmul_abt_scale.line1899/_matmul_abt_scale,fp32_simt,18944.0,l2,2867808.0,,93184.0,0.03249310972003704,0.004918918918918919,ok
931,2366711,0,1,7,_softmax_prefix_suffix_mask_vector,"(100, 1, 1)","(128, 1, 1)",step05.layer11._softmax_prefix_suffix_mask_vector.line1911/_softmax_prefix_suffix_mask_vector,bf16_tensor,15584.000000000002,l2,560224.0,,0.0,,,zero_counted_flops
931,2366711,0,1,7,_softmax_prefix_suffix_mask_vector,"(100, 1, 1)","(128, 1, 1)",step05.layer11._softmax_prefix_suffix_mask_vector.line1911/_softmax_prefix_suffix_mask_vector,fp32_simt,15584.000000000002,l2,560224.0,,2528000.0,4.512480721996916,0.162217659137577,ok
932,2366711,0,1,7,_matmul_small,"(104, 1, 1)","(128, 1, 1)",step05.layer11._matmul_small.line1921/_matmul_small,bf16_tensor,20000.0,l2,3427552.0,,54525952.0,15.908132684784944,2.7262976,ok
932,2366711,0,1,7,_matmul_small,"(104, 1, 1)","(128, 1, 1)",step05.layer11._matmul_small.line1921/_matmul_small,fp32_simt,20000.0,l2,3427552.0,,0.0,,,zero_counted_flops
933,2366711,0,1,7,_matmul_small_res_gate_oproj,"(128, 1, 1)","(128, 1, 1)",step05.layer11._matmul_small_res_gate_oproj.line1932/_matmul_small_res_gate_oproj,bf16_tensor,37344.0,l2,14675872.0,,268435456.0,18.29093739711003,7.188181662382177,ok
933,2366711,0,1,7,_matmul_small_res_gate_oproj,"(128, 1, 1)","(128, 1, 1)",step05.layer11._matmul_small_res_gate_oproj.line1932/_matmul_small_res_gate_oproj,fp32_simt,37344.0,l2,14675872.0,,131072.0,0.008931121775932633,0.0035098543273350473,ok
934,2366711,0,1,7,_adarms_norm_kernel,"(50, 1, 1)","(128, 1, 1)",step05.layer11._adarms_norm_kernel.line1945/_adarms_norm_kernel,bf16_tensor,16032.000000000002,l2,460192.0,,0.0,,,zero_counted_flops
934,2366711,0,1,7,_adarms_norm_kernel,"(50, 1, 1)","(128, 1, 1)",step05.layer11._adarms_norm_kernel.line1945/_adarms_norm_kernel,fp32_simt,16032.000000000002,l2,460192.0,,358400.0,0.778805368194145,0.022355289421157682,ok
935,2366711,0,1,7,_matmul_small_gate,"(1, 64, 1)","(128, 1, 1)",step05.layer11._matmul_small_gate.line1954/_matmul_small_gate,bf16_tensor,81472.00000000001,l2,23335904.0,,1073741824.0,46.01243748688716,13.179274155538097,ok
935,2366711,0,1,7,_matmul_small_gate,"(1, 64, 1)","(128, 1, 1)",step05.layer11._matmul_small_gate.line1954/_matmul_small_gate,fp32_simt,81472.00000000001,l2,23335904.0,,2883584.0,0.12356855770404267,0.0353935585231736,ok
936,2366711,0,1,7,_matmul_small_res_gate_ffn_down,"(64, 1, 1)","(128, 1, 1)",step05.layer11._matmul_small_res_gate_ffn_down.line1971/_matmul_small_res_gate_ffn_down,bf16_tensor,75488.0,l2,39213120.0,,536870912.0,13.69110420185897,7.112003391267486,ok
936,2366711,0,1,7,_matmul_small_res_gate_ffn_down,"(64, 1, 1)","(128, 1, 1)",step05.layer11._matmul_small_res_gate_ffn_down.line1971/_matmul_small_res_gate_ffn_down,fp32_simt,75488.0,l2,39213120.0,,131072.0,0.003342554736781975,0.0017363289529461635,ok
937,2366711,0,1,7,_adarms_norm_kernel,"(50, 1, 1)","(128, 1, 1)",step05.layer12._adarms_norm_kernel.line1854/_adarms_norm_kernel,bf16_tensor,19168.0,l2,472384.0,,0.0,,,zero_counted_flops
937,2366711,0,1,7,_adarms_norm_kernel,"(50, 1, 1)","(128, 1, 1)",step05.layer12._adarms_norm_kernel.line1854/_adarms_norm_kernel,fp32_simt,19168.0,l2,472384.0,,358400.0,0.75870478254979,0.018697829716193656,ok
938,2366711,0,1,7,_matmul_rope_qkv,"(128, 1, 1)","(128, 1, 1)",step05.layer12._matmul_rope_qkv.line1863/_matmul_rope_qkv,bf16_tensor,35872.00000000001,l2,13818016.0,,335544320.0,24.283104028827292,9.35393398751115,ok
938,2366711,0,1,7,_matmul_rope_qkv,"(128, 1, 1)","(128, 1, 1)",step05.layer12._matmul_rope_qkv.line1863/_matmul_rope_qkv,fp32_simt,35872.00000000001,l2,13818016.0,,442368.0,0.032013857850504736,0.012331846565566457,ok
939,2366711,0,1,7,_matmul_abt_scale,"(91, 1, 1)","(128, 1, 1)",step05.layer12._matmul_abt_scale.line1899/_matmul_abt_scale,bf16_tensor,16448.000000000004,l2,2855072.0,,47710208.0,16.710684704273657,2.9006692607003886,ok
939,2366711,0,1,7,_matmul_abt_scale,"(91, 1, 1)","(128, 1, 1)",step05.layer12._matmul_abt_scale.line1899/_matmul_abt_scale,fp32_simt,16448.000000000004,l2,2855072.0,,93184.0,0.032638056063034486,0.005665369649805446,ok
940,2366711,0,1,7,_softmax_prefix_suffix_mask_vector,"(100, 1, 1)","(128, 1, 1)",step05.layer12._softmax_prefix_suffix_mask_vector.line1911/_softmax_prefix_suffix_mask_vector,bf16_tensor,16736.0,l2,560032.0,,0.0,,,zero_counted_flops
940,2366711,0,1,7,_softmax_prefix_suffix_mask_vector,"(100, 1, 1)","(128, 1, 1)",step05.layer12._softmax_prefix_suffix_mask_vector.line1911/_softmax_prefix_suffix_mask_vector,fp32_simt,16736.0,l2,560032.0,,2528000.0,4.514027769841723,0.15105162523900573,ok
941,2366711,0,1,7,_matmul_small,"(104, 1, 1)","(128, 1, 1)",step05.layer12._matmul_small.line1921/_matmul_small,bf16_tensor,19488.0,l2,3421088.0,,54525952.0,15.938190423631312,2.797924466338259,ok
941,2366711,0,1,7,_matmul_small,"(104, 1, 1)","(128, 1, 1)",step05.layer12._matmul_small.line1921/_matmul_small,fp32_simt,19488.0,l2,3421088.0,,0.0,,,zero_counted_flops
942,2366711,0,1,7,_matmul_small_res_gate_oproj,"(128, 1, 1)","(128, 1, 1)",step05.layer12._matmul_small_res_gate_oproj.line1932/_matmul_small_res_gate_oproj,bf16_tensor,39360.0,l2,14720000.0,,268435456.0,18.236104347826085,6.82000650406504,ok
942,2366711,0,1,7,_matmul_small_res_gate_oproj,"(128, 1, 1)","(128, 1, 1)",step05.layer12._matmul_small_res_gate_oproj.line1932/_matmul_small_res_gate_oproj,fp32_simt,39360.0,l2,14720000.0,,131072.0,0.008904347826086956,0.0033300813008130077,ok
943,2366711,0,1,7,_adarms_norm_kernel,"(50, 1, 1)","(128, 1, 1)",step05.layer12._adarms_norm_kernel.line1945/_adarms_norm_kernel,bf16_tensor,13952.000000000002,l2,456000.0,,0.0,,,zero_counted_flops
943,2366711,0,1,7,_adarms_norm_kernel,"(50, 1, 1)","(128, 1, 1)",step05.layer12._adarms_norm_kernel.line1945/_adarms_norm_kernel,fp32_simt,13952.000000000002,l2,456000.0,,358400.0,0.7859649122807018,0.02568807339449541,ok
944,2366711,0,1,7,_matmul_small_gate,"(1, 64, 1)","(128, 1, 1)",step05.layer12._matmul_small_gate.line1954/_matmul_small_gate,bf16_tensor,79072.0,l2,23345792.0,,1073741824.0,45.992949136186944,13.579292594091461,ok
944,2366711,0,1,7,_matmul_small_gate,"(1, 64, 1)","(128, 1, 1)",step05.layer12._matmul_small_gate.line1954/_matmul_small_gate,fp32_simt,79072.0,l2,23345792.0,,2883584.0,0.12351622082472079,0.03646782679077296,ok
945,2366711,0,1,7,_matmul_small_res_gate_ffn_down,"(64, 1, 1)","(128, 1, 1)",step05.layer12._matmul_small_res_gate_ffn_down.line1971/_matmul_small_res_gate_ffn_down,bf16_tensor,68224.0,l2,39242432.0,,536870912.0,13.6808776785292,7.869238273921201,ok
945,2366711,0,1,7,_matmul_small_res_gate_ffn_down,"(64, 1, 1)","(128, 1, 1)",step05.layer12._matmul_small_res_gate_ffn_down.line1971/_matmul_small_res_gate_ffn_down,fp32_simt,68224.0,l2,39242432.0,,131072.0,0.003340058026984668,0.001921200750469043,ok
946,2366711,0,1,7,_adarms_norm_kernel,"(50, 1, 1)","(128, 1, 1)",step05.layer13._adarms_norm_kernel.line1854/_adarms_norm_kernel,bf16_tensor,16256.000000000002,l2,459488.0,,0.0,,,zero_counted_flops
946,2366711,0,1,7,_adarms_norm_kernel,"(50, 1, 1)","(128, 1, 1)",step05.layer13._adarms_norm_kernel.line1854/_adarms_norm_kernel,fp32_simt,16256.000000000002,l2,459488.0,,358400.0,0.7799986071453444,0.022047244094488185,ok
947,2366711,0,1,7,_matmul_rope_qkv,"(128, 1, 1)","(128, 1, 1)",step05.layer13._matmul_rope_qkv.line1863/_matmul_rope_qkv,bf16_tensor,37056.0,l2,13846688.0,,335544320.0,24.232821596037983,9.055060449050085,ok
947,2366711,0,1,7,_matmul_rope_qkv,"(128, 1, 1)","(128, 1, 1)",step05.layer13._matmul_rope_qkv.line1863/_matmul_rope_qkv,fp32_simt,37056.0,l2,13846688.0,,442368.0,0.031947567533839136,0.011937823834196892,ok
948,2366711,0,1,7,_matmul_abt_scale,"(91, 1, 1)","(128, 1, 1)",step05.layer13._matmul_abt_scale.line1899/_matmul_abt_scale,bf16_tensor,18400.0,l2,2870176.0,,47710208.0,16.62274647965839,2.592946086956522,ok
948,2366711,0,1,7,_matmul_abt_scale,"(91, 1, 1)","(128, 1, 1)",step05.layer13._matmul_abt_scale.line1899/_matmul_abt_scale,fp32_simt,18400.0,l2,2870176.0,,93184.0,0.03246630171808279,0.005064347826086957,ok
949,2366711,0,1,7,_softmax_prefix_suffix_mask_vector,"(100, 1, 1)","(128, 1, 1)",step05.layer13._softmax_prefix_suffix_mask_vector.line1911/_softmax_prefix_suffix_mask_vector,bf16_tensor,17152.0,l2,560448.0,,0.0,,,zero_counted_flops
949,2366711,0,1,7,_softmax_prefix_suffix_mask_vector,"(100, 1, 1)","(128, 1, 1)",step05.layer13._softmax_prefix_suffix_mask_vector.line1911/_softmax_prefix_suffix_mask_vector,fp32_simt,17152.0,l2,560448.0,,2528000.0,4.510677172547676,0.14738805970149252,ok
950,2366711,0,1,7,_matmul_small,"(104, 1, 1)","(128, 1, 1)",step05.layer13._matmul_small.line1921/_matmul_small,bf16_tensor,18208.000000000004,l2,3418848.0,,54525952.0,15.948632989825812,2.9946151142355006,ok
950,2366711,0,1,7,_matmul_small,"(104, 1, 1)","(128, 1, 1)",step05.layer13._matmul_small.line1921/_matmul_small,fp32_simt,18208.000000000004,l2,3418848.0,,0.0,,,zero_counted_flops
951,2366711,0,1,7,_matmul_small_res_gate_oproj,"(128, 1, 1)","(128, 1, 1)",step05.layer13._matmul_small_res_gate_oproj.line1932/_matmul_small_res_gate_oproj,bf16_tensor,40448.0,l2,14692320.0,,268435456.0,18.270460757729207,6.636556962025316,ok
951,2366711,0,1,7,_matmul_small_res_gate_oproj,"(128, 1, 1)","(128, 1, 1)",step05.layer13._matmul_small_res_gate_oproj.line1932/_matmul_small_res_gate_oproj,fp32_simt,40448.0,l2,14692320.0,,131072.0,0.008921123416859965,0.003240506329113924,ok
952,2366711,0,1,7,_adarms_norm_kernel,"(50, 1, 1)","(128, 1, 1)",step05.layer13._adarms_norm_kernel.line1945/_adarms_norm_kernel,bf16_tensor,15168.000000000002,l2,460576.0,,0.0,,,zero_counted_flops
952,2366711,0,1,7,_adarms_norm_kernel,"(50, 1, 1)","(128, 1, 1)",step05.layer13._adarms_norm_kernel.line1945/_adarms_norm_kernel,fp32_simt,15168.000000000002,l2,460576.0,,358400.0,0.7781560480789272,0.02362869198312236,ok
953,2366711,0,1,7,_matmul_small_gate,"(1, 64, 1)","(128, 1, 1)",step05.layer13._matmul_small_gate.line1954/_matmul_small_gate,bf16_tensor,79872.00000000001,l2,23337408.0,,1073741824.0,46.009472174459134,13.443282051282049,ok
953,2366711,0,1,7,_matmul_small_gate,"(1, 64, 1)","(128, 1, 1)",step05.layer13._matmul_small_gate.line1954/_matmul_small_gate,fp32_simt,79872.00000000001,l2,23337408.0,,2883584.0,0.12356059421851819,0.03610256410256409,ok
954,2366711,0,1,7,_matmul_small_res_gate_ffn_down,"(64, 1, 1)","(128, 1, 1)",step05.layer13._matmul_small_res_gate_ffn_down.line1971/_matmul_small_res_gate_ffn_down,bf16_tensor,74624.00000000001,l2,39320352.0,,536870912.0,13.65376668042036,7.194346483704973,ok
954,2366711,0,1,7,_matmul_small_res_gate_ffn_down,"(64, 1, 1)","(128, 1, 1)",step05.layer13._matmul_small_res_gate_ffn_down.line1971/_matmul_small_res_gate_ffn_down,fp32_simt,74624.00000000001,l2,39320352.0,,131072.0,0.0033334391309620018,0.0017564322469982845,ok
955,2366711,0,1,7,_adarms_norm_kernel,"(50, 1, 1)","(128, 1, 1)",step05.layer14._adarms_norm_kernel.line1854/_adarms_norm_kernel,bf16_tensor,16384.0,l2,464960.0,,0.0,,,zero_counted_flops
955,2366711,0,1,7,_adarms_norm_kernel,"(50, 1, 1)","(128, 1, 1)",step05.layer14._adarms_norm_kernel.line1854/_adarms_norm_kernel,fp32_simt,16384.0,l2,464960.0,,358400.0,0.7708189951823813,0.021875,ok
956,2366711,0,1,7,_matmul_rope_qkv,"(128, 1, 1)","(128, 1, 1)",step05.layer14._matmul_rope_qkv.line1863/_matmul_rope_qkv,bf16_tensor,35136.00000000001,l2,13828192.0,,335544320.0,24.265234384943454,9.549872495446266,ok
956,2366711,0,1,7,_matmul_rope_qkv,"(128, 1, 1)","(128, 1, 1)",step05.layer14._matmul_rope_qkv.line1863/_matmul_rope_qkv,fp32_simt,35136.00000000001,l2,13828192.0,,442368.0,0.03199029923796256,0.012590163934426227,ok
957,2366711,0,1,7,_matmul_abt_scale,"(91, 1, 1)","(128, 1, 1)",step05.layer14._matmul_abt_scale.line1899/_matmul_abt_scale,bf16_tensor,18304.0,l2,2861824.0,,47710208.0,16.67125860989355,2.6065454545454547,ok
957,2366711,0,1,7,_matmul_abt_scale,"(91, 1, 1)","(128, 1, 1)",step05.layer14._matmul_abt_scale.line1899/_matmul_abt_scale,fp32_simt,18304.0,l2,2861824.0,,93184.0,0.03256105197244834,0.005090909090909091,ok
958,2366711,0,1,7,_softmax_prefix_suffix_mask_vector,"(100, 1, 1)","(128, 1, 1)",step05.layer14._softmax_prefix_suffix_mask_vector.line1911/_softmax_prefix_suffix_mask_vector,bf16_tensor,17056.0,l2,560544.0,,0.0,,,zero_counted_flops
958,2366711,0,1,7,_softmax_prefix_suffix_mask_vector,"(100, 1, 1)","(128, 1, 1)",step05.layer14._softmax_prefix_suffix_mask_vector.line1911/_softmax_prefix_suffix_mask_vector,fp32_simt,17056.0,l2,560544.0,,2528000.0,4.509904664040646,0.14821763602251406,ok
959,2366711,0,1,7,_matmul_small,"(104, 1, 1)","(128, 1, 1)",step05.layer14._matmul_small.line1921/_matmul_small,bf16_tensor,17408.0,l2,3417888.0,,54525952.0,15.953112565420517,3.132235294117647,ok
959,2366711,0,1,7,_matmul_small,"(104, 1, 1)","(128, 1, 1)",step05.layer14._matmul_small.line1921/_matmul_small,fp32_simt,17408.0,l2,3417888.0,,0.0,,,zero_counted_flops
960,2366711,0,1,7,_matmul_small_res_gate_oproj,"(128, 1, 1)","(128, 1, 1)",step05.layer14._matmul_small_res_gate_oproj.line1932/_matmul_small_res_gate_oproj,bf16_tensor,39872.0,l2,14726240.0,,268435456.0,18.228377101011528,6.732430176565008,ok
960,2366711,0,1,7,_matmul_small_res_gate_oproj,"(128, 1, 1)","(128, 1, 1)",step05.layer14._matmul_small_res_gate_oproj.line1932/_matmul_small_res_gate_oproj,fp32_simt,39872.0,l2,14726240.0,,131072.0,0.008900574756353285,0.0032873194221508827,ok
961,2366711,0,1,7,_adarms_norm_kernel,"(50, 1, 1)","(128, 1, 1)",step05.layer14._adarms_norm_kernel.line1945/_adarms_norm_kernel,bf16_tensor,18208.000000000004,l2,468288.0,,0.0,,,zero_counted_flops
961,2366711,0,1,7,_adarms_norm_kernel,"(50, 1, 1)","(128, 1, 1)",step05.layer14._adarms_norm_kernel.line1945/_adarms_norm_kernel,fp32_simt,18208.000000000004,l2,468288.0,,358400.0,0.7653409867432007,0.01968365553602812,ok
962,2366711,0,1,7,_matmul_small_gate,"(1, 64, 1)","(128, 1, 1)",step05.layer14._matmul_small_gate.line1954/_matmul_small_gate,bf16_tensor,80960.00000000001,l2,23295712.0,,1073741824.0,46.091822563740486,13.262621343873516,ok
962,2366711,0,1,7,_matmul_small_gate,"(1, 64, 1)","(128, 1, 1)",step05.layer14._matmul_small_gate.line1954/_matmul_small_gate,fp32_simt,80960.00000000001,l2,23295712.0,,2883584.0,0.12378175004910776,0.03561739130434782,ok
963,2366711,0,1,7,_matmul_small_res_gate_ffn_down,"(64, 1, 1)","(128, 1, 1)",step05.layer14._matmul_small_res_gate_ffn_down.line1971/_matmul_small_res_gate_ffn_down,bf16_tensor,71488.0,l2,39324416.0,,536870912.0,13.652355625573689,7.509944494180841,ok
963,2366711,0,1,7,_matmul_small_res_gate_ffn_down,"(64, 1, 1)","(128, 1, 1)",step05.layer14._matmul_small_res_gate_ffn_down.line1971/_matmul_small_res_gate_ffn_down,fp32_simt,71488.0,l2,39324416.0,,131072.0,0.0033330946351498264,0.0018334825425246194,ok
964,2366711,0,1,7,_adarms_norm_kernel,"(50, 1, 1)","(128, 1, 1)",step05.layer15._adarms_norm_kernel.line1854/_adarms_norm_kernel,bf16_tensor,13664.000000000002,l2,462368.0,,0.0,,,zero_counted_flops
964,2366711,0,1,7,_adarms_norm_kernel,"(50, 1, 1)","(128, 1, 1)",step05.layer15._adarms_norm_kernel.line1854/_adarms_norm_kernel,fp32_simt,13664.000000000002,l2,462368.0,,358400.0,0.7751401481071355,0.026229508196721308,ok
965,2366711,0,1,7,_matmul_rope_qkv,"(128, 1, 1)","(128, 1, 1)",step05.layer15._matmul_rope_qkv.line1863/_matmul_rope_qkv,bf16_tensor,35808.0,l2,13824160.0,,335544320.0,24.272311663059455,9.370652368185882,ok
965,2366711,0,1,7,_matmul_rope_qkv,"(128, 1, 1)","(128, 1, 1)",step05.layer15._matmul_rope_qkv.line1863/_matmul_rope_qkv,fp32_simt,35808.0,l2,13824160.0,,442368.0,0.031999629633916275,0.012353887399463807,ok
966,2366711,0,1,7,_matmul_abt_scale,"(91, 1, 1)","(128, 1, 1)",step05.layer15._matmul_abt_scale.line1899/_matmul_abt_scale,bf16_tensor,18976.000000000004,l2,2873056.0,,47710208.0,16.606083557020817,2.5142394603709945,ok
966,2366711,0,1,7,_matmul_abt_scale,"(91, 1, 1)","(128, 1, 1)",step05.layer15._matmul_abt_scale.line1899/_matmul_abt_scale,fp32_simt,18976.000000000004,l2,2873056.0,,93184.0,0.03243375694730628,0.004910623946037099,ok
967,2366711,0,1,7,_softmax_prefix_suffix_mask_vector,"(100, 1, 1)","(128, 1, 1)",step05.layer15._softmax_prefix_suffix_mask_vector.line1911/_softmax_prefix_suffix_mask_vector,bf16_tensor,18432.000000000004,l2,566656.0,,0.0,,,zero_counted_flops
967,2366711,0,1,7,_softmax_prefix_suffix_mask_vector,"(100, 1, 1)","(128, 1, 1)",step05.layer15._softmax_prefix_suffix_mask_vector.line1911/_softmax_prefix_suffix_mask_vector,fp32_simt,18432.000000000004,l2,566656.0,,2528000.0,4.461260447255477,0.13715277777777776,ok
968,2366711,0,1,7,_matmul_small,"(104, 1, 1)","(128, 1, 1)",step05.layer15._matmul_small.line1921/_matmul_small,bf16_tensor,18816.0,l2,3423936.0,,54525952.0,15.924933176321053,2.897850340136054,ok
968,2366711,0,1,7,_matmul_small,"(104, 1, 1)","(128, 1, 1)",step05.layer15._matmul_small.line1921/_matmul_small,fp32_simt,18816.0,l2,3423936.0,,0.0,,,zero_counted_flops
969,2366711,0,1,7,_matmul_small_res_gate_oproj,"(128, 1, 1)","(128, 1, 1)",step05.layer15._matmul_small_res_gate_oproj.line1932/_matmul_small_res_gate_oproj,bf16_tensor,36608.0,l2,14678464.0,,268435456.0,18.287707487649936,7.332699300699301,ok
969,2366711,0,1,7,_matmul_small_res_gate_oproj,"(128, 1, 1)","(128, 1, 1)",step05.layer15._matmul_small_res_gate_oproj.line1932/_matmul_small_res_gate_oproj,fp32_simt,36608.0,l2,14678464.0,,131072.0,0.00892954467170407,0.0035804195804195805,ok
970,2366711,0,1,7,_adarms_norm_kernel,"(50, 1, 1)","(128, 1, 1)",step05.layer15._adarms_norm_kernel.line1945/_adarms_norm_kernel,bf16_tensor,14624.000000000002,l2,453568.0,,0.0,,,zero_counted_flops
970,2366711,0,1,7,_adarms_norm_kernel,"(50, 1, 1)","(128, 1, 1)",step05.layer15._adarms_norm_kernel.line1945/_adarms_norm_kernel,fp32_simt,14624.000000000002,l2,453568.0,,358400.0,0.790179201354593,0.02450765864332604,ok
971,2366711,0,1,7,_matmul_small_gate,"(1, 64, 1)","(128, 1, 1)",step05.layer15._matmul_small_gate.line1954/_matmul_small_gate,bf16_tensor,89440.00000000001,l2,23351488.0,,1073741824.0,45.98173032913363,12.00516350626118,ok
971,2366711,0,1,7,_matmul_small_gate,"(1, 64, 1)","(128, 1, 1)",step05.layer15._matmul_small_gate.line1954/_matmul_small_gate,fp32_simt,89440.00000000001,l2,23351488.0,,2883584.0,0.12348609219249754,0.032240429338103754,ok
972,2366711,0,1,7,_matmul_small_res_gate_ffn_down,"(64, 1, 1)","(128, 1, 1)",step05.layer15._matmul_small_res_gate_ffn_down.line1971/_matmul_small_res_gate_ffn_down,bf16_tensor,75680.0,l2,39238816.0,,536870912.0,13.682138421302009,7.093960253699788,ok
972,2366711,0,1,7,_matmul_small_res_gate_ffn_down,"(64, 1, 1)","(128, 1, 1)",step05.layer15._matmul_small_res_gate_ffn_down.line1971/_matmul_small_res_gate_ffn_down,fp32_simt,75680.0,l2,39238816.0,,131072.0,0.0033403658255131857,0.0017319238900634249,ok
973,2366711,0,1,7,_adarms_norm_kernel,"(50, 1, 1)","(128, 1, 1)",step05.layer16._adarms_norm_kernel.line1854/_adarms_norm_kernel,bf16_tensor,11776.0,l2,452640.0,,0.0,,,zero_counted_flops
973,2366711,0,1,7,_adarms_norm_kernel,"(50, 1, 1)","(128, 1, 1)",step05.layer16._adarms_norm_kernel.line1854/_adarms_norm_kernel,fp32_simt,11776.0,l2,452640.0,,358400.0,0.7917992223400495,0.030434782608695653,ok
974,2366711,0,1,7,_matmul_rope_qkv,"(128, 1, 1)","(128, 1, 1)",step05.layer16._matmul_rope_qkv.line1863/_matmul_rope_qkv,bf16_tensor,36224.00000000001,l2,13774016.0,,335544320.0,24.360674475766544,9.263038869257949,ok
974,2366711,0,1,7,_matmul_rope_qkv,"(128, 1, 1)","(128, 1, 1)",step05.layer16._matmul_rope_qkv.line1863/_matmul_rope_qkv,fp32_simt,36224.00000000001,l2,13774016.0,,442368.0,0.03211612357645004,0.012212014134275617,ok
975,2366711,0,1,7,_matmul_abt_scale,"(91, 1, 1)","(128, 1, 1)",step05.layer16._matmul_abt_scale.line1899/_matmul_abt_scale,bf16_tensor,17824.0,l2,2861728.0,,47710208.0,16.67181786668754,2.6767396768402154,ok
975,2366711,0,1,7,_matmul_abt_scale,"(91, 1, 1)","(128, 1, 1)",step05.layer16._matmul_abt_scale.line1899/_matmul_abt_scale,fp32_simt,17824.0,l2,2861728.0,,93184.0,0.0325621442708741,0.005228007181328546,ok
976,2366711,0,1,7,_softmax_prefix_suffix_mask_vector,"(100, 1, 1)","(128, 1, 1)",step05.layer16._softmax_prefix_suffix_mask_vector.line1911/_softmax_prefix_suffix_mask_vector,bf16_tensor,17152.0,l2,560544.0,,0.0,,,zero_counted_flops
976,2366711,0,1,7,_softmax_prefix_suffix_mask_vector,"(100, 1, 1)","(128, 1, 1)",step05.layer16._softmax_prefix_suffix_mask_vector.line1911/_softmax_prefix_suffix_mask_vector,fp32_simt,17152.0,l2,560544.0,,2528000.0,4.509904664040646,0.14738805970149252,ok
977,2366711,0,1,7,_matmul_small,"(104, 1, 1)","(128, 1, 1)",step05.layer16._matmul_small.line1921/_matmul_small,bf16_tensor,19104.000000000004,l2,3426176.0,,54525952.0,15.91452161243322,2.8541641541038523,ok
977,2366711,0,1,7,_matmul_small,"(104, 1, 1)","(128, 1, 1)",step05.layer16._matmul_small.line1921/_matmul_small,fp32_simt,19104.000000000004,l2,3426176.0,,0.0,,,zero_counted_flops
978,2366711,0,1,7,_matmul_small_res_gate_oproj,"(128, 1, 1)","(128, 1, 1)",step05.layer16._matmul_small_res_gate_oproj.line1932/_matmul_small_res_gate_oproj,bf16_tensor,40928.00000000001,l2,14662432.0,,268435456.0,18.307703387814517,6.558724003127442,ok
978,2366711,0,1,7,_matmul_small_res_gate_oproj,"(128, 1, 1)","(128, 1, 1)",step05.layer16._matmul_small_res_gate_oproj.line1932/_matmul_small_res_gate_oproj,fp32_simt,40928.00000000001,l2,14662432.0,,131072.0,0.008939308294831307,0.0032025019546520713,ok
979,2366711,0,1,7,_adarms_norm_kernel,"(50, 1, 1)","(128, 1, 1)",step05.layer16._adarms_norm_kernel.line1945/_adarms_norm_kernel,bf16_tensor,15392.000000000002,l2,470496.0,,0.0,,,zero_counted_flops
979,2366711,0,1,7,_adarms_norm_kernel,"(50, 1, 1)","(128, 1, 1)",step05.layer16._adarms_norm_kernel.line1945/_adarms_norm_kernel,fp32_simt,15392.000000000002,l2,470496.0,,358400.0,0.7617493028633612,0.023284823284823283,ok
980,2366711,0,1,7,_matmul_small_gate,"(1, 64, 1)","(128, 1, 1)",step05.layer16._matmul_small_gate.line1954/_matmul_small_gate,bf16_tensor,85536.0,l2,23378304.0,,1073741824.0,45.928987149794956,12.553098391320614,ok
980,2366711,0,1,7,_matmul_small_gate,"(1, 64, 1)","(128, 1, 1)",step05.layer16._matmul_small_gate.line1954/_matmul_small_gate,fp32_simt,85536.0,l2,23378304.0,,2883584.0,0.123344447912047,0.0337119341563786,ok
981,2366711,0,1,7,_matmul_small_res_gate_ffn_down,"(64, 1, 1)","(128, 1, 1)",step05.layer16._matmul_small_res_gate_ffn_down.line1971/_matmul_small_res_gate_ffn_down,bf16_tensor,75008.00000000001,l2,39434240.0,,536870912.0,13.614333939236563,7.157515358361773,ok
981,2366711,0,1,7,_matmul_small_res_gate_ffn_down,"(64, 1, 1)","(128, 1, 1)",step05.layer16._matmul_small_res_gate_ffn_down.line1971/_matmul_small_res_gate_ffn_down,fp32_simt,75008.00000000001,l2,39434240.0,,131072.0,0.0033238119968839264,0.0017474402730375423,ok
982,2366711,0,1,7,_adarms_norm_kernel,"(50, 1, 1)","(128, 1, 1)",step05.layer17._adarms_norm_kernel.line1854/_adarms_norm_kernel,bf16_tensor,16384.0,l2,463680.0,,0.0,,,zero_counted_flops
982,2366711,0,1,7,_adarms_norm_kernel,"(50, 1, 1)","(128, 1, 1)",step05.layer17._adarms_norm_kernel.line1854/_adarms_norm_kernel,fp32_simt,16384.0,l2,463680.0,,358400.0,0.7729468599033816,0.021875,ok
983,2366711,0,1,7,_matmul_rope_qkv,"(128, 1, 1)","(128, 1, 1)",step05.layer17._matmul_rope_qkv.line1863/_matmul_rope_qkv,bf16_tensor,35072.0,l2,13874272.0,,335544320.0,24.184643345611214,9.567299270072992,ok
983,2366711,0,1,7,_matmul_rope_qkv,"(128, 1, 1)","(128, 1, 1)",step05.layer17._matmul_rope_qkv.line1863/_matmul_rope_qkv,fp32_simt,35072.0,l2,13874272.0,,442368.0,0.03188405128571791,0.012613138686131387,ok
984,2366711,0,1,7,_matmul_abt_scale,"(91, 1, 1)","(128, 1, 1)",step05.layer17._matmul_abt_scale.line1899/_matmul_abt_scale,bf16_tensor,18912.0,l2,2868960.0,,47710208.0,16.629791980369195,2.5227478849407783,ok
984,2366711,0,1,7,_matmul_abt_scale,"(91, 1, 1)","(128, 1, 1)",step05.layer17._matmul_abt_scale.line1899/_matmul_abt_scale,fp32_simt,18912.0,l2,2868960.0,,93184.0,0.03248006246165858,0.004927241962774958,ok
985,2366711,0,1,7,_softmax_prefix_suffix_mask_vector,"(100, 1, 1)","(128, 1, 1)",step05.layer17._softmax_prefix_suffix_mask_vector.line1911/_softmax_prefix_suffix_mask_vector,bf16_tensor,17728.0,l2,565024.0,,0.0,,,zero_counted_flops
985,2366711,0,1,7,_softmax_prefix_suffix_mask_vector,"(100, 1, 1)","(128, 1, 1)",step05.layer17._softmax_prefix_suffix_mask_vector.line1911/_softmax_prefix_suffix_mask_vector,fp32_simt,17728.0,l2,565024.0,,2528000.0,4.474146230956561,0.14259927797833935,ok
986,2366711,0,1,7,_matmul_small,"(104, 1, 1)","(128, 1, 1)",step05.layer17._matmul_small.line1921/_matmul_small,bf16_tensor,17216.000000000004,l2,3425024.0,,54525952.0,15.919874430076986,3.1671672862453524,ok
986,2366711,0,1,7,_matmul_small,"(104, 1, 1)","(128, 1, 1)",step05.layer17._matmul_small.line1921/_matmul_small,fp32_simt,17216.000000000004,l2,3425024.0,,0.0,,,zero_counted_flops
987,2366711,0,1,7,_matmul_small_res_gate_oproj,"(128, 1, 1)","(128, 1, 1)",step05.layer17._matmul_small_res_gate_oproj.line1932/_matmul_small_res_gate_oproj,bf16_tensor,40640.00000000001,l2,14734016.0,,268435456.0,18.218756922756157,6.605203149606298,ok
987,2366711,0,1,7,_matmul_small_res_gate_oproj,"(128, 1, 1)","(128, 1, 1)",step05.layer17._matmul_small_res_gate_oproj.line1932/_matmul_small_res_gate_oproj,fp32_simt,40640.00000000001,l2,14734016.0,,131072.0,0.00889587740368953,0.0032251968503937004,ok
988,2366711,0,1,7,_adarms_norm_kernel,"(50, 1, 1)","(128, 1, 1)",step05.layer17._adarms_norm_kernel.line1945/_adarms_norm_kernel,bf16_tensor,14688.0,l2,468000.0,,0.0,,,zero_counted_flops
988,2366711,0,1,7,_adarms_norm_kernel,"(50, 1, 1)","(128, 1, 1)",step05.layer17._adarms_norm_kernel.line1945/_adarms_norm_kernel,fp32_simt,14688.0,l2,468000.0,,358400.0,0.7658119658119659,0.024400871459694988,ok
989,2366711,0,1,7,_matmul_small_gate,"(1, 64, 1)","(128, 1, 1)",step05.layer17._matmul_small_gate.line1954/_matmul_small_gate,bf16_tensor,81408.0,l2,23291104.0,,1073741824.0,46.10094154403329,13.189635220125785,ok
989,2366711,0,1,7,_matmul_small_gate,"(1, 64, 1)","(128, 1, 1)",step05.layer17._matmul_small_gate.line1954/_matmul_small_gate,fp32_simt,81408.0,l2,23291104.0,,2883584.0,0.12380623949813628,0.035421383647798746,ok
990,2366711,0,1,7,_matmul_small_res_gate_ffn_down,"(64, 1, 1)","(128, 1, 1)",step05.layer17._matmul_small_res_gate_ffn_down.line1971/_matmul_small_res_gate_ffn_down,bf16_tensor,75616.0,l2,39317056.0,,536870912.0,13.65491129346002,7.099964451967837,ok
990,2366711,0,1,7,_matmul_small_res_gate_ffn_down,"(64, 1, 1)","(128, 1, 1)",step05.layer17._matmul_small_res_gate_ffn_down.line1971/_matmul_small_res_gate_ffn_down,fp32_simt,75616.0,l2,39317056.0,,131072.0,0.0033337185775048875,0.0017333897587812103,ok
991,2366711,0,1,7,_adarms_norm_kernel,"(50, 1, 1)","(128, 1, 1)",step05.layer-1._adarms_norm_kernel.line1989/_adarms_norm_kernel,bf16_tensor,16512.0,l2,455936.0,,0.0,,,zero_counted_flops
991,2366711,0,1,7,_adarms_norm_kernel,"(50, 1, 1)","(128, 1, 1)",step05.layer-1._adarms_norm_kernel.line1989/_adarms_norm_kernel,fp32_simt,16512.0,l2,455936.0,,358400.0,0.7860752386299832,0.021705426356589147,ok
992,2366711,0,1,7,_matmul_small_bias_res,"(8, 1, 1)","(128, 1, 1)",step05.layer-1._matmul_small_bias_res.line1998/_matmul_small_bias_res,bf16_tensor,14368.0,l2,517216.0,,8388608.0,16.218771267710203,0.5838396436525612,ok
992,2366711,0,1,7,_matmul_small_bias_res,"(8, 1, 1)","(128, 1, 1)",step05.layer-1._matmul_small_bias_res.line1998/_matmul_small_bias_res,fp32_simt,14368.0,l2,517216.0,,4096.0,0.007919321908061622,0.00028507795100222717,ok
993,2366711,0,1,7,_matmul_small_bias,"(64, 1, 1)","(128, 1, 1)",step06.layer-1._matmul_small_bias.line1839/_matmul_small_bias,bf16_tensor,12704.0,l2,362464.0,,4194304.0,11.571642976957712,0.33015617128463476,ok
993,2366711,0,1,7,_matmul_small_bias,"(64, 1, 1)","(128, 1, 1)",step06.layer-1._matmul_small_bias.line1839/_matmul_small_bias,fp32_simt,12704.0,l2,362464.0,,32768.0,0.09040346075748212,0.002579345088161209,ok
994,2366711,0,1,7,_adarms_norm_kernel,"(50, 1, 1)","(128, 1, 1)",step06.layer00._adarms_norm_kernel.line1854/_adarms_norm_kernel,bf16_tensor,14336.000000000002,l2,453344.0,,0.0,,,zero_counted_flops
994,2366711,0,1,7,_adarms_norm_kernel,"(50, 1, 1)","(128, 1, 1)",step06.layer00._adarms_norm_kernel.line1854/_adarms_norm_kernel,fp32_simt,14336.000000000002,l2,453344.0,,358400.0,0.7905696336556787,0.024999999999999998,ok
995,2366711,0,1,7,_matmul_rope_qkv,"(128, 1, 1)","(128, 1, 1)",step06.layer00._matmul_rope_qkv.line1863/_matmul_rope_qkv,bf16_tensor,36864.00000000001,l2,13830304.0,,335544320.0,24.261528886132943,9.10222222222222,ok
995,2366711,0,1,7,_matmul_rope_qkv,"(128, 1, 1)","(128, 1, 1)",step06.layer00._matmul_rope_qkv.line1863/_matmul_rope_qkv,fp32_simt,36864.00000000001,l2,13830304.0,,442368.0,0.03198541405886667,0.011999999999999999,ok
996,2366711,0,1,7,_matmul_abt_scale,"(91, 1, 1)","(128, 1, 1)",step06.layer00._matmul_abt_scale.line1899/_matmul_abt_scale,bf16_tensor,18176.0,l2,2868736.0,,47710208.0,16.63109048723898,2.6249014084507043,ok
996,2366711,0,1,7,_matmul_abt_scale,"(91, 1, 1)","(128, 1, 1)",step06.layer00._matmul_abt_scale.line1899/_matmul_abt_scale,fp32_simt,18176.0,l2,2868736.0,,93184.0,0.03248259860788863,0.005126760563380282,ok
997,2366711,0,1,7,_softmax_prefix_suffix_mask_vector,"(100, 1, 1)","(128, 1, 1)",step06.layer00._softmax_prefix_suffix_mask_vector.line1911/_softmax_prefix_suffix_mask_vector,bf16_tensor,18688.0,l2,566656.0,,0.0,,,zero_counted_flops
997,2366711,0,1,7,_softmax_prefix_suffix_mask_vector,"(100, 1, 1)","(128, 1, 1)",step06.layer00._softmax_prefix_suffix_mask_vector.line1911/_softmax_prefix_suffix_mask_vector,fp32_simt,18688.0,l2,566656.0,,2528000.0,4.461260447255477,0.1352739726027397,ok
998,2366711,0,1,7,_matmul_small,"(104, 1, 1)","(128, 1, 1)",step06.layer00._matmul_small.line1921/_matmul_small,bf16_tensor,17728.0,l2,3397120.0,,54525952.0,16.05064054257724,3.075696750902527,ok
998,2366711,0,1,7,_matmul_small,"(104, 1, 1)","(128, 1, 1)",step06.layer00._matmul_small.line1921/_matmul_small,fp32_simt,17728.0,l2,3397120.0,,0.0,,,zero_counted_flops
999,2366711,0,1,7,_matmul_small_res_gate_oproj,"(128, 1, 1)","(128, 1, 1)",step06.layer00._matmul_small_res_gate_oproj.line1932/_matmul_small_res_gate_oproj,bf16_tensor,41824.00000000001,l2,14695296.0,,268435456.0,18.266760737585688,6.418215761285386,ok
999,2366711,0,1,7,_matmul_small_res_gate_oproj,"(128, 1, 1)","(128, 1, 1)",step06.layer00._matmul_small_res_gate_oproj.line1932/_matmul_small_res_gate_oproj,fp32_simt,41824.00000000001,l2,14695296.0,,131072.0,0.008919316766399262,0.00313389441469013,ok
1000,2366711,0,1,7,_adarms_norm_kernel,"(50, 1, 1)","(128, 1, 1)",step06.layer00._adarms_norm_kernel.line1945/_adarms_norm_kernel,bf16_tensor,13536.0,l2,454048.0,,0.0,,,zero_counted_flops
1000,2366711,0,1,7,_adarms_norm_kernel,"(50, 1, 1)","(128, 1, 1)",step06.layer00._adarms_norm_kernel.line1945/_adarms_norm_kernel,fp32_simt,13536.0,l2,454048.0,,358400.0,0.7893438579181056,0.02647754137115839,ok
1001,2366711,0,1,7,_matmul_small_gate,"(1, 64, 1)","(128, 1, 1)",step06.layer00._matmul_small_gate.line1954/_matmul_small_gate,bf16_tensor,79168.0,l2,23316448.0,,1073741824.0,46.050831756192025,13.562826192400971,ok
1001,2366711,0,1,7,_matmul_small_gate,"(1, 64, 1)","(128, 1, 1)",step06.layer00._matmul_small_gate.line1954/_matmul_small_gate,fp32_simt,79168.0,l2,23316448.0,,2883584.0,0.12367166731399225,0.03642360549717058,ok
1002,2366711,0,1,7,_matmul_small_res_gate_ffn_down,"(64, 1, 1)","(128, 1, 1)",step06.layer00._matmul_small_res_gate_ffn_down.line1971/_matmul_small_res_gate_ffn_down,bf16_tensor,73472.0,l2,39420960.0,,536870912.0,13.618920290119775,7.307149825783972,ok
1002,2366711,0,1,7,_matmul_small_res_gate_ffn_down,"(64, 1, 1)","(128, 1, 1)",step06.layer00._matmul_small_res_gate_ffn_down.line1971/_matmul_small_res_gate_ffn_down,fp32_simt,73472.0,l2,39420960.0,,131072.0,0.003324931711455023,0.00178397212543554,ok
1003,2366711,0,1,7,_adarms_norm_kernel,"(50, 1, 1)","(128, 1, 1)",step06.layer01._adarms_norm_kernel.line1854/_adarms_norm_kernel,bf16_tensor,14592.0,l2,460320.0,,0.0,,,zero_counted_flops
1003,2366711,0,1,7,_adarms_norm_kernel,"(50, 1, 1)","(128, 1, 1)",step06.layer01._adarms_norm_kernel.line1854/_adarms_norm_kernel,fp32_simt,14592.0,l2,460320.0,,358400.0,0.7785888077858881,0.02456140350877193,ok
1004,2366711,0,1,7,_matmul_rope_qkv,"(128, 1, 1)","(128, 1, 1)",step06.layer01._matmul_rope_qkv.line1863/_matmul_rope_qkv,bf16_tensor,36512.00000000001,l2,13771776.0,,335544320.0,24.364636775968474,9.189973707274321,ok
1004,2366711,0,1,7,_matmul_rope_qkv,"(128, 1, 1)","(128, 1, 1)",step06.layer01._matmul_rope_qkv.line1863/_matmul_rope_qkv,fp32_simt,36512.00000000001,l2,13771776.0,,442368.0,0.03212134731206781,0.012115687992988606,ok
1005,2366711,0,1,7,_matmul_abt_scale,"(91, 1, 1)","(128, 1, 1)",step06.layer01._matmul_abt_scale.line1899/_matmul_abt_scale,bf16_tensor,15776.0,l2,2838112.0,,47710208.0,16.81054447463666,3.0242271805273835,ok
1005,2366711,0,1,7,_matmul_abt_scale,"(91, 1, 1)","(128, 1, 1)",step06.layer01._matmul_abt_scale.line1899/_matmul_abt_scale,fp32_simt,15776.0,l2,2838112.0,,93184.0,0.03283309467702473,0.005906693711967546,ok
1006,2366711,0,1,7,_softmax_prefix_suffix_mask_vector,"(100, 1, 1)","(128, 1, 1)",step06.layer01._softmax_prefix_suffix_mask_vector.line1911/_softmax_prefix_suffix_mask_vector,bf16_tensor,18656.000000000004,l2,566592.0,,0.0,,,zero_counted_flops
1006,2366711,0,1,7,_softmax_prefix_suffix_mask_vector,"(100, 1, 1)","(128, 1, 1)",step06.layer01._softmax_prefix_suffix_mask_vector.line1911/_softmax_prefix_suffix_mask_vector,fp32_simt,18656.000000000004,l2,566592.0,,2528000.0,4.461764373658647,0.13550600343053174,ok
1007,2366711,0,1,7,_matmul_small,"(104, 1, 1)","(128, 1, 1)",step06.layer01._matmul_small.line1921/_matmul_small,bf16_tensor,20448.0,l2,3415040.0,,54525952.0,15.966416791604198,2.6665665101721436,ok
1007,2366711,0,1,7,_matmul_small,"(104, 1, 1)","(128, 1, 1)",step06.layer01._matmul_small.line1921/_matmul_small,fp32_simt,20448.0,l2,3415040.0,,0.0,,,zero_counted_flops
1008,2366711,0,1,7,_matmul_small_res_gate_oproj,"(128, 1, 1)","(128, 1, 1)",step06.layer01._matmul_small_res_gate_oproj.line1932/_matmul_small_res_gate_oproj,bf16_tensor,40992.0,l2,14674048.0,,268435456.0,18.29321098036479,6.548483996877439,ok
1008,2366711,0,1,7,_matmul_small_res_gate_oproj,"(128, 1, 1)","(128, 1, 1)",step06.layer01._matmul_small_res_gate_oproj.line1932/_matmul_small_res_gate_oproj,fp32_simt,40992.0,l2,14674048.0,,131072.0,0.008932231924006245,0.003197501951600312,ok
1009,2366711,0,1,7,_adarms_norm_kernel,"(50, 1, 1)","(128, 1, 1)",step06.layer01._adarms_norm_kernel.line1945/_adarms_norm_kernel,bf16_tensor,16640.0,l2,457216.0,,0.0,,,zero_counted_flops
1009,2366711,0,1,7,_adarms_norm_kernel,"(50, 1, 1)","(128, 1, 1)",step06.layer01._adarms_norm_kernel.line1945/_adarms_norm_kernel,fp32_simt,16640.0,l2,457216.0,,358400.0,0.7838745800671892,0.02153846153846154,ok
1010,2366711,0,1,7,_matmul_small_gate,"(1, 64, 1)","(128, 1, 1)",step06.layer01._matmul_small_gate.line1954/_matmul_small_gate,bf16_tensor,89952.00000000001,l2,23339200.0,,1073741824.0,46.00593953520258,11.93683102098897,ok
1010,2366711,0,1,7,_matmul_small_gate,"(1, 64, 1)","(128, 1, 1)",step06.layer01._matmul_small_gate.line1954/_matmul_small_gate,fp32_simt,89952.00000000001,l2,23339200.0,,2883584.0,0.12355110715020223,0.032056919245819986,ok
1011,2366711,0,1,7,_matmul_small_res_gate_ffn_down,"(64, 1, 1)","(128, 1, 1)",step06.layer01._matmul_small_res_gate_ffn_down.line1971/_matmul_small_res_gate_ffn_down,bf16_tensor,70848.00000000001,l2,39272992.0,,536870912.0,13.670232000658366,7.577785004516711,ok
1011,2366711,0,1,7,_matmul_small_res_gate_ffn_down,"(64, 1, 1)","(128, 1, 1)",step06.layer01._matmul_small_res_gate_ffn_down.line1971/_matmul_small_res_gate_ffn_down,fp32_simt,70848.00000000001,l2,39272992.0,,131072.0,0.003337458984535734,0.0018500451671183376,ok
1012,2366711,0,1,7,_adarms_norm_kernel,"(50, 1, 1)","(128, 1, 1)",step06.layer02._adarms_norm_kernel.line1854/_adarms_norm_kernel,bf16_tensor,17152.0,l2,464480.0,,0.0,,,zero_counted_flops
1012,2366711,0,1,7,_adarms_norm_kernel,"(50, 1, 1)","(128, 1, 1)",step06.layer02._adarms_norm_kernel.line1854/_adarms_norm_kernel,fp32_simt,17152.0,l2,464480.0,,358400.0,0.7716155700998967,0.0208955223880597,ok
1013,2366711,0,1,7,_matmul_rope_qkv,"(128, 1, 1)","(128, 1, 1)",step06.layer02._matmul_rope_qkv.line1863/_matmul_rope_qkv,bf16_tensor,35616.0,l2,13804960.0,,335544320.0,24.306069702483747,9.421168014375562,ok
1013,2366711,0,1,7,_matmul_rope_qkv,"(128, 1, 1)","(128, 1, 1)",step06.layer02._matmul_rope_qkv.line1863/_matmul_rope_qkv,fp32_simt,35616.0,l2,13804960.0,,442368.0,0.03204413486167291,0.012420485175202157,ok
1014,2366711,0,1,7,_matmul_abt_scale,"(91, 1, 1)","(128, 1, 1)",step06.layer02._matmul_abt_scale.line1899/_matmul_abt_scale,bf16_tensor,15584.000000000002,l2,2850144.0,,47710208.0,16.739578070441354,3.0614866529774125,ok
1014,2366711,0,1,7,_matmul_abt_scale,"(91, 1, 1)","(128, 1, 1)",step06.layer02._matmul_abt_scale.line1899/_matmul_abt_scale,fp32_simt,15584.000000000002,l2,2850144.0,,93184.0,0.03269448841883077,0.005979466119096509,ok
1015,2366711,0,1,7,_softmax_prefix_suffix_mask_vector,"(100, 1, 1)","(128, 1, 1)",step06.layer02._softmax_prefix_suffix_mask_vector.line1911/_softmax_prefix_suffix_mask_vector,bf16_tensor,18976.000000000004,l2,567264.0,,0.0,,,zero_counted_flops
1015,2366711,0,1,7,_softmax_prefix_suffix_mask_vector,"(100, 1, 1)","(128, 1, 1)",step06.layer02._softmax_prefix_suffix_mask_vector.line1911/_softmax_prefix_suffix_mask_vector,fp32_simt,18976.000000000004,l2,567264.0,,2528000.0,4.456478817622835,0.133220910623946,ok
1016,2366711,0,1,7,_matmul_small,"(104, 1, 1)","(128, 1, 1)",step06.layer02._matmul_small.line1921/_matmul_small,bf16_tensor,17280.0,l2,3406368.0,,54525952.0,16.00706441582354,3.155437037037037,ok
1016,2366711,0,1,7,_matmul_small,"(104, 1, 1)","(128, 1, 1)",step06.layer02._matmul_small.line1921/_matmul_small,fp32_simt,17280.0,l2,3406368.0,,0.0,,,zero_counted_flops
1017,2366711,0,1,7,_matmul_small_res_gate_oproj,"(128, 1, 1)","(128, 1, 1)",step06.layer02._matmul_small_res_gate_oproj.line1932/_matmul_small_res_gate_oproj,bf16_tensor,42464.00000000001,l2,14739040.0,,268435456.0,18.21254681444653,6.321483044461189,ok
1017,2366711,0,1,7,_matmul_small_res_gate_oproj,"(128, 1, 1)","(128, 1, 1)",step06.layer02._matmul_small_res_gate_oproj.line1932/_matmul_small_res_gate_oproj,fp32_simt,42464.00000000001,l2,14739040.0,,131072.0,0.00889284512424147,0.003086661642803315,ok
1018,2366711,0,1,7,_adarms_norm_kernel,"(50, 1, 1)","(128, 1, 1)",step06.layer02._adarms_norm_kernel.line1945/_adarms_norm_kernel,bf16_tensor,16576.000000000004,l2,467616.0,,0.0,,,zero_counted_flops
1018,2366711,0,1,7,_adarms_norm_kernel,"(50, 1, 1)","(128, 1, 1)",step06.layer02._adarms_norm_kernel.line1945/_adarms_norm_kernel,fp32_simt,16576.000000000004,l2,467616.0,,358400.0,0.7664408403476357,0.02162162162162162,ok
1019,2366711,0,1,7,_matmul_small_gate,"(1, 64, 1)","(128, 1, 1)",step06.layer02._matmul_small_gate.line1954/_matmul_small_gate,bf16_tensor,79776.0,l2,23333504.0,,1073741824.0,46.01717016012683,13.4594592860008,ok
1019,2366711,0,1,7,_matmul_small_gate,"(1, 64, 1)","(128, 1, 1)",step06.layer02._matmul_small_gate.line1954/_matmul_small_gate,fp32_simt,79776.0,l2,23333504.0,,2883584.0,0.12358126751987185,0.03614600882470918,ok
1020,2366711,0,1,7,_matmul_small_res_gate_ffn_down,"(64, 1, 1)","(128, 1, 1)",step06.layer02._matmul_small_res_gate_ffn_down.line1971/_matmul_small_res_gate_ffn_down,bf16_tensor,78624.00000000001,l2,39292800.0,,536870912.0,13.663340662920433,6.828333740333739,ok
1020,2366711,0,1,7,_matmul_small_res_gate_ffn_down,"(64, 1, 1)","(128, 1, 1)",step06.layer02._matmul_small_res_gate_ffn_down.line1971/_matmul_small_res_gate_ffn_down,fp32_simt,78624.00000000001,l2,39292800.0,,131072.0,0.003335776529033309,0.0016670736670736667,ok
1021,2366711,0,1,7,_adarms_norm_kernel,"(50, 1, 1)","(128, 1, 1)",step06.layer03._adarms_norm_kernel.line1854/_adarms_norm_kernel,bf16_tensor,12928.0,l2,462368.0,,0.0,,,zero_counted_flops
1021,2366711,0,1,7,_adarms_norm_kernel,"(50, 1, 1)","(128, 1, 1)",step06.layer03._adarms_norm_kernel.line1854/_adarms_norm_kernel,fp32_simt,12928.0,l2,462368.0,,358400.0,0.7751401481071355,0.027722772277227723,ok
1022,2366711,0,1,7,_matmul_rope_qkv,"(128, 1, 1)","(128, 1, 1)",step06.layer03._matmul_rope_qkv.line1863/_matmul_rope_qkv,bf16_tensor,32448.000000000004,l2,13911136.0,,335544320.0,24.12055492808064,10.340986193293885,ok
1022,2366711,0,1,7,_matmul_rope_qkv,"(128, 1, 1)","(128, 1, 1)",step06.layer03._matmul_rope_qkv.line1863/_matmul_rope_qkv,fp32_simt,32448.000000000004,l2,13911136.0,,442368.0,0.03179955971963756,0.013633136094674555,ok
1023,2366711,0,1,7,_matmul_abt_scale,"(91, 1, 1)","(128, 1, 1)",step06.layer03._matmul_abt_scale.line1899/_matmul_abt_scale,bf16_tensor,19360.0,l2,2859488.0,,47710208.0,16.684877852258865,2.4643702479338843,ok
1023,2366711,0,1,7,_matmul_abt_scale,"(91, 1, 1)","(128, 1, 1)",step06.layer03._matmul_abt_scale.line1899/_matmul_abt_scale,fp32_simt,19360.0,l2,2859488.0,,93184.0,0.032587652055193095,0.004813223140495868,ok
1024,2366711,0,1,7,_softmax_prefix_suffix_mask_vector,"(100, 1, 1)","(128, 1, 1)",step06.layer03._softmax_prefix_suffix_mask_vector.line1911/_softmax_prefix_suffix_mask_vector,bf16_tensor,20288.000000000004,l2,566784.0,,0.0,,,zero_counted_flops
1024,2366711,0,1,7,_softmax_prefix_suffix_mask_vector,"(100, 1, 1)","(128, 1, 1)",step06.layer03._softmax_prefix_suffix_mask_vector.line1911/_softmax_prefix_suffix_mask_vector,fp32_simt,20288.000000000004,l2,566784.0,,2528000.0,4.460252935862692,0.12460567823343846,ok
1025,2366711,0,1,7,_matmul_small,"(104, 1, 1)","(128, 1, 1)",step06.layer03._matmul_small.line1921/_matmul_small,bf16_tensor,17344.000000000004,l2,3409504.0,,54525952.0,15.992341408017118,3.1437933579335793,ok
1025,2366711,0,1,7,_matmul_small,"(104, 1, 1)","(128, 1, 1)",step06.layer03._matmul_small.line1921/_matmul_small,fp32_simt,17344.000000000004,l2,3409504.0,,0.0,,,zero_counted_flops
1026,2366711,0,1,7,_matmul_small_res_gate_oproj,"(128, 1, 1)","(128, 1, 1)",step06.layer03._matmul_small_res_gate_oproj.line1932/_matmul_small_res_gate_oproj,bf16_tensor,40736.00000000001,l2,14693056.0,,268435456.0,18.269545559480616,6.589637077769049,ok
1026,2366711,0,1,7,_matmul_small_res_gate_oproj,"(128, 1, 1)","(128, 1, 1)",step06.layer03._matmul_small_res_gate_oproj.line1932/_matmul_small_res_gate_oproj,fp32_simt,40736.00000000001,l2,14693056.0,,131072.0,0.008920676542715144,0.0032175962293794183,ok
1027,2366711,0,1,7,_adarms_norm_kernel,"(50, 1, 1)","(128, 1, 1)",step06.layer03._adarms_norm_kernel.line1945/_adarms_norm_kernel,bf16_tensor,16416.0,l2,456160.0,,0.0,,,zero_counted_flops
1027,2366711,0,1,7,_adarms_norm_kernel,"(50, 1, 1)","(128, 1, 1)",step06.layer03._adarms_norm_kernel.line1945/_adarms_norm_kernel,fp32_simt,16416.0,l2,456160.0,,358400.0,0.7856892318484742,0.021832358674463936,ok
1028,2366711,0,1,7,_matmul_small_gate,"(1, 64, 1)","(128, 1, 1)",step06.layer03._matmul_small_gate.line1954/_matmul_small_gate,bf16_tensor,83776.0,l2,23346528.0,,1073741824.0,45.991499207076956,12.81681894576012,ok
1028,2366711,0,1,7,_matmul_small_gate,"(1, 64, 1)","(128, 1, 1)",step06.layer03._matmul_small_gate.line1954/_matmul_small_gate,fp32_simt,83776.0,l2,23346528.0,,2883584.0,0.1235123269721305,0.03442016806722689,ok
1029,2366711,0,1,7,_matmul_small_res_gate_ffn_down,"(64, 1, 1)","(128, 1, 1)",step06.layer03._matmul_small_res_gate_ffn_down.line1971/_matmul_small_res_gate_ffn_down,bf16_tensor,67328.0,l2,39226112.0,,536870912.0,13.686569599352595,7.9739619771863115,ok
1029,2366711,0,1,7,_matmul_small_res_gate_ffn_down,"(64, 1, 1)","(128, 1, 1)",step06.layer03._matmul_small_res_gate_ffn_down.line1971/_matmul_small_res_gate_ffn_down,fp32_simt,67328.0,l2,39226112.0,,131072.0,0.003341447656091942,0.0019467680608365018,ok
1030,2366711,0,1,7,_adarms_norm_kernel,"(50, 1, 1)","(128, 1, 1)",step06.layer04._adarms_norm_kernel.line1854/_adarms_norm_kernel,bf16_tensor,14144.0,l2,459456.0,,0.0,,,zero_counted_flops
1030,2366711,0,1,7,_adarms_norm_kernel,"(50, 1, 1)","(128, 1, 1)",step06.layer04._adarms_norm_kernel.line1854/_adarms_norm_kernel,fp32_simt,14144.0,l2,459456.0,,358400.0,0.7800529321632539,0.025339366515837104,ok
1031,2366711,0,1,7,_matmul_rope_qkv,"(128, 1, 1)","(128, 1, 1)",step06.layer04._matmul_rope_qkv.line1863/_matmul_rope_qkv,bf16_tensor,36672.00000000001,l2,13807136.0,,335544320.0,24.30223907405562,9.149877835951132,ok
1031,2366711,0,1,7,_matmul_rope_qkv,"(128, 1, 1)","(128, 1, 1)",step06.layer04._matmul_rope_qkv.line1863/_matmul_rope_qkv,fp32_simt,36672.00000000001,l2,13807136.0,,442368.0,0.032039084716772546,0.012062827225130888,ok
1032,2366711,0,1,7,_matmul_abt_scale,"(91, 1, 1)","(128, 1, 1)",step06.layer04._matmul_abt_scale.line1899/_matmul_abt_scale,bf16_tensor,17568.000000000004,l2,2858464.0,,47710208.0,16.690854948671735,2.7157449908925315,ok
1032,2366711,0,1,7,_matmul_abt_scale,"(91, 1, 1)","(128, 1, 1)",step06.layer04._matmul_abt_scale.line1899/_matmul_abt_scale,fp32_simt,17568.000000000004,l2,2858464.0,,93184.0,0.03259932607162448,0.005304189435336976,ok
1033,2366711,0,1,7,_softmax_prefix_suffix_mask_vector,"(100, 1, 1)","(128, 1, 1)",step06.layer04._softmax_prefix_suffix_mask_vector.line1911/_softmax_prefix_suffix_mask_vector,bf16_tensor,16992.000000000004,l2,561024.0,,0.0,,,zero_counted_flops
1033,2366711,0,1,7,_softmax_prefix_suffix_mask_vector,"(100, 1, 1)","(128, 1, 1)",step06.layer04._softmax_prefix_suffix_mask_vector.line1911/_softmax_prefix_suffix_mask_vector,fp32_simt,16992.000000000004,l2,561024.0,,2528000.0,4.506046087154917,0.14877589453860637,ok
1034,2366711,0,1,7,_matmul_small,"(104, 1, 1)","(128, 1, 1)",step06.layer04._matmul_small.line1921/_matmul_small,bf16_tensor,19840.0,l2,3412864.0,,54525952.0,15.976596782057532,2.748283870967742,ok
1034,2366711,0,1,7,_matmul_small,"(104, 1, 1)","(128, 1, 1)",step06.layer04._matmul_small.line1921/_matmul_small,fp32_simt,19840.0,l2,3412864.0,,0.0,,,zero_counted_flops
1035,2366711,0,1,7,_matmul_small_res_gate_oproj,"(128, 1, 1)","(128, 1, 1)",step06.layer04._matmul_small_res_gate_oproj.line1932/_matmul_small_res_gate_oproj,bf16_tensor,38048.00000000001,l2,14747776.0,,268435456.0,18.201758421066337,7.055179142136248,ok
1035,2366711,0,1,7,_matmul_small_res_gate_oproj,"(128, 1, 1)","(128, 1, 1)",step06.layer04._matmul_small_res_gate_oproj.line1932/_matmul_small_res_gate_oproj,fp32_simt,38048.00000000001,l2,14747776.0,,131072.0,0.008887577354036297,0.003444911690496215,ok
1036,2366711,0,1,7,_adarms_norm_kernel,"(50, 1, 1)","(128, 1, 1)",step06.layer04._adarms_norm_kernel.line1945/_adarms_norm_kernel,bf16_tensor,14592.0,l2,460768.0,,0.0,,,zero_counted_flops
1036,2366711,0,1,7,_adarms_norm_kernel,"(50, 1, 1)","(128, 1, 1)",step06.layer04._adarms_norm_kernel.line1945/_adarms_norm_kernel,fp32_simt,14592.0,l2,460768.0,,358400.0,0.7778317938745746,0.02456140350877193,ok
1037,2366711,0,1,7,_matmul_small_gate,"(1, 64, 1)","(128, 1, 1)",step06.layer04._matmul_small_gate.line1954/_matmul_small_gate,bf16_tensor,91776.00000000001,l2,23315168.0,,1073741824.0,46.05335994147672,11.699592747559274,ok
1037,2366711,0,1,7,_matmul_small_gate,"(1, 64, 1)","(128, 1, 1)",step06.layer04._matmul_small_gate.line1954/_matmul_small_gate,fp32_simt,91776.00000000001,l2,23315168.0,,2883584.0,0.123678456874083,0.031419804741980466,ok
1038,2366711,0,1,7,_matmul_small_res_gate_ffn_down,"(64, 1, 1)","(128, 1, 1)",step06.layer04._matmul_small_res_gate_ffn_down.line1971/_matmul_small_res_gate_ffn_down,bf16_tensor,74336.0,l2,39432576.0,,536870912.0,13.614908445240808,7.2222195436935,ok
1038,2366711,0,1,7,_matmul_small_res_gate_ffn_down,"(64, 1, 1)","(128, 1, 1)",step06.layer04._matmul_small_res_gate_ffn_down.line1971/_matmul_small_res_gate_ffn_down,fp32_simt,74336.0,l2,39432576.0,,131072.0,0.003323952257138869,0.0017632371932845459,ok
1039,2366711,0,1,7,_adarms_norm_kernel,"(50, 1, 1)","(128, 1, 1)",step06.layer05._adarms_norm_kernel.line1854/_adarms_norm_kernel,bf16_tensor,15680.000000000002,l2,471328.0,,0.0,,,zero_counted_flops
1039,2366711,0,1,7,_adarms_norm_kernel,"(50, 1, 1)","(128, 1, 1)",step06.layer05._adarms_norm_kernel.line1854/_adarms_norm_kernel,fp32_simt,15680.000000000002,l2,471328.0,,358400.0,0.7604046438997896,0.022857142857142854,ok
1040,2366711,0,1,7,_matmul_rope_qkv,"(128, 1, 1)","(128, 1, 1)",step06.layer05._matmul_rope_qkv.line1863/_matmul_rope_qkv,bf16_tensor,37824.0,l2,13792384.0,,335544320.0,24.328232160589497,8.8712013536379,ok
1040,2366711,0,1,7,_matmul_rope_qkv,"(128, 1, 1)","(128, 1, 1)",step06.layer05._matmul_rope_qkv.line1863/_matmul_rope_qkv,fp32_simt,37824.0,l2,13792384.0,,442368.0,0.03207335294608967,0.011695431472081217,ok
1041,2366711,0,1,7,_matmul_abt_scale,"(91, 1, 1)","(128, 1, 1)",step06.layer05._matmul_abt_scale.line1899/_matmul_abt_scale,bf16_tensor,18592.0,l2,2871424.0,,47710208.0,16.615521775955067,2.566168674698795,ok
1041,2366711,0,1,7,_matmul_abt_scale,"(91, 1, 1)","(128, 1, 1)",step06.layer05._matmul_abt_scale.line1899/_matmul_abt_scale,fp32_simt,18592.0,l2,2871424.0,,93184.0,0.03245219096866224,0.005012048192771084,ok
1042,2366711,0,1,7,_softmax_prefix_suffix_mask_vector,"(100, 1, 1)","(128, 1, 1)",step06.layer05._softmax_prefix_suffix_mask_vector.line1911/_softmax_prefix_suffix_mask_vector,bf16_tensor,10752.000000000002,l2,550464.0,,0.0,,,zero_counted_flops
1042,2366711,0,1,7,_softmax_prefix_suffix_mask_vector,"(100, 1, 1)","(128, 1, 1)",step06.layer05._softmax_prefix_suffix_mask_vector.line1911/_softmax_prefix_suffix_mask_vector,fp32_simt,10752.000000000002,l2,550464.0,,2528000.0,4.592489245436577,0.2351190476190476,ok
1043,2366711,0,1,7,_matmul_small,"(104, 1, 1)","(128, 1, 1)",step06.layer05._matmul_small.line1921/_matmul_small,bf16_tensor,16832.0,l2,3421408.0,,54525952.0,15.936699744666523,3.239422053231939,ok
1043,2366711,0,1,7,_matmul_small,"(104, 1, 1)","(128, 1, 1)",step06.layer05._matmul_small.line1921/_matmul_small,fp32_simt,16832.0,l2,3421408.0,,0.0,,,zero_counted_flops
1044,2366711,0,1,7,_matmul_small_res_gate_oproj,"(128, 1, 1)","(128, 1, 1)",step06.layer05._matmul_small_res_gate_oproj.line1932/_matmul_small_res_gate_oproj,bf16_tensor,39072.0,l2,14714272.0,,268435456.0,18.24320333347107,6.870276822276822,ok
1044,2366711,0,1,7,_matmul_small_res_gate_oproj,"(128, 1, 1)","(128, 1, 1)",step06.layer05._matmul_small_res_gate_oproj.line1932/_matmul_small_res_gate_oproj,fp32_simt,39072.0,l2,14714272.0,,131072.0,0.00890781412767142,0.0033546273546273546,ok
1045,2366711,0,1,7,_adarms_norm_kernel,"(50, 1, 1)","(128, 1, 1)",step06.layer05._adarms_norm_kernel.line1945/_adarms_norm_kernel,bf16_tensor,13760.0,l2,464544.0,,0.0,,,zero_counted_flops
1045,2366711,0,1,7,_adarms_norm_kernel,"(50, 1, 1)","(128, 1, 1)",step06.layer05._adarms_norm_kernel.line1945/_adarms_norm_kernel,fp32_simt,13760.0,l2,464544.0,,358400.0,0.7715092649996556,0.026046511627906974,ok
1046,2366711,0,1,7,_matmul_small_gate,"(1, 64, 1)","(128, 1, 1)",step06.layer05._matmul_small_gate.line1954/_matmul_small_gate,bf16_tensor,80448.0,l2,23334816.0,,1073741824.0,46.01458284479295,13.347029435163085,ok
1046,2366711,0,1,7,_matmul_small_gate,"(1, 64, 1)","(128, 1, 1)",step06.layer05._matmul_small_gate.line1954/_matmul_small_gate,fp32_simt,80448.0,l2,23334816.0,,2883584.0,0.12357431916326231,0.035844073190135245,ok
1047,2366711,0,1,7,_matmul_small_res_gate_ffn_down,"(64, 1, 1)","(128, 1, 1)",step06.layer05._matmul_small_res_gate_ffn_down.line1971/_matmul_small_res_gate_ffn_down,bf16_tensor,74208.0,l2,39181152.0,,536870912.0,13.702274808050564,7.234677015955152,ok
1047,2366711,0,1,7,_matmul_small_res_gate_ffn_down,"(64, 1, 1)","(128, 1, 1)",step06.layer05._matmul_small_res_gate_ffn_down.line1971/_matmul_small_res_gate_ffn_down,fp32_simt,74208.0,l2,39181152.0,,131072.0,0.00334528193555922,0.0017662785683484259,ok
1048,2366711,0,1,7,_adarms_norm_kernel,"(50, 1, 1)","(128, 1, 1)",step06.layer06._adarms_norm_kernel.line1854/_adarms_norm_kernel,bf16_tensor,16032.000000000002,l2,459392.0,,0.0,,,zero_counted_flops
1048,2366711,0,1,7,_adarms_norm_kernel,"(50, 1, 1)","(128, 1, 1)",step06.layer06._adarms_norm_kernel.line1854/_adarms_norm_kernel,fp32_simt,16032.000000000002,l2,459392.0,,358400.0,0.780161604903873,0.022355289421157682,ok
1049,2366711,0,1,7,_matmul_rope_qkv,"(128, 1, 1)","(128, 1, 1)",step06.layer06._matmul_rope_qkv.line1863/_matmul_rope_qkv,bf16_tensor,37504.00000000001,l2,13811840.0,,335544320.0,24.293962281636624,8.946894197952217,ok
1049,2366711,0,1,7,_matmul_rope_qkv,"(128, 1, 1)","(128, 1, 1)",step06.layer06._matmul_rope_qkv.line1863/_matmul_rope_qkv,fp32_simt,37504.00000000001,l2,13811840.0,,442368.0,0.03202817292989203,0.01179522184300341,ok
1050,2366711,0,1,7,_matmul_abt_scale,"(91, 1, 1)","(128, 1, 1)",step06.layer06._matmul_abt_scale.line1899/_matmul_abt_scale,bf16_tensor,15840.0,l2,2828832.0,,47710208.0,16.865691564575062,3.0120080808080805,ok
1050,2366711,0,1,7,_matmul_abt_scale,"(91, 1, 1)","(128, 1, 1)",step06.layer06._matmul_abt_scale.line1899/_matmul_abt_scale,fp32_simt,15840.0,l2,2828832.0,,93184.0,0.03294080383706067,0.005882828282828282,ok
1051,2366711,0,1,7,_softmax_prefix_suffix_mask_vector,"(100, 1, 1)","(128, 1, 1)",step06.layer06._softmax_prefix_suffix_mask_vector.line1911/_softmax_prefix_suffix_mask_vector,bf16_tensor,19008.0,l2,567392.0,,0.0,,,zero_counted_flops
1051,2366711,0,1,7,_softmax_prefix_suffix_mask_vector,"(100, 1, 1)","(128, 1, 1)",step06.layer06._softmax_prefix_suffix_mask_vector.line1911/_softmax_prefix_suffix_mask_vector,fp32_simt,19008.0,l2,567392.0,,2528000.0,4.455473464553607,0.13299663299663297,ok
1052,2366711,0,1,7,_matmul_small,"(104, 1, 1)","(128, 1, 1)",step06.layer06._matmul_small.line1921/_matmul_small,bf16_tensor,18944.0,l2,3428320.0,,54525952.0,15.904569001726793,2.87827027027027,ok
1052,2366711,0,1,7,_matmul_small,"(104, 1, 1)","(128, 1, 1)",step06.layer06._matmul_small.line1921/_matmul_small,fp32_simt,18944.0,l2,3428320.0,,0.0,,,zero_counted_flops
1053,2366711,0,1,7,_matmul_small_res_gate_oproj,"(128, 1, 1)","(128, 1, 1)",step06.layer06._matmul_small_res_gate_oproj.line1932/_matmul_small_res_gate_oproj,bf16_tensor,36288.0,l2,14686688.0,,268435456.0,18.2774670504337,7.397361552028218,ok
1053,2366711,0,1,7,_matmul_small_res_gate_oproj,"(128, 1, 1)","(128, 1, 1)",step06.layer06._matmul_small_res_gate_oproj.line1932/_matmul_small_res_gate_oproj,fp32_simt,36288.0,l2,14686688.0,,131072.0,0.00892454445821958,0.0036119929453262783,ok
1054,2366711,0,1,7,_adarms_norm_kernel,"(50, 1, 1)","(128, 1, 1)",step06.layer06._adarms_norm_kernel.line1945/_adarms_norm_kernel,bf16_tensor,14688.0,l2,454912.0,,0.0,,,zero_counted_flops
1054,2366711,0,1,7,_adarms_norm_kernel,"(50, 1, 1)","(128, 1, 1)",step06.layer06._adarms_norm_kernel.line1945/_adarms_norm_kernel,fp32_simt,14688.0,l2,454912.0,,358400.0,0.7878446820483962,0.024400871459694988,ok
1055,2366711,0,1,7,_matmul_small_gate,"(1, 64, 1)","(128, 1, 1)",step06.layer06._matmul_small_gate.line1954/_matmul_small_gate,bf16_tensor,79104.0,l2,23276320.0,,1073741824.0,46.13022264687889,13.57379935275081,ok
1055,2366711,0,1,7,_matmul_small_gate,"(1, 64, 1)","(128, 1, 1)",step06.layer06._matmul_small_gate.line1954/_matmul_small_gate,fp32_simt,79104.0,l2,23276320.0,,2883584.0,0.12388487527237983,0.03645307443365695,ok
1056,2366711,0,1,7,_matmul_small_res_gate_ffn_down,"(64, 1, 1)","(128, 1, 1)",step06.layer06._matmul_small_res_gate_ffn_down.line1971/_matmul_small_res_gate_ffn_down,bf16_tensor,73280.0,l2,39305696.0,,536870912.0,13.658857789975276,7.32629519650655,ok
1056,2366711,0,1,7,_matmul_small_res_gate_ffn_down,"(64, 1, 1)","(128, 1, 1)",step06.layer06._matmul_small_res_gate_ffn_down.line1971/_matmul_small_res_gate_ffn_down,fp32_simt,73280.0,l2,39305696.0,,131072.0,0.0033346820776306825,0.0017886462882096069,ok
1057,2366711,0,1,7,_adarms_norm_kernel,"(50, 1, 1)","(128, 1, 1)",step06.layer07._adarms_norm_kernel.line1854/_adarms_norm_kernel,bf16_tensor,16672.000000000004,l2,456704.0,,0.0,,,zero_counted_flops
1057,2366711,0,1,7,_adarms_norm_kernel,"(50, 1, 1)","(128, 1, 1)",step06.layer07._adarms_norm_kernel.line1854/_adarms_norm_kernel,fp32_simt,16672.000000000004,l2,456704.0,,358400.0,0.7847533632286996,0.02149712092130518,ok
1058,2366711,0,1,7,_matmul_rope_qkv,"(128, 1, 1)","(128, 1, 1)",step06.layer07._matmul_rope_qkv.line1863/_matmul_rope_qkv,bf16_tensor,34880.00000000001,l2,13813408.0,,335544320.0,24.29120460352724,9.619963302752293,ok
1058,2366711,0,1,7,_matmul_rope_qkv,"(128, 1, 1)","(128, 1, 1)",step06.layer07._matmul_rope_qkv.line1863/_matmul_rope_qkv,fp32_simt,34880.00000000001,l2,13813408.0,,442368.0,0.03202453731910329,0.012682568807339447,ok
1059,2366711,0,1,7,_matmul_abt_scale,"(91, 1, 1)","(128, 1, 1)",step06.layer07._matmul_abt_scale.line1899/_matmul_abt_scale,bf16_tensor,18528.0,l2,2861856.0,,47710208.0,16.671072199300035,2.575032815198618,ok
1059,2366711,0,1,7,_matmul_abt_scale,"(91, 1, 1)","(128, 1, 1)",step06.layer07._matmul_abt_scale.line1899/_matmul_abt_scale,fp32_simt,18528.0,l2,2861856.0,,93184.0,0.03256068788925788,0.005029360967184801,ok
1060,2366711,0,1,7,_softmax_prefix_suffix_mask_vector,"(100, 1, 1)","(128, 1, 1)",step06.layer07._softmax_prefix_suffix_mask_vector.line1911/_softmax_prefix_suffix_mask_vector,bf16_tensor,17568.000000000004,l2,565088.0,,0.0,,,zero_counted_flops
1060,2366711,0,1,7,_softmax_prefix_suffix_mask_vector,"(100, 1, 1)","(128, 1, 1)",step06.layer07._softmax_prefix_suffix_mask_vector.line1911/_softmax_prefix_suffix_mask_vector,fp32_simt,17568.000000000004,l2,565088.0,,2528000.0,4.4736395039356704,0.14389799635701273,ok
1061,2366711,0,1,7,_matmul_small,"(104, 1, 1)","(128, 1, 1)",step06.layer07._matmul_small.line1921/_matmul_small,bf16_tensor,17728.0,l2,3414400.0,,54525952.0,15.969409559512652,3.075696750902527,ok
1061,2366711,0,1,7,_matmul_small,"(104, 1, 1)","(128, 1, 1)",step06.layer07._matmul_small.line1921/_matmul_small,fp32_simt,17728.0,l2,3414400.0,,0.0,,,zero_counted_flops
1062,2366711,0,1,7,_matmul_small_res_gate_oproj,"(128, 1, 1)","(128, 1, 1)",step06.layer07._matmul_small_res_gate_oproj.line1932/_matmul_small_res_gate_oproj,bf16_tensor,39520.0,l2,14738656.0,,268435456.0,18.213021322975447,6.792395141700404,ok
1062,2366711,0,1,7,_matmul_small_res_gate_oproj,"(128, 1, 1)","(128, 1, 1)",step06.layer07._matmul_small_res_gate_oproj.line1932/_matmul_small_res_gate_oproj,fp32_simt,39520.0,l2,14738656.0,,131072.0,0.008893076817859105,0.0033165991902834005,ok
1063,2366711,0,1,7,_adarms_norm_kernel,"(50, 1, 1)","(128, 1, 1)",step06.layer07._adarms_norm_kernel.line1945/_adarms_norm_kernel,bf16_tensor,12704.0,l2,468096.0,,0.0,,,zero_counted_flops
1063,2366711,0,1,7,_adarms_norm_kernel,"(50, 1, 1)","(128, 1, 1)",step06.layer07._adarms_norm_kernel.line1945/_adarms_norm_kernel,fp32_simt,12704.0,l2,468096.0,,358400.0,0.7656549083948592,0.028211586901763223,ok
1064,2366711,0,1,7,_matmul_small_gate,"(1, 64, 1)","(128, 1, 1)",step06.layer07._matmul_small_gate.line1954/_matmul_small_gate,bf16_tensor,80256.0,l2,23329504.0,,1073741824.0,46.0250601127225,13.378960127591707,ok
1064,2366711,0,1,7,_matmul_small_gate,"(1, 64, 1)","(128, 1, 1)",step06.layer07._matmul_small_gate.line1954/_matmul_small_gate,fp32_simt,80256.0,l2,23329504.0,,2883584.0,0.12360245635740906,0.03592982456140351,ok
1065,2366711,0,1,7,_matmul_small_res_gate_ffn_down,"(64, 1, 1)","(128, 1, 1)",step06.layer07._matmul_small_res_gate_ffn_down.line1971/_matmul_small_res_gate_ffn_down,bf16_tensor,72352.0,l2,39201024.0,,536870912.0,13.69532877508506,7.420263600176913,ok
1065,2366711,0,1,7,_matmul_small_res_gate_ffn_down,"(64, 1, 1)","(128, 1, 1)",step06.layer07._matmul_small_res_gate_ffn_down.line1971/_matmul_small_res_gate_ffn_down,fp32_simt,72352.0,l2,39201024.0,,131072.0,0.0033435861267297508,0.0018115877930119416,ok
1066,2366711,0,1,7,_adarms_norm_kernel,"(50, 1, 1)","(128, 1, 1)",step06.layer08._adarms_norm_kernel.line1854/_adarms_norm_kernel,bf16_tensor,16096.0,l2,470944.0,,0.0,,,zero_counted_flops
1066,2366711,0,1,7,_adarms_norm_kernel,"(50, 1, 1)","(128, 1, 1)",step06.layer08._adarms_norm_kernel.line1854/_adarms_norm_kernel,fp32_simt,16096.0,l2,470944.0,,358400.0,0.7610246653529932,0.022266401590457258,ok
1067,2366711,0,1,7,_matmul_rope_qkv,"(128, 1, 1)","(128, 1, 1)",step06.layer08._matmul_rope_qkv.line1863/_matmul_rope_qkv,bf16_tensor,36768.00000000001,l2,13846400.0,,335544320.0,24.233325629766583,9.125987815491731,ok
1067,2366711,0,1,7,_matmul_rope_qkv,"(128, 1, 1)","(128, 1, 1)",step06.layer08._matmul_rope_qkv.line1863/_matmul_rope_qkv,fp32_simt,36768.00000000001,l2,13846400.0,,442368.0,0.03194823203143055,0.012031331592689293,ok
1068,2366711,0,1,7,_matmul_abt_scale,"(91, 1, 1)","(128, 1, 1)",step06.layer08._matmul_abt_scale.line1899/_matmul_abt_scale,bf16_tensor,18080.0,l2,2885728.0,,47710208.0,16.53316182259728,2.638838938053097,ok
1068,2366711,0,1,7,_matmul_abt_scale,"(91, 1, 1)","(128, 1, 1)",step06.layer08._matmul_abt_scale.line1899/_matmul_abt_scale,fp32_simt,18080.0,l2,2885728.0,,93184.0,0.03229133168476031,0.0051539823008849555,ok
1069,2366711,0,1,7,_softmax_prefix_suffix_mask_vector,"(100, 1, 1)","(128, 1, 1)",step06.layer08._softmax_prefix_suffix_mask_vector.line1911/_softmax_prefix_suffix_mask_vector,bf16_tensor,16800.0,l2,560896.0,,0.0,,,zero_counted_flops
1069,2366711,0,1,7,_softmax_prefix_suffix_mask_vector,"(100, 1, 1)","(128, 1, 1)",step06.layer08._softmax_prefix_suffix_mask_vector.line1911/_softmax_prefix_suffix_mask_vector,fp32_simt,16800.0,l2,560896.0,,2528000.0,4.5070743952533086,0.15047619047619046,ok
1070,2366711,0,1,7,_matmul_small,"(104, 1, 1)","(128, 1, 1)",step06.layer08._matmul_small.line1921/_matmul_small,bf16_tensor,21088.000000000004,l2,3420448.0,,54525952.0,15.941172618323682,2.585638846737481,ok
1070,2366711,0,1,7,_matmul_small,"(104, 1, 1)","(128, 1, 1)",step06.layer08._matmul_small.line1921/_matmul_small,fp32_simt,21088.000000000004,l2,3420448.0,,0.0,,,zero_counted_flops
1071,2366711,0,1,7,_matmul_small_res_gate_oproj,"(128, 1, 1)","(128, 1, 1)",step06.layer08._matmul_small_res_gate_oproj.line1932/_matmul_small_res_gate_oproj,bf16_tensor,39264.0,l2,14751424.0,,268435456.0,18.197257159715562,6.836681336593316,ok
1071,2366711,0,1,7,_matmul_small_res_gate_oproj,"(128, 1, 1)","(128, 1, 1)",step06.layer08._matmul_small_res_gate_oproj.line1932/_matmul_small_res_gate_oproj,fp32_simt,39264.0,l2,14751424.0,,131072.0,0.008885379472517364,0.0033382233088834552,ok
1072,2366711,0,1,7,_adarms_norm_kernel,"(50, 1, 1)","(128, 1, 1)",step06.layer08._adarms_norm_kernel.line1945/_adarms_norm_kernel,bf16_tensor,14400.000000000002,l2,459744.0,,0.0,,,zero_counted_flops
1072,2366711,0,1,7,_adarms_norm_kernel,"(50, 1, 1)","(128, 1, 1)",step06.layer08._adarms_norm_kernel.line1945/_adarms_norm_kernel,fp32_simt,14400.000000000002,l2,459744.0,,358400.0,0.7795642792510614,0.024888888888888884,ok
1073,2366711,0,1,7,_matmul_small_gate,"(1, 64, 1)","(128, 1, 1)",step06.layer08._matmul_small_gate.line1954/_matmul_small_gate,bf16_tensor,91936.00000000001,l2,23340544.0,,1073741824.0,46.00329041174019,11.679231465367211,ok
1073,2366711,0,1,7,_matmul_small_gate,"(1, 64, 1)","(128, 1, 1)",step06.layer08._matmul_small_gate.line1954/_matmul_small_gate,fp32_simt,91936.00000000001,l2,23340544.0,,2883584.0,0.12354399280496633,0.03136512356421858,ok
1074,2366711,0,1,7,_matmul_small_res_gate_ffn_down,"(64, 1, 1)","(128, 1, 1)",step06.layer08._matmul_small_res_gate_ffn_down.line1971/_matmul_small_res_gate_ffn_down,bf16_tensor,72256.00000000001,l2,39259360.0,,536870912.0,13.67497870571502,7.4301222320637725,ok
1074,2366711,0,1,7,_matmul_small_res_gate_ffn_down,"(64, 1, 1)","(128, 1, 1)",step06.layer08._matmul_small_res_gate_ffn_down.line1971/_matmul_small_res_gate_ffn_down,fp32_simt,72256.00000000001,l2,39259360.0,,131072.0,0.003338617848074956,0.0018139946855624445,ok
1075,2366711,0,1,7,_adarms_norm_kernel,"(50, 1, 1)","(128, 1, 1)",step06.layer09._adarms_norm_kernel.line1854/_adarms_norm_kernel,bf16_tensor,16576.000000000004,l2,448576.0,,0.0,,,zero_counted_flops
1075,2366711,0,1,7,_adarms_norm_kernel,"(50, 1, 1)","(128, 1, 1)",step06.layer09._adarms_norm_kernel.line1854/_adarms_norm_kernel,fp32_simt,16576.000000000004,l2,448576.0,,358400.0,0.7989727493222999,0.02162162162162162,ok
1076,2366711,0,1,7,_matmul_rope_qkv,"(128, 1, 1)","(128, 1, 1)",step06.layer09._matmul_rope_qkv.line1863/_matmul_rope_qkv,bf16_tensor,36512.00000000001,l2,13813504.0,,335544320.0,24.291035786430438,9.189973707274321,ok
1076,2366711,0,1,7,_matmul_rope_qkv,"(128, 1, 1)","(128, 1, 1)",step06.layer09._matmul_rope_qkv.line1863/_matmul_rope_qkv,fp32_simt,36512.00000000001,l2,13813504.0,,442368.0,0.03202431475750107,0.012115687992988606,ok
1077,2366711,0,1,7,_matmul_abt_scale,"(91, 1, 1)","(128, 1, 1)",step06.layer09._matmul_abt_scale.line1899/_matmul_abt_scale,bf16_tensor,19296.0,l2,2850752.0,,47710208.0,16.73600790247626,2.472543946932007,ok
1077,2366711,0,1,7,_matmul_abt_scale,"(91, 1, 1)","(128, 1, 1)",step06.layer09._matmul_abt_scale.line1899/_matmul_abt_scale,fp32_simt,19296.0,l2,2850752.0,,93184.0,0.032687515434523945,0.004829187396351576,ok
1078,2366711,0,1,7,_softmax_prefix_suffix_mask_vector,"(100, 1, 1)","(128, 1, 1)",step06.layer09._softmax_prefix_suffix_mask_vector.line1911/_softmax_prefix_suffix_mask_vector,bf16_tensor,16320.0,l2,560480.0,,0.0,,,zero_counted_flops
1078,2366711,0,1,7,_softmax_prefix_suffix_mask_vector,"(100, 1, 1)","(128, 1, 1)",step06.layer09._softmax_prefix_suffix_mask_vector.line1911/_softmax_prefix_suffix_mask_vector,fp32_simt,16320.0,l2,560480.0,,2528000.0,4.510419640308307,0.15490196078431373,ok
1079,2366711,0,1,7,_matmul_small,"(104, 1, 1)","(128, 1, 1)",step06.layer09._matmul_small.line1921/_matmul_small,bf16_tensor,18272.0,l2,3423008.0,,54525952.0,15.929250530527536,2.9841260945709283,ok
1079,2366711,0,1,7,_matmul_small,"(104, 1, 1)","(128, 1, 1)",step06.layer09._matmul_small.line1921/_matmul_small,fp32_simt,18272.0,l2,3423008.0,,0.0,,,zero_counted_flops
1080,2366711,0,1,7,_matmul_small_res_gate_oproj,"(128, 1, 1)","(128, 1, 1)",step06.layer09._matmul_small_res_gate_oproj.line1932/_matmul_small_res_gate_oproj,bf16_tensor,40832.00000000001,l2,14736832.0,,268435456.0,18.215275576188965,6.574144200626958,ok
1080,2366711,0,1,7,_matmul_small_res_gate_oproj,"(128, 1, 1)","(128, 1, 1)",step06.layer09._matmul_small_res_gate_oproj.line1932/_matmul_small_res_gate_oproj,fp32_simt,40832.00000000001,l2,14736832.0,,131072.0,0.008894177527436018,0.003210031347962382,ok
1081,2366711,0,1,7,_adarms_norm_kernel,"(50, 1, 1)","(128, 1, 1)",step06.layer09._adarms_norm_kernel.line1945/_adarms_norm_kernel,bf16_tensor,17600.0,l2,456832.0,,0.0,,,zero_counted_flops
1081,2366711,0,1,7,_adarms_norm_kernel,"(50, 1, 1)","(128, 1, 1)",step06.layer09._adarms_norm_kernel.line1945/_adarms_norm_kernel,fp32_simt,17600.0,l2,456832.0,,358400.0,0.7845334827682824,0.020363636363636365,ok
1082,2366711,0,1,7,_matmul_small_gate,"(1, 64, 1)","(128, 1, 1)",step06.layer09._matmul_small_gate.line1954/_matmul_small_gate,bf16_tensor,86400.0,l2,23344128.0,,1073741824.0,45.99622757380357,12.427567407407409,ok
1082,2366711,0,1,7,_matmul_small_gate,"(1, 64, 1)","(128, 1, 1)",step06.layer09._matmul_small_gate.line1954/_matmul_small_gate,fp32_simt,86400.0,l2,23344128.0,,2883584.0,0.123525025222617,0.033374814814814815,ok
1083,2366711,0,1,7,_matmul_small_res_gate_ffn_down,"(64, 1, 1)","(128, 1, 1)",step06.layer09._matmul_small_res_gate_ffn_down.line1971/_matmul_small_res_gate_ffn_down,bf16_tensor,73728.00000000001,l2,39292512.0,,536870912.0,13.663440810299937,7.281777777777776,ok
1083,2366711,0,1,7,_matmul_small_res_gate_ffn_down,"(64, 1, 1)","(128, 1, 1)",step06.layer09._matmul_small_res_gate_ffn_down.line1971/_matmul_small_res_gate_ffn_down,fp32_simt,73728.00000000001,l2,39292512.0,,131072.0,0.003335800979077133,0.0017777777777777774,ok
1084,2366711,0,1,7,_adarms_norm_kernel,"(50, 1, 1)","(128, 1, 1)",step06.layer10._adarms_norm_kernel.line1854/_adarms_norm_kernel,bf16_tensor,12096.0,l2,460320.0,,0.0,,,zero_counted_flops
1084,2366711,0,1,7,_adarms_norm_kernel,"(50, 1, 1)","(128, 1, 1)",step06.layer10._adarms_norm_kernel.line1854/_adarms_norm_kernel,fp32_simt,12096.0,l2,460320.0,,358400.0,0.7785888077858881,0.029629629629629627,ok
1085,2366711,0,1,7,_matmul_rope_qkv,"(128, 1, 1)","(128, 1, 1)",step06.layer10._matmul_rope_qkv.line1863/_matmul_rope_qkv,bf16_tensor,35616.0,l2,13761600.0,,335544320.0,24.382653179862807,9.421168014375562,ok
1085,2366711,0,1,7,_matmul_rope_qkv,"(128, 1, 1)","(128, 1, 1)",step06.layer10._matmul_rope_qkv.line1863/_matmul_rope_qkv,fp32_simt,35616.0,l2,13761600.0,,442368.0,0.03214509940704569,0.012420485175202157,ok
1086,2366711,0,1,7,_matmul_abt_scale,"(91, 1, 1)","(128, 1, 1)",step06.layer10._matmul_abt_scale.line1899/_matmul_abt_scale,bf16_tensor,15936.000000000002,l2,2838656.0,,47710208.0,16.807322902105785,2.9938634538152606,ok
1086,2366711,0,1,7,_matmul_abt_scale,"(91, 1, 1)","(128, 1, 1)",step06.layer10._matmul_abt_scale.line1899/_matmul_abt_scale,fp32_simt,15936.000000000002,l2,2838656.0,,93184.0,0.03282680254317536,0.005847389558232931,ok
1087,2366711,0,1,7,_softmax_prefix_suffix_mask_vector,"(100, 1, 1)","(128, 1, 1)",step06.layer10._softmax_prefix_suffix_mask_vector.line1911/_softmax_prefix_suffix_mask_vector,bf16_tensor,18720.0,l2,566464.0,,0.0,,,zero_counted_flops
1087,2366711,0,1,7,_softmax_prefix_suffix_mask_vector,"(100, 1, 1)","(128, 1, 1)",step06.layer10._softmax_prefix_suffix_mask_vector.line1911/_softmax_prefix_suffix_mask_vector,fp32_simt,18720.0,l2,566464.0,,2528000.0,4.462772568071404,0.13504273504273503,ok
1088,2366711,0,1,7,_matmul_small,"(104, 1, 1)","(128, 1, 1)",step06.layer10._matmul_small.line1921/_matmul_small,bf16_tensor,15936.000000000002,l2,3413280.0,,54525952.0,15.97464960390006,3.4215582329317265,ok
1088,2366711,0,1,7,_matmul_small,"(104, 1, 1)","(128, 1, 1)",step06.layer10._matmul_small.line1921/_matmul_small,fp32_simt,15936.000000000002,l2,3413280.0,,0.0,,,zero_counted_flops
1089,2366711,0,1,7,_matmul_small_res_gate_oproj,"(128, 1, 1)","(128, 1, 1)",step06.layer10._matmul_small_res_gate_oproj.line1932/_matmul_small_res_gate_oproj,bf16_tensor,39872.0,l2,14740576.0,,268435456.0,18.21064902755496,6.732430176565008,ok
1089,2366711,0,1,7,_matmul_small_res_gate_oproj,"(128, 1, 1)","(128, 1, 1)",step06.layer10._matmul_small_res_gate_oproj.line1932/_matmul_small_res_gate_oproj,fp32_simt,39872.0,l2,14740576.0,,131072.0,0.00889191847048582,0.0032873194221508827,ok
1090,2366711,0,1,7,_adarms_norm_kernel,"(50, 1, 1)","(128, 1, 1)",step06.layer10._adarms_norm_kernel.line1945/_adarms_norm_kernel,bf16_tensor,14944.000000000002,l2,474336.0,,0.0,,,zero_counted_flops
1090,2366711,0,1,7,_adarms_norm_kernel,"(50, 1, 1)","(128, 1, 1)",step06.layer10._adarms_norm_kernel.line1945/_adarms_norm_kernel,fp32_simt,14944.000000000002,l2,474336.0,,358400.0,0.7555825406462929,0.023982869379014986,ok
1091,2366711,0,1,7,_matmul_small_gate,"(1, 64, 1)","(128, 1, 1)",step06.layer10._matmul_small_gate.line1954/_matmul_small_gate,bf16_tensor,80768.00000000001,l2,23285664.0,,1073741824.0,46.11171165228529,13.294148969889063,ok
1091,2366711,0,1,7,_matmul_small_gate,"(1, 64, 1)","(128, 1, 1)",step06.layer10._matmul_small_gate.line1954/_matmul_small_gate,fp32_simt,80768.00000000001,l2,23285664.0,,2883584.0,0.12383516312869583,0.035702060221870044,ok
1092,2366711,0,1,7,_matmul_small_res_gate_ffn_down,"(64, 1, 1)","(128, 1, 1)",step06.layer10._matmul_small_res_gate_ffn_down.line1971/_matmul_small_res_gate_ffn_down,bf16_tensor,74784.00000000001,l2,39371584.0,,536870912.0,13.635999811437609,7.178954214805306,ok
1092,2366711,0,1,7,_matmul_small_res_gate_ffn_down,"(64, 1, 1)","(128, 1, 1)",step06.layer10._matmul_small_res_gate_ffn_down.line1971/_matmul_small_res_gate_ffn_down,fp32_simt,74784.00000000001,l2,39371584.0,,131072.0,0.00332910151646426,0.0017526743688489517,ok
1093,2366711,0,1,7,_adarms_norm_kernel,"(50, 1, 1)","(128, 1, 1)",step06.layer11._adarms_norm_kernel.line1854/_adarms_norm_kernel,bf16_tensor,15872.0,l2,462400.0,,0.0,,,zero_counted_flops
1093,2366711,0,1,7,_adarms_norm_kernel,"(50, 1, 1)","(128, 1, 1)",step06.layer11._adarms_norm_kernel.line1854/_adarms_norm_kernel,fp32_simt,15872.0,l2,462400.0,,358400.0,0.7750865051903114,0.02258064516129032,ok
1094,2366711,0,1,7,_matmul_rope_qkv,"(128, 1, 1)","(128, 1, 1)",step06.layer11._matmul_rope_qkv.line1863/_matmul_rope_qkv,bf16_tensor,37184.0,l2,13783840.0,,335544320.0,24.343312168452332,9.023889845094663,ok
1094,2366711,0,1,7,_matmul_rope_qkv,"(128, 1, 1)","(128, 1, 1)",step06.layer11._matmul_rope_qkv.line1863/_matmul_rope_qkv,fp32_simt,37184.0,l2,13783840.0,,442368.0,0.032093233815830714,0.011896729776247849,ok
1095,2366711,0,1,7,_matmul_abt_scale,"(91, 1, 1)","(128, 1, 1)",step06.layer11._matmul_abt_scale.line1899/_matmul_abt_scale,bf16_tensor,16512.0,l2,2871360.0,,47710208.0,16.615892120806866,2.889426356589147,ok
1095,2366711,0,1,7,_matmul_abt_scale,"(91, 1, 1)","(128, 1, 1)",step06.layer11._matmul_abt_scale.line1899/_matmul_abt_scale,fp32_simt,16512.0,l2,2871360.0,,93184.0,0.03245291429845091,0.005643410852713178,ok
1096,2366711,0,1,7,_softmax_prefix_suffix_mask_vector,"(100, 1, 1)","(128, 1, 1)",step06.layer11._softmax_prefix_suffix_mask_vector.line1911/_softmax_prefix_suffix_mask_vector,bf16_tensor,19040.0,l2,566784.0,,0.0,,,zero_counted_flops
1096,2366711,0,1,7,_softmax_prefix_suffix_mask_vector,"(100, 1, 1)","(128, 1, 1)",step06.layer11._softmax_prefix_suffix_mask_vector.line1911/_softmax_prefix_suffix_mask_vector,fp32_simt,19040.0,l2,566784.0,,2528000.0,4.460252935862692,0.13277310924369748,ok
1097,2366711,0,1,7,_matmul_small,"(104, 1, 1)","(128, 1, 1)",step06.layer11._matmul_small.line1921/_matmul_small,bf16_tensor,18816.0,l2,3419712.0,,54525952.0,15.944603522167949,2.897850340136054,ok
1097,2366711,0,1,7,_matmul_small,"(104, 1, 1)","(128, 1, 1)",step06.layer11._matmul_small.line1921/_matmul_small,fp32_simt,18816.0,l2,3419712.0,,0.0,,,zero_counted_flops
1098,2366711,0,1,7,_matmul_small_res_gate_oproj,"(128, 1, 1)","(128, 1, 1)",step06.layer11._matmul_small_res_gate_oproj.line1932/_matmul_small_res_gate_oproj,bf16_tensor,44224.0,l2,14751968.0,,268435456.0,18.196586109731257,6.069904486251809,ok
1098,2366711,0,1,7,_matmul_small_res_gate_oproj,"(128, 1, 1)","(128, 1, 1)",step06.layer11._matmul_small_res_gate_oproj.line1932/_matmul_small_res_gate_oproj,fp32_simt,44224.0,l2,14751968.0,,131072.0,0.008885051811392215,0.002963820549927641,ok
1099,2366711,0,1,7,_adarms_norm_kernel,"(50, 1, 1)","(128, 1, 1)",step06.layer11._adarms_norm_kernel.line1945/_adarms_norm_kernel,bf16_tensor,17376.0,l2,456960.0,,0.0,,,zero_counted_flops
1099,2366711,0,1,7,_adarms_norm_kernel,"(50, 1, 1)","(128, 1, 1)",step06.layer11._adarms_norm_kernel.line1945/_adarms_norm_kernel,fp32_simt,17376.0,l2,456960.0,,358400.0,0.7843137254901961,0.020626151012891343,ok
1100,2366711,0,1,7,_matmul_small_gate,"(1, 64, 1)","(128, 1, 1)",step06.layer11._matmul_small_gate.line1954/_matmul_small_gate,bf16_tensor,87552.0,l2,23346912.0,,1073741824.0,45.990742758614076,12.26404678362573,ok
1100,2366711,0,1,7,_matmul_small_gate,"(1, 64, 1)","(128, 1, 1)",step06.layer11._matmul_small_gate.line1954/_matmul_small_gate,fp32_simt,87552.0,l2,23346912.0,,2883584.0,0.1235102954943249,0.03293567251461988,ok
1101,2366711,0,1,7,_matmul_small_res_gate_ffn_down,"(64, 1, 1)","(128, 1, 1)",step06.layer11._matmul_small_res_gate_ffn_down.line1971/_matmul_small_res_gate_ffn_down,bf16_tensor,74688.0,l2,39423808.0,,536870912.0,13.617936450989209,7.188181662382177,ok
1101,2366711,0,1,7,_matmul_small_res_gate_ffn_down,"(64, 1, 1)","(128, 1, 1)",step06.layer11._matmul_small_res_gate_ffn_down.line1971/_matmul_small_res_gate_ffn_down,fp32_simt,74688.0,l2,39423808.0,,131072.0,0.0033246915163547873,0.0017549271636675236,ok
1102,2366711,0,1,7,_adarms_norm_kernel,"(50, 1, 1)","(128, 1, 1)",step06.layer12._adarms_norm_kernel.line1854/_adarms_norm_kernel,bf16_tensor,13536.0,l2,458272.0,,0.0,,,zero_counted_flops
1102,2366711,0,1,7,_adarms_norm_kernel,"(50, 1, 1)","(128, 1, 1)",step06.layer12._adarms_norm_kernel.line1854/_adarms_norm_kernel,fp32_simt,13536.0,l2,458272.0,,358400.0,0.7820682913204385,0.02647754137115839,ok
1103,2366711,0,1,7,_matmul_rope_qkv,"(128, 1, 1)","(128, 1, 1)",step06.layer12._matmul_rope_qkv.line1863/_matmul_rope_qkv,bf16_tensor,37632.0,l2,13841184.0,,335544320.0,24.242457870656153,8.916462585034013,ok
1103,2366711,0,1,7,_matmul_rope_qkv,"(128, 1, 1)","(128, 1, 1)",step06.layer12._matmul_rope_qkv.line1863/_matmul_rope_qkv,fp32_simt,37632.0,l2,13841184.0,,442368.0,0.03196027160682208,0.011755102040816326,ok
1104,2366711,0,1,7,_matmul_abt_scale,"(91, 1, 1)","(128, 1, 1)",step06.layer12._matmul_abt_scale.line1899/_matmul_abt_scale,bf16_tensor,19104.000000000004,l2,2851168.0,,47710208.0,16.733566033288813,2.4973936348408707,ok
1104,2366711,0,1,7,_matmul_abt_scale,"(91, 1, 1)","(128, 1, 1)",step06.layer12._matmul_abt_scale.line1899/_matmul_abt_scale,fp32_simt,19104.000000000004,l2,2851168.0,,93184.0,0.03268274615876721,0.004877721943048576,ok
1105,2366711,0,1,7,_softmax_prefix_suffix_mask_vector,"(100, 1, 1)","(128, 1, 1)",step06.layer12._softmax_prefix_suffix_mask_vector.line1911/_softmax_prefix_suffix_mask_vector,bf16_tensor,18112.000000000004,l2,564992.0,,0.0,,,zero_counted_flops
1105,2366711,0,1,7,_softmax_prefix_suffix_mask_vector,"(100, 1, 1)","(128, 1, 1)",step06.layer12._softmax_prefix_suffix_mask_vector.line1911/_softmax_prefix_suffix_mask_vector,fp32_simt,18112.000000000004,l2,564992.0,,2528000.0,4.474399637516991,0.13957597173144876,ok
1106,2366711,0,1,7,_matmul_small,"(104, 1, 1)","(128, 1, 1)",step06.layer12._matmul_small.line1921/_matmul_small,bf16_tensor,18720.0,l2,3432064.0,,54525952.0,15.887218886361094,2.912711111111111,ok
1106,2366711,0,1,7,_matmul_small,"(104, 1, 1)","(128, 1, 1)",step06.layer12._matmul_small.line1921/_matmul_small,fp32_simt,18720.0,l2,3432064.0,,0.0,,,zero_counted_flops
1107,2366711,0,1,7,_matmul_small_res_gate_oproj,"(128, 1, 1)","(128, 1, 1)",step06.layer12._matmul_small_res_gate_oproj.line1932/_matmul_small_res_gate_oproj,bf16_tensor,39680.0,l2,14640768.0,,268435456.0,18.33479336603107,6.765006451612903,ok
1107,2366711,0,1,7,_matmul_small_res_gate_oproj,"(128, 1, 1)","(128, 1, 1)",step06.layer12._matmul_small_res_gate_oproj.line1932/_matmul_small_res_gate_oproj,fp32_simt,39680.0,l2,14640768.0,,131072.0,0.00895253582325736,0.003303225806451613,ok
1108,2366711,0,1,7,_adarms_norm_kernel,"(50, 1, 1)","(128, 1, 1)",step06.layer12._adarms_norm_kernel.line1945/_adarms_norm_kernel,bf16_tensor,14752.0,l2,465056.0,,0.0,,,zero_counted_flops
1108,2366711,0,1,7,_adarms_norm_kernel,"(50, 1, 1)","(128, 1, 1)",step06.layer12._adarms_norm_kernel.line1945/_adarms_norm_kernel,fp32_simt,14752.0,l2,465056.0,,358400.0,0.7706598775201267,0.024295010845986984,ok
1109,2366711,0,1,7,_matmul_small_gate,"(1, 64, 1)","(128, 1, 1)",step06.layer12._matmul_small_gate.line1954/_matmul_small_gate,bf16_tensor,79392.0,l2,23310944.0,,1073741824.0,46.06170492280364,13.524559451833937,ok
1109,2366711,0,1,7,_matmul_small_gate,"(1, 64, 1)","(128, 1, 1)",step06.layer12._matmul_small_gate.line1954/_matmul_small_gate,fp32_simt,79392.0,l2,23310944.0,,2883584.0,0.12370086771260744,0.036320838371624344,ok
1110,2366711,0,1,7,_matmul_small_res_gate_ffn_down,"(64, 1, 1)","(128, 1, 1)",step06.layer12._matmul_small_res_gate_ffn_down.line1971/_matmul_small_res_gate_ffn_down,bf16_tensor,75936.0,l2,39301632.0,,536870912.0,13.660270189288832,7.070044669195111,ok
1110,2366711,0,1,7,_matmul_small_res_gate_ffn_down,"(64, 1, 1)","(128, 1, 1)",step06.layer12._matmul_small_res_gate_ffn_down.line1971/_matmul_small_res_gate_ffn_down,fp32_simt,75936.0,l2,39301632.0,,131072.0,0.003335026901681844,0.0017260851243152127,ok
1111,2366711,0,1,7,_adarms_norm_kernel,"(50, 1, 1)","(128, 1, 1)",step06.layer13._adarms_norm_kernel.line1854/_adarms_norm_kernel,bf16_tensor,17152.0,l2,460544.0,,0.0,,,zero_counted_flops
1111,2366711,0,1,7,_adarms_norm_kernel,"(50, 1, 1)","(128, 1, 1)",step06.layer13._adarms_norm_kernel.line1854/_adarms_norm_kernel,fp32_simt,17152.0,l2,460544.0,,358400.0,0.7782101167315175,0.0208955223880597,ok
1112,2366711,0,1,7,_matmul_rope_qkv,"(128, 1, 1)","(128, 1, 1)",step06.layer13._matmul_rope_qkv.line1863/_matmul_rope_qkv,bf16_tensor,36128.00000000001,l2,13814432.0,,335544320.0,24.289404008793124,9.287652790079715,ok
1112,2366711,0,1,7,_matmul_rope_qkv,"(128, 1, 1)","(128, 1, 1)",step06.layer13._matmul_rope_qkv.line1863/_matmul_rope_qkv,fp32_simt,36128.00000000001,l2,13814432.0,,442368.0,0.032022163488154995,0.0122444641275465,ok
1113,2366711,0,1,7,_matmul_abt_scale,"(91, 1, 1)","(128, 1, 1)",step06.layer13._matmul_abt_scale.line1899/_matmul_abt_scale,bf16_tensor,18304.0,l2,2869472.0,,47710208.0,16.626824725942612,2.6065454545454547,ok
1113,2366711,0,1,7,_matmul_abt_scale,"(91, 1, 1)","(128, 1, 1)",step06.layer13._matmul_abt_scale.line1899/_matmul_abt_scale,fp32_simt,18304.0,l2,2869472.0,,93184.0,0.032474267042856664,0.005090909090909091,ok
1114,2366711,0,1,7,_softmax_prefix_suffix_mask_vector,"(100, 1, 1)","(128, 1, 1)",step06.layer13._softmax_prefix_suffix_mask_vector.line1911/_softmax_prefix_suffix_mask_vector,bf16_tensor,18592.0,l2,566720.0,,0.0,,,zero_counted_flops
1114,2366711,0,1,7,_softmax_prefix_suffix_mask_vector,"(100, 1, 1)","(128, 1, 1)",step06.layer13._softmax_prefix_suffix_mask_vector.line1911/_softmax_prefix_suffix_mask_vector,fp32_simt,18592.0,l2,566720.0,,2528000.0,4.4607566346696785,0.13597246127366608,ok
1115,2366711,0,1,7,_matmul_small,"(104, 1, 1)","(128, 1, 1)",step06.layer13._matmul_small.line1921/_matmul_small,bf16_tensor,18496.0,l2,3415552.0,,54525952.0,15.96402338479988,2.94798615916955,ok
1115,2366711,0,1,7,_matmul_small,"(104, 1, 1)","(128, 1, 1)",step06.layer13._matmul_small.line1921/_matmul_small,fp32_simt,18496.0,l2,3415552.0,,0.0,,,zero_counted_flops
1116,2366711,0,1,7,_matmul_small_res_gate_oproj,"(128, 1, 1)","(128, 1, 1)",step06.layer13._matmul_small_res_gate_oproj.line1932/_matmul_small_res_gate_oproj,bf16_tensor,39008.0,l2,14726720.0,,268435456.0,18.22778296864475,6.8815488105004095,ok
1116,2366711,0,1,7,_matmul_small_res_gate_oproj,"(128, 1, 1)","(128, 1, 1)",step06.layer13._matmul_small_res_gate_oproj.line1932/_matmul_small_res_gate_oproj,fp32_simt,39008.0,l2,14726720.0,,131072.0,0.00890028465265857,0.003360131255127153,ok
1117,2366711,0,1,7,_adarms_norm_kernel,"(50, 1, 1)","(128, 1, 1)",step06.layer13._adarms_norm_kernel.line1945/_adarms_norm_kernel,bf16_tensor,15776.0,l2,471392.0,,0.0,,,zero_counted_flops
1117,2366711,0,1,7,_adarms_norm_kernel,"(50, 1, 1)","(128, 1, 1)",step06.layer13._adarms_norm_kernel.line1945/_adarms_norm_kernel,fp32_simt,15776.0,l2,471392.0,,358400.0,0.7603014051999185,0.022718052738336717,ok
1118,2366711,0,1,7,_matmul_small_gate,"(1, 64, 1)","(128, 1, 1)",step06.layer13._matmul_small_gate.line1954/_matmul_small_gate,bf16_tensor,78720.0,l2,23330336.0,,1073741824.0,46.02341877973811,13.64001300813008,ok
1118,2366711,0,1,7,_matmul_small_gate,"(1, 64, 1)","(128, 1, 1)",step06.layer13._matmul_small_gate.line1954/_matmul_small_gate,fp32_simt,78720.0,l2,23330336.0,,2883584.0,0.12359804848074199,0.036630894308943084,ok
1119,2366711,0,1,7,_matmul_small_res_gate_ffn_down,"(64, 1, 1)","(128, 1, 1)",step06.layer13._matmul_small_res_gate_ffn_down.line1971/_matmul_small_res_gate_ffn_down,bf16_tensor,74752.0,l2,39439360.0,,536870912.0,13.612566532519798,7.182027397260273,ok
1119,2366711,0,1,7,_matmul_small_res_gate_ffn_down,"(64, 1, 1)","(128, 1, 1)",step06.layer13._matmul_small_res_gate_ffn_down.line1971/_matmul_small_res_gate_ffn_down,fp32_simt,74752.0,l2,39439360.0,,131072.0,0.0033233805011034664,0.0017534246575342464,ok
1120,2366711,0,1,7,_adarms_norm_kernel,"(50, 1, 1)","(128, 1, 1)",step06.layer14._adarms_norm_kernel.line1854/_adarms_norm_kernel,bf16_tensor,16256.000000000002,l2,456640.0,,0.0,,,zero_counted_flops
1120,2366711,0,1,7,_adarms_norm_kernel,"(50, 1, 1)","(128, 1, 1)",step06.layer14._adarms_norm_kernel.line1854/_adarms_norm_kernel,fp32_simt,16256.000000000002,l2,456640.0,,358400.0,0.7848633496846531,0.022047244094488185,ok
1121,2366711,0,1,7,_matmul_rope_qkv,"(128, 1, 1)","(128, 1, 1)",step06.layer14._matmul_rope_qkv.line1863/_matmul_rope_qkv,bf16_tensor,36256.0,l2,13786784.0,,335544320.0,24.338113950287465,9.25486319505737,ok
1121,2366711,0,1,7,_matmul_rope_qkv,"(128, 1, 1)","(128, 1, 1)",step06.layer14._matmul_rope_qkv.line1863/_matmul_rope_qkv,fp32_simt,36256.0,l2,13786784.0,,442368.0,0.032086380696179764,0.012201235657546336,ok
1122,2366711,0,1,7,_matmul_abt_scale,"(91, 1, 1)","(128, 1, 1)",step06.layer14._matmul_abt_scale.line1899/_matmul_abt_scale,bf16_tensor,15392.000000000002,l2,2830880.0,,47710208.0,16.853490080822926,3.0996756756756754,ok
1122,2366711,0,1,7,_matmul_abt_scale,"(91, 1, 1)","(128, 1, 1)",step06.layer14._matmul_abt_scale.line1899/_matmul_abt_scale,fp32_simt,15392.000000000002,l2,2830880.0,,93184.0,0.03291697281410728,0.0060540540540540535,ok
1123,2366711,0,1,7,_softmax_prefix_suffix_mask_vector,"(100, 1, 1)","(128, 1, 1)",step06.layer14._softmax_prefix_suffix_mask_vector.line1911/_softmax_prefix_suffix_mask_vector,bf16_tensor,11808.000000000002,l2,554912.0,,0.0,,,zero_counted_flops
1123,2366711,0,1,7,_softmax_prefix_suffix_mask_vector,"(100, 1, 1)","(128, 1, 1)",step06.layer14._softmax_prefix_suffix_mask_vector.line1911/_softmax_prefix_suffix_mask_vector,fp32_simt,11808.000000000002,l2,554912.0,,2528000.0,4.555677296580359,0.21409214092140919,ok
1124,2366711,0,1,7,_matmul_small,"(104, 1, 1)","(128, 1, 1)",step06.layer14._matmul_small.line1921/_matmul_small,bf16_tensor,17920.0,l2,3429952.0,,54525952.0,15.897001474073107,3.0427428571428567,ok
1124,2366711,0,1,7,_matmul_small,"(104, 1, 1)","(128, 1, 1)",step06.layer14._matmul_small.line1921/_matmul_small,fp32_simt,17920.0,l2,3429952.0,,0.0,,,zero_counted_flops
1125,2366711,0,1,7,_matmul_small_res_gate_oproj,"(128, 1, 1)","(128, 1, 1)",step06.layer14._matmul_small_res_gate_oproj.line1932/_matmul_small_res_gate_oproj,bf16_tensor,38496.00000000001,l2,14702496.0,,268435456.0,18.25781527163823,6.973073981712385,ok
1125,2366711,0,1,7,_matmul_small_res_gate_oproj,"(128, 1, 1)","(128, 1, 1)",step06.layer14._matmul_small_res_gate_oproj.line1932/_matmul_small_res_gate_oproj,fp32_simt,38496.00000000001,l2,14702496.0,,131072.0,0.008914948863104604,0.0034048212801330003,ok
1126,2366711,0,1,7,_adarms_norm_kernel,"(50, 1, 1)","(128, 1, 1)",step06.layer14._adarms_norm_kernel.line1945/_adarms_norm_kernel,bf16_tensor,16096.0,l2,460640.0,,0.0,,,zero_counted_flops
1126,2366711,0,1,7,_adarms_norm_kernel,"(50, 1, 1)","(128, 1, 1)",step06.layer14._adarms_norm_kernel.line1945/_adarms_norm_kernel,fp32_simt,16096.0,l2,460640.0,,358400.0,0.7780479333101772,0.022266401590457258,ok
1127,2366711,0,1,7,_matmul_small_gate,"(1, 64, 1)","(128, 1, 1)",step06.layer14._matmul_small_gate.line1954/_matmul_small_gate,bf16_tensor,80000.0,l2,23304224.0,,1073741824.0,46.074987264111435,13.421772799999998,ok
1127,2366711,0,1,7,_matmul_small_gate,"(1, 64, 1)","(128, 1, 1)",step06.layer14._matmul_small_gate.line1954/_matmul_small_gate,fp32_simt,80000.0,l2,23304224.0,,2883584.0,0.12373653806279926,0.0360448,ok
1128,2366711,0,1,7,_matmul_small_res_gate_ffn_down,"(64, 1, 1)","(128, 1, 1)",step06.layer14._matmul_small_res_gate_ffn_down.line1971/_matmul_small_res_gate_ffn_down,bf16_tensor,76064.00000000001,l2,39311520.0,,536870912.0,13.656834230780188,7.058147244425746,ok
1128,2366711,0,1,7,_matmul_small_res_gate_ffn_down,"(64, 1, 1)","(128, 1, 1)",step06.layer14._matmul_small_res_gate_ffn_down.line1971/_matmul_small_res_gate_ffn_down,fp32_simt,76064.00000000001,l2,39311520.0,,131072.0,0.0033341880446240693,0.0017231804795961295,ok
1129,2366711,0,1,7,_adarms_norm_kernel,"(50, 1, 1)","(128, 1, 1)",step06.layer15._adarms_norm_kernel.line1854/_adarms_norm_kernel,bf16_tensor,16288.0,l2,460096.0,,0.0,,,zero_counted_flops
1129,2366711,0,1,7,_adarms_norm_kernel,"(50, 1, 1)","(128, 1, 1)",step06.layer15._adarms_norm_kernel.line1854/_adarms_norm_kernel,fp32_simt,16288.0,l2,460096.0,,358400.0,0.7789678675754625,0.02200392927308448,ok
1130,2366711,0,1,7,_matmul_rope_qkv,"(128, 1, 1)","(128, 1, 1)",step06.layer15._matmul_rope_qkv.line1863/_matmul_rope_qkv,bf16_tensor,36544.0,l2,13782112.0,,335544320.0,24.346364330807933,9.181926444833625,ok
1130,2366711,0,1,7,_matmul_rope_qkv,"(128, 1, 1)","(128, 1, 1)",step06.layer15._matmul_rope_qkv.line1863/_matmul_rope_qkv,fp32_simt,36544.0,l2,13782112.0,,442368.0,0.03209725766268624,0.01210507880910683,ok
1131,2366711,0,1,7,_matmul_abt_scale,"(91, 1, 1)","(128, 1, 1)",step06.layer15._matmul_abt_scale.line1899/_matmul_abt_scale,bf16_tensor,16288.0,l2,2839680.0,,47710208.0,16.80126211404102,2.929163064833006,ok
1131,2366711,0,1,7,_matmul_abt_scale,"(91, 1, 1)","(128, 1, 1)",step06.layer15._matmul_abt_scale.line1899/_matmul_abt_scale,fp32_simt,16288.0,l2,2839680.0,,93184.0,0.032814965066486367,0.005721021611001965,ok
1132,2366711,0,1,7,_softmax_prefix_suffix_mask_vector,"(100, 1, 1)","(128, 1, 1)",step06.layer15._softmax_prefix_suffix_mask_vector.line1911/_softmax_prefix_suffix_mask_vector,bf16_tensor,18240.0,l2,566912.0,,0.0,,,zero_counted_flops
1132,2366711,0,1,7,_softmax_prefix_suffix_mask_vector,"(100, 1, 1)","(128, 1, 1)",step06.layer15._softmax_prefix_suffix_mask_vector.line1911/_softmax_prefix_suffix_mask_vector,fp32_simt,18240.0,l2,566912.0,,2528000.0,4.459245879431023,0.13859649122807016,ok
1133,2366711,0,1,7,_matmul_small,"(104, 1, 1)","(128, 1, 1)",step06.layer15._matmul_small.line1921/_matmul_small,bf16_tensor,19424.000000000004,l2,3416992.0,,54525952.0,15.95729577359268,2.8071433278418447,ok
1133,2366711,0,1,7,_matmul_small,"(104, 1, 1)","(128, 1, 1)",step06.layer15._matmul_small.line1921/_matmul_small,fp32_simt,19424.000000000004,l2,3416992.0,,0.0,,,zero_counted_flops
1134,2366711,0,1,7,_matmul_small_res_gate_oproj,"(128, 1, 1)","(128, 1, 1)",step06.layer15._matmul_small_res_gate_oproj.line1932/_matmul_small_res_gate_oproj,bf16_tensor,42112.0,l2,14678880.0,,268435456.0,18.28718921334598,6.374322188449848,ok
1134,2366711,0,1,7,_matmul_small_res_gate_oproj,"(128, 1, 1)","(128, 1, 1)",step06.layer15._matmul_small_res_gate_oproj.line1932/_matmul_small_res_gate_oproj,fp32_simt,42112.0,l2,14678880.0,,131072.0,0.008929291608079091,0.0031124620060790273,ok
1135,2366711,0,1,7,_adarms_norm_kernel,"(50, 1, 1)","(128, 1, 1)",step06.layer15._adarms_norm_kernel.line1945/_adarms_norm_kernel,bf16_tensor,16096.0,l2,467872.0,,0.0,,,zero_counted_flops
1135,2366711,0,1,7,_adarms_norm_kernel,"(50, 1, 1)","(128, 1, 1)",step06.layer15._adarms_norm_kernel.line1945/_adarms_norm_kernel,fp32_simt,16096.0,l2,467872.0,,358400.0,0.7660214759592368,0.022266401590457258,ok
1136,2366711,0,1,7,_matmul_small_gate,"(1, 64, 1)","(128, 1, 1)",step06.layer15._matmul_small_gate.line1954/_matmul_small_gate,bf16_tensor,87200.0,l2,23349792.0,,1073741824.0,45.98507018820553,12.313553027522936,ok
1136,2366711,0,1,7,_matmul_small_gate,"(1, 64, 1)","(128, 1, 1)",step06.layer15._matmul_small_gate.line1954/_matmul_small_gate,fp32_simt,87200.0,l2,23349792.0,,2883584.0,0.12349506154059102,0.03306862385321101,ok
1137,2366711,0,1,7,_matmul_small_res_gate_ffn_down,"(64, 1, 1)","(128, 1, 1)",step06.layer15._matmul_small_res_gate_ffn_down.line1971/_matmul_small_res_gate_ffn_down,bf16_tensor,75136.0,l2,39271008.0,,536870912.0,13.670922630761094,7.145321976149914,ok
1137,2366711,0,1,7,_matmul_small_res_gate_ffn_down,"(64, 1, 1)","(128, 1, 1)",step06.layer15._matmul_small_res_gate_ffn_down.line1971/_matmul_small_res_gate_ffn_down,fp32_simt,75136.0,l2,39271008.0,,131072.0,0.0033376275954006577,0.001744463373083475,ok
1138,2366711,0,1,7,_adarms_norm_kernel,"(50, 1, 1)","(128, 1, 1)",step06.layer16._adarms_norm_kernel.line1854/_adarms_norm_kernel,bf16_tensor,17088.0,l2,460800.0,,0.0,,,zero_counted_flops
1138,2366711,0,1,7,_adarms_norm_kernel,"(50, 1, 1)","(128, 1, 1)",step06.layer16._adarms_norm_kernel.line1854/_adarms_norm_kernel,fp32_simt,17088.0,l2,460800.0,,358400.0,0.7777777777777778,0.02097378277153558,ok
1139,2366711,0,1,7,_matmul_rope_qkv,"(128, 1, 1)","(128, 1, 1)",step06.layer16._matmul_rope_qkv.line1863/_matmul_rope_qkv,bf16_tensor,35808.0,l2,13773312.0,,335544320.0,24.361919631240475,9.370652368185882,ok
1139,2366711,0,1,7,_matmul_rope_qkv,"(128, 1, 1)","(128, 1, 1)",step06.layer16._matmul_rope_qkv.line1863/_matmul_rope_qkv,fp32_simt,35808.0,l2,13773312.0,,442368.0,0.03211776513884242,0.012353887399463807,ok
1140,2366711,0,1,7,_matmul_abt_scale,"(91, 1, 1)","(128, 1, 1)",step06.layer16._matmul_abt_scale.line1899/_matmul_abt_scale,bf16_tensor,17664.000000000004,l2,2834528.0,,47710208.0,16.83179986226984,2.7009855072463766,ok
1140,2366711,0,1,7,_matmul_abt_scale,"(91, 1, 1)","(128, 1, 1)",step06.layer16._matmul_abt_scale.line1899/_matmul_abt_scale,fp32_simt,17664.000000000004,l2,2834528.0,,93184.0,0.03287460910599578,0.005275362318840579,ok
1141,2366711,0,1,7,_softmax_prefix_suffix_mask_vector,"(100, 1, 1)","(128, 1, 1)",step06.layer16._softmax_prefix_suffix_mask_vector.line1911/_softmax_prefix_suffix_mask_vector,bf16_tensor,18656.000000000004,l2,566848.0,,0.0,,,zero_counted_flops
1141,2366711,0,1,7,_softmax_prefix_suffix_mask_vector,"(100, 1, 1)","(128, 1, 1)",step06.layer16._softmax_prefix_suffix_mask_vector.line1911/_softmax_prefix_suffix_mask_vector,fp32_simt,18656.000000000004,l2,566848.0,,2528000.0,4.45974935079598,0.13550600343053174,ok
1142,2366711,0,1,7,_matmul_small,"(104, 1, 1)","(128, 1, 1)",step06.layer16._matmul_small.line1921/_matmul_small,bf16_tensor,16288.0,l2,3422368.0,,54525952.0,15.932229380358862,3.347614931237721,ok
1142,2366711,0,1,7,_matmul_small,"(104, 1, 1)","(128, 1, 1)",step06.layer16._matmul_small.line1921/_matmul_small,fp32_simt,16288.0,l2,3422368.0,,0.0,,,zero_counted_flops
1143,2366711,0,1,7,_matmul_small_res_gate_oproj,"(128, 1, 1)","(128, 1, 1)",step06.layer16._matmul_small_res_gate_oproj.line1932/_matmul_small_res_gate_oproj,bf16_tensor,38208.00000000001,l2,14683072.0,,268435456.0,18.281968242068146,7.025634840871022,ok
1143,2366711,0,1,7,_matmul_small_res_gate_oproj,"(128, 1, 1)","(128, 1, 1)",step06.layer16._matmul_small_res_gate_oproj.line1932/_matmul_small_res_gate_oproj,fp32_simt,38208.00000000001,l2,14683072.0,,131072.0,0.008926742305697337,0.0034304857621440536,ok
1144,2366711,0,1,7,_adarms_norm_kernel,"(50, 1, 1)","(128, 1, 1)",step06.layer16._adarms_norm_kernel.line1945/_adarms_norm_kernel,bf16_tensor,13888.000000000002,l2,467136.0,,0.0,,,zero_counted_flops
1144,2366711,0,1,7,_adarms_norm_kernel,"(50, 1, 1)","(128, 1, 1)",step06.layer16._adarms_norm_kernel.line1945/_adarms_norm_kernel,fp32_simt,13888.000000000002,l2,467136.0,,358400.0,0.7672283874503356,0.025806451612903222,ok
1145,2366711,0,1,7,_matmul_small_gate,"(1, 64, 1)","(128, 1, 1)",step06.layer16._matmul_small_gate.line1954/_matmul_small_gate,bf16_tensor,79904.0,l2,23346016.0,,1073741824.0,45.99250784373659,13.43789827793352,ok
1145,2366711,0,1,7,_matmul_small_gate,"(1, 64, 1)","(128, 1, 1)",step06.layer16._matmul_small_gate.line1954/_matmul_small_gate,fp32_simt,79904.0,l2,23346016.0,,2883584.0,0.12351503571315979,0.036088105726872245,ok
1146,2366711,0,1,7,_matmul_small_res_gate_ffn_down,"(64, 1, 1)","(128, 1, 1)",step06.layer16._matmul_small_res_gate_ffn_down.line1971/_matmul_small_res_gate_ffn_down,bf16_tensor,74592.0,l2,39418240.0,,536870912.0,13.61986004448702,7.19743286143286,ok
1146,2366711,0,1,7,_matmul_small_res_gate_ffn_down,"(64, 1, 1)","(128, 1, 1)",step06.layer16._matmul_small_res_gate_ffn_down.line1971/_matmul_small_res_gate_ffn_down,fp32_simt,74592.0,l2,39418240.0,,131072.0,0.0033251611436735887,0.0017571857571857569,ok
1147,2366711,0,1,7,_adarms_norm_kernel,"(50, 1, 1)","(128, 1, 1)",step06.layer17._adarms_norm_kernel.line1854/_adarms_norm_kernel,bf16_tensor,16160.000000000002,l2,453184.0,,0.0,,,zero_counted_flops
1147,2366711,0,1,7,_adarms_norm_kernel,"(50, 1, 1)","(128, 1, 1)",step06.layer17._adarms_norm_kernel.line1854/_adarms_norm_kernel,fp32_simt,16160.000000000002,l2,453184.0,,358400.0,0.7908487501765288,0.022178217821782177,ok
1148,2366711,0,1,7,_matmul_rope_qkv,"(128, 1, 1)","(128, 1, 1)",step06.layer17._matmul_rope_qkv.line1863/_matmul_rope_qkv,bf16_tensor,37632.0,l2,13833888.0,,335544320.0,24.255243356025435,8.916462585034013,ok
1148,2366711,0,1,7,_matmul_rope_qkv,"(128, 1, 1)","(128, 1, 1)",step06.layer17._matmul_rope_qkv.line1863/_matmul_rope_qkv,fp32_simt,37632.0,l2,13833888.0,,442368.0,0.03197712747132259,0.011755102040816326,ok
1149,2366711,0,1,7,_matmul_abt_scale,"(91, 1, 1)","(128, 1, 1)",step06.layer17._matmul_abt_scale.line1899/_matmul_abt_scale,bf16_tensor,16288.0,l2,2831648.0,,47710208.0,16.84891907468725,2.929163064833006,ok
1149,2366711,0,1,7,_matmul_abt_scale,"(91, 1, 1)","(128, 1, 1)",step06.layer17._matmul_abt_scale.line1899/_matmul_abt_scale,fp32_simt,16288.0,l2,2831648.0,,93184.0,0.03290804506774853,0.005721021611001965,ok
1150,2366711,0,1,7,_softmax_prefix_suffix_mask_vector,"(100, 1, 1)","(128, 1, 1)",step06.layer17._softmax_prefix_suffix_mask_vector.line1911/_softmax_prefix_suffix_mask_vector,bf16_tensor,17184.0,l2,560576.0,,0.0,,,zero_counted_flops
1150,2366711,0,1,7,_softmax_prefix_suffix_mask_vector,"(100, 1, 1)","(128, 1, 1)",step06.layer17._softmax_prefix_suffix_mask_vector.line1911/_softmax_prefix_suffix_mask_vector,fp32_simt,17184.0,l2,560576.0,,2528000.0,4.509647220002283,0.14711359404096835,ok
1151,2366711,0,1,7,_matmul_small,"(104, 1, 1)","(128, 1, 1)",step06.layer17._matmul_small.line1921/_matmul_small,bf16_tensor,18144.0,l2,3427488.0,,54525952.0,15.908429730461492,3.0051781305114638,ok
1151,2366711,0,1,7,_matmul_small,"(104, 1, 1)","(128, 1, 1)",step06.layer17._matmul_small.line1921/_matmul_small,fp32_simt,18144.0,l2,3427488.0,,0.0,,,zero_counted_flops
1152,2366711,0,1,7,_matmul_small_res_gate_oproj,"(128, 1, 1)","(128, 1, 1)",step06.layer17._matmul_small_res_gate_oproj.line1932/_matmul_small_res_gate_oproj,bf16_tensor,42304.0,l2,14688480.0,,268435456.0,18.275237192684337,6.345391830559758,ok
1152,2366711,0,1,7,_matmul_small_res_gate_oproj,"(128, 1, 1)","(128, 1, 1)",step06.layer17._matmul_small_res_gate_oproj.line1932/_matmul_small_res_gate_oproj,fp32_simt,42304.0,l2,14688480.0,,131072.0,0.008923455660490399,0.003098335854765507,ok
1153,2366711,0,1,7,_adarms_norm_kernel,"(50, 1, 1)","(128, 1, 1)",step06.layer17._adarms_norm_kernel.line1945/_adarms_norm_kernel,bf16_tensor,14752.0,l2,456672.0,,0.0,,,zero_counted_flops
1153,2366711,0,1,7,_adarms_norm_kernel,"(50, 1, 1)","(128, 1, 1)",step06.layer17._adarms_norm_kernel.line1945/_adarms_norm_kernel,fp32_simt,14752.0,l2,456672.0,,358400.0,0.7848083526031813,0.024295010845986984,ok
1154,2366711,0,1,7,_matmul_small_gate,"(1, 64, 1)","(128, 1, 1)",step06.layer17._matmul_small_gate.line1954/_matmul_small_gate,bf16_tensor,79008.0,l2,23317408.0,,1073741824.0,46.048935799382164,13.590292426083435,ok
1154,2366711,0,1,7,_matmul_small_gate,"(1, 64, 1)","(128, 1, 1)",step06.layer17._matmul_small_gate.line1954/_matmul_small_gate,fp32_simt,79008.0,l2,23317408.0,,2883584.0,0.12366657563310639,0.036497367355204535,ok
1155,2366711,0,1,7,_matmul_small_res_gate_ffn_down,"(64, 1, 1)","(128, 1, 1)",step06.layer17._matmul_small_res_gate_ffn_down.line1971/_matmul_small_res_gate_ffn_down,bf16_tensor,80736.00000000001,l2,39351392.0,,536870912.0,13.642996720420971,6.649709076496235,ok
1155,2366711,0,1,7,_matmul_small_res_gate_ffn_down,"(64, 1, 1)","(128, 1, 1)",step06.layer17._matmul_small_res_gate_ffn_down.line1971/_matmul_small_res_gate_ffn_down,fp32_simt,80736.00000000001,l2,39351392.0,,131072.0,0.003330809746196526,0.0016234641300039636,ok
1156,2366711,0,1,7,_adarms_norm_kernel,"(50, 1, 1)","(128, 1, 1)",step06.layer-1._adarms_norm_kernel.line1989/_adarms_norm_kernel,bf16_tensor,14560.000000000002,l2,470208.0,,0.0,,,zero_counted_flops
1156,2366711,0,1,7,_adarms_norm_kernel,"(50, 1, 1)","(128, 1, 1)",step06.layer-1._adarms_norm_kernel.line1989/_adarms_norm_kernel,fp32_simt,14560.000000000002,l2,470208.0,,358400.0,0.7622158704233021,0.024615384615384612,ok
1157,2366711,0,1,7,_matmul_small_bias_res,"(8, 1, 1)","(128, 1, 1)",step06.layer-1._matmul_small_bias_res.line1998/_matmul_small_bias_res,bf16_tensor,16768.0,l2,523392.0,,8388608.0,16.02739056003913,0.5002748091603053,ok
1157,2366711,0,1,7,_matmul_small_bias_res,"(8, 1, 1)","(128, 1, 1)",step06.layer-1._matmul_small_bias_res.line1998/_matmul_small_bias_res,fp32_simt,16768.0,l2,523392.0,,4096.0,0.007825874296894107,0.00024427480916030533,ok
1158,2366711,0,1,7,_matmul_small_bias,"(64, 1, 1)","(128, 1, 1)",step07.layer-1._matmul_small_bias.line1839/_matmul_small_bias,bf16_tensor,15296.0,l2,365216.0,,4194304.0,11.484447559800229,0.2742092050209205,ok
1158,2366711,0,1,7,_matmul_small_bias,"(64, 1, 1)","(128, 1, 1)",step07.layer-1._matmul_small_bias.line1839/_matmul_small_bias,fp32_simt,15296.0,l2,365216.0,,32768.0,0.08972224656093929,0.0021422594142259414,ok
1159,2366711,0,1,7,_adarms_norm_kernel,"(50, 1, 1)","(128, 1, 1)",step07.layer00._adarms_norm_kernel.line1854/_adarms_norm_kernel,bf16_tensor,15040.000000000002,l2,464768.0,,0.0,,,zero_counted_flops
1159,2366711,0,1,7,_adarms_norm_kernel,"(50, 1, 1)","(128, 1, 1)",step07.layer00._adarms_norm_kernel.line1854/_adarms_norm_kernel,fp32_simt,15040.000000000002,l2,464768.0,,358400.0,0.7711374277058661,0.02382978723404255,ok
1160,2366711,0,1,7,_matmul_rope_qkv,"(128, 1, 1)","(128, 1, 1)",step07.layer00._matmul_rope_qkv.line1863/_matmul_rope_qkv,bf16_tensor,36480.0,l2,13811712.0,,335544320.0,24.294187425860024,9.198035087719298,ok
1160,2366711,0,1,7,_matmul_rope_qkv,"(128, 1, 1)","(128, 1, 1)",step07.layer00._matmul_rope_qkv.line1863/_matmul_rope_qkv,fp32_simt,36480.0,l2,13811712.0,,442368.0,0.03202846975088968,0.012126315789473683,ok
1161,2366711,0,1,7,_matmul_abt_scale,"(91, 1, 1)","(128, 1, 1)",step07.layer00._matmul_abt_scale.line1899/_matmul_abt_scale,bf16_tensor,17728.0,l2,2861600.0,,47710208.0,16.67256360078278,2.6912346570397108,ok
1161,2366711,0,1,7,_matmul_abt_scale,"(91, 1, 1)","(128, 1, 1)",step07.layer00._matmul_abt_scale.line1899/_matmul_abt_scale,fp32_simt,17728.0,l2,2861600.0,,93184.0,0.03256360078277887,0.005256317689530685,ok
1162,2366711,0,1,7,_softmax_prefix_suffix_mask_vector,"(100, 1, 1)","(128, 1, 1)",step07.layer00._softmax_prefix_suffix_mask_vector.line1911/_softmax_prefix_suffix_mask_vector,bf16_tensor,16672.000000000004,l2,560320.0,,0.0,,,zero_counted_flops
1162,2366711,0,1,7,_softmax_prefix_suffix_mask_vector,"(100, 1, 1)","(128, 1, 1)",step07.layer00._softmax_prefix_suffix_mask_vector.line1911/_softmax_prefix_suffix_mask_vector,fp32_simt,16672.000000000004,l2,560320.0,,2528000.0,4.511707595659623,0.15163147792706333,ok
1163,2366711,0,1,7,_matmul_small,"(104, 1, 1)","(128, 1, 1)",step07.layer00._matmul_small.line1921/_matmul_small,bf16_tensor,19808.0,l2,3424032.0,,54525952.0,15.924486687040307,2.752723747980614,ok
1163,2366711,0,1,7,_matmul_small,"(104, 1, 1)","(128, 1, 1)",step07.layer00._matmul_small.line1921/_matmul_small,fp32_simt,19808.0,l2,3424032.0,,0.0,,,zero_counted_flops
1164,2366711,0,1,7,_matmul_small_res_gate_oproj,"(128, 1, 1)","(128, 1, 1)",step07.layer00._matmul_small_res_gate_oproj.line1932/_matmul_small_res_gate_oproj,bf16_tensor,40864.0,l2,14709152.0,,268435456.0,18.24955347527852,6.568996084573219,ok
1164,2366711,0,1,7,_matmul_small_res_gate_oproj,"(128, 1, 1)","(128, 1, 1)",step07.layer00._matmul_small_res_gate_oproj.line1932/_matmul_small_res_gate_oproj,fp32_simt,40864.0,l2,14709152.0,,131072.0,0.00891091478285084,0.003207517619420517,ok
1165,2366711,0,1,7,_adarms_norm_kernel,"(50, 1, 1)","(128, 1, 1)",step07.layer00._adarms_norm_kernel.line1945/_adarms_norm_kernel,bf16_tensor,13824.0,l2,467808.0,,0.0,,,zero_counted_flops
1165,2366711,0,1,7,_adarms_norm_kernel,"(50, 1, 1)","(128, 1, 1)",step07.layer00._adarms_norm_kernel.line1945/_adarms_norm_kernel,fp32_simt,13824.0,l2,467808.0,,358400.0,0.7661262740269512,0.025925925925925925,ok
1166,2366711,0,1,7,_matmul_small_gate,"(1, 64, 1)","(128, 1, 1)",step07.layer00._matmul_small_gate.line1954/_matmul_small_gate,bf16_tensor,80032.00000000001,l2,23315072.0,,1073741824.0,46.05354956656364,13.416406237504996,ok
1166,2366711,0,1,7,_matmul_small_gate,"(1, 64, 1)","(128, 1, 1)",step07.layer00._matmul_small_gate.line1954/_matmul_small_gate,fp32_simt,80032.00000000001,l2,23315072.0,,2883584.0,0.12367896612114258,0.03603038784486205,ok
1167,2366711,0,1,7,_matmul_small_res_gate_ffn_down,"(64, 1, 1)","(128, 1, 1)",step07.layer00._matmul_small_res_gate_ffn_down.line1971/_matmul_small_res_gate_ffn_down,bf16_tensor,74720.0,l2,39408320.0,,536870912.0,13.623288483244147,7.185103211991435,ok
1167,2366711,0,1,7,_matmul_small_res_gate_ffn_down,"(64, 1, 1)","(128, 1, 1)",step07.layer00._matmul_small_res_gate_ffn_down.line1971/_matmul_small_res_gate_ffn_down,fp32_simt,74720.0,l2,39408320.0,,131072.0,0.003325998164854528,0.0017541755888650964,ok
1168,2366711,0,1,7,_adarms_norm_kernel,"(50, 1, 1)","(128, 1, 1)",step07.layer01._adarms_norm_kernel.line1854/_adarms_norm_kernel,bf16_tensor,15456.000000000002,l2,456832.0,,0.0,,,zero_counted_flops
1168,2366711,0,1,7,_adarms_norm_kernel,"(50, 1, 1)","(128, 1, 1)",step07.layer01._adarms_norm_kernel.line1854/_adarms_norm_kernel,fp32_simt,15456.000000000002,l2,456832.0,,358400.0,0.7845334827682824,0.023188405797101443,ok
1169,2366711,0,1,7,_matmul_rope_qkv,"(128, 1, 1)","(128, 1, 1)",step07.layer01._matmul_rope_qkv.line1863/_matmul_rope_qkv,bf16_tensor,37088.0,l2,13806144.0,,335544320.0,24.30398524019451,9.047247627264882,ok
1169,2366711,0,1,7,_matmul_rope_qkv,"(128, 1, 1)","(128, 1, 1)",step07.layer01._matmul_rope_qkv.line1863/_matmul_rope_qkv,fp32_simt,37088.0,l2,13806144.0,,442368.0,0.03204138679127206,0.011927523727351164,ok
1170,2366711,0,1,7,_matmul_abt_scale,"(91, 1, 1)","(128, 1, 1)",step07.layer01._matmul_abt_scale.line1899/_matmul_abt_scale,bf16_tensor,17216.000000000004,l2,2856064.0,,47710208.0,16.704880562900552,2.7712713754646834,ok
1170,2366711,0,1,7,_matmul_abt_scale,"(91, 1, 1)","(128, 1, 1)",step07.layer01._matmul_abt_scale.line1899/_matmul_abt_scale,fp32_simt,17216.000000000004,l2,2856064.0,,93184.0,0.03262671984941514,0.00541263940520446,ok
1171,2366711,0,1,7,_softmax_prefix_suffix_mask_vector,"(100, 1, 1)","(128, 1, 1)",step07.layer01._softmax_prefix_suffix_mask_vector.line1911/_softmax_prefix_suffix_mask_vector,bf16_tensor,15808.000000000002,l2,559680.0,,0.0,,,zero_counted_flops
1171,2366711,0,1,7,_softmax_prefix_suffix_mask_vector,"(100, 1, 1)","(128, 1, 1)",step07.layer01._softmax_prefix_suffix_mask_vector.line1911/_softmax_prefix_suffix_mask_vector,fp32_simt,15808.000000000002,l2,559680.0,,2528000.0,4.5168667810177245,0.15991902834008095,ok
1172,2366711,0,1,7,_matmul_small,"(104, 1, 1)","(128, 1, 1)",step07.layer01._matmul_small.line1921/_matmul_small,bf16_tensor,19296.0,l2,3426560.0,,54525952.0,15.91273813970863,2.825764510779436,ok
1172,2366711,0,1,7,_matmul_small,"(104, 1, 1)","(128, 1, 1)",step07.layer01._matmul_small.line1921/_matmul_small,fp32_simt,19296.0,l2,3426560.0,,0.0,,,zero_counted_flops
1173,2366711,0,1,7,_matmul_small_res_gate_oproj,"(128, 1, 1)","(128, 1, 1)",step07.layer01._matmul_small_res_gate_oproj.line1932/_matmul_small_res_gate_oproj,bf16_tensor,41248.0,l2,14749216.0,,268435456.0,18.19998134138113,6.507841737781225,ok
1173,2366711,0,1,7,_matmul_small_res_gate_oproj,"(128, 1, 1)","(128, 1, 1)",step07.layer01._matmul_small_res_gate_oproj.line1932/_matmul_small_res_gate_oproj,fp32_simt,41248.0,l2,14749216.0,,131072.0,0.008886709639346254,0.003177657098525989,ok
1174,2366711,0,1,7,_adarms_norm_kernel,"(50, 1, 1)","(128, 1, 1)",step07.layer01._adarms_norm_kernel.line1945/_adarms_norm_kernel,bf16_tensor,12960.000000000002,l2,450592.0,,0.0,,,zero_counted_flops
1174,2366711,0,1,7,_adarms_norm_kernel,"(50, 1, 1)","(128, 1, 1)",step07.layer01._adarms_norm_kernel.line1945/_adarms_norm_kernel,fp32_simt,12960.000000000002,l2,450592.0,,358400.0,0.7953980541154747,0.02765432098765432,ok
1175,2366711,0,1,7,_matmul_small_gate,"(1, 64, 1)","(128, 1, 1)",step07.layer01._matmul_small_gate.line1954/_matmul_small_gate,bf16_tensor,88480.0,l2,23340128.0,,1073741824.0,46.00411034592441,12.135418444846293,ok
1175,2366711,0,1,7,_matmul_small_gate,"(1, 64, 1)","(128, 1, 1)",step07.layer01._matmul_small_gate.line1954/_matmul_small_gate,fp32_simt,88480.0,l2,23340128.0,,2883584.0,0.12354619477665246,0.03259023508137432,ok
1176,2366711,0,1,7,_matmul_small_res_gate_ffn_down,"(64, 1, 1)","(128, 1, 1)",step07.layer01._matmul_small_res_gate_ffn_down.line1971/_matmul_small_res_gate_ffn_down,bf16_tensor,75680.0,l2,39324416.0,,536870912.0,13.652355625573689,7.093960253699788,ok
1176,2366711,0,1,7,_matmul_small_res_gate_ffn_down,"(64, 1, 1)","(128, 1, 1)",step07.layer01._matmul_small_res_gate_ffn_down.line1971/_matmul_small_res_gate_ffn_down,fp32_simt,75680.0,l2,39324416.0,,131072.0,0.0033330946351498264,0.0017319238900634249,ok
1177,2366711,0,1,7,_adarms_norm_kernel,"(50, 1, 1)","(128, 1, 1)",step07.layer02._adarms_norm_kernel.line1854/_adarms_norm_kernel,bf16_tensor,16352.000000000002,l2,464736.0,,0.0,,,zero_counted_flops
1177,2366711,0,1,7,_adarms_norm_kernel,"(50, 1, 1)","(128, 1, 1)",step07.layer02._adarms_norm_kernel.line1854/_adarms_norm_kernel,fp32_simt,16352.000000000002,l2,464736.0,,358400.0,0.7711905253735454,0.02191780821917808,ok
1178,2366711,0,1,7,_matmul_rope_qkv,"(128, 1, 1)","(128, 1, 1)",step07.layer02._matmul_rope_qkv.line1863/_matmul_rope_qkv,bf16_tensor,36064.0,l2,13799456.0,,335544320.0,24.315764331579448,9.30413487133984,ok
1178,2366711,0,1,7,_matmul_rope_qkv,"(128, 1, 1)","(128, 1, 1)",step07.layer02._matmul_rope_qkv.line1863/_matmul_rope_qkv,fp32_simt,36064.0,l2,13799456.0,,442368.0,0.03205691586682837,0.012266193433895298,ok
1179,2366711,0,1,7,_matmul_abt_scale,"(91, 1, 1)","(128, 1, 1)",step07.layer02._matmul_abt_scale.line1899/_matmul_abt_scale,bf16_tensor,15840.0,l2,2828512.0,,47710208.0,16.867599642497538,3.0120080808080805,ok
1179,2366711,0,1,7,_matmul_abt_scale,"(91, 1, 1)","(128, 1, 1)",step07.layer02._matmul_abt_scale.line1899/_matmul_abt_scale,fp32_simt,15840.0,l2,2828512.0,,93184.0,0.032944530551753004,0.005882828282828282,ok
1180,2366711,0,1,7,_softmax_prefix_suffix_mask_vector,"(100, 1, 1)","(128, 1, 1)",step07.layer02._softmax_prefix_suffix_mask_vector.line1911/_softmax_prefix_suffix_mask_vector,bf16_tensor,18400.0,l2,566784.0,,0.0,,,zero_counted_flops
1180,2366711,0,1,7,_softmax_prefix_suffix_mask_vector,"(100, 1, 1)","(128, 1, 1)",step07.layer02._softmax_prefix_suffix_mask_vector.line1911/_softmax_prefix_suffix_mask_vector,fp32_simt,18400.0,l2,566784.0,,2528000.0,4.460252935862692,0.1373913043478261,ok
1181,2366711,0,1,7,_matmul_small,"(104, 1, 1)","(128, 1, 1)",step07.layer02._matmul_small.line1921/_matmul_small,bf16_tensor,17152.0,l2,3417152.0,,54525952.0,15.956548611241175,3.178985074626865,ok
1181,2366711,0,1,7,_matmul_small,"(104, 1, 1)","(128, 1, 1)",step07.layer02._matmul_small.line1921/_matmul_small,fp32_simt,17152.0,l2,3417152.0,,0.0,,,zero_counted_flops
1182,2366711,0,1,7,_matmul_small_res_gate_oproj,"(128, 1, 1)","(128, 1, 1)",step07.layer02._matmul_small_res_gate_oproj.line1932/_matmul_small_res_gate_oproj,bf16_tensor,46880.00000000001,l2,14720256.0,,268435456.0,18.235787203700806,5.726012286689419,ok
1182,2366711,0,1,7,_matmul_small_res_gate_oproj,"(128, 1, 1)","(128, 1, 1)",step07.layer02._matmul_small_res_gate_oproj.line1932/_matmul_small_res_gate_oproj,fp32_simt,46880.00000000001,l2,14720256.0,,131072.0,0.008904192970557034,0.0027959044368600677,ok
1183,2366711,0,1,7,_adarms_norm_kernel,"(50, 1, 1)","(128, 1, 1)",step07.layer02._adarms_norm_kernel.line1945/_adarms_norm_kernel,bf16_tensor,13888.000000000002,l2,467680.0,,0.0,,,zero_counted_flops
1183,2366711,0,1,7,_adarms_norm_kernel,"(50, 1, 1)","(128, 1, 1)",step07.layer02._adarms_norm_kernel.line1945/_adarms_norm_kernel,fp32_simt,13888.000000000002,l2,467680.0,,358400.0,0.7663359562093739,0.025806451612903222,ok
1184,2366711,0,1,7,_matmul_small_gate,"(1, 64, 1)","(128, 1, 1)",step07.layer02._matmul_small_gate.line1954/_matmul_small_gate,bf16_tensor,79584.0,l2,23330784.0,,1073741824.0,46.02253503354195,13.491930840369923,ok
1184,2366711,0,1,7,_matmul_small_gate,"(1, 64, 1)","(128, 1, 1)",step07.layer02._matmul_small_gate.line1954/_matmul_small_gate,fp32_simt,79584.0,l2,23330784.0,,2883584.0,0.12359567513890661,0.03623321270607157,ok
1185,2366711,0,1,7,_matmul_small_res_gate_ffn_down,"(64, 1, 1)","(128, 1, 1)",step07.layer02._matmul_small_res_gate_ffn_down.line1971/_matmul_small_res_gate_ffn_down,bf16_tensor,79744.0,l2,39414240.0,,536870912.0,13.62124227182866,6.732430176565008,ok
1185,2366711,0,1,7,_matmul_small_res_gate_ffn_down,"(64, 1, 1)","(128, 1, 1)",step07.layer02._matmul_small_res_gate_ffn_down.line1971/_matmul_small_res_gate_ffn_down,fp32_simt,79744.0,l2,39414240.0,,131072.0,0.003325498601520669,0.0016436597110754414,ok
1186,2366711,0,1,7,_adarms_norm_kernel,"(50, 1, 1)","(128, 1, 1)",step07.layer03._adarms_norm_kernel.line1854/_adarms_norm_kernel,bf16_tensor,16480.0,l2,467616.0,,0.0,,,zero_counted_flops
1186,2366711,0,1,7,_adarms_norm_kernel,"(50, 1, 1)","(128, 1, 1)",step07.layer03._adarms_norm_kernel.line1854/_adarms_norm_kernel,fp32_simt,16480.0,l2,467616.0,,358400.0,0.7664408403476357,0.021747572815533977,ok
1187,2366711,0,1,7,_matmul_rope_qkv,"(128, 1, 1)","(128, 1, 1)",step07.layer03._matmul_rope_qkv.line1863/_matmul_rope_qkv,bf16_tensor,40320.0,l2,13719488.0,,335544320.0,24.457495789930352,8.322031746031746,ok
1187,2366711,0,1,7,_matmul_rope_qkv,"(128, 1, 1)","(128, 1, 1)",step07.layer03._matmul_rope_qkv.line1863/_matmul_rope_qkv,fp32_simt,40320.0,l2,13719488.0,,442368.0,0.03224376886367771,0.010971428571428571,ok
1188,2366711,0,1,7,_matmul_abt_scale,"(91, 1, 1)","(128, 1, 1)",step07.layer03._matmul_abt_scale.line1899/_matmul_abt_scale,bf16_tensor,20672.0,l2,2857216.0,,47710208.0,16.698145327479615,2.307962848297213,ok
1188,2366711,0,1,7,_matmul_abt_scale,"(91, 1, 1)","(128, 1, 1)",step07.layer03._matmul_abt_scale.line1899/_matmul_abt_scale,fp32_simt,20672.0,l2,2857216.0,,93184.0,0.032613565092733623,0.0045077399380804946,ok
1189,2366711,0,1,7,_softmax_prefix_suffix_mask_vector,"(100, 1, 1)","(128, 1, 1)",step07.layer03._softmax_prefix_suffix_mask_vector.line1911/_softmax_prefix_suffix_mask_vector,bf16_tensor,19072.0,l2,566944.0,,0.0,,,zero_counted_flops
1189,2366711,0,1,7,_softmax_prefix_suffix_mask_vector,"(100, 1, 1)","(128, 1, 1)",step07.layer03._softmax_prefix_suffix_mask_vector.line1911/_softmax_prefix_suffix_mask_vector,fp32_simt,19072.0,l2,566944.0,,2528000.0,4.458994186374668,0.1325503355704698,ok
1190,2366711,0,1,7,_matmul_small,"(104, 1, 1)","(128, 1, 1)",step07.layer03._matmul_small.line1921/_matmul_small,bf16_tensor,16512.0,l2,3394528.0,,54525952.0,16.06289652051773,3.3022015503875966,ok
1190,2366711,0,1,7,_matmul_small,"(104, 1, 1)","(128, 1, 1)",step07.layer03._matmul_small.line1921/_matmul_small,fp32_simt,16512.0,l2,3394528.0,,0.0,,,zero_counted_flops
1191,2366711,0,1,7,_matmul_small_res_gate_oproj,"(128, 1, 1)","(128, 1, 1)",step07.layer03._matmul_small_res_gate_oproj.line1932/_matmul_small_res_gate_oproj,bf16_tensor,39552.0,l2,14683424.0,,268435456.0,18.281529975569732,6.786899676375405,ok
1191,2366711,0,1,7,_matmul_small_res_gate_oproj,"(128, 1, 1)","(128, 1, 1)",step07.layer03._matmul_small_res_gate_oproj.line1932/_matmul_small_res_gate_oproj,fp32_simt,39552.0,l2,14683424.0,,131072.0,0.008926528308383658,0.003313915857605178,ok
1192,2366711,0,1,7,_adarms_norm_kernel,"(50, 1, 1)","(128, 1, 1)",step07.layer03._adarms_norm_kernel.line1945/_adarms_norm_kernel,bf16_tensor,16736.0,l2,467968.0,,0.0,,,zero_counted_flops
1192,2366711,0,1,7,_adarms_norm_kernel,"(50, 1, 1)","(128, 1, 1)",step07.layer03._adarms_norm_kernel.line1945/_adarms_norm_kernel,fp32_simt,16736.0,l2,467968.0,,358400.0,0.7658643326039387,0.02141491395793499,ok
1193,2366711,0,1,7,_matmul_small_gate,"(1, 64, 1)","(128, 1, 1)",step07.layer03._matmul_small_gate.line1954/_matmul_small_gate,bf16_tensor,80832.0,l2,23299936.0,,1073741824.0,46.08346666703291,13.283623119556612,ok
1193,2366711,0,1,7,_matmul_small_gate,"(1, 64, 1)","(128, 1, 1)",step07.layer03._matmul_small_gate.line1954/_matmul_small_gate,fp32_simt,80832.0,l2,23299936.0,,2883584.0,0.12375930989681688,0.03567379255740301,ok
1194,2366711,0,1,7,_matmul_small_res_gate_ffn_down,"(64, 1, 1)","(128, 1, 1)",step07.layer03._matmul_small_res_gate_ffn_down.line1971/_matmul_small_res_gate_ffn_down,bf16_tensor,72416.0,l2,39307328.0,,536870912.0,13.658290688189235,7.413705700397701,ok
1194,2366711,0,1,7,_matmul_small_res_gate_ffn_down,"(64, 1, 1)","(128, 1, 1)",step07.layer03._matmul_small_res_gate_ffn_down.line1971/_matmul_small_res_gate_ffn_down,fp32_simt,72416.0,l2,39307328.0,,131072.0,0.0033345436250462,0.0018099867432611575,ok
1195,2366711,0,1,7,_adarms_norm_kernel,"(50, 1, 1)","(128, 1, 1)",step07.layer04._adarms_norm_kernel.line1854/_adarms_norm_kernel,bf16_tensor,16224.000000000002,l2,467552.0,,0.0,,,zero_counted_flops
1195,2366711,0,1,7,_adarms_norm_kernel,"(50, 1, 1)","(128, 1, 1)",step07.layer04._adarms_norm_kernel.line1854/_adarms_norm_kernel,fp32_simt,16224.000000000002,l2,467552.0,,358400.0,0.7665457531996441,0.02209072978303747,ok
1196,2366711,0,1,7,_matmul_rope_qkv,"(128, 1, 1)","(128, 1, 1)",step07.layer04._matmul_rope_qkv.line1863/_matmul_rope_qkv,bf16_tensor,36384.0,l2,13780992.0,,335544320.0,24.348342993015308,9.222304309586631,ok
1196,2366711,0,1,7,_matmul_rope_qkv,"(128, 1, 1)","(128, 1, 1)",step07.layer04._matmul_rope_qkv.line1863/_matmul_rope_qkv,fp32_simt,36384.0,l2,13780992.0,,442368.0,0.03209986625055729,0.012158311345646437,ok
1197,2366711,0,1,7,_matmul_abt_scale,"(91, 1, 1)","(128, 1, 1)",step07.layer04._matmul_abt_scale.line1899/_matmul_abt_scale,bf16_tensor,17920.0,l2,2865024.0,,47710208.0,16.65263816289148,2.6624,ok
1197,2366711,0,1,7,_matmul_abt_scale,"(91, 1, 1)","(128, 1, 1)",step07.layer04._matmul_abt_scale.line1899/_matmul_abt_scale,fp32_simt,17920.0,l2,2865024.0,,93184.0,0.032524683911897424,0.0052,ok
1198,2366711,0,1,7,_softmax_prefix_suffix_mask_vector,"(100, 1, 1)","(128, 1, 1)",step07.layer04._softmax_prefix_suffix_mask_vector.line1911/_softmax_prefix_suffix_mask_vector,bf16_tensor,17184.0,l2,561408.0,,0.0,,,zero_counted_flops
1198,2366711,0,1,7,_softmax_prefix_suffix_mask_vector,"(100, 1, 1)","(128, 1, 1)",step07.layer04._softmax_prefix_suffix_mask_vector.line1911/_softmax_prefix_suffix_mask_vector,fp32_simt,17184.0,l2,561408.0,,2528000.0,4.50296397628819,0.14711359404096835,ok
1199,2366711,0,1,7,_matmul_small,"(104, 1, 1)","(128, 1, 1)",step07.layer04._matmul_small.line1921/_matmul_small,bf16_tensor,16128.000000000002,l2,3422304.0,,54525952.0,15.932527326619727,3.3808253968253963,ok
1199,2366711,0,1,7,_matmul_small,"(104, 1, 1)","(128, 1, 1)",step07.layer04._matmul_small.line1921/_matmul_small,fp32_simt,16128.000000000002,l2,3422304.0,,0.0,,,zero_counted_flops
1200,2366711,0,1,7,_matmul_small_res_gate_oproj,"(128, 1, 1)","(128, 1, 1)",step07.layer04._matmul_small_res_gate_oproj.line1932/_matmul_small_res_gate_oproj,bf16_tensor,40384.00000000001,l2,14693888.0,,268435456.0,18.268511097947663,6.647074484944532,ok
1200,2366711,0,1,7,_matmul_small_res_gate_oproj,"(128, 1, 1)","(128, 1, 1)",step07.layer04._matmul_small_res_gate_oproj.line1932/_matmul_small_res_gate_oproj,fp32_simt,40384.00000000001,l2,14693888.0,,131072.0,0.008920171434544757,0.003245641838351822,ok
1201,2366711,0,1,7,_adarms_norm_kernel,"(50, 1, 1)","(128, 1, 1)",step07.layer04._adarms_norm_kernel.line1945/_adarms_norm_kernel,bf16_tensor,14848.0,l2,464256.0,,0.0,,,zero_counted_flops
1201,2366711,0,1,7,_adarms_norm_kernel,"(50, 1, 1)","(128, 1, 1)",step07.layer04._adarms_norm_kernel.line1945/_adarms_norm_kernel,fp32_simt,14848.0,l2,464256.0,,358400.0,0.7719878687620623,0.02413793103448276,ok
1202,2366711,0,1,7,_matmul_small_gate,"(1, 64, 1)","(128, 1, 1)",step07.layer04._matmul_small_gate.line1954/_matmul_small_gate,bf16_tensor,86304.0,l2,23333856.0,,1073741824.0,46.01647597379533,12.441391175380051,ok
1202,2366711,0,1,7,_matmul_small_gate,"(1, 64, 1)","(128, 1, 1)",step07.layer04._matmul_small_gate.line1954/_matmul_small_gate,fp32_simt,86304.0,l2,23333856.0,,2883584.0,0.12357940324993863,0.033411939191694474,ok
1203,2366711,0,1,7,_matmul_small_res_gate_ffn_down,"(64, 1, 1)","(128, 1, 1)",step07.layer04._matmul_small_res_gate_ffn_down.line1971/_matmul_small_res_gate_ffn_down,bf16_tensor,74592.0,l2,39294816.0,,536870912.0,13.662639672367979,7.19743286143286,ok
1203,2366711,0,1,7,_matmul_small_res_gate_ffn_down,"(64, 1, 1)","(128, 1, 1)",step07.layer04._matmul_small_res_gate_ffn_down.line1971/_matmul_small_res_gate_ffn_down,fp32_simt,74592.0,l2,39294816.0,,131072.0,0.0033356053887617135,0.0017571857571857569,ok
1204,2366711,0,1,7,_adarms_norm_kernel,"(50, 1, 1)","(128, 1, 1)",step07.layer05._adarms_norm_kernel.line1854/_adarms_norm_kernel,bf16_tensor,17952.0,l2,456928.0,,0.0,,,zero_counted_flops
1204,2366711,0,1,7,_adarms_norm_kernel,"(50, 1, 1)","(128, 1, 1)",step07.layer05._adarms_norm_kernel.line1854/_adarms_norm_kernel,fp32_simt,17952.0,l2,456928.0,,358400.0,0.7843686532670355,0.019964349376114084,ok
1205,2366711,0,1,7,_matmul_rope_qkv,"(128, 1, 1)","(128, 1, 1)",step07.layer05._matmul_rope_qkv.line1863/_matmul_rope_qkv,bf16_tensor,32160.000000000004,l2,13883520.0,,335544320.0,24.168533628359377,10.433592039800994,ok
1205,2366711,0,1,7,_matmul_rope_qkv,"(128, 1, 1)","(128, 1, 1)",step07.layer05._matmul_rope_qkv.line1863/_matmul_rope_qkv,fp32_simt,32160.000000000004,l2,13883520.0,,442368.0,0.031862812888950355,0.013755223880597014,ok
1206,2366711,0,1,7,_matmul_abt_scale,"(91, 1, 1)","(128, 1, 1)",step07.layer05._matmul_abt_scale.line1899/_matmul_abt_scale,bf16_tensor,17184.0,l2,2858336.0,,47710208.0,16.691602386843254,2.776432029795158,ok
1206,2366711,0,1,7,_matmul_abt_scale,"(91, 1, 1)","(128, 1, 1)",step07.layer05._matmul_abt_scale.line1899/_matmul_abt_scale,fp32_simt,17184.0,l2,2858336.0,,93184.0,0.03260078591180323,0.005422718808193668,ok
1207,2366711,0,1,7,_softmax_prefix_suffix_mask_vector,"(100, 1, 1)","(128, 1, 1)",step07.layer05._softmax_prefix_suffix_mask_vector.line1911/_softmax_prefix_suffix_mask_vector,bf16_tensor,19360.0,l2,567488.0,,0.0,,,zero_counted_flops
1207,2366711,0,1,7,_softmax_prefix_suffix_mask_vector,"(100, 1, 1)","(128, 1, 1)",step07.layer05._softmax_prefix_suffix_mask_vector.line1911/_softmax_prefix_suffix_mask_vector,fp32_simt,19360.0,l2,567488.0,,2528000.0,4.4547197473779185,0.1305785123966942,ok
1208,2366711,0,1,7,_matmul_small,"(104, 1, 1)","(128, 1, 1)",step07.layer05._matmul_small.line1921/_matmul_small,bf16_tensor,19360.0,l2,3424960.0,,54525952.0,15.92017191441652,2.8164231404958677,ok
1208,2366711,0,1,7,_matmul_small,"(104, 1, 1)","(128, 1, 1)",step07.layer05._matmul_small.line1921/_matmul_small,fp32_simt,19360.0,l2,3424960.0,,0.0,,,zero_counted_flops
1209,2366711,0,1,7,_matmul_small_res_gate_oproj,"(128, 1, 1)","(128, 1, 1)",step07.layer05._matmul_small_res_gate_oproj.line1932/_matmul_small_res_gate_oproj,bf16_tensor,39808.0,l2,14769600.0,,268435456.0,18.17486296175929,6.743254019292604,ok
1209,2366711,0,1,7,_matmul_small_res_gate_oproj,"(128, 1, 1)","(128, 1, 1)",step07.layer05._matmul_small_res_gate_oproj.line1932/_matmul_small_res_gate_oproj,fp32_simt,39808.0,l2,14769600.0,,131072.0,0.008874444805546527,0.003292604501607717,ok
1210,2366711,0,1,7,_adarms_norm_kernel,"(50, 1, 1)","(128, 1, 1)",step07.layer05._adarms_norm_kernel.line1945/_adarms_norm_kernel,bf16_tensor,13376.0,l2,457824.0,,0.0,,,zero_counted_flops
1210,2366711,0,1,7,_adarms_norm_kernel,"(50, 1, 1)","(128, 1, 1)",step07.layer05._adarms_norm_kernel.line1945/_adarms_norm_kernel,fp32_simt,13376.0,l2,457824.0,,358400.0,0.7828335779688265,0.026794258373205742,ok
1211,2366711,0,1,7,_matmul_small_gate,"(1, 64, 1)","(128, 1, 1)",step07.layer05._matmul_small_gate.line1954/_matmul_small_gate,bf16_tensor,79680.00000000001,l2,23287552.0,,1073741824.0,46.10797322105819,13.47567550200803,ok
1211,2366711,0,1,7,_matmul_small_gate,"(1, 64, 1)","(128, 1, 1)",step07.layer05._matmul_small_gate.line1954/_matmul_small_gate,fp32_simt,79680.00000000001,l2,23287552.0,,2883584.0,0.1238251233963965,0.036189558232931726,ok
1212,2366711,0,1,7,_matmul_small_res_gate_ffn_down,"(64, 1, 1)","(128, 1, 1)",step07.layer05._matmul_small_res_gate_ffn_down.line1971/_matmul_small_res_gate_ffn_down,bf16_tensor,67392.00000000001,l2,39270784.0,,536870912.0,13.67100060951164,7.966389363722696,ok
1212,2366711,0,1,7,_matmul_small_res_gate_ffn_down,"(64, 1, 1)","(128, 1, 1)",step07.layer05._matmul_small_res_gate_ffn_down.line1971/_matmul_small_res_gate_ffn_down,fp32_simt,67392.00000000001,l2,39270784.0,,131072.0,0.003337646633181553,0.0019449192782526113,ok
1213,2366711,0,1,7,_adarms_norm_kernel,"(50, 1, 1)","(128, 1, 1)",step07.layer06._adarms_norm_kernel.line1854/_adarms_norm_kernel,bf16_tensor,16224.000000000002,l2,461600.0,,0.0,,,zero_counted_flops
1213,2366711,0,1,7,_adarms_norm_kernel,"(50, 1, 1)","(128, 1, 1)",step07.layer06._adarms_norm_kernel.line1854/_adarms_norm_kernel,fp32_simt,16224.000000000002,l2,461600.0,,358400.0,0.7764298093587522,0.02209072978303747,ok
1214,2366711,0,1,7,_matmul_rope_qkv,"(128, 1, 1)","(128, 1, 1)",step07.layer06._matmul_rope_qkv.line1863/_matmul_rope_qkv,bf16_tensor,36736.0,l2,13826944.0,,335544320.0,24.26742452996121,9.133937282229965,ok
1214,2366711,0,1,7,_matmul_rope_qkv,"(128, 1, 1)","(128, 1, 1)",step07.layer06._matmul_rope_qkv.line1863/_matmul_rope_qkv,fp32_simt,36736.0,l2,13826944.0,,442368.0,0.03199318663617933,0.012041811846689895,ok
1215,2366711,0,1,7,_matmul_abt_scale,"(91, 1, 1)","(128, 1, 1)",step07.layer06._matmul_abt_scale.line1899/_matmul_abt_scale,bf16_tensor,18176.0,l2,2864672.0,,47710208.0,16.65468437573307,2.6249014084507043,ok
1215,2366711,0,1,7,_matmul_abt_scale,"(91, 1, 1)","(128, 1, 1)",step07.layer06._matmul_abt_scale.line1899/_matmul_abt_scale,fp32_simt,18176.0,l2,2864672.0,,93184.0,0.03252868042135365,0.005126760563380282,ok
1216,2366711,0,1,7,_softmax_prefix_suffix_mask_vector,"(100, 1, 1)","(128, 1, 1)",step07.layer06._softmax_prefix_suffix_mask_vector.line1911/_softmax_prefix_suffix_mask_vector,bf16_tensor,10112.0,l2,548544.0,,0.0,,,zero_counted_flops
1216,2366711,0,1,7,_softmax_prefix_suffix_mask_vector,"(100, 1, 1)","(128, 1, 1)",step07.layer06._softmax_prefix_suffix_mask_vector.line1911/_softmax_prefix_suffix_mask_vector,fp32_simt,10112.0,l2,548544.0,,2528000.0,4.60856376152141,0.24999999999999997,ok
1217,2366711,0,1,7,_matmul_small,"(104, 1, 1)","(128, 1, 1)",step07.layer06._matmul_small.line1921/_matmul_small,bf16_tensor,19648.000000000004,l2,3423136.0,,54525952.0,15.928654894225646,2.7751400651465796,ok
1217,2366711,0,1,7,_matmul_small,"(104, 1, 1)","(128, 1, 1)",step07.layer06._matmul_small.line1921/_matmul_small,fp32_simt,19648.000000000004,l2,3423136.0,,0.0,,,zero_counted_flops
1218,2366711,0,1,7,_matmul_small_res_gate_oproj,"(128, 1, 1)","(128, 1, 1)",step07.layer06._matmul_small_res_gate_oproj.line1932/_matmul_small_res_gate_oproj,bf16_tensor,40160.0,l2,14708832.0,,268435456.0,18.249950505927323,6.6841498007968125,ok
1218,2366711,0,1,7,_matmul_small_res_gate_oproj,"(128, 1, 1)","(128, 1, 1)",step07.layer06._matmul_small_res_gate_oproj.line1932/_matmul_small_res_gate_oproj,fp32_simt,40160.0,l2,14708832.0,,131072.0,0.008911108645472326,0.0032637450199203186,ok
1219,2366711,0,1,7,_adarms_norm_kernel,"(50, 1, 1)","(128, 1, 1)",step07.layer06._adarms_norm_kernel.line1945/_adarms_norm_kernel,bf16_tensor,13632.000000000002,l2,469696.0,,0.0,,,zero_counted_flops
1219,2366711,0,1,7,_adarms_norm_kernel,"(50, 1, 1)","(128, 1, 1)",step07.layer06._adarms_norm_kernel.line1945/_adarms_norm_kernel,fp32_simt,13632.000000000002,l2,469696.0,,358400.0,0.7630467366126176,0.02629107981220657,ok
1220,2366711,0,1,7,_matmul_small_gate,"(1, 64, 1)","(128, 1, 1)",step07.layer06._matmul_small_gate.line1954/_matmul_small_gate,bf16_tensor,78752.00000000001,l2,23300928.0,,1073741824.0,46.08150473663538,13.63447054043072,ok
1220,2366711,0,1,7,_matmul_small_gate,"(1, 64, 1)","(128, 1, 1)",step07.layer06._matmul_small_gate.line1954/_matmul_small_gate,fp32_simt,78752.00000000001,l2,23300928.0,,2883584.0,0.12375404104076884,0.03661600975213328,ok
1221,2366711,0,1,7,_matmul_small_res_gate_ffn_down,"(64, 1, 1)","(128, 1, 1)",step07.layer06._matmul_small_res_gate_ffn_down.line1971/_matmul_small_res_gate_ffn_down,bf16_tensor,72512.0,l2,39350816.0,,536870912.0,13.643196420628227,7.403890556045895,ok
1221,2366711,0,1,7,_matmul_small_res_gate_ffn_down,"(64, 1, 1)","(128, 1, 1)",step07.layer06._matmul_small_res_gate_ffn_down.line1971/_matmul_small_res_gate_ffn_down,fp32_simt,72512.0,l2,39350816.0,,131072.0,0.0033308585011299382,0.0018075904677846424,ok
1222,2366711,0,1,7,_adarms_norm_kernel,"(50, 1, 1)","(128, 1, 1)",step07.layer07._adarms_norm_kernel.line1854/_adarms_norm_kernel,bf16_tensor,14048.000000000002,l2,464384.0,,0.0,,,zero_counted_flops
1222,2366711,0,1,7,_adarms_norm_kernel,"(50, 1, 1)","(128, 1, 1)",step07.layer07._adarms_norm_kernel.line1854/_adarms_norm_kernel,fp32_simt,14048.000000000002,l2,464384.0,,358400.0,0.7717750826901875,0.025512528473804096,ok
1223,2366711,0,1,7,_matmul_rope_qkv,"(128, 1, 1)","(128, 1, 1)",step07.layer07._matmul_rope_qkv.line1863/_matmul_rope_qkv,bf16_tensor,36864.00000000001,l2,13815392.0,,335544320.0,24.28771619364836,9.10222222222222,ok
1223,2366711,0,1,7,_matmul_rope_qkv,"(128, 1, 1)","(128, 1, 1)",step07.layer07._matmul_rope_qkv.line1863/_matmul_rope_qkv,fp32_simt,36864.00000000001,l2,13815392.0,,442368.0,0.03201993834123563,0.011999999999999999,ok
1224,2366711,0,1,7,_matmul_abt_scale,"(91, 1, 1)","(128, 1, 1)",step07.layer07._matmul_abt_scale.line1899/_matmul_abt_scale,bf16_tensor,14976.0,l2,2828480.0,,47710208.0,16.867790474035523,3.185777777777778,ok
1224,2366711,0,1,7,_matmul_abt_scale,"(91, 1, 1)","(128, 1, 1)",step07.layer07._matmul_abt_scale.line1899/_matmul_abt_scale,fp32_simt,14976.0,l2,2828480.0,,93184.0,0.03294490326960063,0.006222222222222223,ok
1225,2366711,0,1,7,_softmax_prefix_suffix_mask_vector,"(100, 1, 1)","(128, 1, 1)",step07.layer07._softmax_prefix_suffix_mask_vector.line1911/_softmax_prefix_suffix_mask_vector,bf16_tensor,17760.000000000004,l2,564864.0,,0.0,,,zero_counted_flops
1225,2366711,0,1,7,_softmax_prefix_suffix_mask_vector,"(100, 1, 1)","(128, 1, 1)",step07.layer07._softmax_prefix_suffix_mask_vector.line1911/_softmax_prefix_suffix_mask_vector,fp32_simt,17760.000000000004,l2,564864.0,,2528000.0,4.475413550872422,0.1423423423423423,ok
1226,2366711,0,1,7,_matmul_small,"(104, 1, 1)","(128, 1, 1)",step07.layer07._matmul_small.line1921/_matmul_small,bf16_tensor,18304.0,l2,3424512.0,,54525952.0,15.922254616132166,2.9789090909090907,ok
1226,2366711,0,1,7,_matmul_small,"(104, 1, 1)","(128, 1, 1)",step07.layer07._matmul_small.line1921/_matmul_small,fp32_simt,18304.0,l2,3424512.0,,0.0,,,zero_counted_flops
1227,2366711,0,1,7,_matmul_small_res_gate_oproj,"(128, 1, 1)","(128, 1, 1)",step07.layer07._matmul_small_res_gate_oproj.line1932/_matmul_small_res_gate_oproj,bf16_tensor,39424.0,l2,14693600.0,,268435456.0,18.26886916752872,6.808935064935064,ok
1227,2366711,0,1,7,_matmul_small_res_gate_oproj,"(128, 1, 1)","(128, 1, 1)",step07.layer07._matmul_small_res_gate_oproj.line1932/_matmul_small_res_gate_oproj,fp32_simt,39424.0,l2,14693600.0,,131072.0,0.008920346273207383,0.0033246753246753244,ok
1228,2366711,0,1,7,_adarms_norm_kernel,"(50, 1, 1)","(128, 1, 1)",step07.layer07._adarms_norm_kernel.line1945/_adarms_norm_kernel,bf16_tensor,15936.000000000002,l2,456480.0,,0.0,,,zero_counted_flops
1228,2366711,0,1,7,_adarms_norm_kernel,"(50, 1, 1)","(128, 1, 1)",step07.layer07._adarms_norm_kernel.line1945/_adarms_norm_kernel,fp32_simt,15936.000000000002,l2,456480.0,,358400.0,0.7851384507535927,0.02248995983935743,ok
1229,2366711,0,1,7,_matmul_small_gate,"(1, 64, 1)","(128, 1, 1)",step07.layer07._matmul_small_gate.line1954/_matmul_small_gate,bf16_tensor,92224.0,l2,23345920.0,,1073741824.0,45.99269696803553,11.64275919500347,ok
1229,2366711,0,1,7,_matmul_small_gate,"(1, 64, 1)","(128, 1, 1)",step07.layer07._matmul_small_gate.line1954/_matmul_small_gate,fp32_simt,92224.0,l2,23345920.0,,2883584.0,0.12351554361532979,0.03126717557251908,ok
1230,2366711,0,1,7,_matmul_small_res_gate_ffn_down,"(64, 1, 1)","(128, 1, 1)",step07.layer07._matmul_small_res_gate_ffn_down.line1971/_matmul_small_res_gate_ffn_down,bf16_tensor,74016.0,l2,39373312.0,,536870912.0,13.635401360190375,7.25344401210549,ok
1230,2366711,0,1,7,_matmul_small_res_gate_ffn_down,"(64, 1, 1)","(128, 1, 1)",step07.layer07._matmul_small_res_gate_ffn_down.line1971/_matmul_small_res_gate_ffn_down,fp32_simt,74016.0,l2,39373312.0,,131072.0,0.0033289554102027283,0.0017708603545179419,ok
1231,2366711,0,1,7,_adarms_norm_kernel,"(50, 1, 1)","(128, 1, 1)",step07.layer08._adarms_norm_kernel.line1854/_adarms_norm_kernel,bf16_tensor,15520.0,l2,460224.0,,0.0,,,zero_counted_flops
1231,2366711,0,1,7,_adarms_norm_kernel,"(50, 1, 1)","(128, 1, 1)",step07.layer08._adarms_norm_kernel.line1854/_adarms_norm_kernel,fp32_simt,15520.0,l2,460224.0,,358400.0,0.7787512167987762,0.02309278350515464,ok
1232,2366711,0,1,7,_matmul_rope_qkv,"(128, 1, 1)","(128, 1, 1)",step07.layer08._matmul_rope_qkv.line1863/_matmul_rope_qkv,bf16_tensor,35776.00000000001,l2,13777440.0,,335544320.0,24.354620306820426,9.379033989266548,ok
1232,2366711,0,1,7,_matmul_rope_qkv,"(128, 1, 1)","(128, 1, 1)",step07.layer08._matmul_rope_qkv.line1863/_matmul_rope_qkv,fp32_simt,35776.00000000001,l2,13777440.0,,442368.0,0.03210814200606209,0.012364937388193201,ok
1233,2366711,0,1,7,_matmul_abt_scale,"(91, 1, 1)","(128, 1, 1)",step07.layer08._matmul_abt_scale.line1899/_matmul_abt_scale,bf16_tensor,18272.0,l2,2866720.0,,47710208.0,16.64278618072222,2.611110332749562,ok
1233,2366711,0,1,7,_matmul_abt_scale,"(91, 1, 1)","(128, 1, 1)",step07.layer08._matmul_abt_scale.line1899/_matmul_abt_scale,fp32_simt,18272.0,l2,2866720.0,,93184.0,0.03250544175922308,0.005099824868651489,ok
1234,2366711,0,1,7,_softmax_prefix_suffix_mask_vector,"(100, 1, 1)","(128, 1, 1)",step07.layer08._softmax_prefix_suffix_mask_vector.line1911/_softmax_prefix_suffix_mask_vector,bf16_tensor,17280.0,l2,560768.0,,0.0,,,zero_counted_flops
1234,2366711,0,1,7,_softmax_prefix_suffix_mask_vector,"(100, 1, 1)","(128, 1, 1)",step07.layer08._softmax_prefix_suffix_mask_vector.line1911/_softmax_prefix_suffix_mask_vector,fp32_simt,17280.0,l2,560768.0,,2528000.0,4.5081031727916,0.14629629629629629,ok
1235,2366711,0,1,7,_matmul_small,"(104, 1, 1)","(128, 1, 1)",step07.layer08._matmul_small.line1921/_matmul_small,bf16_tensor,16768.0,l2,3424352.0,,54525952.0,15.922998570240443,3.251786259541985,ok
1235,2366711,0,1,7,_matmul_small,"(104, 1, 1)","(128, 1, 1)",step07.layer08._matmul_small.line1921/_matmul_small,fp32_simt,16768.0,l2,3424352.0,,0.0,,,zero_counted_flops
1236,2366711,0,1,7,_matmul_small_res_gate_oproj,"(128, 1, 1)","(128, 1, 1)",step07.layer08._matmul_small_res_gate_oproj.line1932/_matmul_small_res_gate_oproj,bf16_tensor,39648.00000000001,l2,14694368.0,,268435456.0,18.267914346503368,6.770466505246166,ok
1236,2366711,0,1,7,_matmul_small_res_gate_oproj,"(128, 1, 1)","(128, 1, 1)",step07.layer08._matmul_small_res_gate_oproj.line1932/_matmul_small_res_gate_oproj,fp32_simt,39648.00000000001,l2,14694368.0,,131072.0,0.008919880052003597,0.0033058918482647293,ok
1237,2366711,0,1,7,_adarms_norm_kernel,"(50, 1, 1)","(128, 1, 1)",step07.layer08._adarms_norm_kernel.line1945/_adarms_norm_kernel,bf16_tensor,14368.0,l2,452992.0,,0.0,,,zero_counted_flops
1237,2366711,0,1,7,_adarms_norm_kernel,"(50, 1, 1)","(128, 1, 1)",step07.layer08._adarms_norm_kernel.line1945/_adarms_norm_kernel,fp32_simt,14368.0,l2,452992.0,,358400.0,0.7911839502684375,0.024944320712694878,ok
1238,2366711,0,1,7,_matmul_small_gate,"(1, 64, 1)","(128, 1, 1)",step07.layer08._matmul_small_gate.line1954/_matmul_small_gate,bf16_tensor,92128.00000000001,l2,23311392.0,,1073741824.0,46.06081970566151,11.654891281695031,ok
1238,2366711,0,1,7,_matmul_small_gate,"(1, 64, 1)","(128, 1, 1)",step07.layer08._matmul_small_gate.line1954/_matmul_small_gate,fp32_simt,92128.00000000001,l2,23311392.0,,2883584.0,0.12369849042047767,0.03129975686002084,ok
1239,2366711,0,1,7,_matmul_small_res_gate_ffn_down,"(64, 1, 1)","(128, 1, 1)",step07.layer08._matmul_small_res_gate_ffn_down.line1971/_matmul_small_res_gate_ffn_down,bf16_tensor,70016.0,l2,39307104.0,,536870912.0,13.658368522901101,7.6678318098720295,ok
1239,2366711,0,1,7,_matmul_small_res_gate_ffn_down,"(64, 1, 1)","(128, 1, 1)",step07.layer08._matmul_small_res_gate_ffn_down.line1971/_matmul_small_res_gate_ffn_down,fp32_simt,70016.0,l2,39307104.0,,131072.0,0.0033345626276614017,0.0018720292504570385,ok
1240,2366711,0,1,7,_adarms_norm_kernel,"(50, 1, 1)","(128, 1, 1)",step07.layer09._adarms_norm_kernel.line1854/_adarms_norm_kernel,bf16_tensor,16704.0,l2,471232.0,,0.0,,,zero_counted_flops
1240,2366711,0,1,7,_adarms_norm_kernel,"(50, 1, 1)","(128, 1, 1)",step07.layer09._adarms_norm_kernel.line1854/_adarms_norm_kernel,fp32_simt,16704.0,l2,471232.0,,358400.0,0.7605595545294038,0.021455938697318006,ok
1241,2366711,0,1,7,_matmul_rope_qkv,"(128, 1, 1)","(128, 1, 1)",step07.layer09._matmul_rope_qkv.line1863/_matmul_rope_qkv,bf16_tensor,36992.0,l2,13825248.0,,335544320.0,24.270401514678074,9.070726643598615,ok
1241,2366711,0,1,7,_matmul_rope_qkv,"(128, 1, 1)","(128, 1, 1)",step07.layer09._matmul_rope_qkv.line1863/_matmul_rope_qkv,fp32_simt,36992.0,l2,13825248.0,,442368.0,0.031997111371890034,0.011958477508650518,ok
1242,2366711,0,1,7,_matmul_abt_scale,"(91, 1, 1)","(128, 1, 1)",step07.layer09._matmul_abt_scale.line1899/_matmul_abt_scale,bf16_tensor,19968.000000000004,l2,2852128.0,,47710208.0,16.72793366917614,2.389333333333333,ok
1242,2366711,0,1,7,_matmul_abt_scale,"(91, 1, 1)","(128, 1, 1)",step07.layer09._matmul_abt_scale.line1899/_matmul_abt_scale,fp32_simt,19968.000000000004,l2,2852128.0,,93184.0,0.032671745447609646,0.004666666666666666,ok
1243,2366711,0,1,7,_softmax_prefix_suffix_mask_vector,"(100, 1, 1)","(128, 1, 1)",step07.layer09._softmax_prefix_suffix_mask_vector.line1911/_softmax_prefix_suffix_mask_vector,bf16_tensor,18880.000000000004,l2,566944.0,,0.0,,,zero_counted_flops
1243,2366711,0,1,7,_softmax_prefix_suffix_mask_vector,"(100, 1, 1)","(128, 1, 1)",step07.layer09._softmax_prefix_suffix_mask_vector.line1911/_softmax_prefix_suffix_mask_vector,fp32_simt,18880.000000000004,l2,566944.0,,2528000.0,4.458994186374668,0.13389830508474573,ok
1244,2366711,0,1,7,_matmul_small,"(104, 1, 1)","(128, 1, 1)",step07.layer09._matmul_small.line1921/_matmul_small,bf16_tensor,17280.0,l2,3419552.0,,54525952.0,15.945349566258972,3.155437037037037,ok
1244,2366711,0,1,7,_matmul_small,"(104, 1, 1)","(128, 1, 1)",step07.layer09._matmul_small.line1921/_matmul_small,fp32_simt,17280.0,l2,3419552.0,,0.0,,,zero_counted_flops
1245,2366711,0,1,7,_matmul_small_res_gate_oproj,"(128, 1, 1)","(128, 1, 1)",step07.layer09._matmul_small_res_gate_oproj.line1932/_matmul_small_res_gate_oproj,bf16_tensor,42688.0,l2,14741440.0,,268435456.0,18.209581696225065,6.288311844077961,ok
1245,2366711,0,1,7,_matmul_small_res_gate_oproj,"(128, 1, 1)","(128, 1, 1)",step07.layer09._matmul_small_res_gate_oproj.line1932/_matmul_small_res_gate_oproj,fp32_simt,42688.0,l2,14741440.0,,131072.0,0.008891397312609895,0.0030704647676161917,ok
1246,2366711,0,1,7,_adarms_norm_kernel,"(50, 1, 1)","(128, 1, 1)",step07.layer09._adarms_norm_kernel.line1945/_adarms_norm_kernel,bf16_tensor,16288.0,l2,471040.0,,0.0,,,zero_counted_flops
1246,2366711,0,1,7,_adarms_norm_kernel,"(50, 1, 1)","(128, 1, 1)",step07.layer09._adarms_norm_kernel.line1945/_adarms_norm_kernel,fp32_simt,16288.0,l2,471040.0,,358400.0,0.7608695652173914,0.02200392927308448,ok
1247,2366711,0,1,7,_matmul_small_gate,"(1, 64, 1)","(128, 1, 1)",step07.layer09._matmul_small_gate.line1954/_matmul_small_gate,bf16_tensor,79264.0,l2,23366528.0,,1073741824.0,45.95213392421844,13.546399677028662,ok
1247,2366711,0,1,7,_matmul_small_gate,"(1, 64, 1)","(128, 1, 1)",step07.layer09._matmul_small_gate.line1954/_matmul_small_gate,fp32_simt,79264.0,l2,23366528.0,,2883584.0,0.12340660965976631,0.036379491320145334,ok
1248,2366711,0,1,7,_matmul_small_res_gate_ffn_down,"(64, 1, 1)","(128, 1, 1)",step07.layer09._matmul_small_res_gate_ffn_down.line1971/_matmul_small_res_gate_ffn_down,bf16_tensor,74592.0,l2,39209984.0,,536870912.0,13.692199211302917,7.19743286143286,ok
1248,2366711,0,1,7,_matmul_small_res_gate_ffn_down,"(64, 1, 1)","(128, 1, 1)",step07.layer09._matmul_small_res_gate_ffn_down.line1971/_matmul_small_res_gate_ffn_down,fp32_simt,74592.0,l2,39209984.0,,131072.0,0.003342822073072001,0.0017571857571857569,ok
1249,2366711,0,1,7,_adarms_norm_kernel,"(50, 1, 1)","(128, 1, 1)",step07.layer10._adarms_norm_kernel.line1854/_adarms_norm_kernel,bf16_tensor,18528.0,l2,462496.0,,0.0,,,zero_counted_flops
1249,2366711,0,1,7,_adarms_norm_kernel,"(50, 1, 1)","(128, 1, 1)",step07.layer10._adarms_norm_kernel.line1854/_adarms_norm_kernel,fp32_simt,18528.0,l2,462496.0,,358400.0,0.7749256209783436,0.019343696027633854,ok
1250,2366711,0,1,7,_matmul_rope_qkv,"(128, 1, 1)","(128, 1, 1)",step07.layer10._matmul_rope_qkv.line1863/_matmul_rope_qkv,bf16_tensor,36800.0,l2,13784640.0,,335544320.0,24.341899389465375,9.118052173913043,ok
1250,2366711,0,1,7,_matmul_rope_qkv,"(128, 1, 1)","(128, 1, 1)",step07.layer10._matmul_rope_qkv.line1863/_matmul_rope_qkv,fp32_simt,36800.0,l2,13784640.0,,442368.0,0.03209137126540845,0.012020869565217392,ok
1251,2366711,0,1,7,_matmul_abt_scale,"(91, 1, 1)","(128, 1, 1)",step07.layer10._matmul_abt_scale.line1899/_matmul_abt_scale,bf16_tensor,17664.000000000004,l2,2871840.0,,47710208.0,16.613114936765278,2.7009855072463766,ok
1251,2366711,0,1,7,_matmul_abt_scale,"(91, 1, 1)","(128, 1, 1)",step07.layer10._matmul_abt_scale.line1899/_matmul_abt_scale,fp32_simt,17664.000000000004,l2,2871840.0,,93184.0,0.032447490110869684,0.005275362318840579,ok
1252,2366711,0,1,7,_softmax_prefix_suffix_mask_vector,"(100, 1, 1)","(128, 1, 1)",step07.layer10._softmax_prefix_suffix_mask_vector.line1911/_softmax_prefix_suffix_mask_vector,bf16_tensor,18560.000000000004,l2,566784.0,,0.0,,,zero_counted_flops
1252,2366711,0,1,7,_softmax_prefix_suffix_mask_vector,"(100, 1, 1)","(128, 1, 1)",step07.layer10._softmax_prefix_suffix_mask_vector.line1911/_softmax_prefix_suffix_mask_vector,fp32_simt,18560.000000000004,l2,566784.0,,2528000.0,4.460252935862692,0.13620689655172413,ok
1253,2366711,0,1,7,_matmul_small,"(104, 1, 1)","(128, 1, 1)",step07.layer10._matmul_small.line1921/_matmul_small,bf16_tensor,18368.0,l2,3427168.0,,54525952.0,15.909915125257939,2.968529616724738,ok
1253,2366711,0,1,7,_matmul_small,"(104, 1, 1)","(128, 1, 1)",step07.layer10._matmul_small.line1921/_matmul_small,fp32_simt,18368.0,l2,3427168.0,,0.0,,,zero_counted_flops
1254,2366711,0,1,7,_matmul_small_res_gate_oproj,"(128, 1, 1)","(128, 1, 1)",step07.layer10._matmul_small_res_gate_oproj.line1932/_matmul_small_res_gate_oproj,bf16_tensor,40736.00000000001,l2,14746016.0,,268435456.0,18.203930878686148,6.589637077769049,ok
1254,2366711,0,1,7,_matmul_small_res_gate_oproj,"(128, 1, 1)","(128, 1, 1)",step07.layer10._matmul_small_res_gate_oproj.line1932/_matmul_small_res_gate_oproj,fp32_simt,40736.00000000001,l2,14746016.0,,131072.0,0.00888863812435847,0.0032175962293794183,ok
1255,2366711,0,1,7,_adarms_norm_kernel,"(50, 1, 1)","(128, 1, 1)",step07.layer10._adarms_norm_kernel.line1945/_adarms_norm_kernel,bf16_tensor,15552.0,l2,453120.0,,0.0,,,zero_counted_flops
1255,2366711,0,1,7,_adarms_norm_kernel,"(50, 1, 1)","(128, 1, 1)",step07.layer10._adarms_norm_kernel.line1945/_adarms_norm_kernel,fp32_simt,15552.0,l2,453120.0,,358400.0,0.7909604519774012,0.023045267489711932,ok
1256,2366711,0,1,7,_matmul_small_gate,"(1, 64, 1)","(128, 1, 1)",step07.layer10._matmul_small_gate.line1954/_matmul_small_gate,bf16_tensor,90016.0,l2,23335520.0,,1073741824.0,46.01319464918716,11.928344116601492,ok
1256,2366711,0,1,7,_matmul_small_gate,"(1, 64, 1)","(128, 1, 1)",step07.layer10._matmul_small_gate.line1954/_matmul_small_gate,fp32_simt,90016.0,l2,23335520.0,,2883584.0,0.1235705910988913,0.03203412726626378,ok
1257,2366711,0,1,7,_matmul_small_res_gate_ffn_down,"(64, 1, 1)","(128, 1, 1)",step07.layer10._matmul_small_res_gate_ffn_down.line1971/_matmul_small_res_gate_ffn_down,bf16_tensor,74688.0,l2,39317920.0,,536870912.0,13.654611230706,7.188181662382177,ok
1257,2366711,0,1,7,_matmul_small_res_gate_ffn_down,"(64, 1, 1)","(128, 1, 1)",step07.layer10._matmul_small_res_gate_ffn_down.line1971/_matmul_small_res_gate_ffn_down,fp32_simt,74688.0,l2,39317920.0,,131072.0,0.003333645319996582,0.0017549271636675236,ok
1258,2366711,0,1,7,_adarms_norm_kernel,"(50, 1, 1)","(128, 1, 1)",step07.layer11._adarms_norm_kernel.line1854/_adarms_norm_kernel,bf16_tensor,14976.0,l2,456736.0,,0.0,,,zero_counted_flops
1258,2366711,0,1,7,_adarms_norm_kernel,"(50, 1, 1)","(128, 1, 1)",step07.layer11._adarms_norm_kernel.line1854/_adarms_norm_kernel,fp32_simt,14976.0,l2,456736.0,,358400.0,0.784698381559588,0.023931623931623933,ok
1259,2366711,0,1,7,_matmul_rope_qkv,"(128, 1, 1)","(128, 1, 1)",step07.layer11._matmul_rope_qkv.line1863/_matmul_rope_qkv,bf16_tensor,36384.0,l2,13844672.0,,335544320.0,24.236350272509164,9.222304309586631,ok
1259,2366711,0,1,7,_matmul_rope_qkv,"(128, 1, 1)","(128, 1, 1)",step07.layer11._matmul_rope_qkv.line1863/_matmul_rope_qkv,fp32_simt,36384.0,l2,13844672.0,,442368.0,0.03195221959754626,0.012158311345646437,ok
1260,2366711,0,1,7,_matmul_abt_scale,"(91, 1, 1)","(128, 1, 1)",step07.layer11._matmul_abt_scale.line1899/_matmul_abt_scale,bf16_tensor,16288.0,l2,2839328.0,,47710208.0,16.803345016849057,2.929163064833006,ok
1260,2366711,0,1,7,_matmul_abt_scale,"(91, 1, 1)","(128, 1, 1)",step07.layer11._matmul_abt_scale.line1899/_matmul_abt_scale,fp32_simt,16288.0,l2,2839328.0,,93184.0,0.032819033236033315,0.005721021611001965,ok
1261,2366711,0,1,7,_softmax_prefix_suffix_mask_vector,"(100, 1, 1)","(128, 1, 1)",step07.layer11._softmax_prefix_suffix_mask_vector.line1911/_softmax_prefix_suffix_mask_vector,bf16_tensor,15520.0,l2,560128.0,,0.0,,,zero_counted_flops
1261,2366711,0,1,7,_softmax_prefix_suffix_mask_vector,"(100, 1, 1)","(128, 1, 1)",step07.layer11._softmax_prefix_suffix_mask_vector.line1911/_softmax_prefix_suffix_mask_vector,fp32_simt,15520.0,l2,560128.0,,2528000.0,4.513254113345521,0.1628865979381443,ok
1262,2366711,0,1,7,_matmul_small,"(104, 1, 1)","(128, 1, 1)",step07.layer11._matmul_small.line1921/_matmul_small,bf16_tensor,17344.000000000004,l2,3416672.0,,54525952.0,15.958790308229762,3.1437933579335793,ok
1262,2366711,0,1,7,_matmul_small,"(104, 1, 1)","(128, 1, 1)",step07.layer11._matmul_small.line1921/_matmul_small,fp32_simt,17344.000000000004,l2,3416672.0,,0.0,,,zero_counted_flops
1263,2366711,0,1,7,_matmul_small_res_gate_oproj,"(128, 1, 1)","(128, 1, 1)",step07.layer11._matmul_small_res_gate_oproj.line1932/_matmul_small_res_gate_oproj,bf16_tensor,42912.00000000001,l2,14686944.0,,268435456.0,18.277148466011717,6.255486950037285,ok
1263,2366711,0,1,7,_matmul_small_res_gate_oproj,"(128, 1, 1)","(128, 1, 1)",step07.layer11._matmul_small_res_gate_oproj.line1932/_matmul_small_res_gate_oproj,fp32_simt,42912.00000000001,l2,14686944.0,,131072.0,0.008924388899419784,0.003054436987322893,ok
1264,2366711,0,1,7,_adarms_norm_kernel,"(50, 1, 1)","(128, 1, 1)",step07.layer11._adarms_norm_kernel.line1945/_adarms_norm_kernel,bf16_tensor,14848.0,l2,463552.0,,0.0,,,zero_counted_flops
1264,2366711,0,1,7,_adarms_norm_kernel,"(50, 1, 1)","(128, 1, 1)",step07.layer11._adarms_norm_kernel.line1945/_adarms_norm_kernel,fp32_simt,14848.0,l2,463552.0,,358400.0,0.7731602926963965,0.02413793103448276,ok
1265,2366711,0,1,7,_matmul_small_gate,"(1, 64, 1)","(128, 1, 1)",step07.layer11._matmul_small_gate.line1954/_matmul_small_gate,bf16_tensor,82432.0,l2,23269216.0,,1073741824.0,46.144306022171094,13.025788819875777,ok
1265,2366711,0,1,7,_matmul_small_gate,"(1, 64, 1)","(128, 1, 1)",step07.layer11._matmul_small_gate.line1954/_matmul_small_gate,fp32_simt,82432.0,l2,23269216.0,,2883584.0,0.12392269683688527,0.03498136645962733,ok
1266,2366711,0,1,7,_matmul_small_res_gate_ffn_down,"(64, 1, 1)","(128, 1, 1)",step07.layer11._matmul_small_res_gate_ffn_down.line1971/_matmul_small_res_gate_ffn_down,bf16_tensor,75072.0,l2,39352064.0,,536870912.0,13.64276374423461,7.1514134697357195,ok
1266,2366711,0,1,7,_matmul_small_res_gate_ffn_down,"(64, 1, 1)","(128, 1, 1)",step07.layer11._matmul_small_res_gate_ffn_down.line1971/_matmul_small_res_gate_ffn_down,fp32_simt,75072.0,l2,39352064.0,,131072.0,0.003330752867244778,0.0017459505541346971,ok
1267,2366711,0,1,7,_adarms_norm_kernel,"(50, 1, 1)","(128, 1, 1)",step07.layer12._adarms_norm_kernel.line1854/_adarms_norm_kernel,bf16_tensor,16448.000000000004,l2,474848.0,,0.0,,,zero_counted_flops
1267,2366711,0,1,7,_adarms_norm_kernel,"(50, 1, 1)","(128, 1, 1)",step07.layer12._adarms_norm_kernel.line1854/_adarms_norm_kernel,fp32_simt,16448.000000000004,l2,474848.0,,358400.0,0.7547678414987533,0.021789883268482486,ok
1268,2366711,0,1,7,_matmul_rope_qkv,"(128, 1, 1)","(128, 1, 1)",step07.layer12._matmul_rope_qkv.line1863/_matmul_rope_qkv,bf16_tensor,34272.0,l2,13982656.0,,335544320.0,23.99718050705102,9.79062558356676,ok
1268,2366711,0,1,7,_matmul_rope_qkv,"(128, 1, 1)","(128, 1, 1)",step07.layer12._matmul_rope_qkv.line1863/_matmul_rope_qkv,fp32_simt,34272.0,l2,13982656.0,,442368.0,0.031636907895037966,0.012907563025210084,ok
1269,2366711,0,1,7,_matmul_abt_scale,"(91, 1, 1)","(128, 1, 1)",step07.layer12._matmul_abt_scale.line1899/_matmul_abt_scale,bf16_tensor,17280.0,l2,2843968.0,,47710208.0,16.775929968269686,2.761007407407407,ok
1269,2366711,0,1,7,_matmul_abt_scale,"(91, 1, 1)","(128, 1, 1)",step07.layer12._matmul_abt_scale.line1899/_matmul_abt_scale,fp32_simt,17280.0,l2,2843968.0,,93184.0,0.03276548821927673,0.005392592592592592,ok
1270,2366711,0,1,7,_softmax_prefix_suffix_mask_vector,"(100, 1, 1)","(128, 1, 1)",step07.layer12._softmax_prefix_suffix_mask_vector.line1911/_softmax_prefix_suffix_mask_vector,bf16_tensor,18528.0,l2,566496.0,,0.0,,,zero_counted_flops
1270,2366711,0,1,7,_softmax_prefix_suffix_mask_vector,"(100, 1, 1)","(128, 1, 1)",step07.layer12._softmax_prefix_suffix_mask_vector.line1911/_softmax_prefix_suffix_mask_vector,fp32_simt,18528.0,l2,566496.0,,2528000.0,4.462520476755352,0.13644214162348878,ok
1271,2366711,0,1,7,_matmul_small,"(104, 1, 1)","(128, 1, 1)",step07.layer12._matmul_small.line1921/_matmul_small,bf16_tensor,17600.0,l2,3416544.0,,54525952.0,15.95938820047393,3.0980654545454547,ok
1271,2366711,0,1,7,_matmul_small,"(104, 1, 1)","(128, 1, 1)",step07.layer12._matmul_small.line1921/_matmul_small,fp32_simt,17600.0,l2,3416544.0,,0.0,,,zero_counted_flops
1272,2366711,0,1,7,_matmul_small_res_gate_oproj,"(128, 1, 1)","(128, 1, 1)",step07.layer12._matmul_small_res_gate_oproj.line1932/_matmul_small_res_gate_oproj,bf16_tensor,39040.00000000001,l2,14636064.0,,268435456.0,18.34068612982288,6.87590819672131,ok
1272,2366711,0,1,7,_matmul_small_res_gate_oproj,"(128, 1, 1)","(128, 1, 1)",step07.layer12._matmul_small_res_gate_oproj.line1932/_matmul_small_res_gate_oproj,fp32_simt,39040.00000000001,l2,14636064.0,,131072.0,0.008955413149327579,0.0033573770491803273,ok
1273,2366711,0,1,7,_adarms_norm_kernel,"(50, 1, 1)","(128, 1, 1)",step07.layer12._adarms_norm_kernel.line1945/_adarms_norm_kernel,bf16_tensor,12576.000000000002,l2,461120.0,,0.0,,,zero_counted_flops
1273,2366711,0,1,7,_adarms_norm_kernel,"(50, 1, 1)","(128, 1, 1)",step07.layer12._adarms_norm_kernel.line1945/_adarms_norm_kernel,fp32_simt,12576.000000000002,l2,461120.0,,358400.0,0.7772380291464261,0.028498727735368955,ok
1274,2366711,0,1,7,_matmul_small_gate,"(1, 64, 1)","(128, 1, 1)",step07.layer12._matmul_small_gate.line1954/_matmul_small_gate,bf16_tensor,83680.00000000001,l2,23323872.0,,1073741824.0,46.03617375365462,12.831522753346079,ok
1274,2366711,0,1,7,_matmul_small_gate,"(1, 64, 1)","(128, 1, 1)",step07.layer12._matmul_small_gate.line1954/_matmul_small_gate,fp32_simt,83680.00000000001,l2,23323872.0,,2883584.0,0.12363230256108419,0.03445965583173996,ok
1275,2366711,0,1,7,_matmul_small_res_gate_ffn_down,"(64, 1, 1)","(128, 1, 1)",step07.layer12._matmul_small_res_gate_ffn_down.line1971/_matmul_small_res_gate_ffn_down,bf16_tensor,73344.00000000001,l2,39275072.0,,536870912.0,13.669508027891075,7.319902268760906,ok
1275,2366711,0,1,7,_matmul_small_res_gate_ffn_down,"(64, 1, 1)","(128, 1, 1)",step07.layer12._matmul_small_res_gate_ffn_down.line1971/_matmul_small_res_gate_ffn_down,fp32_simt,73344.00000000001,l2,39275072.0,,131072.0,0.0033372822333718444,0.0017870855148342055,ok
1276,2366711,0,1,7,_adarms_norm_kernel,"(50, 1, 1)","(128, 1, 1)",step07.layer13._adarms_norm_kernel.line1854/_adarms_norm_kernel,bf16_tensor,13088.0,l2,455104.0,,0.0,,,zero_counted_flops
1276,2366711,0,1,7,_adarms_norm_kernel,"(50, 1, 1)","(128, 1, 1)",step07.layer13._adarms_norm_kernel.line1854/_adarms_norm_kernel,fp32_simt,13088.0,l2,455104.0,,358400.0,0.7875123048797638,0.027383863080684592,ok
1277,2366711,0,1,7,_matmul_rope_qkv,"(128, 1, 1)","(128, 1, 1)",step07.layer13._matmul_rope_qkv.line1863/_matmul_rope_qkv,bf16_tensor,36800.0,l2,13815872.0,,335544320.0,24.286872374034733,9.118052173913043,ok
1277,2366711,0,1,7,_matmul_rope_qkv,"(128, 1, 1)","(128, 1, 1)",step07.layer13._matmul_rope_qkv.line1863/_matmul_rope_qkv,fp32_simt,36800.0,l2,13815872.0,,442368.0,0.032018825883737195,0.012020869565217392,ok
1278,2366711,0,1,7,_matmul_abt_scale,"(91, 1, 1)","(128, 1, 1)",step07.layer13._matmul_abt_scale.line1899/_matmul_abt_scale,bf16_tensor,15104.000000000002,l2,2837824.0,,47710208.0,16.81225051306917,3.1587796610169487,ok
1278,2366711,0,1,7,_matmul_abt_scale,"(91, 1, 1)","(128, 1, 1)",step07.layer13._matmul_abt_scale.line1899/_matmul_abt_scale,fp32_simt,15104.000000000002,l2,2837824.0,,93184.0,0.03283642678333822,0.006169491525423728,ok
1279,2366711,0,1,7,_softmax_prefix_suffix_mask_vector,"(100, 1, 1)","(128, 1, 1)",step07.layer13._softmax_prefix_suffix_mask_vector.line1911/_softmax_prefix_suffix_mask_vector,bf16_tensor,17760.000000000004,l2,564864.0,,0.0,,,zero_counted_flops
1279,2366711,0,1,7,_softmax_prefix_suffix_mask_vector,"(100, 1, 1)","(128, 1, 1)",step07.layer13._softmax_prefix_suffix_mask_vector.line1911/_softmax_prefix_suffix_mask_vector,fp32_simt,17760.000000000004,l2,564864.0,,2528000.0,4.475413550872422,0.1423423423423423,ok
1280,2366711,0,1,7,_matmul_small,"(104, 1, 1)","(128, 1, 1)",step07.layer13._matmul_small.line1921/_matmul_small,bf16_tensor,16032.000000000002,l2,3399520.0,,54525952.0,16.039309078928788,3.401069860279441,ok
1280,2366711,0,1,7,_matmul_small,"(104, 1, 1)","(128, 1, 1)",step07.layer13._matmul_small.line1921/_matmul_small,fp32_simt,16032.000000000002,l2,3399520.0,,0.0,,,zero_counted_flops
1281,2366711,0,1,7,_matmul_small_res_gate_oproj,"(128, 1, 1)","(128, 1, 1)",step07.layer13._matmul_small_res_gate_oproj.line1932/_matmul_small_res_gate_oproj,bf16_tensor,42944.0,l2,14711680.0,,268435456.0,18.246417540348894,6.250825633383011,ok
1281,2366711,0,1,7,_matmul_small_res_gate_oproj,"(128, 1, 1)","(128, 1, 1)",step07.layer13._matmul_small_res_gate_oproj.line1932/_matmul_small_res_gate_oproj,fp32_simt,42944.0,l2,14711680.0,,131072.0,0.008909383564623483,0.0030521609538002982,ok
1282,2366711,0,1,7,_adarms_norm_kernel,"(50, 1, 1)","(128, 1, 1)",step07.layer13._adarms_norm_kernel.line1945/_adarms_norm_kernel,bf16_tensor,17600.0,l2,453120.0,,0.0,,,zero_counted_flops
1282,2366711,0,1,7,_adarms_norm_kernel,"(50, 1, 1)","(128, 1, 1)",step07.layer13._adarms_norm_kernel.line1945/_adarms_norm_kernel,fp32_simt,17600.0,l2,453120.0,,358400.0,0.7909604519774012,0.020363636363636365,ok
1283,2366711,0,1,7,_matmul_small_gate,"(1, 64, 1)","(128, 1, 1)",step07.layer13._matmul_small_gate.line1954/_matmul_small_gate,bf16_tensor,80928.00000000001,l2,23304288.0,,1073741824.0,46.07486072949322,13.267865559509685,ok
1283,2366711,0,1,7,_matmul_small_gate,"(1, 64, 1)","(128, 1, 1)",step07.layer13._matmul_small_gate.line1954/_matmul_small_gate,fp32_simt,80928.00000000001,l2,23304288.0,,2883584.0,0.12373619824815073,0.03563147489126137,ok
1284,2366711,0,1,7,_matmul_small_res_gate_ffn_down,"(64, 1, 1)","(128, 1, 1)",step07.layer13._matmul_small_res_gate_ffn_down.line1971/_matmul_small_res_gate_ffn_down,bf16_tensor,75136.0,l2,39265952.0,,536870912.0,13.672682939152985,7.145321976149914,ok
1284,2366711,0,1,7,_matmul_small_res_gate_ffn_down,"(64, 1, 1)","(128, 1, 1)",step07.layer13._matmul_small_res_gate_ffn_down.line1971/_matmul_small_res_gate_ffn_down,fp32_simt,75136.0,l2,39265952.0,,131072.0,0.0033380573581916467,0.001744463373083475,ok
1285,2366711,0,1,7,_adarms_norm_kernel,"(50, 1, 1)","(128, 1, 1)",step07.layer14._adarms_norm_kernel.line1854/_adarms_norm_kernel,bf16_tensor,13440.0,l2,465312.0,,0.0,,,zero_counted_flops
1285,2366711,0,1,7,_adarms_norm_kernel,"(50, 1, 1)","(128, 1, 1)",step07.layer14._adarms_norm_kernel.line1854/_adarms_norm_kernel,fp32_simt,13440.0,l2,465312.0,,358400.0,0.7702358847397015,0.02666666666666667,ok
1286,2366711,0,1,7,_matmul_rope_qkv,"(128, 1, 1)","(128, 1, 1)",step07.layer14._matmul_rope_qkv.line1863/_matmul_rope_qkv,bf16_tensor,36480.0,l2,13812544.0,,335544320.0,24.29272406299665,9.198035087719298,ok
1286,2366711,0,1,7,_matmul_rope_qkv,"(128, 1, 1)","(128, 1, 1)",step07.layer14._matmul_rope_qkv.line1863/_matmul_rope_qkv,fp32_simt,36480.0,l2,13812544.0,,442368.0,0.032026540512739725,0.012126315789473683,ok
1287,2366711,0,1,7,_matmul_abt_scale,"(91, 1, 1)","(128, 1, 1)",step07.layer14._matmul_abt_scale.line1899/_matmul_abt_scale,bf16_tensor,15392.000000000002,l2,2846880.0,,47710208.0,16.758770302928117,3.0996756756756754,ok
1287,2366711,0,1,7,_matmul_abt_scale,"(91, 1, 1)","(128, 1, 1)",step07.layer14._matmul_abt_scale.line1899/_matmul_abt_scale,fp32_simt,15392.000000000002,l2,2846880.0,,93184.0,0.03273197324790648,0.0060540540540540535,ok
1288,2366711,0,1,7,_softmax_prefix_suffix_mask_vector,"(100, 1, 1)","(128, 1, 1)",step07.layer14._softmax_prefix_suffix_mask_vector.line1911/_softmax_prefix_suffix_mask_vector,bf16_tensor,19392.0,l2,557792.0,,0.0,,,zero_counted_flops
1288,2366711,0,1,7,_softmax_prefix_suffix_mask_vector,"(100, 1, 1)","(128, 1, 1)",step07.layer14._softmax_prefix_suffix_mask_vector.line1911/_softmax_prefix_suffix_mask_vector,fp32_simt,19392.0,l2,557792.0,,2528000.0,4.532155355401296,0.13036303630363036,ok
1289,2366711,0,1,7,_matmul_small,"(104, 1, 1)","(128, 1, 1)",step07.layer14._matmul_small.line1921/_matmul_small,bf16_tensor,19520.000000000004,l2,3428352.0,,54525952.0,15.90442054958184,2.793337704918032,ok
1289,2366711,0,1,7,_matmul_small,"(104, 1, 1)","(128, 1, 1)",step07.layer14._matmul_small.line1921/_matmul_small,fp32_simt,19520.000000000004,l2,3428352.0,,0.0,,,zero_counted_flops
1290,2366711,0,1,7,_matmul_small_res_gate_oproj,"(128, 1, 1)","(128, 1, 1)",step07.layer14._matmul_small_res_gate_oproj.line1932/_matmul_small_res_gate_oproj,bf16_tensor,42112.0,l2,14723584.0,,268435456.0,18.23166533365789,6.374322188449848,ok
1290,2366711,0,1,7,_matmul_small_res_gate_oproj,"(128, 1, 1)","(128, 1, 1)",step07.layer14._matmul_small_res_gate_oproj.line1932/_matmul_small_res_gate_oproj,fp32_simt,42112.0,l2,14723584.0,,131072.0,0.008902180338700142,0.0031124620060790273,ok
1291,2366711,0,1,7,_adarms_norm_kernel,"(50, 1, 1)","(128, 1, 1)",step07.layer14._adarms_norm_kernel.line1945/_adarms_norm_kernel,bf16_tensor,13824.0,l2,461568.0,,0.0,,,zero_counted_flops
1291,2366711,0,1,7,_adarms_norm_kernel,"(50, 1, 1)","(128, 1, 1)",step07.layer14._adarms_norm_kernel.line1945/_adarms_norm_kernel,fp32_simt,13824.0,l2,461568.0,,358400.0,0.776483638380477,0.025925925925925925,ok
1292,2366711,0,1,7,_matmul_small_gate,"(1, 64, 1)","(128, 1, 1)",step07.layer14._matmul_small_gate.line1954/_matmul_small_gate,bf16_tensor,80672.0,l2,23339296.0,,1073741824.0,46.00575030197997,13.309969059896865,ok
1292,2366711,0,1,7,_matmul_small_gate,"(1, 64, 1)","(128, 1, 1)",step07.layer14._matmul_small_gate.line1954/_matmul_small_gate,fp32_simt,80672.0,l2,23339296.0,,2883584.0,0.12355059895551262,0.03574454581515272,ok
1293,2366711,0,1,7,_matmul_small_res_gate_ffn_down,"(64, 1, 1)","(128, 1, 1)",step07.layer14._matmul_small_res_gate_ffn_down.line1971/_matmul_small_res_gate_ffn_down,bf16_tensor,76032.0,l2,39264224.0,,536870912.0,13.673284667487634,7.0611178451178445,ok
1293,2366711,0,1,7,_matmul_small_res_gate_ffn_down,"(64, 1, 1)","(128, 1, 1)",step07.layer14._matmul_small_res_gate_ffn_down.line1971/_matmul_small_res_gate_ffn_down,fp32_simt,76032.0,l2,39264224.0,,131072.0,0.003338204264523348,0.0017239057239057237,ok
1294,2366711,0,1,7,_adarms_norm_kernel,"(50, 1, 1)","(128, 1, 1)",step07.layer15._adarms_norm_kernel.line1854/_adarms_norm_kernel,bf16_tensor,13408.000000000002,l2,469472.0,,0.0,,,zero_counted_flops
1294,2366711,0,1,7,_adarms_norm_kernel,"(50, 1, 1)","(128, 1, 1)",step07.layer15._adarms_norm_kernel.line1854/_adarms_norm_kernel,fp32_simt,13408.000000000002,l2,469472.0,,358400.0,0.7634108104423692,0.02673031026252983,ok
1295,2366711,0,1,7,_matmul_rope_qkv,"(128, 1, 1)","(128, 1, 1)",step07.layer15._matmul_rope_qkv.line1863/_matmul_rope_qkv,bf16_tensor,38976.0,l2,13765792.0,,335544320.0,24.375228101659534,8.608998357963875,ok
1295,2366711,0,1,7,_matmul_rope_qkv,"(128, 1, 1)","(128, 1, 1)",step07.layer15._matmul_rope_qkv.line1863/_matmul_rope_qkv,fp32_simt,38976.0,l2,13765792.0,,442368.0,0.0321353104855863,0.01134975369458128,ok
1296,2366711,0,1,7,_matmul_abt_scale,"(91, 1, 1)","(128, 1, 1)",step07.layer15._matmul_abt_scale.line1899/_matmul_abt_scale,bf16_tensor,16736.0,l2,2869760.0,,47710208.0,16.62515611061552,2.850753346080306,ok
1296,2366711,0,1,7,_matmul_abt_scale,"(91, 1, 1)","(128, 1, 1)",step07.layer15._matmul_abt_scale.line1899/_matmul_abt_scale,fp32_simt,16736.0,l2,2869760.0,,93184.0,0.03247100802854594,0.005567877629063097,ok
1297,2366711,0,1,7,_softmax_prefix_suffix_mask_vector,"(100, 1, 1)","(128, 1, 1)",step07.layer15._softmax_prefix_suffix_mask_vector.line1911/_softmax_prefix_suffix_mask_vector,bf16_tensor,18304.0,l2,566464.0,,0.0,,,zero_counted_flops
1297,2366711,0,1,7,_softmax_prefix_suffix_mask_vector,"(100, 1, 1)","(128, 1, 1)",step07.layer15._softmax_prefix_suffix_mask_vector.line1911/_softmax_prefix_suffix_mask_vector,fp32_simt,18304.0,l2,566464.0,,2528000.0,4.462772568071404,0.13811188811188813,ok
1298,2366711,0,1,7,_matmul_small,"(104, 1, 1)","(128, 1, 1)",step07.layer15._matmul_small.line1921/_matmul_small,bf16_tensor,19552.000000000004,l2,3417824.0,,54525952.0,15.953411293267296,2.788765957446808,ok
1298,2366711,0,1,7,_matmul_small,"(104, 1, 1)","(128, 1, 1)",step07.layer15._matmul_small.line1921/_matmul_small,fp32_simt,19552.000000000004,l2,3417824.0,,0.0,,,zero_counted_flops
1299,2366711,0,1,7,_matmul_small_res_gate_oproj,"(128, 1, 1)","(128, 1, 1)",step07.layer15._matmul_small_res_gate_oproj.line1932/_matmul_small_res_gate_oproj,bf16_tensor,42496.0,l2,14707648.0,,268435456.0,18.251419669548795,6.316722891566265,ok
1299,2366711,0,1,7,_matmul_small_res_gate_oproj,"(128, 1, 1)","(128, 1, 1)",step07.layer15._matmul_small_res_gate_oproj.line1932/_matmul_small_res_gate_oproj,fp32_simt,42496.0,l2,14707648.0,,131072.0,0.008911826010521873,0.00308433734939759,ok
1300,2366711,0,1,7,_adarms_norm_kernel,"(50, 1, 1)","(128, 1, 1)",step07.layer15._adarms_norm_kernel.line1945/_adarms_norm_kernel,bf16_tensor,15424.0,l2,457280.0,,0.0,,,zero_counted_flops
1300,2366711,0,1,7,_adarms_norm_kernel,"(50, 1, 1)","(128, 1, 1)",step07.layer15._adarms_norm_kernel.line1945/_adarms_norm_kernel,fp32_simt,15424.0,l2,457280.0,,358400.0,0.7837648705388384,0.023236514522821574,ok
1301,2366711,0,1,7,_matmul_small_gate,"(1, 64, 1)","(128, 1, 1)",step07.layer15._matmul_small_gate.line1954/_matmul_small_gate,bf16_tensor,79776.0,l2,23378624.0,,1073741824.0,45.92835848679546,13.4594592860008,ok
1301,2366711,0,1,7,_matmul_small_gate,"(1, 64, 1)","(128, 1, 1)",step07.layer15._matmul_small_gate.line1954/_matmul_small_gate,fp32_simt,79776.0,l2,23378624.0,,2883584.0,0.12334275960809328,0.03614600882470918,ok
1302,2366711,0,1,7,_matmul_small_res_gate_ffn_down,"(64, 1, 1)","(128, 1, 1)",step07.layer15._matmul_small_res_gate_ffn_down.line1971/_matmul_small_res_gate_ffn_down,bf16_tensor,72224.0,l2,39379712.0,,536870912.0,13.633185331573781,7.433414266725741,ok
1302,2366711,0,1,7,_matmul_small_res_gate_ffn_down,"(64, 1, 1)","(128, 1, 1)",step07.layer15._matmul_small_res_gate_ffn_down.line1971/_matmul_small_res_gate_ffn_down,fp32_simt,72224.0,l2,39379712.0,,131072.0,0.003328414387591255,0.0018147984049623391,ok
1303,2366711,0,1,7,_adarms_norm_kernel,"(50, 1, 1)","(128, 1, 1)",step07.layer16._adarms_norm_kernel.line1854/_adarms_norm_kernel,bf16_tensor,16000.000000000002,l2,460608.0,,0.0,,,zero_counted_flops
1303,2366711,0,1,7,_adarms_norm_kernel,"(50, 1, 1)","(128, 1, 1)",step07.layer16._adarms_norm_kernel.line1854/_adarms_norm_kernel,fp32_simt,16000.000000000002,l2,460608.0,,358400.0,0.7781019869390023,0.022399999999999996,ok
1304,2366711,0,1,7,_matmul_rope_qkv,"(128, 1, 1)","(128, 1, 1)",step07.layer16._matmul_rope_qkv.line1863/_matmul_rope_qkv,bf16_tensor,33056.0,l2,13957440.0,,335544320.0,24.040534653919345,10.150784123910938,ok
1304,2366711,0,1,7,_matmul_rope_qkv,"(128, 1, 1)","(128, 1, 1)",step07.layer16._matmul_rope_qkv.line1863/_matmul_rope_qkv,fp32_simt,33056.0,l2,13957440.0,,442368.0,0.031694064241006945,0.013382381413359146,ok
1305,2366711,0,1,7,_matmul_abt_scale,"(91, 1, 1)","(128, 1, 1)",step07.layer16._matmul_abt_scale.line1899/_matmul_abt_scale,bf16_tensor,17344.000000000004,l2,2852224.0,,47710208.0,16.727370641296055,2.750819188191882,ok
1305,2366711,0,1,7,_matmul_abt_scale,"(91, 1, 1)","(128, 1, 1)",step07.layer16._matmul_abt_scale.line1899/_matmul_abt_scale,fp32_simt,17344.000000000004,l2,2852224.0,,93184.0,0.03267064578378136,0.0053726937269372695,ok
1306,2366711,0,1,7,_softmax_prefix_suffix_mask_vector,"(100, 1, 1)","(128, 1, 1)",step07.layer16._softmax_prefix_suffix_mask_vector.line1911/_softmax_prefix_suffix_mask_vector,bf16_tensor,17600.0,l2,564416.0,,0.0,,,zero_counted_flops
1306,2366711,0,1,7,_softmax_prefix_suffix_mask_vector,"(100, 1, 1)","(128, 1, 1)",step07.layer16._softmax_prefix_suffix_mask_vector.line1911/_softmax_prefix_suffix_mask_vector,fp32_simt,17600.0,l2,564416.0,,2528000.0,4.478965869146162,0.14363636363636362,ok
1307,2366711,0,1,7,_matmul_small,"(104, 1, 1)","(128, 1, 1)",step07.layer16._matmul_small.line1921/_matmul_small,bf16_tensor,19776.0,l2,3421952.0,,54525952.0,15.934166230268572,2.757177993527508,ok
1307,2366711,0,1,7,_matmul_small,"(104, 1, 1)","(128, 1, 1)",step07.layer16._matmul_small.line1921/_matmul_small,fp32_simt,19776.0,l2,3421952.0,,0.0,,,zero_counted_flops
1308,2366711,0,1,7,_matmul_small_res_gate_oproj,"(128, 1, 1)","(128, 1, 1)",step07.layer16._matmul_small_res_gate_oproj.line1932/_matmul_small_res_gate_oproj,bf16_tensor,41312.0,l2,14750816.0,,268435456.0,18.198007215329646,6.497759876065065,ok
1308,2366711,0,1,7,_matmul_small_res_gate_oproj,"(128, 1, 1)","(128, 1, 1)",step07.layer16._matmul_small_res_gate_oproj.line1932/_matmul_small_res_gate_oproj,fp32_simt,41312.0,l2,14750816.0,,131072.0,0.008885745710610179,0.003172734314484895,ok
1309,2366711,0,1,7,_adarms_norm_kernel,"(50, 1, 1)","(128, 1, 1)",step07.layer16._adarms_norm_kernel.line1945/_adarms_norm_kernel,bf16_tensor,13312.0,l2,457952.0,,0.0,,,zero_counted_flops
1309,2366711,0,1,7,_adarms_norm_kernel,"(50, 1, 1)","(128, 1, 1)",step07.layer16._adarms_norm_kernel.line1945/_adarms_norm_kernel,fp32_simt,13312.0,l2,457952.0,,358400.0,0.7826147718538188,0.026923076923076925,ok
1310,2366711,0,1,7,_matmul_small_gate,"(1, 64, 1)","(128, 1, 1)",step07.layer16._matmul_small_gate.line1954/_matmul_small_gate,bf16_tensor,79488.00000000001,l2,23271424.0,,1073741824.0,46.139927835958815,13.508225442834137,ok
1310,2366711,0,1,7,_matmul_small_gate,"(1, 64, 1)","(128, 1, 1)",step07.layer16._matmul_small_gate.line1954/_matmul_small_gate,fp32_simt,79488.00000000001,l2,23271424.0,,2883584.0,0.12391093901258471,0.0362769726247987,ok
1311,2366711,0,1,7,_matmul_small_res_gate_ffn_down,"(64, 1, 1)","(128, 1, 1)",step07.layer16._matmul_small_res_gate_ffn_down.line1971/_matmul_small_res_gate_ffn_down,bf16_tensor,74976.00000000001,l2,39367360.0,,536870912.0,13.63746291343895,7.1605702091335885,ok
1311,2366711,0,1,7,_matmul_small_res_gate_ffn_down,"(64, 1, 1)","(128, 1, 1)",step07.layer16._matmul_small_res_gate_ffn_down.line1971/_matmul_small_res_gate_ffn_down,fp32_simt,74976.00000000001,l2,39367360.0,,131072.0,0.0033294587191013063,0.001748186086214255,ok
1312,2366711,0,1,7,_adarms_norm_kernel,"(50, 1, 1)","(128, 1, 1)",step07.layer17._adarms_norm_kernel.line1854/_adarms_norm_kernel,bf16_tensor,14688.0,l2,467712.0,,0.0,,,zero_counted_flops
1312,2366711,0,1,7,_adarms_norm_kernel,"(50, 1, 1)","(128, 1, 1)",step07.layer17._adarms_norm_kernel.line1854/_adarms_norm_kernel,fp32_simt,14688.0,l2,467712.0,,358400.0,0.7662835249042146,0.024400871459694988,ok
1313,2366711,0,1,7,_matmul_rope_qkv,"(128, 1, 1)","(128, 1, 1)",step07.layer17._matmul_rope_qkv.line1863/_matmul_rope_qkv,bf16_tensor,36960.00000000001,l2,13817248.0,,335544320.0,24.28445374940075,9.078580086580086,ok
1313,2366711,0,1,7,_matmul_rope_qkv,"(128, 1, 1)","(128, 1, 1)",step07.layer17._matmul_rope_qkv.line1863/_matmul_rope_qkv,fp32_simt,36960.00000000001,l2,13817248.0,,442368.0,0.03201563726727638,0.011968831168831167,ok
1314,2366711,0,1,7,_matmul_abt_scale,"(91, 1, 1)","(128, 1, 1)",step07.layer17._matmul_abt_scale.line1899/_matmul_abt_scale,bf16_tensor,18272.0,l2,2858368.0,,47710208.0,16.691415521024584,2.611110332749562,ok
1314,2366711,0,1,7,_matmul_abt_scale,"(91, 1, 1)","(128, 1, 1)",step07.layer17._matmul_abt_scale.line1899/_matmul_abt_scale,fp32_simt,18272.0,l2,2858368.0,,93184.0,0.03260042093950114,0.005099824868651489,ok
1315,2366711,0,1,7,_softmax_prefix_suffix_mask_vector,"(100, 1, 1)","(128, 1, 1)",step07.layer17._softmax_prefix_suffix_mask_vector.line1911/_softmax_prefix_suffix_mask_vector,bf16_tensor,17376.0,l2,564288.0,,0.0,,,zero_counted_flops
1315,2366711,0,1,7,_softmax_prefix_suffix_mask_vector,"(100, 1, 1)","(128, 1, 1)",step07.layer17._softmax_prefix_suffix_mask_vector.line1911/_softmax_prefix_suffix_mask_vector,fp32_simt,17376.0,l2,564288.0,,2528000.0,4.479981853238063,0.14548802946593004,ok
1316,2366711,0,1,7,_matmul_small,"(104, 1, 1)","(128, 1, 1)",step07.layer17._matmul_small.line1921/_matmul_small,bf16_tensor,18720.0,l2,3421760.0,,54525952.0,15.935060319835406,2.912711111111111,ok
1316,2366711,0,1,7,_matmul_small,"(104, 1, 1)","(128, 1, 1)",step07.layer17._matmul_small.line1921/_matmul_small,fp32_simt,18720.0,l2,3421760.0,,0.0,,,zero_counted_flops
1317,2366711,0,1,7,_matmul_small_res_gate_oproj,"(128, 1, 1)","(128, 1, 1)",step07.layer17._matmul_small_res_gate_oproj.line1932/_matmul_small_res_gate_oproj,bf16_tensor,42720.00000000001,l2,14751808.0,,268435456.0,18.19678347223608,6.28360149812734,ok
1317,2366711,0,1,7,_matmul_small_res_gate_oproj,"(128, 1, 1)","(128, 1, 1)",step07.layer17._matmul_small_res_gate_oproj.line1932/_matmul_small_res_gate_oproj,fp32_simt,42720.00000000001,l2,14751808.0,,131072.0,0.008885148179802774,0.0030681647940074904,ok
1318,2366711,0,1,7,_adarms_norm_kernel,"(50, 1, 1)","(128, 1, 1)",step07.layer17._adarms_norm_kernel.line1945/_adarms_norm_kernel,bf16_tensor,14816.0,l2,461280.0,,0.0,,,zero_counted_flops
1318,2366711,0,1,7,_adarms_norm_kernel,"(50, 1, 1)","(128, 1, 1)",step07.layer17._adarms_norm_kernel.line1945/_adarms_norm_kernel,fp32_simt,14816.0,l2,461280.0,,358400.0,0.7769684356573014,0.024190064794816415,ok
1319,2366711,0,1,7,_matmul_small_gate,"(1, 64, 1)","(128, 1, 1)",step07.layer17._matmul_small_gate.line1954/_matmul_small_gate,bf16_tensor,80096.0,l2,23326208.0,,1073741824.0,46.03156346715248,13.405685976827806,ok
1319,2366711,0,1,7,_matmul_small_gate,"(1, 64, 1)","(128, 1, 1)",step07.layer17._matmul_small_gate.line1954/_matmul_small_gate,fp32_simt,80096.0,l2,23326208.0,,2883584.0,0.12361992142057551,0.03600159808230124,ok
1320,2366711,0,1,7,_matmul_small_res_gate_ffn_down,"(64, 1, 1)","(128, 1, 1)",step07.layer17._matmul_small_res_gate_ffn_down.line1971/_matmul_small_res_gate_ffn_down,bf16_tensor,74144.0,l2,39320800.0,,536870912.0,13.65361111676263,7.240921881743634,ok
1320,2366711,0,1,7,_matmul_small_res_gate_ffn_down,"(64, 1, 1)","(128, 1, 1)",step07.layer17._matmul_small_res_gate_ffn_down.line1971/_matmul_small_res_gate_ffn_down,fp32_simt,74144.0,l2,39320800.0,,131072.0,0.0033334011515533763,0.0017678031937850669,ok
1321,2366711,0,1,7,_adarms_norm_kernel,"(50, 1, 1)","(128, 1, 1)",step07.layer-1._adarms_norm_kernel.line1989/_adarms_norm_kernel,bf16_tensor,18560.000000000004,l2,461984.0,,0.0,,,zero_counted_flops
1321,2366711,0,1,7,_adarms_norm_kernel,"(50, 1, 1)","(128, 1, 1)",step07.layer-1._adarms_norm_kernel.line1989/_adarms_norm_kernel,fp32_simt,18560.000000000004,l2,461984.0,,358400.0,0.7757844427512641,0.019310344827586205,ok
1322,2366711,0,1,7,_matmul_small_bias_res,"(8, 1, 1)","(128, 1, 1)",step07.layer-1._matmul_small_bias_res.line1998/_matmul_small_bias_res,bf16_tensor,14816.0,l2,516928.0,,8388608.0,16.227807354215674,0.5661857451403888,ok
1322,2366711,0,1,7,_matmul_small_bias_res,"(8, 1, 1)","(128, 1, 1)",step07.layer-1._matmul_small_bias_res.line1998/_matmul_small_bias_res,fp32_simt,14816.0,l2,516928.0,,4096.0,0.007923734059675622,0.00027645788336933046,ok
1323,2366711,0,1,7,_matmul_small_bias,"(64, 1, 1)","(128, 1, 1)",step08.layer-1._matmul_small_bias.line1839/_matmul_small_bias,bf16_tensor,16320.0,l2,366080.0,,4194304.0,11.457342657342657,0.25700392156862745,ok
1323,2366711,0,1,7,_matmul_small_bias,"(64, 1, 1)","(128, 1, 1)",step08.layer-1._matmul_small_bias.line1839/_matmul_small_bias,fp32_simt,16320.0,l2,366080.0,,32768.0,0.08951048951048951,0.002007843137254902,ok
1324,2366711,0,1,7,_adarms_norm_kernel,"(50, 1, 1)","(128, 1, 1)",step08.layer00._adarms_norm_kernel.line1854/_adarms_norm_kernel,bf16_tensor,15936.000000000002,l2,460544.0,,0.0,,,zero_counted_flops
1324,2366711,0,1,7,_adarms_norm_kernel,"(50, 1, 1)","(128, 1, 1)",step08.layer00._adarms_norm_kernel.line1854/_adarms_norm_kernel,fp32_simt,15936.000000000002,l2,460544.0,,358400.0,0.7782101167315175,0.02248995983935743,ok
1325,2366711,0,1,7,_matmul_rope_qkv,"(128, 1, 1)","(128, 1, 1)",step08.layer00._matmul_rope_qkv.line1863/_matmul_rope_qkv,bf16_tensor,36384.0,l2,13782656.0,,335544320.0,24.345403382337917,9.222304309586631,ok
1325,2366711,0,1,7,_matmul_rope_qkv,"(128, 1, 1)","(128, 1, 1)",step08.layer00._matmul_rope_qkv.line1863/_matmul_rope_qkv,fp32_simt,36384.0,l2,13782656.0,,442368.0,0.032095990787261906,0.012158311345646437,ok
1326,2366711,0,1,7,_matmul_abt_scale,"(91, 1, 1)","(128, 1, 1)",step08.layer00._matmul_abt_scale.line1899/_matmul_abt_scale,bf16_tensor,16544.0,l2,2836320.0,,47710208.0,16.821165453827494,2.8838375241779497,ok
1326,2366711,0,1,7,_matmul_abt_scale,"(91, 1, 1)","(128, 1, 1)",step08.layer00._matmul_abt_scale.line1899/_matmul_abt_scale,fp32_simt,16544.0,l2,2836320.0,,93184.0,0.03285383877700682,0.005632495164410058,ok
1327,2366711,0,1,7,_softmax_prefix_suffix_mask_vector,"(100, 1, 1)","(128, 1, 1)",step08.layer00._softmax_prefix_suffix_mask_vector.line1911/_softmax_prefix_suffix_mask_vector,bf16_tensor,17504.0,l2,564192.0,,0.0,,,zero_counted_flops
1327,2366711,0,1,7,_softmax_prefix_suffix_mask_vector,"(100, 1, 1)","(128, 1, 1)",step08.layer00._softmax_prefix_suffix_mask_vector.line1911/_softmax_prefix_suffix_mask_vector,fp32_simt,17504.0,l2,564192.0,,2528000.0,4.480744143837559,0.14442413162705667,ok
1328,2366711,0,1,7,_matmul_small,"(104, 1, 1)","(128, 1, 1)",step08.layer00._matmul_small.line1921/_matmul_small,bf16_tensor,19072.0,l2,3425952.0,,54525952.0,15.915562156153968,2.858953020134228,ok
1328,2366711,0,1,7,_matmul_small,"(104, 1, 1)","(128, 1, 1)",step08.layer00._matmul_small.line1921/_matmul_small,fp32_simt,19072.0,l2,3425952.0,,0.0,,,zero_counted_flops
1329,2366711,0,1,7,_matmul_small_res_gate_oproj,"(128, 1, 1)","(128, 1, 1)",step08.layer00._matmul_small_res_gate_oproj.line1932/_matmul_small_res_gate_oproj,bf16_tensor,44512.0,l2,14694496.0,,268435456.0,18.26775521936921,6.030631200575125,ok
1329,2366711,0,1,7,_matmul_small_res_gate_oproj,"(128, 1, 1)","(128, 1, 1)",step08.layer00._matmul_small_res_gate_oproj.line1932/_matmul_small_res_gate_oproj,fp32_simt,44512.0,l2,14694496.0,,131072.0,0.008919802353207622,0.0029446441409058228,ok
1330,2366711,0,1,7,_adarms_norm_kernel,"(50, 1, 1)","(128, 1, 1)",step08.layer00._adarms_norm_kernel.line1945/_adarms_norm_kernel,bf16_tensor,13152.0,l2,454208.0,,0.0,,,zero_counted_flops
1330,2366711,0,1,7,_adarms_norm_kernel,"(50, 1, 1)","(128, 1, 1)",step08.layer00._adarms_norm_kernel.line1945/_adarms_norm_kernel,fp32_simt,13152.0,l2,454208.0,,358400.0,0.7890658024517402,0.02725060827250608,ok
1331,2366711,0,1,7,_matmul_small_gate,"(1, 64, 1)","(128, 1, 1)",step08.layer00._matmul_small_gate.line1954/_matmul_small_gate,bf16_tensor,79104.0,l2,23319200.0,,1073741824.0,46.04539709767059,13.57379935275081,ok
1331,2366711,0,1,7,_matmul_small_gate,"(1, 64, 1)","(128, 1, 1)",step08.layer00._matmul_small_gate.line1954/_matmul_small_gate,fp32_simt,79104.0,l2,23319200.0,,2883584.0,0.12365707228378332,0.03645307443365695,ok
1332,2366711,0,1,7,_matmul_small_res_gate_ffn_down,"(64, 1, 1)","(128, 1, 1)",step08.layer00._matmul_small_res_gate_ffn_down.line1971/_matmul_small_res_gate_ffn_down,bf16_tensor,79840.00000000001,l2,39223680.0,,536870912.0,13.68741821267153,6.72433507014028,ok
1332,2366711,0,1,7,_matmul_small_res_gate_ffn_down,"(64, 1, 1)","(128, 1, 1)",step08.layer00._matmul_small_res_gate_ffn_down.line1971/_matmul_small_res_gate_ffn_down,fp32_simt,79840.00000000001,l2,39223680.0,,131072.0,0.00334165483707801,0.0016416833667334668,ok
1333,2366711,0,1,7,_adarms_norm_kernel,"(50, 1, 1)","(128, 1, 1)",step08.layer01._adarms_norm_kernel.line1854/_adarms_norm_kernel,bf16_tensor,10144.000000000002,l2,457088.0,,0.0,,,zero_counted_flops
1333,2366711,0,1,7,_adarms_norm_kernel,"(50, 1, 1)","(128, 1, 1)",step08.layer01._adarms_norm_kernel.line1854/_adarms_norm_kernel,fp32_simt,10144.000000000002,l2,457088.0,,358400.0,0.7840940912909549,0.03533123028391167,ok
1334,2366711,0,1,7,_matmul_rope_qkv,"(128, 1, 1)","(128, 1, 1)",step08.layer01._matmul_rope_qkv.line1863/_matmul_rope_qkv,bf16_tensor,37088.0,l2,13837184.0,,335544320.0,24.249465787258448,9.047247627264882,ok
1334,2366711,0,1,7,_matmul_rope_qkv,"(128, 1, 1)","(128, 1, 1)",step08.layer01._matmul_rope_qkv.line1863/_matmul_rope_qkv,fp32_simt,37088.0,l2,13837184.0,,442368.0,0.03196951055937393,0.011927523727351164,ok
1335,2366711,0,1,7,_matmul_abt_scale,"(91, 1, 1)","(128, 1, 1)",step08.layer01._matmul_abt_scale.line1899/_matmul_abt_scale,bf16_tensor,11104.0,l2,2849440.0,,47710208.0,16.743713852546467,4.296668587896254,ok
1335,2366711,0,1,7,_matmul_abt_scale,"(91, 1, 1)","(128, 1, 1)",step08.layer01._matmul_abt_scale.line1899/_matmul_abt_scale,fp32_simt,11104.0,l2,2849440.0,,93184.0,0.03270256611825482,0.00839193083573487,ok
1336,2366711,0,1,7,_softmax_prefix_suffix_mask_vector,"(100, 1, 1)","(128, 1, 1)",step08.layer01._softmax_prefix_suffix_mask_vector.line1911/_softmax_prefix_suffix_mask_vector,bf16_tensor,17568.000000000004,l2,565312.0,,0.0,,,zero_counted_flops
1336,2366711,0,1,7,_softmax_prefix_suffix_mask_vector,"(100, 1, 1)","(128, 1, 1)",step08.layer01._softmax_prefix_suffix_mask_vector.line1911/_softmax_prefix_suffix_mask_vector,fp32_simt,17568.000000000004,l2,565312.0,,2528000.0,4.4718668629004865,0.14389799635701273,ok
1337,2366711,0,1,7,_matmul_small,"(104, 1, 1)","(128, 1, 1)",step08.layer01._matmul_small.line1921/_matmul_small,bf16_tensor,18336.000000000004,l2,3421952.0,,54525952.0,15.934166230268572,2.9737102966841182,ok
1337,2366711,0,1,7,_matmul_small,"(104, 1, 1)","(128, 1, 1)",step08.layer01._matmul_small.line1921/_matmul_small,fp32_simt,18336.000000000004,l2,3421952.0,,0.0,,,zero_counted_flops
1338,2366711,0,1,7,_matmul_small_res_gate_oproj,"(128, 1, 1)","(128, 1, 1)",step08.layer01._matmul_small_res_gate_oproj.line1932/_matmul_small_res_gate_oproj,bf16_tensor,43104.0,l2,14669088.0,,268435456.0,18.299396390559522,6.22762286562732,ok
1338,2366711,0,1,7,_matmul_small_res_gate_oproj,"(128, 1, 1)","(128, 1, 1)",step08.layer01._matmul_small_res_gate_oproj.line1932/_matmul_small_res_gate_oproj,fp32_simt,43104.0,l2,14669088.0,,131072.0,0.008935252143827892,0.00304083147735709,ok
1339,2366711,0,1,7,_adarms_norm_kernel,"(50, 1, 1)","(128, 1, 1)",step08.layer01._adarms_norm_kernel.line1945/_adarms_norm_kernel,bf16_tensor,11680.0,l2,458304.0,,0.0,,,zero_counted_flops
1339,2366711,0,1,7,_adarms_norm_kernel,"(50, 1, 1)","(128, 1, 1)",step08.layer01._adarms_norm_kernel.line1945/_adarms_norm_kernel,fp32_simt,11680.0,l2,458304.0,,358400.0,0.7820136852394917,0.030684931506849315,ok
1340,2366711,0,1,7,_matmul_small_gate,"(1, 64, 1)","(128, 1, 1)",step08.layer01._matmul_small_gate.line1954/_matmul_small_gate,bf16_tensor,84960.0,l2,23374816.0,,1073741824.0,45.935840692820854,12.638204143126178,ok
1340,2366711,0,1,7,_matmul_small_gate,"(1, 64, 1)","(128, 1, 1)",step08.layer01._matmul_small_gate.line1954/_matmul_small_gate,fp32_simt,84960.0,l2,23374816.0,,2883584.0,0.12336285342310288,0.03394048964218456,ok
1341,2366711,0,1,7,_matmul_small_res_gate_ffn_down,"(64, 1, 1)","(128, 1, 1)",step08.layer01._matmul_small_res_gate_ffn_down.line1971/_matmul_small_res_gate_ffn_down,bf16_tensor,74304.0,l2,39287360.0,,536870912.0,13.665232583711402,7.225329888027563,ok
1341,2366711,0,1,7,_matmul_small_res_gate_ffn_down,"(64, 1, 1)","(128, 1, 1)",step08.layer01._matmul_small_res_gate_ffn_down.line1971/_matmul_small_res_gate_ffn_down,fp32_simt,74304.0,l2,39287360.0,,131072.0,0.0033362384237576666,0.0017639965546942292,ok
1342,2366711,0,1,7,_adarms_norm_kernel,"(50, 1, 1)","(128, 1, 1)",step08.layer02._adarms_norm_kernel.line1854/_adarms_norm_kernel,bf16_tensor,15136.0,l2,467296.0,,0.0,,,zero_counted_flops
1342,2366711,0,1,7,_adarms_norm_kernel,"(50, 1, 1)","(128, 1, 1)",step08.layer02._adarms_norm_kernel.line1854/_adarms_norm_kernel,fp32_simt,15136.0,l2,467296.0,,358400.0,0.7669656919810998,0.023678646934460888,ok
1343,2366711,0,1,7,_matmul_rope_qkv,"(128, 1, 1)","(128, 1, 1)",step08.layer02._matmul_rope_qkv.line1863/_matmul_rope_qkv,bf16_tensor,36608.0,l2,13796256.0,,335544320.0,24.32140429983323,9.165874125874128,ok
1343,2366711,0,1,7,_matmul_rope_qkv,"(128, 1, 1)","(128, 1, 1)",step08.layer02._matmul_rope_qkv.line1863/_matmul_rope_qkv,fp32_simt,36608.0,l2,13796256.0,,442368.0,0.03206435137185045,0.012083916083916084,ok
1344,2366711,0,1,7,_matmul_abt_scale,"(91, 1, 1)","(128, 1, 1)",step08.layer02._matmul_abt_scale.line1899/_matmul_abt_scale,bf16_tensor,17664.000000000004,l2,2846592.0,,47710208.0,16.760465848284547,2.7009855072463766,ok
1344,2366711,0,1,7,_matmul_abt_scale,"(91, 1, 1)","(128, 1, 1)",step08.layer02._matmul_abt_scale.line1899/_matmul_abt_scale,fp32_simt,17664.000000000004,l2,2846592.0,,93184.0,0.032735284859930755,0.005275362318840579,ok
1345,2366711,0,1,7,_softmax_prefix_suffix_mask_vector,"(100, 1, 1)","(128, 1, 1)",step08.layer02._softmax_prefix_suffix_mask_vector.line1911/_softmax_prefix_suffix_mask_vector,bf16_tensor,18528.0,l2,566592.0,,0.0,,,zero_counted_flops
1345,2366711,0,1,7,_softmax_prefix_suffix_mask_vector,"(100, 1, 1)","(128, 1, 1)",step08.layer02._softmax_prefix_suffix_mask_vector.line1911/_softmax_prefix_suffix_mask_vector,fp32_simt,18528.0,l2,566592.0,,2528000.0,4.461764373658647,0.13644214162348878,ok
1346,2366711,0,1,7,_matmul_small,"(104, 1, 1)","(128, 1, 1)",step08.layer02._matmul_small.line1921/_matmul_small,bf16_tensor,18688.0,l2,3418560.0,,54525952.0,15.949976598333802,2.9176986301369863,ok
1346,2366711,0,1,7,_matmul_small,"(104, 1, 1)","(128, 1, 1)",step08.layer02._matmul_small.line1921/_matmul_small,fp32_simt,18688.0,l2,3418560.0,,0.0,,,zero_counted_flops
1347,2366711,0,1,7,_matmul_small_res_gate_oproj,"(128, 1, 1)","(128, 1, 1)",step08.layer02._matmul_small_res_gate_oproj.line1932/_matmul_small_res_gate_oproj,bf16_tensor,40288.00000000001,l2,14679872.0,,268435456.0,18.285953447005532,6.662913423351866,ok
1347,2366711,0,1,7,_matmul_small_res_gate_oproj,"(128, 1, 1)","(128, 1, 1)",step08.layer02._matmul_small_res_gate_oproj.line1932/_matmul_small_res_gate_oproj,fp32_simt,40288.00000000001,l2,14679872.0,,131072.0,0.00892868820654567,0.0032533756949960284,ok
1348,2366711,0,1,7,_adarms_norm_kernel,"(50, 1, 1)","(128, 1, 1)",step08.layer02._adarms_norm_kernel.line1945/_adarms_norm_kernel,bf16_tensor,14784.000000000002,l2,458368.0,,0.0,,,zero_counted_flops
1348,2366711,0,1,7,_adarms_norm_kernel,"(50, 1, 1)","(128, 1, 1)",step08.layer02._adarms_norm_kernel.line1945/_adarms_norm_kernel,fp32_simt,14784.000000000002,l2,458368.0,,358400.0,0.7819044959508518,0.02424242424242424,ok
1349,2366711,0,1,7,_matmul_small_gate,"(1, 64, 1)","(128, 1, 1)",step08.layer02._matmul_small_gate.line1954/_matmul_small_gate,bf16_tensor,78880.0,l2,23346208.0,,1073741824.0,45.99212959980482,13.612345638945232,ok
1349,2366711,0,1,7,_matmul_small_gate,"(1, 64, 1)","(128, 1, 1)",step08.layer02._matmul_small_gate.line1954/_matmul_small_gate,fp32_simt,78880.0,l2,23346208.0,,2883584.0,0.12351401992135083,0.03655659229208925,ok
1350,2366711,0,1,7,_matmul_small_res_gate_ffn_down,"(64, 1, 1)","(128, 1, 1)",step08.layer02._matmul_small_res_gate_ffn_down.line1971/_matmul_small_res_gate_ffn_down,bf16_tensor,74048.0,l2,39217280.0,,536870912.0,13.689651908546436,7.250309420916162,ok
1350,2366711,0,1,7,_matmul_small_res_gate_ffn_down,"(64, 1, 1)","(128, 1, 1)",step08.layer02._matmul_small_res_gate_ffn_down.line1971/_matmul_small_res_gate_ffn_down,fp32_simt,74048.0,l2,39217280.0,,131072.0,0.0033422001729849697,0.0017700950734658599,ok
1351,2366711,0,1,7,_adarms_norm_kernel,"(50, 1, 1)","(128, 1, 1)",step08.layer03._adarms_norm_kernel.line1854/_adarms_norm_kernel,bf16_tensor,13536.0,l2,450336.0,,0.0,,,zero_counted_flops
1351,2366711,0,1,7,_adarms_norm_kernel,"(50, 1, 1)","(128, 1, 1)",step08.layer03._adarms_norm_kernel.line1854/_adarms_norm_kernel,fp32_simt,13536.0,l2,450336.0,,358400.0,0.7958502096212605,0.02647754137115839,ok
1352,2366711,0,1,7,_matmul_rope_qkv,"(128, 1, 1)","(128, 1, 1)",step08.layer03._matmul_rope_qkv.line1863/_matmul_rope_qkv,bf16_tensor,37024.0,l2,13780352.0,,335544320.0,24.349473801540046,9.062886776145204,ok
1352,2366711,0,1,7,_matmul_rope_qkv,"(128, 1, 1)","(128, 1, 1)",step08.layer03._matmul_rope_qkv.line1863/_matmul_rope_qkv,fp32_simt,37024.0,l2,13780352.0,,442368.0,0.03210135706257721,0.011948141745894553,ok
1353,2366711,0,1,7,_matmul_abt_scale,"(91, 1, 1)","(128, 1, 1)",step08.layer03._matmul_abt_scale.line1899/_matmul_abt_scale,bf16_tensor,15168.000000000002,l2,2831072.0,,47710208.0,16.85234709678878,3.1454514767932484,ok
1353,2366711,0,1,7,_matmul_abt_scale,"(91, 1, 1)","(128, 1, 1)",step08.layer03._matmul_abt_scale.line1899/_matmul_abt_scale,fp32_simt,15168.000000000002,l2,2831072.0,,93184.0,0.032914740423415585,0.006143459915611813,ok
1354,2366711,0,1,7,_softmax_prefix_suffix_mask_vector,"(100, 1, 1)","(128, 1, 1)",step08.layer03._softmax_prefix_suffix_mask_vector.line1911/_softmax_prefix_suffix_mask_vector,bf16_tensor,18880.000000000004,l2,566816.0,,0.0,,,zero_counted_flops
1354,2366711,0,1,7,_softmax_prefix_suffix_mask_vector,"(100, 1, 1)","(128, 1, 1)",step08.layer03._softmax_prefix_suffix_mask_vector.line1911/_softmax_prefix_suffix_mask_vector,fp32_simt,18880.000000000004,l2,566816.0,,2528000.0,4.46000112911421,0.13389830508474573,ok
1355,2366711,0,1,7,_matmul_small,"(104, 1, 1)","(128, 1, 1)",step08.layer03._matmul_small.line1921/_matmul_small,bf16_tensor,20320.000000000004,l2,3425920.0,,54525952.0,15.915710816364655,2.6833637795275584,ok
1355,2366711,0,1,7,_matmul_small,"(104, 1, 1)","(128, 1, 1)",step08.layer03._matmul_small.line1921/_matmul_small,fp32_simt,20320.000000000004,l2,3425920.0,,0.0,,,zero_counted_flops
1356,2366711,0,1,7,_matmul_small_res_gate_oproj,"(128, 1, 1)","(128, 1, 1)",step08.layer03._matmul_small_res_gate_oproj.line1932/_matmul_small_res_gate_oproj,bf16_tensor,41312.0,l2,14704160.0,,268435456.0,18.25574912133709,6.497759876065065,ok
1356,2366711,0,1,7,_matmul_small_res_gate_oproj,"(128, 1, 1)","(128, 1, 1)",step08.layer03._matmul_small_res_gate_oproj.line1932/_matmul_small_res_gate_oproj,fp32_simt,41312.0,l2,14704160.0,,131072.0,0.008913940000652876,0.003172734314484895,ok
1357,2366711,0,1,7,_adarms_norm_kernel,"(50, 1, 1)","(128, 1, 1)",step08.layer03._adarms_norm_kernel.line1945/_adarms_norm_kernel,bf16_tensor,16064.0,l2,464672.0,,0.0,,,zero_counted_flops
1357,2366711,0,1,7,_adarms_norm_kernel,"(50, 1, 1)","(128, 1, 1)",step08.layer03._adarms_norm_kernel.line1945/_adarms_norm_kernel,fp32_simt,16064.0,l2,464672.0,,358400.0,0.771296742648578,0.022310756972111552,ok
1358,2366711,0,1,7,_matmul_small_gate,"(1, 64, 1)","(128, 1, 1)",step08.layer03._matmul_small_gate.line1954/_matmul_small_gate,bf16_tensor,89152.0,l2,23337280.0,,1073741824.0,46.00972452659436,12.043945441493179,ok
1358,2366711,0,1,7,_matmul_small_gate,"(1, 64, 1)","(128, 1, 1)",step08.layer03._matmul_small_gate.line1954/_matmul_small_gate,fp32_simt,89152.0,l2,23337280.0,,2883584.0,0.12356127192200633,0.03234458004307251,ok
1359,2366711,0,1,7,_matmul_small_res_gate_ffn_down,"(64, 1, 1)","(128, 1, 1)",step08.layer03._matmul_small_res_gate_ffn_down.line1971/_matmul_small_res_gate_ffn_down,bf16_tensor,68448.0,l2,39251136.0,,536870912.0,13.677843922784808,7.843485741000467,ok
1359,2366711,0,1,7,_matmul_small_res_gate_ffn_down,"(64, 1, 1)","(128, 1, 1)",step08.layer03._matmul_small_res_gate_ffn_down.line1971/_matmul_small_res_gate_ffn_down,fp32_simt,68448.0,l2,39251136.0,,131072.0,0.0033393173639611347,0.001914913510986442,ok
1360,2366711,0,1,7,_adarms_norm_kernel,"(50, 1, 1)","(128, 1, 1)",step08.layer04._adarms_norm_kernel.line1854/_adarms_norm_kernel,bf16_tensor,17056.0,l2,468160.0,,0.0,,,zero_counted_flops
1360,2366711,0,1,7,_adarms_norm_kernel,"(50, 1, 1)","(128, 1, 1)",step08.layer04._adarms_norm_kernel.line1854/_adarms_norm_kernel,fp32_simt,17056.0,l2,468160.0,,358400.0,0.7655502392344498,0.021013133208255156,ok
1361,2366711,0,1,7,_matmul_rope_qkv,"(128, 1, 1)","(128, 1, 1)",step08.layer04._matmul_rope_qkv.line1863/_matmul_rope_qkv,bf16_tensor,37952.00000000001,l2,13849024.0,,335544320.0,24.228734097074277,8.841281618887013,ok
1361,2366711,0,1,7,_matmul_rope_qkv,"(128, 1, 1)","(128, 1, 1)",step08.layer04._matmul_rope_qkv.line1863/_matmul_rope_qkv,fp32_simt,37952.00000000001,l2,13849024.0,,442368.0,0.031942178741260034,0.011655986509274872,ok
1362,2366711,0,1,7,_matmul_abt_scale,"(91, 1, 1)","(128, 1, 1)",step08.layer04._matmul_abt_scale.line1899/_matmul_abt_scale,bf16_tensor,18368.0,l2,2865856.0,,47710208.0,16.647803657964673,2.597463414634146,ok
1362,2366711,0,1,7,_matmul_abt_scale,"(91, 1, 1)","(128, 1, 1)",step08.layer04._matmul_abt_scale.line1899/_matmul_abt_scale,fp32_simt,18368.0,l2,2865856.0,,93184.0,0.03251524151946225,0.005073170731707316,ok
1363,2366711,0,1,7,_softmax_prefix_suffix_mask_vector,"(100, 1, 1)","(128, 1, 1)",step08.layer04._softmax_prefix_suffix_mask_vector.line1911/_softmax_prefix_suffix_mask_vector,bf16_tensor,19360.0,l2,566272.0,,0.0,,,zero_counted_flops
1363,2366711,0,1,7,_softmax_prefix_suffix_mask_vector,"(100, 1, 1)","(128, 1, 1)",step08.layer04._softmax_prefix_suffix_mask_vector.line1911/_softmax_prefix_suffix_mask_vector,fp32_simt,19360.0,l2,566272.0,,2528000.0,4.464285714285714,0.1305785123966942,ok
1364,2366711,0,1,7,_matmul_small,"(104, 1, 1)","(128, 1, 1)",step08.layer04._matmul_small.line1921/_matmul_small,bf16_tensor,17888.000000000004,l2,3415360.0,,54525952.0,15.964920828258222,3.0481860465116273,ok
1364,2366711,0,1,7,_matmul_small,"(104, 1, 1)","(128, 1, 1)",step08.layer04._matmul_small.line1921/_matmul_small,fp32_simt,17888.000000000004,l2,3415360.0,,0.0,,,zero_counted_flops
1365,2366711,0,1,7,_matmul_small_res_gate_oproj,"(128, 1, 1)","(128, 1, 1)",step08.layer04._matmul_small_res_gate_oproj.line1932/_matmul_small_res_gate_oproj,bf16_tensor,39840.00000000001,l2,14692096.0,,268435456.0,18.27073931452667,6.737837751004015,ok
1365,2366711,0,1,7,_matmul_small_res_gate_oproj,"(128, 1, 1)","(128, 1, 1)",step08.layer04._matmul_small_res_gate_oproj.line1932/_matmul_small_res_gate_oproj,fp32_simt,39840.00000000001,l2,14692096.0,,131072.0,0.008921259430921225,0.0032899598393574293,ok
1366,2366711,0,1,7,_adarms_norm_kernel,"(50, 1, 1)","(128, 1, 1)",step08.layer04._adarms_norm_kernel.line1945/_adarms_norm_kernel,bf16_tensor,13568.000000000002,l2,466176.0,,0.0,,,zero_counted_flops
1366,2366711,0,1,7,_adarms_norm_kernel,"(50, 1, 1)","(128, 1, 1)",step08.layer04._adarms_norm_kernel.line1945/_adarms_norm_kernel,fp32_simt,13568.000000000002,l2,466176.0,,358400.0,0.7688083470620538,0.02641509433962264,ok
1367,2366711,0,1,7,_matmul_small_gate,"(1, 64, 1)","(128, 1, 1)",step08.layer04._matmul_small_gate.line1954/_matmul_small_gate,bf16_tensor,88032.0,l2,23318304.0,,1073741824.0,46.04716638053951,12.197176299527445,ok
1367,2366711,0,1,7,_matmul_small_gate,"(1, 64, 1)","(128, 1, 1)",step08.layer04._matmul_small_gate.line1954/_matmul_small_gate,fp32_simt,88032.0,l2,23318304.0,,2883584.0,0.12366182377586295,0.032756088695019996,ok
1368,2366711,0,1,7,_matmul_small_res_gate_ffn_down,"(64, 1, 1)","(128, 1, 1)",step08.layer04._matmul_small_res_gate_ffn_down.line1971/_matmul_small_res_gate_ffn_down,bf16_tensor,72224.0,l2,39383744.0,,536870912.0,13.631789603344973,7.433414266725741,ok
1368,2366711,0,1,7,_matmul_small_res_gate_ffn_down,"(64, 1, 1)","(128, 1, 1)",step08.layer04._matmul_small_res_gate_ffn_down.line1971/_matmul_small_res_gate_ffn_down,fp32_simt,72224.0,l2,39383744.0,,131072.0,0.003328073633629144,0.0018147984049623391,ok
1369,2366711,0,1,7,_adarms_norm_kernel,"(50, 1, 1)","(128, 1, 1)",step08.layer05._adarms_norm_kernel.line1854/_adarms_norm_kernel,bf16_tensor,14080.0,l2,460416.0,,0.0,,,zero_counted_flops
1369,2366711,0,1,7,_adarms_norm_kernel,"(50, 1, 1)","(128, 1, 1)",step08.layer05._adarms_norm_kernel.line1854/_adarms_norm_kernel,fp32_simt,14080.0,l2,460416.0,,358400.0,0.778426466499861,0.025454545454545452,ok
1370,2366711,0,1,7,_matmul_rope_qkv,"(128, 1, 1)","(128, 1, 1)",step08.layer05._matmul_rope_qkv.line1863/_matmul_rope_qkv,bf16_tensor,35904.0,l2,13874112.0,,335544320.0,24.18492224943838,9.34559714795009,ok
1370,2366711,0,1,7,_matmul_rope_qkv,"(128, 1, 1)","(128, 1, 1)",step08.layer05._matmul_rope_qkv.line1863/_matmul_rope_qkv,fp32_simt,35904.0,l2,13874112.0,,442368.0,0.03188441898119317,0.012320855614973264,ok
1371,2366711,0,1,7,_matmul_abt_scale,"(91, 1, 1)","(128, 1, 1)",step08.layer05._matmul_abt_scale.line1899/_matmul_abt_scale,bf16_tensor,16032.000000000002,l2,2861472.0,,47710208.0,16.673309401594704,2.975936127744511,ok
1371,2366711,0,1,7,_matmul_abt_scale,"(91, 1, 1)","(128, 1, 1)",step08.layer05._matmul_abt_scale.line1899/_matmul_abt_scale,fp32_simt,16032.000000000002,l2,2861472.0,,93184.0,0.032565057424989656,0.005812375249500998,ok
1372,2366711,0,1,7,_softmax_prefix_suffix_mask_vector,"(100, 1, 1)","(128, 1, 1)",step08.layer05._softmax_prefix_suffix_mask_vector.line1911/_softmax_prefix_suffix_mask_vector,bf16_tensor,16704.0,l2,560896.0,,0.0,,,zero_counted_flops
1372,2366711,0,1,7,_softmax_prefix_suffix_mask_vector,"(100, 1, 1)","(128, 1, 1)",step08.layer05._softmax_prefix_suffix_mask_vector.line1911/_softmax_prefix_suffix_mask_vector,fp32_simt,16704.0,l2,560896.0,,2528000.0,4.5070743952533086,0.15134099616858238,ok
1373,2366711,0,1,7,_matmul_small,"(104, 1, 1)","(128, 1, 1)",step08.layer05._matmul_small.line1921/_matmul_small,bf16_tensor,18656.000000000004,l2,3416192.0,,54525952.0,15.961032635168047,2.9227032590051456,ok
1373,2366711,0,1,7,_matmul_small,"(104, 1, 1)","(128, 1, 1)",step08.layer05._matmul_small.line1921/_matmul_small,fp32_simt,18656.000000000004,l2,3416192.0,,0.0,,,zero_counted_flops
1374,2366711,0,1,7,_matmul_small_res_gate_oproj,"(128, 1, 1)","(128, 1, 1)",step08.layer05._matmul_small_res_gate_oproj.line1932/_matmul_small_res_gate_oproj,bf16_tensor,41952.0,l2,14723776.0,,268435456.0,18.23142759031379,6.398633104500381,ok
1374,2366711,0,1,7,_matmul_small_res_gate_oproj,"(128, 1, 1)","(128, 1, 1)",step08.layer05._matmul_small_res_gate_oproj.line1932/_matmul_small_res_gate_oproj,fp32_simt,41952.0,l2,14723776.0,,131072.0,0.008902064253082905,0.0031243325705568267,ok
1375,2366711,0,1,7,_adarms_norm_kernel,"(50, 1, 1)","(128, 1, 1)",step08.layer05._adarms_norm_kernel.line1945/_adarms_norm_kernel,bf16_tensor,15744.0,l2,453504.0,,0.0,,,zero_counted_flops
1375,2366711,0,1,7,_adarms_norm_kernel,"(50, 1, 1)","(128, 1, 1)",step08.layer05._adarms_norm_kernel.line1945/_adarms_norm_kernel,fp32_simt,15744.0,l2,453504.0,,358400.0,0.7902907140841096,0.02276422764227642,ok
1376,2366711,0,1,7,_matmul_small_gate,"(1, 64, 1)","(128, 1, 1)",step08.layer05._matmul_small_gate.line1954/_matmul_small_gate,bf16_tensor,92896.0,l2,23298688.0,,1073741824.0,46.08593513935205,11.558536686186702,ok
1376,2366711,0,1,7,_matmul_small_gate,"(1, 64, 1)","(128, 1, 1)",step08.layer05._matmul_small_gate.line1954/_matmul_small_gate,fp32_simt,92896.0,l2,23298688.0,,2883584.0,0.12376593909493959,0.031040992077161555,ok
1377,2366711,0,1,7,_matmul_small_res_gate_ffn_down,"(64, 1, 1)","(128, 1, 1)",step08.layer05._matmul_small_res_gate_ffn_down.line1971/_matmul_small_res_gate_ffn_down,bf16_tensor,79296.00000000001,l2,39359168.0,,536870912.0,13.640301339703116,6.770466505246166,ok
1377,2366711,0,1,7,_matmul_small_res_gate_ffn_down,"(64, 1, 1)","(128, 1, 1)",step08.layer05._matmul_small_res_gate_ffn_down.line1971/_matmul_small_res_gate_ffn_down,fp32_simt,79296.00000000001,l2,39359168.0,,131072.0,0.003330151694263456,0.0016529459241323647,ok
1378,2366711,0,1,7,_adarms_norm_kernel,"(50, 1, 1)","(128, 1, 1)",step08.layer06._adarms_norm_kernel.line1854/_adarms_norm_kernel,bf16_tensor,15968.0,l2,465760.0,,0.0,,,zero_counted_flops
1378,2366711,0,1,7,_adarms_norm_kernel,"(50, 1, 1)","(128, 1, 1)",step08.layer06._adarms_norm_kernel.line1854/_adarms_norm_kernel,fp32_simt,15968.0,l2,465760.0,,358400.0,0.7694950188938509,0.022444889779559118,ok
1379,2366711,0,1,7,_matmul_rope_qkv,"(128, 1, 1)","(128, 1, 1)",step08.layer06._matmul_rope_qkv.line1863/_matmul_rope_qkv,bf16_tensor,36256.0,l2,13782208.0,,335544320.0,24.34619474615388,9.25486319505737,ok
1379,2366711,0,1,7,_matmul_rope_qkv,"(128, 1, 1)","(128, 1, 1)",step08.layer06._matmul_rope_qkv.line1863/_matmul_rope_qkv,fp32_simt,36256.0,l2,13782208.0,,442368.0,0.03209703408916772,0.012201235657546336,ok
1380,2366711,0,1,7,_matmul_abt_scale,"(91, 1, 1)","(128, 1, 1)",step08.layer06._matmul_abt_scale.line1899/_matmul_abt_scale,bf16_tensor,18848.0,l2,2860864.0,,47710208.0,16.676852866826245,2.531314091680815,ok
1380,2366711,0,1,7,_matmul_abt_scale,"(91, 1, 1)","(128, 1, 1)",step08.layer06._matmul_abt_scale.line1899/_matmul_abt_scale,fp32_simt,18848.0,l2,2860864.0,,93184.0,0.03257197825552001,0.004943972835314092,ok
1381,2366711,0,1,7,_softmax_prefix_suffix_mask_vector,"(100, 1, 1)","(128, 1, 1)",step08.layer06._softmax_prefix_suffix_mask_vector.line1911/_softmax_prefix_suffix_mask_vector,bf16_tensor,16608.0,l2,561120.0,,0.0,,,zero_counted_flops
1381,2366711,0,1,7,_softmax_prefix_suffix_mask_vector,"(100, 1, 1)","(128, 1, 1)",step08.layer06._softmax_prefix_suffix_mask_vector.line1911/_softmax_prefix_suffix_mask_vector,fp32_simt,16608.0,l2,561120.0,,2528000.0,4.505275163957799,0.15221579961464352,ok
1382,2366711,0,1,7,_matmul_small,"(104, 1, 1)","(128, 1, 1)",step08.layer06._matmul_small.line1921/_matmul_small,bf16_tensor,16672.000000000004,l2,3413120.0,,54525952.0,15.9753984624039,3.2705105566218804,ok
1382,2366711,0,1,7,_matmul_small,"(104, 1, 1)","(128, 1, 1)",step08.layer06._matmul_small.line1921/_matmul_small,fp32_simt,16672.000000000004,l2,3413120.0,,0.0,,,zero_counted_flops
1383,2366711,0,1,7,_matmul_small_res_gate_oproj,"(128, 1, 1)","(128, 1, 1)",step08.layer06._matmul_small_res_gate_oproj.line1932/_matmul_small_res_gate_oproj,bf16_tensor,46624.00000000001,l2,14737920.0,,268435456.0,18.213930866770887,5.757452299245023,ok
1383,2366711,0,1,7,_matmul_small_res_gate_oproj,"(128, 1, 1)","(128, 1, 1)",step08.layer06._matmul_small_res_gate_oproj.line1932/_matmul_small_res_gate_oproj,fp32_simt,46624.00000000001,l2,14737920.0,,131072.0,0.008893520931040472,0.002811256005490734,ok
1384,2366711,0,1,7,_adarms_norm_kernel,"(50, 1, 1)","(128, 1, 1)",step08.layer06._adarms_norm_kernel.line1945/_adarms_norm_kernel,bf16_tensor,15808.000000000002,l2,471168.0,,0.0,,,zero_counted_flops
1384,2366711,0,1,7,_adarms_norm_kernel,"(50, 1, 1)","(128, 1, 1)",step08.layer06._adarms_norm_kernel.line1945/_adarms_norm_kernel,fp32_simt,15808.000000000002,l2,471168.0,,358400.0,0.7606628633523499,0.022672064777327933,ok
1385,2366711,0,1,7,_matmul_small_gate,"(1, 64, 1)","(128, 1, 1)",step08.layer06._matmul_small_gate.line1954/_matmul_small_gate,bf16_tensor,78432.00000000001,l2,23329376.0,,1073741824.0,46.02531263588019,13.690098735210118,ok
1385,2366711,0,1,7,_matmul_small_gate,"(1, 64, 1)","(128, 1, 1)",step08.layer06._matmul_small_gate.line1954/_matmul_small_gate,fp32_simt,78432.00000000001,l2,23329376.0,,2883584.0,0.12360313452018605,0.03676540187678498,ok
1386,2366711,0,1,7,_matmul_small_res_gate_ffn_down,"(64, 1, 1)","(128, 1, 1)",step08.layer06._matmul_small_res_gate_ffn_down.line1971/_matmul_small_res_gate_ffn_down,bf16_tensor,74272.00000000001,l2,39371776.0,,536870912.0,13.635933314260448,7.228442912537698,ok
1386,2366711,0,1,7,_matmul_small_res_gate_ffn_down,"(64, 1, 1)","(128, 1, 1)",step08.layer06._matmul_small_res_gate_ffn_down.line1971/_matmul_small_res_gate_ffn_down,fp32_simt,74272.00000000001,l2,39371776.0,,131072.0,0.0033290852818018673,0.001764756570443774,ok
1387,2366711,0,1,7,_adarms_norm_kernel,"(50, 1, 1)","(128, 1, 1)",step08.layer07._adarms_norm_kernel.line1854/_adarms_norm_kernel,bf16_tensor,12256.0,l2,460192.0,,0.0,,,zero_counted_flops
1387,2366711,0,1,7,_adarms_norm_kernel,"(50, 1, 1)","(128, 1, 1)",step08.layer07._adarms_norm_kernel.line1854/_adarms_norm_kernel,fp32_simt,12256.0,l2,460192.0,,358400.0,0.778805368194145,0.029242819843342035,ok
1388,2366711,0,1,7,_matmul_rope_qkv,"(128, 1, 1)","(128, 1, 1)",step08.layer07._matmul_rope_qkv.line1863/_matmul_rope_qkv,bf16_tensor,36640.0,l2,13775072.0,,335544320.0,24.35880698119037,9.157868995633187,ok
1388,2366711,0,1,7,_matmul_rope_qkv,"(128, 1, 1)","(128, 1, 1)",step08.layer07._matmul_rope_qkv.line1863/_matmul_rope_qkv,fp32_simt,36640.0,l2,13775072.0,,442368.0,0.032113661547467774,0.012073362445414846,ok
1389,2366711,0,1,7,_matmul_abt_scale,"(91, 1, 1)","(128, 1, 1)",step08.layer07._matmul_abt_scale.line1899/_matmul_abt_scale,bf16_tensor,17632.0,l2,2852224.0,,47710208.0,16.727370641296055,2.7058874773139747,ok
1389,2366711,0,1,7,_matmul_abt_scale,"(91, 1, 1)","(128, 1, 1)",step08.layer07._matmul_abt_scale.line1899/_matmul_abt_scale,fp32_simt,17632.0,l2,2852224.0,,93184.0,0.03267064578378136,0.005284936479128857,ok
1390,2366711,0,1,7,_softmax_prefix_suffix_mask_vector,"(100, 1, 1)","(128, 1, 1)",step08.layer07._softmax_prefix_suffix_mask_vector.line1911/_softmax_prefix_suffix_mask_vector,bf16_tensor,19424.000000000004,l2,566240.0,,0.0,,,zero_counted_flops
1390,2366711,0,1,7,_softmax_prefix_suffix_mask_vector,"(100, 1, 1)","(128, 1, 1)",step08.layer07._softmax_prefix_suffix_mask_vector.line1911/_softmax_prefix_suffix_mask_vector,fp32_simt,19424.000000000004,l2,566240.0,,2528000.0,4.464538005086182,0.1301482701812191,ok
1391,2366711,0,1,7,_matmul_small,"(104, 1, 1)","(128, 1, 1)",step08.layer07._matmul_small.line1921/_matmul_small,bf16_tensor,18368.0,l2,3422912.0,,54525952.0,15.92969728698839,2.968529616724738,ok
1391,2366711,0,1,7,_matmul_small,"(104, 1, 1)","(128, 1, 1)",step08.layer07._matmul_small.line1921/_matmul_small,fp32_simt,18368.0,l2,3422912.0,,0.0,,,zero_counted_flops
1392,2366711,0,1,7,_matmul_small_res_gate_oproj,"(128, 1, 1)","(128, 1, 1)",step08.layer07._matmul_small_res_gate_oproj.line1932/_matmul_small_res_gate_oproj,bf16_tensor,40352.0,l2,14708416.0,,268435456.0,18.250466671598083,6.652345757335447,ok
1392,2366711,0,1,7,_matmul_small_res_gate_oproj,"(128, 1, 1)","(128, 1, 1)",step08.layer07._matmul_small_res_gate_oproj.line1932/_matmul_small_res_gate_oproj,fp32_simt,40352.0,l2,14708416.0,,131072.0,0.008911360679491252,0.003248215701823949,ok
1393,2366711,0,1,7,_adarms_norm_kernel,"(50, 1, 1)","(128, 1, 1)",step08.layer07._adarms_norm_kernel.line1945/_adarms_norm_kernel,bf16_tensor,17664.000000000004,l2,456800.0,,0.0,,,zero_counted_flops
1393,2366711,0,1,7,_adarms_norm_kernel,"(50, 1, 1)","(128, 1, 1)",step08.layer07._adarms_norm_kernel.line1945/_adarms_norm_kernel,fp32_simt,17664.000000000004,l2,456800.0,,358400.0,0.7845884413309983,0.020289855072463763,ok
1394,2366711,0,1,7,_matmul_small_gate,"(1, 64, 1)","(128, 1, 1)",step08.layer07._matmul_small_gate.line1954/_matmul_small_gate,bf16_tensor,96800.00000000001,l2,23330688.0,,1073741824.0,46.02272440486967,11.092374214876031,ok
1394,2366711,0,1,7,_matmul_small_gate,"(1, 64, 1)","(128, 1, 1)",step08.layer07._matmul_small_gate.line1954/_matmul_small_gate,fp32_simt,96800.00000000001,l2,23330688.0,,2883584.0,0.12359618370448398,0.029789090909090907,ok
1395,2366711,0,1,7,_matmul_small_res_gate_ffn_down,"(64, 1, 1)","(128, 1, 1)",step08.layer07._matmul_small_res_gate_ffn_down.line1971/_matmul_small_res_gate_ffn_down,bf16_tensor,74848.0,l2,39405792.0,,536870912.0,13.624162458148284,7.172815733219324,ok
1395,2366711,0,1,7,_matmul_small_res_gate_ffn_down,"(64, 1, 1)","(128, 1, 1)",step08.layer07._matmul_small_res_gate_ffn_down.line1971/_matmul_small_res_gate_ffn_down,fp32_simt,74848.0,l2,39405792.0,,131072.0,0.0033262115376338584,0.001751175716117999,ok
1396,2366711,0,1,7,_adarms_norm_kernel,"(50, 1, 1)","(128, 1, 1)",step08.layer08._adarms_norm_kernel.line1854/_adarms_norm_kernel,bf16_tensor,13216.0,l2,455968.0,,0.0,,,zero_counted_flops
1396,2366711,0,1,7,_adarms_norm_kernel,"(50, 1, 1)","(128, 1, 1)",step08.layer08._adarms_norm_kernel.line1854/_adarms_norm_kernel,fp32_simt,13216.0,l2,455968.0,,358400.0,0.7860200715839708,0.02711864406779661,ok
1397,2366711,0,1,7,_matmul_rope_qkv,"(128, 1, 1)","(128, 1, 1)",step08.layer08._matmul_rope_qkv.line1863/_matmul_rope_qkv,bf16_tensor,32608.000000000004,l2,13839776.0,,335544320.0,24.244924195304897,10.290245338567221,ok
1397,2366711,0,1,7,_matmul_rope_qkv,"(128, 1, 1)","(128, 1, 1)",step08.layer08._matmul_rope_qkv.line1863/_matmul_rope_qkv,fp32_simt,32608.000000000004,l2,13839776.0,,442368.0,0.03196352310904454,0.013566241413150146,ok
1398,2366711,0,1,7,_matmul_abt_scale,"(91, 1, 1)","(128, 1, 1)",step08.layer08._matmul_abt_scale.line1899/_matmul_abt_scale,bf16_tensor,17632.0,l2,2865952.0,,47710208.0,16.64724601109858,2.7058874773139747,ok
1398,2366711,0,1,7,_matmul_abt_scale,"(91, 1, 1)","(128, 1, 1)",step08.layer08._matmul_abt_scale.line1899/_matmul_abt_scale,fp32_simt,17632.0,l2,2865952.0,,93184.0,0.032514152365426915,0.005284936479128857,ok
1399,2366711,0,1,7,_softmax_prefix_suffix_mask_vector,"(100, 1, 1)","(128, 1, 1)",step08.layer08._softmax_prefix_suffix_mask_vector.line1911/_softmax_prefix_suffix_mask_vector,bf16_tensor,17152.0,l2,563840.0,,0.0,,,zero_counted_flops
1399,2366711,0,1,7,_softmax_prefix_suffix_mask_vector,"(100, 1, 1)","(128, 1, 1)",step08.layer08._softmax_prefix_suffix_mask_vector.line1911/_softmax_prefix_suffix_mask_vector,fp32_simt,17152.0,l2,563840.0,,2528000.0,4.483541430192963,0.14738805970149252,ok
1400,2366711,0,1,7,_matmul_small,"(104, 1, 1)","(128, 1, 1)",step08.layer08._matmul_small.line1921/_matmul_small,bf16_tensor,16192.0,l2,3425536.0,,54525952.0,15.917494955533966,3.3674624505928854,ok
1400,2366711,0,1,7,_matmul_small,"(104, 1, 1)","(128, 1, 1)",step08.layer08._matmul_small.line1921/_matmul_small,fp32_simt,16192.0,l2,3425536.0,,0.0,,,zero_counted_flops
1401,2366711,0,1,7,_matmul_small_res_gate_oproj,"(128, 1, 1)","(128, 1, 1)",step08.layer08._matmul_small_res_gate_oproj.line1932/_matmul_small_res_gate_oproj,bf16_tensor,40864.0,l2,14709248.0,,268435456.0,18.24943436945247,6.568996084573219,ok
1401,2366711,0,1,7,_matmul_small_res_gate_oproj,"(128, 1, 1)","(128, 1, 1)",step08.layer08._matmul_small_res_gate_oproj.line1932/_matmul_small_res_gate_oproj,fp32_simt,40864.0,l2,14709248.0,,131072.0,0.008910856625709214,0.003207517619420517,ok
1402,2366711,0,1,7,_adarms_norm_kernel,"(50, 1, 1)","(128, 1, 1)",step08.layer08._adarms_norm_kernel.line1945/_adarms_norm_kernel,bf16_tensor,15040.000000000002,l2,465088.0,,0.0,,,zero_counted_flops
1402,2366711,0,1,7,_adarms_norm_kernel,"(50, 1, 1)","(128, 1, 1)",step08.layer08._adarms_norm_kernel.line1945/_adarms_norm_kernel,fp32_simt,15040.000000000002,l2,465088.0,,358400.0,0.7706068528966561,0.02382978723404255,ok
1403,2366711,0,1,7,_matmul_small_gate,"(1, 64, 1)","(128, 1, 1)",step08.layer08._matmul_small_gate.line1954/_matmul_small_gate,bf16_tensor,84096.0,l2,23320288.0,,1073741824.0,46.043248865537166,12.768048706240487,ok
1403,2366711,0,1,7,_matmul_small_gate,"(1, 64, 1)","(128, 1, 1)",step08.layer08._matmul_small_gate.line1954/_matmul_small_gate,fp32_simt,84096.0,l2,23320288.0,,2883584.0,0.12365130310569063,0.034289193302891936,ok
1404,2366711,0,1,7,_matmul_small_res_gate_ffn_down,"(64, 1, 1)","(128, 1, 1)",step08.layer08._matmul_small_res_gate_ffn_down.line1971/_matmul_small_res_gate_ffn_down,bf16_tensor,75552.00000000001,l2,39201824.0,,536870912.0,13.695049291583983,7.105978822532824,ok
1404,2366711,0,1,7,_matmul_small_res_gate_ffn_down,"(64, 1, 1)","(128, 1, 1)",step08.layer08._matmul_small_res_gate_ffn_down.line1971/_matmul_small_res_gate_ffn_down,fp32_simt,75552.00000000001,l2,39201824.0,,131072.0,0.003343517893453121,0.0017348581109699278,ok
1405,2366711,0,1,7,_adarms_norm_kernel,"(50, 1, 1)","(128, 1, 1)",step08.layer09._adarms_norm_kernel.line1854/_adarms_norm_kernel,bf16_tensor,14880.000000000002,l2,470976.0,,0.0,,,zero_counted_flops
1405,2366711,0,1,7,_adarms_norm_kernel,"(50, 1, 1)","(128, 1, 1)",step08.layer09._adarms_norm_kernel.line1854/_adarms_norm_kernel,fp32_simt,14880.000000000002,l2,470976.0,,358400.0,0.7609729582823753,0.024086021505376344,ok
1406,2366711,0,1,7,_matmul_rope_qkv,"(128, 1, 1)","(128, 1, 1)",step08.layer09._matmul_rope_qkv.line1863/_matmul_rope_qkv,bf16_tensor,36192.0,l2,13753824.0,,335544320.0,24.396438401422035,9.271229000884173,ok
1406,2366711,0,1,7,_matmul_rope_qkv,"(128, 1, 1)","(128, 1, 1)",step08.layer09._matmul_rope_qkv.line1863/_matmul_rope_qkv,fp32_simt,36192.0,l2,13753824.0,,442368.0,0.03216327328312475,0.012222811671087533,ok
1407,2366711,0,1,7,_matmul_abt_scale,"(91, 1, 1)","(128, 1, 1)",step08.layer09._matmul_abt_scale.line1899/_matmul_abt_scale,bf16_tensor,17920.0,l2,2859552.0,,47710208.0,16.68450442586811,2.6624,ok
1407,2366711,0,1,7,_matmul_abt_scale,"(91, 1, 1)","(128, 1, 1)",step08.layer09._matmul_abt_scale.line1899/_matmul_abt_scale,fp32_simt,17920.0,l2,2859552.0,,93184.0,0.03258692270677365,0.0052,ok
1408,2366711,0,1,7,_softmax_prefix_suffix_mask_vector,"(100, 1, 1)","(128, 1, 1)",step08.layer09._softmax_prefix_suffix_mask_vector.line1911/_softmax_prefix_suffix_mask_vector,bf16_tensor,18400.0,l2,566656.0,,0.0,,,zero_counted_flops
1408,2366711,0,1,7,_softmax_prefix_suffix_mask_vector,"(100, 1, 1)","(128, 1, 1)",step08.layer09._softmax_prefix_suffix_mask_vector.line1911/_softmax_prefix_suffix_mask_vector,fp32_simt,18400.0,l2,566656.0,,2528000.0,4.461260447255477,0.1373913043478261,ok
1409,2366711,0,1,7,_matmul_small,"(104, 1, 1)","(128, 1, 1)",step08.layer09._matmul_small.line1921/_matmul_small,bf16_tensor,16320.0,l2,3397632.0,,54525952.0,16.04822182037372,3.341050980392157,ok
1409,2366711,0,1,7,_matmul_small,"(104, 1, 1)","(128, 1, 1)",step08.layer09._matmul_small.line1921/_matmul_small,fp32_simt,16320.0,l2,3397632.0,,0.0,,,zero_counted_flops
1410,2366711,0,1,7,_matmul_small_res_gate_oproj,"(128, 1, 1)","(128, 1, 1)",step08.layer09._matmul_small_res_gate_oproj.line1932/_matmul_small_res_gate_oproj,bf16_tensor,43008.00000000001,l2,14672448.0,,268435456.0,18.295205817052477,6.241523809523809,ok
1410,2366711,0,1,7,_matmul_small_res_gate_oproj,"(128, 1, 1)","(128, 1, 1)",step08.layer09._matmul_small_res_gate_oproj.line1932/_matmul_small_res_gate_oproj,fp32_simt,43008.00000000001,l2,14672448.0,,131072.0,0.008933205965357655,0.0030476190476190473,ok
1411,2366711,0,1,7,_adarms_norm_kernel,"(50, 1, 1)","(128, 1, 1)",step08.layer09._adarms_norm_kernel.line1945/_adarms_norm_kernel,bf16_tensor,14240.0,l2,462944.0,,0.0,,,zero_counted_flops
1411,2366711,0,1,7,_adarms_norm_kernel,"(50, 1, 1)","(128, 1, 1)",step08.layer09._adarms_norm_kernel.line1945/_adarms_norm_kernel,fp32_simt,14240.0,l2,462944.0,,358400.0,0.7741757102370913,0.025168539325842693,ok
1412,2366711,0,1,7,_matmul_small_gate,"(1, 64, 1)","(128, 1, 1)",step08.layer09._matmul_small_gate.line1954/_matmul_small_gate,bf16_tensor,92128.00000000001,l2,23323456.0,,1073741824.0,46.03699486045293,11.654891281695031,ok
1412,2366711,0,1,7,_matmul_small_gate,"(1, 64, 1)","(128, 1, 1)",step08.layer09._matmul_small_gate.line1954/_matmul_small_gate,fp32_simt,92128.00000000001,l2,23323456.0,,2883584.0,0.12363450768188042,0.03129975686002084,ok
1413,2366711,0,1,7,_matmul_small_res_gate_ffn_down,"(64, 1, 1)","(128, 1, 1)",step08.layer09._matmul_small_res_gate_ffn_down.line1971/_matmul_small_res_gate_ffn_down,bf16_tensor,75552.00000000001,l2,39214944.0,,536870912.0,13.690467389166741,7.105978822532824,ok
1413,2366711,0,1,7,_matmul_small_res_gate_ffn_down,"(64, 1, 1)","(128, 1, 1)",step08.layer09._matmul_small_res_gate_ffn_down.line1971/_matmul_small_res_gate_ffn_down,fp32_simt,75552.00000000001,l2,39214944.0,,131072.0,0.0033423992649332865,0.0017348581109699278,ok
1414,2366711,0,1,7,_adarms_norm_kernel,"(50, 1, 1)","(128, 1, 1)",step08.layer10._adarms_norm_kernel.line1854/_adarms_norm_kernel,bf16_tensor,16928.0,l2,456224.0,,0.0,,,zero_counted_flops
1414,2366711,0,1,7,_adarms_norm_kernel,"(50, 1, 1)","(128, 1, 1)",step08.layer10._adarms_norm_kernel.line1854/_adarms_norm_kernel,fp32_simt,16928.0,l2,456224.0,,358400.0,0.7855790138177737,0.021172022684310017,ok
1415,2366711,0,1,7,_matmul_rope_qkv,"(128, 1, 1)","(128, 1, 1)",step08.layer10._matmul_rope_qkv.line1863/_matmul_rope_qkv,bf16_tensor,37888.0,l2,13749344.0,,335544320.0,24.404387583873092,8.856216216216216,ok
1415,2366711,0,1,7,_matmul_rope_qkv,"(128, 1, 1)","(128, 1, 1)",step08.layer10._matmul_rope_qkv.line1863/_matmul_rope_qkv,fp32_simt,37888.0,l2,13749344.0,,442368.0,0.03217375316233269,0.011675675675675677,ok
1416,2366711,0,1,7,_matmul_abt_scale,"(91, 1, 1)","(128, 1, 1)",step08.layer10._matmul_abt_scale.line1899/_matmul_abt_scale,bf16_tensor,17600.0,l2,2888192.0,,47710208.0,16.519056904804113,2.7108072727272723,ok
1416,2366711,0,1,7,_matmul_abt_scale,"(91, 1, 1)","(128, 1, 1)",step08.layer10._matmul_abt_scale.line1899/_matmul_abt_scale,fp32_simt,17600.0,l2,2888192.0,,93184.0,0.032263783017195534,0.005294545454545454,ok
1417,2366711,0,1,7,_softmax_prefix_suffix_mask_vector,"(100, 1, 1)","(128, 1, 1)",step08.layer10._softmax_prefix_suffix_mask_vector.line1911/_softmax_prefix_suffix_mask_vector,bf16_tensor,17280.0,l2,561120.0,,0.0,,,zero_counted_flops
1417,2366711,0,1,7,_softmax_prefix_suffix_mask_vector,"(100, 1, 1)","(128, 1, 1)",step08.layer10._softmax_prefix_suffix_mask_vector.line1911/_softmax_prefix_suffix_mask_vector,fp32_simt,17280.0,l2,561120.0,,2528000.0,4.505275163957799,0.14629629629629629,ok
1418,2366711,0,1,7,_matmul_small,"(104, 1, 1)","(128, 1, 1)",step08.layer10._matmul_small.line1921/_matmul_small,bf16_tensor,19232.0,l2,3405408.0,,54525952.0,16.011576880068407,2.835168053244592,ok
1418,2366711,0,1,7,_matmul_small,"(104, 1, 1)","(128, 1, 1)",step08.layer10._matmul_small.line1921/_matmul_small,fp32_simt,19232.0,l2,3405408.0,,0.0,,,zero_counted_flops
1419,2366711,0,1,7,_matmul_small_res_gate_oproj,"(128, 1, 1)","(128, 1, 1)",step08.layer10._matmul_small_res_gate_oproj.line1932/_matmul_small_res_gate_oproj,bf16_tensor,43424.0,l2,14772256.0,,268435456.0,18.17159518491962,6.181730287398673,ok
1419,2366711,0,1,7,_matmul_small_res_gate_oproj,"(128, 1, 1)","(128, 1, 1)",step08.layer10._matmul_small_res_gate_oproj.line1932/_matmul_small_res_gate_oproj,fp32_simt,43424.0,l2,14772256.0,,131072.0,0.008872849211386534,0.003018422991893883,ok
1420,2366711,0,1,7,_adarms_norm_kernel,"(50, 1, 1)","(128, 1, 1)",step08.layer10._adarms_norm_kernel.line1945/_adarms_norm_kernel,bf16_tensor,14176.000000000002,l2,457216.0,,0.0,,,zero_counted_flops
1420,2366711,0,1,7,_adarms_norm_kernel,"(50, 1, 1)","(128, 1, 1)",step08.layer10._adarms_norm_kernel.line1945/_adarms_norm_kernel,fp32_simt,14176.000000000002,l2,457216.0,,358400.0,0.7838745800671892,0.025282167042889388,ok
1421,2366711,0,1,7,_matmul_small_gate,"(1, 64, 1)","(128, 1, 1)",step08.layer10._matmul_small_gate.line1954/_matmul_small_gate,bf16_tensor,79360.0,l2,23320576.0,,1073741824.0,46.04268024940722,13.530012903225806,ok
1421,2366711,0,1,7,_matmul_small_gate,"(1, 64, 1)","(128, 1, 1)",step08.layer10._matmul_small_gate.line1954/_matmul_small_gate,fp32_simt,79360.0,l2,23320576.0,,2883584.0,0.12364977606041978,0.036335483870967744,ok
1422,2366711,0,1,7,_matmul_small_res_gate_ffn_down,"(64, 1, 1)","(128, 1, 1)",step08.layer10._matmul_small_res_gate_ffn_down.line1971/_matmul_small_res_gate_ffn_down,bf16_tensor,73344.00000000001,l2,39217856.0,,536870912.0,13.68945084606359,7.319902268760906,ok
1422,2366711,0,1,7,_matmul_small_res_gate_ffn_down,"(64, 1, 1)","(128, 1, 1)",step08.layer10._matmul_small_res_gate_ffn_down.line1971/_matmul_small_res_gate_ffn_down,fp32_simt,73344.00000000001,l2,39217856.0,,131072.0,0.0033421510854647436,0.0017870855148342055,ok
1423,2366711,0,1,7,_adarms_norm_kernel,"(50, 1, 1)","(128, 1, 1)",step08.layer11._adarms_norm_kernel.line1854/_adarms_norm_kernel,bf16_tensor,14976.0,l2,457504.0,,0.0,,,zero_counted_flops
1423,2366711,0,1,7,_adarms_norm_kernel,"(50, 1, 1)","(128, 1, 1)",step08.layer11._adarms_norm_kernel.line1854/_adarms_norm_kernel,fp32_simt,14976.0,l2,457504.0,,358400.0,0.7833811289081626,0.023931623931623933,ok
1424,2366711,0,1,7,_matmul_rope_qkv,"(128, 1, 1)","(128, 1, 1)",step08.layer11._matmul_rope_qkv.line1863/_matmul_rope_qkv,bf16_tensor,38112.00000000001,l2,13835872.0,,335544320.0,24.251765266403158,8.80416456759026,ok
1424,2366711,0,1,7,_matmul_rope_qkv,"(128, 1, 1)","(128, 1, 1)",step08.layer11._matmul_rope_qkv.line1863/_matmul_rope_qkv,fp32_simt,38112.00000000001,l2,13835872.0,,442368.0,0.03197254209926197,0.011607052896725438,ok
1425,2366711,0,1,7,_matmul_abt_scale,"(91, 1, 1)","(128, 1, 1)",step08.layer11._matmul_abt_scale.line1899/_matmul_abt_scale,bf16_tensor,19200.000000000004,l2,2878176.0,,47710208.0,16.576542921628143,2.4849066666666664,ok
1425,2366711,0,1,7,_matmul_abt_scale,"(91, 1, 1)","(128, 1, 1)",step08.layer11._matmul_abt_scale.line1899/_matmul_abt_scale,fp32_simt,19200.000000000004,l2,2878176.0,,93184.0,0.032376060393804966,0.004853333333333333,ok
1426,2366711,0,1,7,_softmax_prefix_suffix_mask_vector,"(100, 1, 1)","(128, 1, 1)",step08.layer11._softmax_prefix_suffix_mask_vector.line1911/_softmax_prefix_suffix_mask_vector,bf16_tensor,17088.0,l2,560928.0,,0.0,,,zero_counted_flops
1426,2366711,0,1,7,_softmax_prefix_suffix_mask_vector,"(100, 1, 1)","(128, 1, 1)",step08.layer11._softmax_prefix_suffix_mask_vector.line1911/_softmax_prefix_suffix_mask_vector,fp32_simt,17088.0,l2,560928.0,,2528000.0,4.506817274231274,0.14794007490636704,ok
1427,2366711,0,1,7,_matmul_small,"(104, 1, 1)","(128, 1, 1)",step08.layer11._matmul_small.line1921/_matmul_small,bf16_tensor,19488.0,l2,3405184.0,,54525952.0,16.012630154493856,2.797924466338259,ok
1427,2366711,0,1,7,_matmul_small,"(104, 1, 1)","(128, 1, 1)",step08.layer11._matmul_small.line1921/_matmul_small,fp32_simt,19488.0,l2,3405184.0,,0.0,,,zero_counted_flops
1428,2366711,0,1,7,_matmul_small_res_gate_oproj,"(128, 1, 1)","(128, 1, 1)",step08.layer11._matmul_small_res_gate_oproj.line1932/_matmul_small_res_gate_oproj,bf16_tensor,43264.00000000001,l2,14718176.0,,268435456.0,18.238364319056927,6.204591715976331,ok
1428,2366711,0,1,7,_matmul_small_res_gate_oproj,"(128, 1, 1)","(128, 1, 1)",step08.layer11._matmul_small_res_gate_oproj.line1932/_matmul_small_res_gate_oproj,fp32_simt,43264.00000000001,l2,14718176.0,,131072.0,0.008905451327664515,0.003029585798816568,ok
1429,2366711,0,1,7,_adarms_norm_kernel,"(50, 1, 1)","(128, 1, 1)",step08.layer11._adarms_norm_kernel.line1945/_adarms_norm_kernel,bf16_tensor,12960.000000000002,l2,467424.0,,0.0,,,zero_counted_flops
1429,2366711,0,1,7,_adarms_norm_kernel,"(50, 1, 1)","(128, 1, 1)",step08.layer11._adarms_norm_kernel.line1945/_adarms_norm_kernel,fp32_simt,12960.000000000002,l2,467424.0,,358400.0,0.7667556650920792,0.02765432098765432,ok
1430,2366711,0,1,7,_matmul_small_gate,"(1, 64, 1)","(128, 1, 1)",step08.layer11._matmul_small_gate.line1954/_matmul_small_gate,bf16_tensor,90048.0,l2,23348512.0,,1073741824.0,45.987591157843376,11.924105188343994,ok
1430,2366711,0,1,7,_matmul_small_gate,"(1, 64, 1)","(128, 1, 1)",step08.layer11._matmul_small_gate.line1954/_matmul_small_gate,fp32_simt,90048.0,l2,23348512.0,,2883584.0,0.12350183172272391,0.0320227434257285,ok
1431,2366711,0,1,7,_matmul_small_res_gate_ffn_down,"(64, 1, 1)","(128, 1, 1)",step08.layer11._matmul_small_res_gate_ffn_down.line1971/_matmul_small_res_gate_ffn_down,bf16_tensor,73408.0,l2,39282240.0,,536870912.0,13.667013693720113,7.313520488230166,ok
1431,2366711,0,1,7,_matmul_small_res_gate_ffn_down,"(64, 1, 1)","(128, 1, 1)",step08.layer11._matmul_small_res_gate_ffn_down.line1971/_matmul_small_res_gate_ffn_down,fp32_simt,73408.0,l2,39282240.0,,131072.0,0.003336673265068387,0.001785527462946818,ok
1432,2366711,0,1,7,_adarms_norm_kernel,"(50, 1, 1)","(128, 1, 1)",step08.layer12._adarms_norm_kernel.line1854/_adarms_norm_kernel,bf16_tensor,12960.000000000002,l2,468224.0,,0.0,,,zero_counted_flops
1432,2366711,0,1,7,_adarms_norm_kernel,"(50, 1, 1)","(128, 1, 1)",step08.layer12._adarms_norm_kernel.line1854/_adarms_norm_kernel,fp32_simt,12960.000000000002,l2,468224.0,,358400.0,0.7654455986878076,0.02765432098765432,ok
1433,2366711,0,1,7,_matmul_rope_qkv,"(128, 1, 1)","(128, 1, 1)",step08.layer12._matmul_rope_qkv.line1863/_matmul_rope_qkv,bf16_tensor,36512.00000000001,l2,13826240.0,,335544320.0,24.268660170805656,9.189973707274321,ok
1433,2366711,0,1,7,_matmul_rope_qkv,"(128, 1, 1)","(128, 1, 1)",step08.layer12._matmul_rope_qkv.line1863/_matmul_rope_qkv,fp32_simt,36512.00000000001,l2,13826240.0,,442368.0,0.03199481565487074,0.012115687992988606,ok
1434,2366711,0,1,7,_matmul_abt_scale,"(91, 1, 1)","(128, 1, 1)",step08.layer12._matmul_abt_scale.line1899/_matmul_abt_scale,bf16_tensor,18144.0,l2,2850016.0,,47710208.0,16.740329878849803,2.629530864197531,ok
1434,2366711,0,1,7,_matmul_abt_scale,"(91, 1, 1)","(128, 1, 1)",step08.layer12._matmul_abt_scale.line1899/_matmul_abt_scale,fp32_simt,18144.0,l2,2850016.0,,93184.0,0.03269595679462852,0.005135802469135802,ok
1435,2366711,0,1,7,_softmax_prefix_suffix_mask_vector,"(100, 1, 1)","(128, 1, 1)",step08.layer12._softmax_prefix_suffix_mask_vector.line1911/_softmax_prefix_suffix_mask_vector,bf16_tensor,16128.000000000002,l2,560032.0,,0.0,,,zero_counted_flops
1435,2366711,0,1,7,_softmax_prefix_suffix_mask_vector,"(100, 1, 1)","(128, 1, 1)",step08.layer12._softmax_prefix_suffix_mask_vector.line1911/_softmax_prefix_suffix_mask_vector,fp32_simt,16128.000000000002,l2,560032.0,,2528000.0,4.514027769841723,0.15674603174603174,ok
1436,2366711,0,1,7,_matmul_small,"(104, 1, 1)","(128, 1, 1)",step08.layer12._matmul_small.line1921/_matmul_small,bf16_tensor,17280.0,l2,3432832.0,,54525952.0,15.883664566165779,3.155437037037037,ok
1436,2366711,0,1,7,_matmul_small,"(104, 1, 1)","(128, 1, 1)",step08.layer12._matmul_small.line1921/_matmul_small,fp32_simt,17280.0,l2,3432832.0,,0.0,,,zero_counted_flops
1437,2366711,0,1,7,_matmul_small_res_gate_oproj,"(128, 1, 1)","(128, 1, 1)",step08.layer12._matmul_small_res_gate_oproj.line1932/_matmul_small_res_gate_oproj,bf16_tensor,40064.0,l2,14723520.0,,268435456.0,18.231744582817154,6.700166134185304,ok
1437,2366711,0,1,7,_matmul_small_res_gate_oproj,"(128, 1, 1)","(128, 1, 1)",step08.layer12._matmul_small_res_gate_oproj.line1932/_matmul_small_res_gate_oproj,fp32_simt,40064.0,l2,14723520.0,,131072.0,0.008902219034578688,0.003271565495207668,ok
1438,2366711,0,1,7,_adarms_norm_kernel,"(50, 1, 1)","(128, 1, 1)",step08.layer12._adarms_norm_kernel.line1945/_adarms_norm_kernel,bf16_tensor,14592.0,l2,458240.0,,0.0,,,zero_counted_flops
1438,2366711,0,1,7,_adarms_norm_kernel,"(50, 1, 1)","(128, 1, 1)",step08.layer12._adarms_norm_kernel.line1945/_adarms_norm_kernel,fp32_simt,14592.0,l2,458240.0,,358400.0,0.7821229050279329,0.02456140350877193,ok
1439,2366711,0,1,7,_matmul_small_gate,"(1, 64, 1)","(128, 1, 1)",step08.layer12._matmul_small_gate.line1954/_matmul_small_gate,bf16_tensor,81632.0,l2,23291520.0,,1073741824.0,46.10011815459017,13.15344257154057,ok
1439,2366711,0,1,7,_matmul_small_gate,"(1, 64, 1)","(128, 1, 1)",step08.layer12._matmul_small_gate.line1954/_matmul_small_gate,fp32_simt,81632.0,l2,23291520.0,,2883584.0,0.12380402824719039,0.03532418659349274,ok
1440,2366711,0,1,7,_matmul_small_res_gate_ffn_down,"(64, 1, 1)","(128, 1, 1)",step08.layer12._matmul_small_res_gate_ffn_down.line1971/_matmul_small_res_gate_ffn_down,bf16_tensor,74976.00000000001,l2,39385920.0,,536870912.0,13.631036471916868,7.1605702091335885,ok
1440,2366711,0,1,7,_matmul_small_res_gate_ffn_down,"(64, 1, 1)","(128, 1, 1)",step08.layer12._matmul_small_res_gate_ffn_down.line1971/_matmul_small_res_gate_ffn_down,fp32_simt,74976.00000000001,l2,39385920.0,,131072.0,0.003327889763651579,0.001748186086214255,ok
1441,2366711,0,1,7,_adarms_norm_kernel,"(50, 1, 1)","(128, 1, 1)",step08.layer13._adarms_norm_kernel.line1854/_adarms_norm_kernel,bf16_tensor,17024.0,l2,456320.0,,0.0,,,zero_counted_flops
1441,2366711,0,1,7,_adarms_norm_kernel,"(50, 1, 1)","(128, 1, 1)",step08.layer13._adarms_norm_kernel.line1854/_adarms_norm_kernel,fp32_simt,17024.0,l2,456320.0,,358400.0,0.7854137447405329,0.021052631578947364,ok
1442,2366711,0,1,7,_matmul_rope_qkv,"(128, 1, 1)","(128, 1, 1)",step08.layer13._matmul_rope_qkv.line1863/_matmul_rope_qkv,bf16_tensor,36128.00000000001,l2,13824704.0,,335544320.0,24.27135655128674,9.287652790079715,ok
1442,2366711,0,1,7,_matmul_rope_qkv,"(128, 1, 1)","(128, 1, 1)",step08.layer13._matmul_rope_qkv.line1863/_matmul_rope_qkv,fp32_simt,36128.00000000001,l2,13824704.0,,442368.0,0.031998370453356545,0.0122444641275465,ok
1443,2366711,0,1,7,_matmul_abt_scale,"(91, 1, 1)","(128, 1, 1)",step08.layer13._matmul_abt_scale.line1899/_matmul_abt_scale,bf16_tensor,15200.0,l2,2838976.0,,47710208.0,16.805428436168533,3.1388294736842104,ok
1443,2366711,0,1,7,_matmul_abt_scale,"(91, 1, 1)","(128, 1, 1)",step08.layer13._matmul_abt_scale.line1899/_matmul_abt_scale,fp32_simt,15200.0,l2,2838976.0,,93184.0,0.03282310241439167,0.006130526315789473,ok
1444,2366711,0,1,7,_softmax_prefix_suffix_mask_vector,"(100, 1, 1)","(128, 1, 1)",step08.layer13._softmax_prefix_suffix_mask_vector.line1911/_softmax_prefix_suffix_mask_vector,bf16_tensor,16416.0,l2,560288.0,,0.0,,,zero_counted_flops
1444,2366711,0,1,7,_softmax_prefix_suffix_mask_vector,"(100, 1, 1)","(128, 1, 1)",step08.layer13._softmax_prefix_suffix_mask_vector.line1911/_softmax_prefix_suffix_mask_vector,fp32_simt,16416.0,l2,560288.0,,2528000.0,4.511965275001428,0.15399610136452244,ok
1445,2366711,0,1,7,_matmul_small,"(104, 1, 1)","(128, 1, 1)",step08.layer13._matmul_small.line1921/_matmul_small,bf16_tensor,16608.0,l2,3414144.0,,54525952.0,15.97060698084205,3.2831136801541425,ok
1445,2366711,0,1,7,_matmul_small,"(104, 1, 1)","(128, 1, 1)",step08.layer13._matmul_small.line1921/_matmul_small,fp32_simt,16608.0,l2,3414144.0,,0.0,,,zero_counted_flops
1446,2366711,0,1,7,_matmul_small_res_gate_oproj,"(128, 1, 1)","(128, 1, 1)",step08.layer13._matmul_small_res_gate_oproj.line1932/_matmul_small_res_gate_oproj,bf16_tensor,40288.00000000001,l2,14741952.0,,268435456.0,18.208949262621395,6.662913423351866,ok
1446,2366711,0,1,7,_matmul_small_res_gate_oproj,"(128, 1, 1)","(128, 1, 1)",step08.layer13._matmul_small_res_gate_oproj.line1932/_matmul_small_res_gate_oproj,fp32_simt,40288.00000000001,l2,14741952.0,,131072.0,0.008891088507139353,0.0032533756949960284,ok
1447,2366711,0,1,7,_adarms_norm_kernel,"(50, 1, 1)","(128, 1, 1)",step08.layer13._adarms_norm_kernel.line1945/_adarms_norm_kernel,bf16_tensor,14880.000000000002,l2,456768.0,,0.0,,,zero_counted_flops
1447,2366711,0,1,7,_adarms_norm_kernel,"(50, 1, 1)","(128, 1, 1)",step08.layer13._adarms_norm_kernel.line1945/_adarms_norm_kernel,fp32_simt,14880.000000000002,l2,456768.0,,358400.0,0.7846434075942272,0.024086021505376344,ok
1448,2366711,0,1,7,_matmul_small_gate,"(1, 64, 1)","(128, 1, 1)",step08.layer13._matmul_small_gate.line1954/_matmul_small_gate,bf16_tensor,78624.00000000001,l2,23316864.0,,1073741824.0,46.05001015573964,13.656667480667478,ok
1448,2366711,0,1,7,_matmul_small_gate,"(1, 64, 1)","(128, 1, 1)",step08.layer13._matmul_small_gate.line1954/_matmul_small_gate,fp32_simt,78624.00000000001,l2,23316864.0,,2883584.0,0.12366946086746486,0.03667562067562067,ok
1449,2366711,0,1,7,_matmul_small_res_gate_ffn_down,"(64, 1, 1)","(128, 1, 1)",step08.layer13._matmul_small_res_gate_ffn_down.line1971/_matmul_small_res_gate_ffn_down,bf16_tensor,72512.0,l2,39344192.0,,536870912.0,13.64549339328153,7.403890556045895,ok
1449,2366711,0,1,7,_matmul_small_res_gate_ffn_down,"(64, 1, 1)","(128, 1, 1)",step08.layer13._matmul_small_res_gate_ffn_down.line1971/_matmul_small_res_gate_ffn_down,fp32_simt,72512.0,l2,39344192.0,,131072.0,0.0033314192854691236,0.0018075904677846424,ok
1450,2366711,0,1,7,_adarms_norm_kernel,"(50, 1, 1)","(128, 1, 1)",step08.layer14._adarms_norm_kernel.line1854/_adarms_norm_kernel,bf16_tensor,16000.000000000002,l2,464544.0,,0.0,,,zero_counted_flops
1450,2366711,0,1,7,_adarms_norm_kernel,"(50, 1, 1)","(128, 1, 1)",step08.layer14._adarms_norm_kernel.line1854/_adarms_norm_kernel,fp32_simt,16000.000000000002,l2,464544.0,,358400.0,0.7715092649996556,0.022399999999999996,ok
1451,2366711,0,1,7,_matmul_rope_qkv,"(128, 1, 1)","(128, 1, 1)",step08.layer14._matmul_rope_qkv.line1863/_matmul_rope_qkv,bf16_tensor,36288.0,l2,13813024.0,,335544320.0,24.291879895379896,9.246701940035273,ok
1451,2366711,0,1,7,_matmul_rope_qkv,"(128, 1, 1)","(128, 1, 1)",step08.layer14._matmul_rope_qkv.line1863/_matmul_rope_qkv,fp32_simt,36288.0,l2,13813024.0,,442368.0,0.03202542759644811,0.01219047619047619,ok
1452,2366711,0,1,7,_matmul_abt_scale,"(91, 1, 1)","(128, 1, 1)",step08.layer14._matmul_abt_scale.line1899/_matmul_abt_scale,bf16_tensor,17184.0,l2,2835232.0,,47710208.0,16.827620455751063,2.776432029795158,ok
1452,2366711,0,1,7,_matmul_abt_scale,"(91, 1, 1)","(128, 1, 1)",step08.layer14._matmul_abt_scale.line1899/_matmul_abt_scale,fp32_simt,17184.0,l2,2835232.0,,93184.0,0.032866446202638795,0.005422718808193668,ok
1453,2366711,0,1,7,_softmax_prefix_suffix_mask_vector,"(100, 1, 1)","(128, 1, 1)",step08.layer14._softmax_prefix_suffix_mask_vector.line1911/_softmax_prefix_suffix_mask_vector,bf16_tensor,19936.0,l2,567360.0,,0.0,,,zero_counted_flops
1453,2366711,0,1,7,_softmax_prefix_suffix_mask_vector,"(100, 1, 1)","(128, 1, 1)",step08.layer14._softmax_prefix_suffix_mask_vector.line1911/_softmax_prefix_suffix_mask_vector,fp32_simt,19936.0,l2,567360.0,,2528000.0,4.455724760293288,0.12680577849117175,ok
1454,2366711,0,1,7,_matmul_small,"(104, 1, 1)","(128, 1, 1)",step08.layer14._matmul_small.line1921/_matmul_small,bf16_tensor,18272.0,l2,3426944.0,,54525952.0,15.910955066671647,2.9841260945709283,ok
1454,2366711,0,1,7,_matmul_small,"(104, 1, 1)","(128, 1, 1)",step08.layer14._matmul_small.line1921/_matmul_small,fp32_simt,18272.0,l2,3426944.0,,0.0,,,zero_counted_flops
1455,2366711,0,1,7,_matmul_small_res_gate_oproj,"(128, 1, 1)","(128, 1, 1)",step08.layer14._matmul_small_res_gate_oproj.line1932/_matmul_small_res_gate_oproj,bf16_tensor,38304.00000000001,l2,14783744.0,,268435456.0,18.15747458830456,7.008026733500417,ok
1455,2366711,0,1,7,_matmul_small_res_gate_oproj,"(128, 1, 1)","(128, 1, 1)",step08.layer14._matmul_small_res_gate_oproj.line1932/_matmul_small_res_gate_oproj,fp32_simt,38304.00000000001,l2,14783744.0,,131072.0,0.008865954388820586,0.0034218880534670005,ok
1456,2366711,0,1,7,_adarms_norm_kernel,"(50, 1, 1)","(128, 1, 1)",step08.layer14._adarms_norm_kernel.line1945/_adarms_norm_kernel,bf16_tensor,18656.000000000004,l2,469216.0,,0.0,,,zero_counted_flops
1456,2366711,0,1,7,_adarms_norm_kernel,"(50, 1, 1)","(128, 1, 1)",step08.layer14._adarms_norm_kernel.line1945/_adarms_norm_kernel,fp32_simt,18656.000000000004,l2,469216.0,,358400.0,0.7638273204664803,0.019210977701543737,ok
1457,2366711,0,1,7,_matmul_small_gate,"(1, 64, 1)","(128, 1, 1)",step08.layer14._matmul_small_gate.line1954/_matmul_small_gate,bf16_tensor,79616.0,l2,23283680.0,,1073741824.0,46.11564082653601,13.486508038585209,ok
1457,2366711,0,1,7,_matmul_small_gate,"(1, 64, 1)","(128, 1, 1)",step08.layer14._matmul_small_gate.line1954/_matmul_small_gate,fp32_simt,79616.0,l2,23283680.0,,2883584.0,0.1238457151103262,0.03621864951768488,ok
1458,2366711,0,1,7,_matmul_small_res_gate_ffn_down,"(64, 1, 1)","(128, 1, 1)",step08.layer14._matmul_small_res_gate_ffn_down.line1971/_matmul_small_res_gate_ffn_down,bf16_tensor,61856.0,l2,39336672.0,,536870912.0,13.648102005172172,8.679366787377134,ok
1458,2366711,0,1,7,_matmul_small_res_gate_ffn_down,"(64, 1, 1)","(128, 1, 1)",step08.layer14._matmul_small_res_gate_ffn_down.line1971/_matmul_small_res_gate_ffn_down,fp32_simt,61856.0,l2,39336672.0,,131072.0,0.0033320561536064872,0.0021189860320744956,ok
1459,2366711,0,1,7,_adarms_norm_kernel,"(50, 1, 1)","(128, 1, 1)",step08.layer15._adarms_norm_kernel.line1854/_adarms_norm_kernel,bf16_tensor,15712.000000000002,l2,465504.0,,0.0,,,zero_counted_flops
1459,2366711,0,1,7,_adarms_norm_kernel,"(50, 1, 1)","(128, 1, 1)",step08.layer15._adarms_norm_kernel.line1854/_adarms_norm_kernel,fp32_simt,15712.000000000002,l2,465504.0,,358400.0,0.7699181961916547,0.02281059063136456,ok
1460,2366711,0,1,7,_matmul_rope_qkv,"(128, 1, 1)","(128, 1, 1)",step08.layer15._matmul_rope_qkv.line1863/_matmul_rope_qkv,bf16_tensor,37056.0,l2,13816160.0,,335544320.0,24.28636611040984,9.055060449050085,ok
1460,2366711,0,1,7,_matmul_rope_qkv,"(128, 1, 1)","(128, 1, 1)",step08.layer15._matmul_rope_qkv.line1863/_matmul_rope_qkv,fp32_simt,37056.0,l2,13816160.0,,442368.0,0.032018158446341094,0.011937823834196892,ok
1461,2366711,0,1,7,_matmul_abt_scale,"(91, 1, 1)","(128, 1, 1)",step08.layer15._matmul_abt_scale.line1899/_matmul_abt_scale,bf16_tensor,17120.000000000004,l2,2835328.0,,47710208.0,16.82705069748544,2.7868112149532704,ok
1461,2366711,0,1,7,_matmul_abt_scale,"(91, 1, 1)","(128, 1, 1)",step08.layer15._matmul_abt_scale.line1899/_matmul_abt_scale,fp32_simt,17120.000000000004,l2,2835328.0,,93184.0,0.03286533339352625,0.005442990654205606,ok
1462,2366711,0,1,7,_softmax_prefix_suffix_mask_vector,"(100, 1, 1)","(128, 1, 1)",step08.layer15._softmax_prefix_suffix_mask_vector.line1911/_softmax_prefix_suffix_mask_vector,bf16_tensor,18208.000000000004,l2,567200.0,,0.0,,,zero_counted_flops
1462,2366711,0,1,7,_softmax_prefix_suffix_mask_vector,"(100, 1, 1)","(128, 1, 1)",step08.layer15._softmax_prefix_suffix_mask_vector.line1911/_softmax_prefix_suffix_mask_vector,fp32_simt,18208.000000000004,l2,567200.0,,2528000.0,4.456981664315938,0.13884007029876974,ok
1463,2366711,0,1,7,_matmul_small,"(104, 1, 1)","(128, 1, 1)",step08.layer15._matmul_small.line1921/_matmul_small,bf16_tensor,21664.0,l2,3424640.0,,54525952.0,15.921659502896654,2.5168921713441654,ok
1463,2366711,0,1,7,_matmul_small,"(104, 1, 1)","(128, 1, 1)",step08.layer15._matmul_small.line1921/_matmul_small,fp32_simt,21664.0,l2,3424640.0,,0.0,,,zero_counted_flops
1464,2366711,0,1,7,_matmul_small_res_gate_oproj,"(128, 1, 1)","(128, 1, 1)",step08.layer15._matmul_small_res_gate_oproj.line1932/_matmul_small_res_gate_oproj,bf16_tensor,39424.0,l2,14703872.0,,268435456.0,18.25610669080906,6.808935064935064,ok
1464,2366711,0,1,7,_matmul_small_res_gate_oproj,"(128, 1, 1)","(128, 1, 1)",step08.layer15._matmul_small_res_gate_oproj.line1932/_matmul_small_res_gate_oproj,fp32_simt,39424.0,l2,14703872.0,,131072.0,0.00891411459512161,0.0033246753246753244,ok
1465,2366711,0,1,7,_adarms_norm_kernel,"(50, 1, 1)","(128, 1, 1)",step08.layer15._adarms_norm_kernel.line1945/_adarms_norm_kernel,bf16_tensor,17952.0,l2,457024.0,,0.0,,,zero_counted_flops
1465,2366711,0,1,7,_adarms_norm_kernel,"(50, 1, 1)","(128, 1, 1)",step08.layer15._adarms_norm_kernel.line1945/_adarms_norm_kernel,fp32_simt,17952.0,l2,457024.0,,358400.0,0.7842038930121832,0.019964349376114084,ok
1466,2366711,0,1,7,_matmul_small_gate,"(1, 64, 1)","(128, 1, 1)",step08.layer15._matmul_small_gate.line1954/_matmul_small_gate,bf16_tensor,81952.0,l2,23366752.0,,1073741824.0,45.95169341464317,13.102081999219054,ok
1466,2366711,0,1,7,_matmul_small_gate,"(1, 64, 1)","(128, 1, 1)",step08.layer15._matmul_small_gate.line1954/_matmul_small_gate,fp32_simt,81952.0,l2,23366752.0,,2883584.0,0.12340542665065303,0.035186255368996486,ok
1467,2366711,0,1,7,_matmul_small_res_gate_ffn_down,"(64, 1, 1)","(128, 1, 1)",step08.layer15._matmul_small_res_gate_ffn_down.line1971/_matmul_small_res_gate_ffn_down,bf16_tensor,74240.00000000001,l2,39298816.0,,536870912.0,13.661249031014064,7.231558620689654,ok
1467,2366711,0,1,7,_matmul_small_res_gate_ffn_down,"(64, 1, 1)","(128, 1, 1)",step08.layer15._matmul_small_res_gate_ffn_down.line1971/_matmul_small_res_gate_ffn_down,fp32_simt,74240.00000000001,l2,39298816.0,,131072.0,0.003335265876712418,0.00176551724137931,ok
1468,2366711,0,1,7,_adarms_norm_kernel,"(50, 1, 1)","(128, 1, 1)",step08.layer16._adarms_norm_kernel.line1854/_adarms_norm_kernel,bf16_tensor,15552.0,l2,458080.0,,0.0,,,zero_counted_flops
1468,2366711,0,1,7,_adarms_norm_kernel,"(50, 1, 1)","(128, 1, 1)",step08.layer16._adarms_norm_kernel.line1854/_adarms_norm_kernel,fp32_simt,15552.0,l2,458080.0,,358400.0,0.78239608801956,0.023045267489711932,ok
1469,2366711,0,1,7,_matmul_rope_qkv,"(128, 1, 1)","(128, 1, 1)",step08.layer16._matmul_rope_qkv.line1863/_matmul_rope_qkv,bf16_tensor,36256.0,l2,13778272.0,,335544320.0,24.35314965476077,9.25486319505737,ok
1469,2366711,0,1,7,_matmul_rope_qkv,"(128, 1, 1)","(128, 1, 1)",step08.layer16._matmul_rope_qkv.line1863/_matmul_rope_qkv,fp32_simt,36256.0,l2,13778272.0,,442368.0,0.032106203158131875,0.012201235657546336,ok
1470,2366711,0,1,7,_matmul_abt_scale,"(91, 1, 1)","(128, 1, 1)",step08.layer16._matmul_abt_scale.line1899/_matmul_abt_scale,bf16_tensor,15872.0,l2,2859808.0,,47710208.0,16.68301088744419,3.0059354838709678,ok
1470,2366711,0,1,7,_matmul_abt_scale,"(91, 1, 1)","(128, 1, 1)",step08.layer16._matmul_abt_scale.line1899/_matmul_abt_scale,fp32_simt,15872.0,l2,2859808.0,,93184.0,0.032584005639539435,0.005870967741935484,ok
1471,2366711,0,1,7,_softmax_prefix_suffix_mask_vector,"(100, 1, 1)","(128, 1, 1)",step08.layer16._softmax_prefix_suffix_mask_vector.line1911/_softmax_prefix_suffix_mask_vector,bf16_tensor,19296.0,l2,567104.0,,0.0,,,zero_counted_flops
1471,2366711,0,1,7,_softmax_prefix_suffix_mask_vector,"(100, 1, 1)","(128, 1, 1)",step08.layer16._softmax_prefix_suffix_mask_vector.line1911/_softmax_prefix_suffix_mask_vector,fp32_simt,19296.0,l2,567104.0,,2528000.0,4.45773614716172,0.1310116086235489,ok
1472,2366711,0,1,7,_matmul_small,"(104, 1, 1)","(128, 1, 1)",step08.layer16._matmul_small.line1921/_matmul_small,bf16_tensor,17440.000000000004,l2,3413056.0,,54525952.0,15.975698025464569,3.126488073394495,ok
1472,2366711,0,1,7,_matmul_small,"(104, 1, 1)","(128, 1, 1)",step08.layer16._matmul_small.line1921/_matmul_small,fp32_simt,17440.000000000004,l2,3413056.0,,0.0,,,zero_counted_flops
1473,2366711,0,1,7,_matmul_small_res_gate_oproj,"(128, 1, 1)","(128, 1, 1)",step08.layer16._matmul_small_res_gate_oproj.line1932/_matmul_small_res_gate_oproj,bf16_tensor,42176.00000000001,l2,14666048.0,,268435456.0,18.30318951635778,6.364649468892261,ok
1473,2366711,0,1,7,_matmul_small_res_gate_oproj,"(128, 1, 1)","(128, 1, 1)",step08.layer16._matmul_small_res_gate_oproj.line1932/_matmul_small_res_gate_oproj,fp32_simt,42176.00000000001,l2,14666048.0,,131072.0,0.008937104256034072,0.0031077389984825493,ok
1474,2366711,0,1,7,_adarms_norm_kernel,"(50, 1, 1)","(128, 1, 1)",step08.layer16._adarms_norm_kernel.line1945/_adarms_norm_kernel,bf16_tensor,15392.000000000002,l2,464224.0,,0.0,,,zero_counted_flops
1474,2366711,0,1,7,_adarms_norm_kernel,"(50, 1, 1)","(128, 1, 1)",step08.layer16._adarms_norm_kernel.line1945/_adarms_norm_kernel,fp32_simt,15392.000000000002,l2,464224.0,,358400.0,0.7720410836148066,0.023284823284823283,ok
1475,2366711,0,1,7,_matmul_small_gate,"(1, 64, 1)","(128, 1, 1)",step08.layer16._matmul_small_gate.line1954/_matmul_small_gate,bf16_tensor,89696.0,l2,23294976.0,,1073741824.0,46.09327882544288,11.97089975026757,ok
1475,2366711,0,1,7,_matmul_small_gate,"(1, 64, 1)","(128, 1, 1)",step08.layer16._matmul_small_gate.line1954/_matmul_small_gate,fp32_simt,89696.0,l2,23294976.0,,2883584.0,0.1237856609081718,0.032148412415269355,ok
1476,2366711,0,1,7,_matmul_small_res_gate_ffn_down,"(64, 1, 1)","(128, 1, 1)",step08.layer16._matmul_small_res_gate_ffn_down.line1971/_matmul_small_res_gate_ffn_down,bf16_tensor,76288.0,l2,39391008.0,,536870912.0,13.62927579817201,7.0374228187919465,ok
1476,2366711,0,1,7,_matmul_small_res_gate_ffn_down,"(64, 1, 1)","(128, 1, 1)",step08.layer16._matmul_small_res_gate_ffn_down.line1971/_matmul_small_res_gate_ffn_down,fp32_simt,76288.0,l2,39391008.0,,131072.0,0.0033274599116630884,0.0017181208053691276,ok
1477,2366711,0,1,7,_adarms_norm_kernel,"(50, 1, 1)","(128, 1, 1)",step08.layer17._adarms_norm_kernel.line1854/_adarms_norm_kernel,bf16_tensor,15648.0,l2,464128.0,,0.0,,,zero_counted_flops
1477,2366711,0,1,7,_adarms_norm_kernel,"(50, 1, 1)","(128, 1, 1)",step08.layer17._adarms_norm_kernel.line1854/_adarms_norm_kernel,fp32_simt,15648.0,l2,464128.0,,358400.0,0.7722007722007722,0.022903885480572598,ok
1478,2366711,0,1,7,_matmul_rope_qkv,"(128, 1, 1)","(128, 1, 1)",step08.layer17._matmul_rope_qkv.line1863/_matmul_rope_qkv,bf16_tensor,38272.0,l2,13839104.0,,335544320.0,24.246101481714422,8.767357859531772,ok
1478,2366711,0,1,7,_matmul_rope_qkv,"(128, 1, 1)","(128, 1, 1)",step08.layer17._matmul_rope_qkv.line1863/_matmul_rope_qkv,fp32_simt,38272.0,l2,13839104.0,,442368.0,0.0319650751956196,0.011558528428093646,ok
1479,2366711,0,1,7,_matmul_abt_scale,"(91, 1, 1)","(128, 1, 1)",step08.layer17._matmul_abt_scale.line1899/_matmul_abt_scale,bf16_tensor,19008.0,l2,2879904.0,,47710208.0,16.566596664333254,2.510006734006734,ok
1479,2366711,0,1,7,_matmul_abt_scale,"(91, 1, 1)","(128, 1, 1)",step08.layer17._matmul_abt_scale.line1899/_matmul_abt_scale,fp32_simt,19008.0,l2,2879904.0,,93184.0,0.032356634110025886,0.004902356902356902,ok
1480,2366711,0,1,7,_softmax_prefix_suffix_mask_vector,"(100, 1, 1)","(128, 1, 1)",step08.layer17._softmax_prefix_suffix_mask_vector.line1911/_softmax_prefix_suffix_mask_vector,bf16_tensor,19520.000000000004,l2,566656.0,,0.0,,,zero_counted_flops
1480,2366711,0,1,7,_softmax_prefix_suffix_mask_vector,"(100, 1, 1)","(128, 1, 1)",step08.layer17._softmax_prefix_suffix_mask_vector.line1911/_softmax_prefix_suffix_mask_vector,fp32_simt,19520.000000000004,l2,566656.0,,2528000.0,4.461260447255477,0.12950819672131147,ok
1481,2366711,0,1,7,_matmul_small,"(104, 1, 1)","(128, 1, 1)",step08.layer17._matmul_small.line1921/_matmul_small,bf16_tensor,17152.0,l2,3415456.0,,54525952.0,15.964472093916596,3.178985074626865,ok
1481,2366711,0,1,7,_matmul_small,"(104, 1, 1)","(128, 1, 1)",step08.layer17._matmul_small.line1921/_matmul_small,fp32_simt,17152.0,l2,3415456.0,,0.0,,,zero_counted_flops
1482,2366711,0,1,7,_matmul_small_res_gate_oproj,"(128, 1, 1)","(128, 1, 1)",step08.layer17._matmul_small_res_gate_oproj.line1932/_matmul_small_res_gate_oproj,bf16_tensor,38528.0,l2,14743680.0,,268435456.0,18.206815123496984,6.967282392026578,ok
1482,2366711,0,1,7,_matmul_small_res_gate_oproj,"(128, 1, 1)","(128, 1, 1)",step08.layer17._matmul_small_res_gate_oproj.line1932/_matmul_small_res_gate_oproj,fp32_simt,38528.0,l2,14743680.0,,131072.0,0.008890046447020012,0.0034019933554817277,ok
1483,2366711,0,1,7,_adarms_norm_kernel,"(50, 1, 1)","(128, 1, 1)",step08.layer17._adarms_norm_kernel.line1945/_adarms_norm_kernel,bf16_tensor,15808.000000000002,l2,471776.0,,0.0,,,zero_counted_flops
1483,2366711,0,1,7,_adarms_norm_kernel,"(50, 1, 1)","(128, 1, 1)",step08.layer17._adarms_norm_kernel.line1945/_adarms_norm_kernel,fp32_simt,15808.000000000002,l2,471776.0,,358400.0,0.759682561215492,0.022672064777327933,ok
1484,2366711,0,1,7,_matmul_small_gate,"(1, 64, 1)","(128, 1, 1)",step08.layer17._matmul_small_gate.line1954/_matmul_small_gate,bf16_tensor,80224.00000000001,l2,23316544.0,,1073741824.0,46.050642153485526,13.384296769046667,ok
1484,2366711,0,1,7,_matmul_small_gate,"(1, 64, 1)","(128, 1, 1)",step08.layer17._matmul_small_gate.line1954/_matmul_small_gate,fp32_simt,80224.00000000001,l2,23316544.0,,2883584.0,0.12367115812703633,0.035944156362185876,ok
1485,2366711,0,1,7,_matmul_small_res_gate_ffn_down,"(64, 1, 1)","(128, 1, 1)",step08.layer17._matmul_small_res_gate_ffn_down.line1971/_matmul_small_res_gate_ffn_down,bf16_tensor,74112.0,l2,39310176.0,,536870912.0,13.657301152760038,7.244048359240069,ok
1485,2366711,0,1,7,_matmul_small_res_gate_ffn_down,"(64, 1, 1)","(128, 1, 1)",step08.layer17._matmul_small_res_gate_ffn_down.line1971/_matmul_small_res_gate_ffn_down,fp32_simt,74112.0,l2,39310176.0,,131072.0,0.003334302039248056,0.001768566493955095,ok
1486,2366711,0,1,7,_adarms_norm_kernel,"(50, 1, 1)","(128, 1, 1)",step08.layer-1._adarms_norm_kernel.line1989/_adarms_norm_kernel,bf16_tensor,13888.000000000002,l2,456032.0,,0.0,,,zero_counted_flops
1486,2366711,0,1,7,_adarms_norm_kernel,"(50, 1, 1)","(128, 1, 1)",step08.layer-1._adarms_norm_kernel.line1989/_adarms_norm_kernel,fp32_simt,13888.000000000002,l2,456032.0,,358400.0,0.785909760718546,0.025806451612903222,ok
1487,2366711,0,1,7,_matmul_small_bias_res,"(8, 1, 1)","(128, 1, 1)",step08.layer-1._matmul_small_bias_res.line1998/_matmul_small_bias_res,bf16_tensor,17504.0,l2,517920.0,,8388608.0,16.196725362990424,0.47923948811700184,ok
1487,2366711,0,1,7,_matmul_small_bias_res,"(8, 1, 1)","(128, 1, 1)",step08.layer-1._matmul_small_bias_res.line1998/_matmul_small_bias_res,fp32_simt,17504.0,l2,517920.0,,4096.0,0.007908557306147668,0.0002340036563071298,ok
1488,2366711,0,1,7,_matmul_small_bias,"(64, 1, 1)","(128, 1, 1)",step09.layer-1._matmul_small_bias.line1839/_matmul_small_bias,bf16_tensor,13344.000000000002,l2,363040.0,,4194304.0,11.553283384750992,0.31432134292565944,ok
1488,2366711,0,1,7,_matmul_small_bias,"(64, 1, 1)","(128, 1, 1)",step09.layer-1._matmul_small_bias.line1839/_matmul_small_bias,fp32_simt,13344.000000000002,l2,363040.0,,32768.0,0.09026002644336713,0.0024556354916067144,ok
1489,2366711,0,1,7,_adarms_norm_kernel,"(50, 1, 1)","(128, 1, 1)",step09.layer00._adarms_norm_kernel.line1854/_adarms_norm_kernel,bf16_tensor,12960.000000000002,l2,453920.0,,0.0,,,zero_counted_flops
1489,2366711,0,1,7,_adarms_norm_kernel,"(50, 1, 1)","(128, 1, 1)",step09.layer00._adarms_norm_kernel.line1854/_adarms_norm_kernel,fp32_simt,12960.000000000002,l2,453920.0,,358400.0,0.7895664434261543,0.02765432098765432,ok
1490,2366711,0,1,7,_matmul_rope_qkv,"(128, 1, 1)","(128, 1, 1)",step09.layer00._matmul_rope_qkv.line1863/_matmul_rope_qkv,bf16_tensor,36000.0,l2,13831392.0,,335544320.0,24.25962043444362,9.320675555555555,ok
1490,2366711,0,1,7,_matmul_rope_qkv,"(128, 1, 1)","(128, 1, 1)",step09.layer00._matmul_rope_qkv.line1863/_matmul_rope_qkv,fp32_simt,36000.0,l2,13831392.0,,442368.0,0.03198289803369032,0.012288,ok
1491,2366711,0,1,7,_matmul_abt_scale,"(91, 1, 1)","(128, 1, 1)",step09.layer00._matmul_abt_scale.line1899/_matmul_abt_scale,bf16_tensor,18112.000000000004,l2,2868608.0,,47710208.0,16.63183258221409,2.6341766784452294,ok
1491,2366711,0,1,7,_matmul_abt_scale,"(91, 1, 1)","(128, 1, 1)",step09.layer00._matmul_abt_scale.line1899/_matmul_abt_scale,fp32_simt,18112.000000000004,l2,2868608.0,,93184.0,0.0324840480121369,0.005144876325088339,ok
1492,2366711,0,1,7,_softmax_prefix_suffix_mask_vector,"(100, 1, 1)","(128, 1, 1)",step09.layer00._softmax_prefix_suffix_mask_vector.line1911/_softmax_prefix_suffix_mask_vector,bf16_tensor,17856.0,l2,565728.0,,0.0,,,zero_counted_flops
1492,2366711,0,1,7,_softmax_prefix_suffix_mask_vector,"(100, 1, 1)","(128, 1, 1)",step09.layer00._softmax_prefix_suffix_mask_vector.line1911/_softmax_prefix_suffix_mask_vector,fp32_simt,17856.0,l2,565728.0,,2528000.0,4.468578539510153,0.14157706093189965,ok
1493,2366711,0,1,7,_matmul_small,"(104, 1, 1)","(128, 1, 1)",step09.layer00._matmul_small.line1921/_matmul_small,bf16_tensor,16960.0,l2,3415104.0,,54525952.0,15.966117576507187,3.21497358490566,ok
1493,2366711,0,1,7,_matmul_small,"(104, 1, 1)","(128, 1, 1)",step09.layer00._matmul_small.line1921/_matmul_small,fp32_simt,16960.0,l2,3415104.0,,0.0,,,zero_counted_flops
1494,2366711,0,1,7,_matmul_small_res_gate_oproj,"(128, 1, 1)","(128, 1, 1)",step09.layer00._matmul_small_res_gate_oproj.line1932/_matmul_small_res_gate_oproj,bf16_tensor,39808.0,l2,14773696.0,,268435456.0,18.169823989880392,6.743254019292604,ok
1494,2366711,0,1,7,_matmul_small_res_gate_oproj,"(128, 1, 1)","(128, 1, 1)",step09.layer00._matmul_small_res_gate_oproj.line1932/_matmul_small_res_gate_oproj,fp32_simt,39808.0,l2,14773696.0,,131072.0,0.008871984370058785,0.003292604501607717,ok
1495,2366711,0,1,7,_adarms_norm_kernel,"(50, 1, 1)","(128, 1, 1)",step09.layer00._adarms_norm_kernel.line1945/_adarms_norm_kernel,bf16_tensor,14112.000000000002,l2,464928.0,,0.0,,,zero_counted_flops
1495,2366711,0,1,7,_adarms_norm_kernel,"(50, 1, 1)","(128, 1, 1)",step09.layer00._adarms_norm_kernel.line1945/_adarms_norm_kernel,fp32_simt,14112.000000000002,l2,464928.0,,358400.0,0.7708720490054374,0.025396825396825393,ok
1496,2366711,0,1,7,_matmul_small_gate,"(1, 64, 1)","(128, 1, 1)",step09.layer00._matmul_small_gate.line1954/_matmul_small_gate,bf16_tensor,83008.0,l2,23272576.0,,1073741824.0,46.13764389468532,12.935401696222051,ok
1496,2366711,0,1,7,_matmul_small_gate,"(1, 64, 1)","(128, 1, 1)",step09.layer00._matmul_small_gate.line1954/_matmul_small_gate,fp32_simt,83008.0,l2,23272576.0,,2883584.0,0.12390480538123498,0.03473862760215883,ok
1497,2366711,0,1,7,_matmul_small_res_gate_ffn_down,"(64, 1, 1)","(128, 1, 1)",step09.layer00._matmul_small_res_gate_ffn_down.line1971/_matmul_small_res_gate_ffn_down,bf16_tensor,72608.0,l2,39372448.0,,536870912.0,13.635700579247702,7.394101366240633,ok
1497,2366711,0,1,7,_matmul_small_res_gate_ffn_down,"(64, 1, 1)","(128, 1, 1)",step09.layer00._matmul_small_res_gate_ffn_down.line1971/_matmul_small_res_gate_ffn_down,fp32_simt,72608.0,l2,39372448.0,,131072.0,0.003329028461730396,0.0018052005288673421,ok
1498,2366711,0,1,7,_adarms_norm_kernel,"(50, 1, 1)","(128, 1, 1)",step09.layer01._adarms_norm_kernel.line1854/_adarms_norm_kernel,bf16_tensor,12960.000000000002,l2,462528.0,,0.0,,,zero_counted_flops
1498,2366711,0,1,7,_adarms_norm_kernel,"(50, 1, 1)","(128, 1, 1)",step09.layer01._adarms_norm_kernel.line1854/_adarms_norm_kernel,fp32_simt,12960.000000000002,l2,462528.0,,358400.0,0.7748720077487201,0.02765432098765432,ok
1499,2366711,0,1,7,_matmul_rope_qkv,"(128, 1, 1)","(128, 1, 1)",step09.layer01._matmul_rope_qkv.line1863/_matmul_rope_qkv,bf16_tensor,33280.0,l2,14011168.0,,335544320.0,23.948347489659678,10.082461538461539,ok
1499,2366711,0,1,7,_matmul_rope_qkv,"(128, 1, 1)","(128, 1, 1)",step09.layer01._matmul_rope_qkv.line1863/_matmul_rope_qkv,fp32_simt,33280.0,l2,14011168.0,,442368.0,0.03157252842875055,0.013292307692307692,ok
1500,2366711,0,1,7,_matmul_abt_scale,"(91, 1, 1)","(128, 1, 1)",step09.layer01._matmul_abt_scale.line1899/_matmul_abt_scale,bf16_tensor,16480.0,l2,2839648.0,,47710208.0,16.801451447503354,2.8950368932038835,ok
1500,2366711,0,1,7,_matmul_abt_scale,"(91, 1, 1)","(128, 1, 1)",step09.layer01._matmul_abt_scale.line1899/_matmul_abt_scale,fp32_simt,16480.0,l2,2839648.0,,93184.0,0.03281533485840499,0.005654368932038835,ok
1501,2366711,0,1,7,_softmax_prefix_suffix_mask_vector,"(100, 1, 1)","(128, 1, 1)",step09.layer01._softmax_prefix_suffix_mask_vector.line1911/_softmax_prefix_suffix_mask_vector,bf16_tensor,15968.0,l2,560224.0,,0.0,,,zero_counted_flops
1501,2366711,0,1,7,_softmax_prefix_suffix_mask_vector,"(100, 1, 1)","(128, 1, 1)",step09.layer01._softmax_prefix_suffix_mask_vector.line1911/_softmax_prefix_suffix_mask_vector,fp32_simt,15968.0,l2,560224.0,,2528000.0,4.512480721996916,0.15831663326653306,ok
1502,2366711,0,1,7,_matmul_small,"(104, 1, 1)","(128, 1, 1)",step09.layer01._matmul_small.line1921/_matmul_small,bf16_tensor,17024.0,l2,3398880.0,,54525952.0,16.042329237866593,3.2028872180451122,ok
1502,2366711,0,1,7,_matmul_small,"(104, 1, 1)","(128, 1, 1)",step09.layer01._matmul_small.line1921/_matmul_small,fp32_simt,17024.0,l2,3398880.0,,0.0,,,zero_counted_flops
1503,2366711,0,1,7,_matmul_small_res_gate_oproj,"(128, 1, 1)","(128, 1, 1)",step09.layer01._matmul_small_res_gate_oproj.line1932/_matmul_small_res_gate_oproj,bf16_tensor,38912.0,l2,14764736.0,,268435456.0,18.180850372129918,6.898526315789474,ok
1503,2366711,0,1,7,_matmul_small_res_gate_oproj,"(128, 1, 1)","(128, 1, 1)",step09.layer01._matmul_small_res_gate_oproj.line1932/_matmul_small_res_gate_oproj,fp32_simt,38912.0,l2,14764736.0,,131072.0,0.008877368345766561,0.003368421052631579,ok
1504,2366711,0,1,7,_adarms_norm_kernel,"(50, 1, 1)","(128, 1, 1)",step09.layer01._adarms_norm_kernel.line1945/_adarms_norm_kernel,bf16_tensor,16000.000000000002,l2,465024.0,,0.0,,,zero_counted_flops
1504,2366711,0,1,7,_adarms_norm_kernel,"(50, 1, 1)","(128, 1, 1)",step09.layer01._adarms_norm_kernel.line1945/_adarms_norm_kernel,fp32_simt,16000.000000000002,l2,465024.0,,358400.0,0.7707129094412332,0.022399999999999996,ok
1505,2366711,0,1,7,_matmul_small_gate,"(1, 64, 1)","(128, 1, 1)",step09.layer01._matmul_small_gate.line1954/_matmul_small_gate,bf16_tensor,88320.00000000001,l2,23351648.0,,1073741824.0,45.9814152731319,12.157402898550723,ok
1505,2366711,0,1,7,_matmul_small_gate,"(1, 64, 1)","(128, 1, 1)",step09.layer01._matmul_small_gate.line1954/_matmul_small_gate,fp32_simt,88320.00000000001,l2,23351648.0,,2883584.0,0.12348524609483665,0.03264927536231883,ok
1506,2366711,0,1,7,_matmul_small_res_gate_ffn_down,"(64, 1, 1)","(128, 1, 1)",step09.layer01._matmul_small_res_gate_ffn_down.line1971/_matmul_small_res_gate_ffn_down,bf16_tensor,74304.0,l2,39278464.0,,536870912.0,13.668327559855701,7.225329888027563,ok
1506,2366711,0,1,7,_matmul_small_res_gate_ffn_down,"(64, 1, 1)","(128, 1, 1)",step09.layer01._matmul_small_res_gate_ffn_down.line1971/_matmul_small_res_gate_ffn_down,fp32_simt,74304.0,l2,39278464.0,,131072.0,0.0033369940331678958,0.0017639965546942292,ok
1507,2366711,0,1,7,_adarms_norm_kernel,"(50, 1, 1)","(128, 1, 1)",step09.layer02._adarms_norm_kernel.line1854/_adarms_norm_kernel,bf16_tensor,8576.0,l2,451424.0,,0.0,,,zero_counted_flops
1507,2366711,0,1,7,_adarms_norm_kernel,"(50, 1, 1)","(128, 1, 1)",step09.layer02._adarms_norm_kernel.line1854/_adarms_norm_kernel,fp32_simt,8576.0,l2,451424.0,,358400.0,0.7939320904515489,0.0417910447761194,ok
1508,2366711,0,1,7,_matmul_rope_qkv,"(128, 1, 1)","(128, 1, 1)",step09.layer02._matmul_rope_qkv.line1863/_matmul_rope_qkv,bf16_tensor,34976.00000000001,l2,13802688.0,,335544320.0,24.310070618128876,9.59355901189387,ok
1508,2366711,0,1,7,_matmul_rope_qkv,"(128, 1, 1)","(128, 1, 1)",step09.layer02._matmul_rope_qkv.line1863/_matmul_rope_qkv,fp32_simt,34976.00000000001,l2,13802688.0,,442368.0,0.03204940950632225,0.012647758462946019,ok
1509,2366711,0,1,7,_matmul_abt_scale,"(91, 1, 1)","(128, 1, 1)",step09.layer02._matmul_abt_scale.line1899/_matmul_abt_scale,bf16_tensor,18016.0,l2,2854688.0,,47710208.0,16.712932551648375,2.6482131438721135,ok
1509,2366711,0,1,7,_matmul_abt_scale,"(91, 1, 1)","(128, 1, 1)",step09.layer02._matmul_abt_scale.line1899/_matmul_abt_scale,fp32_simt,18016.0,l2,2854688.0,,93184.0,0.03264244638993823,0.005172291296625222,ok
1510,2366711,0,1,7,_softmax_prefix_suffix_mask_vector,"(100, 1, 1)","(128, 1, 1)",step09.layer02._softmax_prefix_suffix_mask_vector.line1911/_softmax_prefix_suffix_mask_vector,bf16_tensor,17248.0,l2,560992.0,,0.0,,,zero_counted_flops
1510,2366711,0,1,7,_softmax_prefix_suffix_mask_vector,"(100, 1, 1)","(128, 1, 1)",step09.layer02._softmax_prefix_suffix_mask_vector.line1911/_softmax_prefix_suffix_mask_vector,fp32_simt,17248.0,l2,560992.0,,2528000.0,4.5063031201870976,0.1465677179962894,ok
1511,2366711,0,1,7,_matmul_small,"(104, 1, 1)","(128, 1, 1)",step09.layer02._matmul_small.line1921/_matmul_small,bf16_tensor,17568.000000000004,l2,3415520.0,,54525952.0,15.964172951702816,3.1037085610200363,ok
1511,2366711,0,1,7,_matmul_small,"(104, 1, 1)","(128, 1, 1)",step09.layer02._matmul_small.line1921/_matmul_small,fp32_simt,17568.000000000004,l2,3415520.0,,0.0,,,zero_counted_flops
1512,2366711,0,1,7,_matmul_small_res_gate_oproj,"(128, 1, 1)","(128, 1, 1)",step09.layer02._matmul_small_res_gate_oproj.line1932/_matmul_small_res_gate_oproj,bf16_tensor,41344.0,l2,14720320.0,,268435456.0,18.235707919393057,6.492730650154799,ok
1512,2366711,0,1,7,_matmul_small_res_gate_oproj,"(128, 1, 1)","(128, 1, 1)",step09.layer02._matmul_small_res_gate_oproj.line1932/_matmul_small_res_gate_oproj,fp32_simt,41344.0,l2,14720320.0,,131072.0,0.008904154257516141,0.003170278637770898,ok
1513,2366711,0,1,7,_adarms_norm_kernel,"(50, 1, 1)","(128, 1, 1)",step09.layer02._adarms_norm_kernel.line1945/_adarms_norm_kernel,bf16_tensor,14400.000000000002,l2,456256.0,,0.0,,,zero_counted_flops
1513,2366711,0,1,7,_adarms_norm_kernel,"(50, 1, 1)","(128, 1, 1)",step09.layer02._adarms_norm_kernel.line1945/_adarms_norm_kernel,fp32_simt,14400.000000000002,l2,456256.0,,358400.0,0.7855239163978117,0.024888888888888884,ok
1514,2366711,0,1,7,_matmul_small_gate,"(1, 64, 1)","(128, 1, 1)",step09.layer02._matmul_small_gate.line1954/_matmul_small_gate,bf16_tensor,79072.0,l2,23326272.0,,1073741824.0,46.03143717092899,13.579292594091461,ok
1514,2366711,0,1,7,_matmul_small_gate,"(1, 64, 1)","(128, 1, 1)",step09.layer02._matmul_small_gate.line1954/_matmul_small_gate,fp32_simt,79072.0,l2,23326272.0,,2883584.0,0.12361958224614718,0.03646782679077296,ok
1515,2366711,0,1,7,_matmul_small_res_gate_ffn_down,"(64, 1, 1)","(128, 1, 1)",step09.layer02._matmul_small_res_gate_ffn_down.line1971/_matmul_small_res_gate_ffn_down,bf16_tensor,75488.0,l2,39324480.0,,536870912.0,13.652333406570158,7.112003391267486,ok
1515,2366711,0,1,7,_matmul_small_res_gate_ffn_down,"(64, 1, 1)","(128, 1, 1)",step09.layer02._matmul_small_res_gate_ffn_down.line1971/_matmul_small_res_gate_ffn_down,fp32_simt,75488.0,l2,39324480.0,,131072.0,0.0033330892105884174,0.0017363289529461635,ok
1516,2366711,0,1,7,_adarms_norm_kernel,"(50, 1, 1)","(128, 1, 1)",step09.layer03._adarms_norm_kernel.line1854/_adarms_norm_kernel,bf16_tensor,17888.000000000004,l2,456992.0,,0.0,,,zero_counted_flops
1516,2366711,0,1,7,_adarms_norm_kernel,"(50, 1, 1)","(128, 1, 1)",step09.layer03._adarms_norm_kernel.line1854/_adarms_norm_kernel,fp32_simt,17888.000000000004,l2,456992.0,,358400.0,0.7842588054057839,0.020035778175313056,ok
1517,2366711,0,1,7,_matmul_rope_qkv,"(128, 1, 1)","(128, 1, 1)",step09.layer03._matmul_rope_qkv.line1863/_matmul_rope_qkv,bf16_tensor,37984.0,l2,13822048.0,,335544320.0,24.27602045659225,8.833833192923336,ok
1517,2366711,0,1,7,_matmul_rope_qkv,"(128, 1, 1)","(128, 1, 1)",step09.layer03._matmul_rope_qkv.line1863/_matmul_rope_qkv,fp32_simt,37984.0,l2,13822048.0,,442368.0,0.032004519156640175,0.011646166807076664,ok
1518,2366711,0,1,7,_matmul_abt_scale,"(91, 1, 1)","(128, 1, 1)",step09.layer03._matmul_abt_scale.line1899/_matmul_abt_scale,bf16_tensor,18624.0,l2,2874976.0,,47710208.0,16.594993488641297,2.5617594501718215,ok
1518,2366711,0,1,7,_matmul_abt_scale,"(91, 1, 1)","(128, 1, 1)",step09.layer03._matmul_abt_scale.line1899/_matmul_abt_scale,fp32_simt,18624.0,l2,2874976.0,,93184.0,0.03241209665750253,0.005003436426116839,ok
1519,2366711,0,1,7,_softmax_prefix_suffix_mask_vector,"(100, 1, 1)","(128, 1, 1)",step09.layer03._softmax_prefix_suffix_mask_vector.line1911/_softmax_prefix_suffix_mask_vector,bf16_tensor,18784.0,l2,561792.0,,0.0,,,zero_counted_flops
1519,2366711,0,1,7,_softmax_prefix_suffix_mask_vector,"(100, 1, 1)","(128, 1, 1)",step09.layer03._softmax_prefix_suffix_mask_vector.line1911/_softmax_prefix_suffix_mask_vector,fp32_simt,18784.0,l2,561792.0,,2528000.0,4.499886078833447,0.13458262350936967,ok
1520,2366711,0,1,7,_matmul_small,"(104, 1, 1)","(128, 1, 1)",step09.layer03._matmul_small.line1921/_matmul_small,bf16_tensor,19008.0,l2,3409792.0,,54525952.0,15.990990652802282,2.8685791245791243,ok
1520,2366711,0,1,7,_matmul_small,"(104, 1, 1)","(128, 1, 1)",step09.layer03._matmul_small.line1921/_matmul_small,fp32_simt,19008.0,l2,3409792.0,,0.0,,,zero_counted_flops
1521,2366711,0,1,7,_matmul_small_res_gate_oproj,"(128, 1, 1)","(128, 1, 1)",step09.layer03._matmul_small_res_gate_oproj.line1932/_matmul_small_res_gate_oproj,bf16_tensor,40032.00000000001,l2,14704704.0,,268435456.0,18.255073750549485,6.7055219824140675,ok
1521,2366711,0,1,7,_matmul_small_res_gate_oproj,"(128, 1, 1)","(128, 1, 1)",step09.layer03._matmul_small_res_gate_oproj.line1932/_matmul_small_res_gate_oproj,fp32_simt,40032.00000000001,l2,14704704.0,,131072.0,0.00891361022976049,0.003274180655475619,ok
1522,2366711,0,1,7,_adarms_norm_kernel,"(50, 1, 1)","(128, 1, 1)",step09.layer03._adarms_norm_kernel.line1945/_adarms_norm_kernel,bf16_tensor,14208.0,l2,471200.0,,0.0,,,zero_counted_flops
1522,2366711,0,1,7,_adarms_norm_kernel,"(50, 1, 1)","(128, 1, 1)",step09.layer03._adarms_norm_kernel.line1945/_adarms_norm_kernel,fp32_simt,14208.0,l2,471200.0,,358400.0,0.7606112054329371,0.025225225225225224,ok
1523,2366711,0,1,7,_matmul_small_gate,"(1, 64, 1)","(128, 1, 1)",step09.layer03._matmul_small_gate.line1954/_matmul_small_gate,bf16_tensor,79904.0,l2,23320928.0,,1073741824.0,46.0419852932096,13.43789827793352,ok
1523,2366711,0,1,7,_matmul_small_gate,"(1, 64, 1)","(128, 1, 1)",step09.layer03._matmul_small_gate.line1954/_matmul_small_gate,fp32_simt,79904.0,l2,23320928.0,,2883584.0,0.123647909722975,0.036088105726872245,ok
1524,2366711,0,1,7,_matmul_small_res_gate_ffn_down,"(64, 1, 1)","(128, 1, 1)",step09.layer03._matmul_small_res_gate_ffn_down.line1971/_matmul_small_res_gate_ffn_down,bf16_tensor,66208.0,l2,39326304.0,,536870912.0,13.651700195370509,8.108852585790236,ok
1524,2366711,0,1,7,_matmul_small_res_gate_ffn_down,"(64, 1, 1)","(128, 1, 1)",step09.layer03._matmul_small_res_gate_ffn_down.line1971/_matmul_small_res_gate_ffn_down,fp32_simt,66208.0,l2,39326304.0,,131072.0,0.003332934618010378,0.0019797003383276945,ok
1525,2366711,0,1,7,_adarms_norm_kernel,"(50, 1, 1)","(128, 1, 1)",step09.layer04._adarms_norm_kernel.line1854/_adarms_norm_kernel,bf16_tensor,14912.0,l2,465248.0,,0.0,,,zero_counted_flops
1525,2366711,0,1,7,_adarms_norm_kernel,"(50, 1, 1)","(128, 1, 1)",step09.layer04._adarms_norm_kernel.line1854/_adarms_norm_kernel,fp32_simt,14912.0,l2,465248.0,,358400.0,0.7703418391911411,0.0240343347639485,ok
1526,2366711,0,1,7,_matmul_rope_qkv,"(128, 1, 1)","(128, 1, 1)",step09.layer04._matmul_rope_qkv.line1863/_matmul_rope_qkv,bf16_tensor,33344.00000000001,l2,13855040.0,,335544320.0,24.218213733053098,10.063109404990403,ok
1526,2366711,0,1,7,_matmul_rope_qkv,"(128, 1, 1)","(128, 1, 1)",step09.layer04._matmul_rope_qkv.line1863/_matmul_rope_qkv,fp32_simt,33344.00000000001,l2,13855040.0,,442368.0,0.0319283091207243,0.013266794625719768,ok
1527,2366711,0,1,7,_matmul_abt_scale,"(91, 1, 1)","(128, 1, 1)",step09.layer04._matmul_abt_scale.line1899/_matmul_abt_scale,bf16_tensor,15424.0,l2,2843424.0,,47710208.0,16.779139516301473,3.0932448132780084,ok
1527,2366711,0,1,7,_matmul_abt_scale,"(91, 1, 1)","(128, 1, 1)",step09.layer04._matmul_abt_scale.line1899/_matmul_abt_scale,fp32_simt,15424.0,l2,2843424.0,,93184.0,0.032771756867776315,0.00604149377593361,ok
1528,2366711,0,1,7,_softmax_prefix_suffix_mask_vector,"(100, 1, 1)","(128, 1, 1)",step09.layer04._softmax_prefix_suffix_mask_vector.line1911/_softmax_prefix_suffix_mask_vector,bf16_tensor,19936.0,l2,559744.0,,0.0,,,zero_counted_flops
1528,2366711,0,1,7,_softmax_prefix_suffix_mask_vector,"(100, 1, 1)","(128, 1, 1)",step09.layer04._softmax_prefix_suffix_mask_vector.line1911/_softmax_prefix_suffix_mask_vector,fp32_simt,19936.0,l2,559744.0,,2528000.0,4.516350331580151,0.12680577849117175,ok
1529,2366711,0,1,7,_matmul_small,"(104, 1, 1)","(128, 1, 1)",step09.layer04._matmul_small.line1921/_matmul_small,bf16_tensor,17888.000000000004,l2,3429984.0,,54525952.0,15.896853163163444,3.0481860465116273,ok
1529,2366711,0,1,7,_matmul_small,"(104, 1, 1)","(128, 1, 1)",step09.layer04._matmul_small.line1921/_matmul_small,fp32_simt,17888.000000000004,l2,3429984.0,,0.0,,,zero_counted_flops
1530,2366711,0,1,7,_matmul_small_res_gate_oproj,"(128, 1, 1)","(128, 1, 1)",step09.layer04._matmul_small_res_gate_oproj.line1932/_matmul_small_res_gate_oproj,bf16_tensor,37600.0,l2,14652544.0,,268435456.0,18.320058004944396,7.13924085106383,ok
1530,2366711,0,1,7,_matmul_small_res_gate_oproj,"(128, 1, 1)","(128, 1, 1)",step09.layer04._matmul_small_res_gate_oproj.line1932/_matmul_small_res_gate_oproj,fp32_simt,37600.0,l2,14652544.0,,131072.0,0.008945340822726756,0.003485957446808511,ok
1531,2366711,0,1,7,_adarms_norm_kernel,"(50, 1, 1)","(128, 1, 1)",step09.layer04._adarms_norm_kernel.line1945/_adarms_norm_kernel,bf16_tensor,13792.000000000002,l2,464896.0,,0.0,,,zero_counted_flops
1531,2366711,0,1,7,_adarms_norm_kernel,"(50, 1, 1)","(128, 1, 1)",step09.layer04._adarms_norm_kernel.line1945/_adarms_norm_kernel,fp32_simt,13792.000000000002,l2,464896.0,,358400.0,0.7709251101321586,0.025986078886310902,ok
1532,2366711,0,1,7,_matmul_small_gate,"(1, 64, 1)","(128, 1, 1)",step09.layer04._matmul_small_gate.line1954/_matmul_small_gate,bf16_tensor,92608.0,l2,23326464.0,,1073741824.0,46.031058286416666,11.594482377332412,ok
1532,2366711,0,1,7,_matmul_small_gate,"(1, 64, 1)","(128, 1, 1)",step09.layer04._matmul_small_gate.line1954/_matmul_small_gate,fp32_simt,92608.0,l2,23326464.0,,2883584.0,0.12361856473402913,0.03113752591568763,ok
1533,2366711,0,1,7,_matmul_small_res_gate_ffn_down,"(64, 1, 1)","(128, 1, 1)",step09.layer04._matmul_small_res_gate_ffn_down.line1971/_matmul_small_res_gate_ffn_down,bf16_tensor,75200.0,l2,39203712.0,,536870912.0,13.69438975574558,7.13924085106383,ok
1533,2366711,0,1,7,_matmul_small_res_gate_ffn_down,"(64, 1, 1)","(128, 1, 1)",step09.layer04._matmul_small_res_gate_ffn_down.line1971/_matmul_small_res_gate_ffn_down,fp32_simt,75200.0,l2,39203712.0,,131072.0,0.003343356873961323,0.0017429787234042554,ok
1534,2366711,0,1,7,_adarms_norm_kernel,"(50, 1, 1)","(128, 1, 1)",step09.layer05._adarms_norm_kernel.line1854/_adarms_norm_kernel,bf16_tensor,14368.0,l2,453280.0,,0.0,,,zero_counted_flops
1534,2366711,0,1,7,_adarms_norm_kernel,"(50, 1, 1)","(128, 1, 1)",step09.layer05._adarms_norm_kernel.line1854/_adarms_norm_kernel,fp32_simt,14368.0,l2,453280.0,,358400.0,0.7906812566184257,0.024944320712694878,ok
1535,2366711,0,1,7,_matmul_rope_qkv,"(128, 1, 1)","(128, 1, 1)",step09.layer05._matmul_rope_qkv.line1863/_matmul_rope_qkv,bf16_tensor,32672.0,l2,13738656.0,,335544320.0,24.423372999513198,10.270088148873652,ok
1535,2366711,0,1,7,_matmul_rope_qkv,"(128, 1, 1)","(128, 1, 1)",step09.layer05._matmul_rope_qkv.line1863/_matmul_rope_qkv,fp32_simt,32672.0,l2,13738656.0,,442368.0,0.03219878276303009,0.013539666993143976,ok
1536,2366711,0,1,7,_matmul_abt_scale,"(91, 1, 1)","(128, 1, 1)",step09.layer05._matmul_abt_scale.line1899/_matmul_abt_scale,bf16_tensor,16672.000000000004,l2,2853312.0,,47710208.0,16.720992306484533,2.8616967370441455,ok
1536,2366711,0,1,7,_matmul_abt_scale,"(91, 1, 1)","(128, 1, 1)",step09.layer05._matmul_abt_scale.line1899/_matmul_abt_scale,fp32_simt,16672.000000000004,l2,2853312.0,,93184.0,0.0326581880986026,0.005589251439539347,ok
1537,2366711,0,1,7,_softmax_prefix_suffix_mask_vector,"(100, 1, 1)","(128, 1, 1)",step09.layer05._softmax_prefix_suffix_mask_vector.line1911/_softmax_prefix_suffix_mask_vector,bf16_tensor,17248.0,l2,561504.0,,0.0,,,zero_counted_flops
1537,2366711,0,1,7,_softmax_prefix_suffix_mask_vector,"(100, 1, 1)","(128, 1, 1)",step09.layer05._softmax_prefix_suffix_mask_vector.line1911/_softmax_prefix_suffix_mask_vector,fp32_simt,17248.0,l2,561504.0,,2528000.0,4.502194107254802,0.1465677179962894,ok
1538,2366711,0,1,7,_matmul_small,"(104, 1, 1)","(128, 1, 1)",step09.layer05._matmul_small.line1921/_matmul_small,bf16_tensor,19584.0,l2,3411968.0,,54525952.0,15.98079231692677,2.7842091503267974,ok
1538,2366711,0,1,7,_matmul_small,"(104, 1, 1)","(128, 1, 1)",step09.layer05._matmul_small.line1921/_matmul_small,fp32_simt,19584.0,l2,3411968.0,,0.0,,,zero_counted_flops
1539,2366711,0,1,7,_matmul_small_res_gate_oproj,"(128, 1, 1)","(128, 1, 1)",step09.layer05._matmul_small_res_gate_oproj.line1932/_matmul_small_res_gate_oproj,bf16_tensor,39328.0,l2,14733632.0,,268435456.0,18.21923175493999,6.825555736371033,ok
1539,2366711,0,1,7,_matmul_small_res_gate_oproj,"(128, 1, 1)","(128, 1, 1)",step09.layer05._matmul_small_res_gate_oproj.line1932/_matmul_small_res_gate_oproj,fp32_simt,39328.0,l2,14733632.0,,131072.0,0.008896109255341792,0.0033327908868999185,ok
1540,2366711,0,1,7,_adarms_norm_kernel,"(50, 1, 1)","(128, 1, 1)",step09.layer05._adarms_norm_kernel.line1945/_adarms_norm_kernel,bf16_tensor,15488.000000000002,l2,455648.0,,0.0,,,zero_counted_flops
1540,2366711,0,1,7,_adarms_norm_kernel,"(50, 1, 1)","(128, 1, 1)",step09.layer05._adarms_norm_kernel.line1945/_adarms_norm_kernel,fp32_simt,15488.000000000002,l2,455648.0,,358400.0,0.7865720907367091,0.023140495867768594,ok
1541,2366711,0,1,7,_matmul_small_gate,"(1, 64, 1)","(128, 1, 1)",step09.layer05._matmul_small_gate.line1954/_matmul_small_gate,bf16_tensor,82720.00000000001,l2,23249184.0,,1073741824.0,46.18406495470981,12.980437911025145,ok
1541,2366711,0,1,7,_matmul_small_gate,"(1, 64, 1)","(128, 1, 1)",step09.layer05._matmul_small_gate.line1954/_matmul_small_gate,fp32_simt,82720.00000000001,l2,23249184.0,,2883584.0,0.12402947131391794,0.0348595744680851,ok
1542,2366711,0,1,7,_matmul_small_res_gate_ffn_down,"(64, 1, 1)","(128, 1, 1)",step09.layer05._matmul_small_res_gate_ffn_down.line1971/_matmul_small_res_gate_ffn_down,bf16_tensor,74144.0,l2,39381408.0,,536870912.0,13.632598204716297,7.240921881743634,ok
1542,2366711,0,1,7,_matmul_small_res_gate_ffn_down,"(64, 1, 1)","(128, 1, 1)",step09.layer05._matmul_small_res_gate_ffn_down.line1971/_matmul_small_res_gate_ffn_down,fp32_simt,74144.0,l2,39381408.0,,131072.0,0.0033282710460733147,0.0017678031937850669,ok
1543,2366711,0,1,7,_adarms_norm_kernel,"(50, 1, 1)","(128, 1, 1)",step09.layer06._adarms_norm_kernel.line1854/_adarms_norm_kernel,bf16_tensor,13056.0,l2,462016.0,,0.0,,,zero_counted_flops
1543,2366711,0,1,7,_adarms_norm_kernel,"(50, 1, 1)","(128, 1, 1)",step09.layer06._adarms_norm_kernel.line1854/_adarms_norm_kernel,fp32_simt,13056.0,l2,462016.0,,358400.0,0.7757307106247403,0.027450980392156866,ok
1544,2366711,0,1,7,_matmul_rope_qkv,"(128, 1, 1)","(128, 1, 1)",step09.layer06._matmul_rope_qkv.line1863/_matmul_rope_qkv,bf16_tensor,37152.0,l2,13758784.0,,335544320.0,24.387643559198256,9.031662360034453,ok
1544,2366711,0,1,7,_matmul_rope_qkv,"(128, 1, 1)","(128, 1, 1)",step09.layer06._matmul_rope_qkv.line1863/_matmul_rope_qkv,fp32_simt,37152.0,l2,13758784.0,,442368.0,0.032151678520427385,0.011906976744186046,ok
1545,2366711,0,1,7,_matmul_abt_scale,"(91, 1, 1)","(128, 1, 1)",step09.layer06._matmul_abt_scale.line1899/_matmul_abt_scale,bf16_tensor,18272.0,l2,2863008.0,,47710208.0,16.66436419318423,2.611110332749562,ok
1545,2366711,0,1,7,_matmul_abt_scale,"(91, 1, 1)","(128, 1, 1)",step09.layer06._matmul_abt_scale.line1899/_matmul_abt_scale,fp32_simt,18272.0,l2,2863008.0,,93184.0,0.03254758631481295,0.005099824868651489,ok
1546,2366711,0,1,7,_softmax_prefix_suffix_mask_vector,"(100, 1, 1)","(128, 1, 1)",step09.layer06._softmax_prefix_suffix_mask_vector.line1911/_softmax_prefix_suffix_mask_vector,bf16_tensor,19648.000000000004,l2,566848.0,,0.0,,,zero_counted_flops
1546,2366711,0,1,7,_softmax_prefix_suffix_mask_vector,"(100, 1, 1)","(128, 1, 1)",step09.layer06._softmax_prefix_suffix_mask_vector.line1911/_softmax_prefix_suffix_mask_vector,fp32_simt,19648.000000000004,l2,566848.0,,2528000.0,4.45974935079598,0.1286644951140065,ok
1547,2366711,0,1,7,_matmul_small,"(104, 1, 1)","(128, 1, 1)",step09.layer06._matmul_small.line1921/_matmul_small,bf16_tensor,17632.0,l2,3413600.0,,54525952.0,15.973152097492383,3.0924428312159713,ok
1547,2366711,0,1,7,_matmul_small,"(104, 1, 1)","(128, 1, 1)",step09.layer06._matmul_small.line1921/_matmul_small,fp32_simt,17632.0,l2,3413600.0,,0.0,,,zero_counted_flops
1548,2366711,0,1,7,_matmul_small_res_gate_oproj,"(128, 1, 1)","(128, 1, 1)",step09.layer06._matmul_small_res_gate_oproj.line1932/_matmul_small_res_gate_oproj,bf16_tensor,39008.0,l2,14698432.0,,268435456.0,18.262863412913703,6.8815488105004095,ok
1548,2366711,0,1,7,_matmul_small_res_gate_oproj,"(128, 1, 1)","(128, 1, 1)",step09.layer06._matmul_small_res_gate_oproj.line1932/_matmul_small_res_gate_oproj,fp32_simt,39008.0,l2,14698432.0,,131072.0,0.008917413775836769,0.003360131255127153,ok
1549,2366711,0,1,7,_adarms_norm_kernel,"(50, 1, 1)","(128, 1, 1)",step09.layer06._adarms_norm_kernel.line1945/_adarms_norm_kernel,bf16_tensor,16064.0,l2,463744.0,,0.0,,,zero_counted_flops
1549,2366711,0,1,7,_adarms_norm_kernel,"(50, 1, 1)","(128, 1, 1)",step09.layer06._adarms_norm_kernel.line1945/_adarms_norm_kernel,fp32_simt,16064.0,l2,463744.0,,358400.0,0.7728401876897598,0.022310756972111552,ok
1550,2366711,0,1,7,_matmul_small_gate,"(1, 64, 1)","(128, 1, 1)",step09.layer06._matmul_small_gate.line1954/_matmul_small_gate,bf16_tensor,80320.0,l2,23350720.0,,1073741824.0,45.983242658042236,13.368299601593625,ok
1550,2366711,0,1,7,_matmul_small_gate,"(1, 64, 1)","(128, 1, 1)",step09.layer06._matmul_small_gate.line1954/_matmul_small_gate,fp32_simt,80320.0,l2,23350720.0,,2883584.0,0.12349015362267202,0.03590119521912351,ok
1551,2366711,0,1,7,_matmul_small_res_gate_ffn_down,"(64, 1, 1)","(128, 1, 1)",step09.layer06._matmul_small_res_gate_ffn_down.line1971/_matmul_small_res_gate_ffn_down,bf16_tensor,73664.0,l2,39302304.0,,536870912.0,13.66003662278934,7.28810425716768,ok
1551,2366711,0,1,7,_matmul_small_res_gate_ffn_down,"(64, 1, 1)","(128, 1, 1)",step09.layer06._matmul_small_res_gate_ffn_down.line1971/_matmul_small_res_gate_ffn_down,fp32_simt,73664.0,l2,39302304.0,,131072.0,0.0033349698786106787,0.001779322328410078,ok
1552,2366711,0,1,7,_adarms_norm_kernel,"(50, 1, 1)","(128, 1, 1)",step09.layer07._adarms_norm_kernel.line1854/_adarms_norm_kernel,bf16_tensor,12960.000000000002,l2,467936.0,,0.0,,,zero_counted_flops
1552,2366711,0,1,7,_adarms_norm_kernel,"(50, 1, 1)","(128, 1, 1)",step09.layer07._adarms_norm_kernel.line1854/_adarms_norm_kernel,fp32_simt,12960.000000000002,l2,467936.0,,358400.0,0.7659167065581618,0.02765432098765432,ok
1553,2366711,0,1,7,_matmul_rope_qkv,"(128, 1, 1)","(128, 1, 1)",step09.layer07._matmul_rope_qkv.line1863/_matmul_rope_qkv,bf16_tensor,37664.00000000001,l2,13774144.0,,335544320.0,24.36044809753695,8.908887000849617,ok
1553,2366711,0,1,7,_matmul_rope_qkv,"(128, 1, 1)","(128, 1, 1)",step09.layer07._matmul_rope_qkv.line1863/_matmul_rope_qkv,fp32_simt,37664.00000000001,l2,13774144.0,,442368.0,0.03211582512858875,0.011745114698385725,ok
1554,2366711,0,1,7,_matmul_abt_scale,"(91, 1, 1)","(128, 1, 1)",step09.layer07._matmul_abt_scale.line1899/_matmul_abt_scale,bf16_tensor,19008.0,l2,2863712.0,,47710208.0,16.66026751293426,2.510006734006734,ok
1554,2366711,0,1,7,_matmul_abt_scale,"(91, 1, 1)","(128, 1, 1)",step09.layer07._matmul_abt_scale.line1899/_matmul_abt_scale,fp32_simt,19008.0,l2,2863712.0,,93184.0,0.03253958498619973,0.004902356902356902,ok
1555,2366711,0,1,7,_softmax_prefix_suffix_mask_vector,"(100, 1, 1)","(128, 1, 1)",step09.layer07._softmax_prefix_suffix_mask_vector.line1911/_softmax_prefix_suffix_mask_vector,bf16_tensor,16416.0,l2,560576.0,,0.0,,,zero_counted_flops
1555,2366711,0,1,7,_softmax_prefix_suffix_mask_vector,"(100, 1, 1)","(128, 1, 1)",step09.layer07._softmax_prefix_suffix_mask_vector.line1911/_softmax_prefix_suffix_mask_vector,fp32_simt,16416.0,l2,560576.0,,2528000.0,4.509647220002283,0.15399610136452244,ok
1556,2366711,0,1,7,_matmul_small,"(104, 1, 1)","(128, 1, 1)",step09.layer07._matmul_small.line1921/_matmul_small,bf16_tensor,17792.0,l2,3425696.0,,54525952.0,15.916751515604421,3.0646330935251798,ok
1556,2366711,0,1,7,_matmul_small,"(104, 1, 1)","(128, 1, 1)",step09.layer07._matmul_small.line1921/_matmul_small,fp32_simt,17792.0,l2,3425696.0,,0.0,,,zero_counted_flops
1557,2366711,0,1,7,_matmul_small_res_gate_oproj,"(128, 1, 1)","(128, 1, 1)",step09.layer07._matmul_small_res_gate_oproj.line1932/_matmul_small_res_gate_oproj,bf16_tensor,43072.00000000001,l2,14710560.0,,268435456.0,18.24780674563035,6.232249628528975,ok
1557,2366711,0,1,7,_matmul_small_res_gate_oproj,"(128, 1, 1)","(128, 1, 1)",step09.layer07._matmul_small_res_gate_oproj.line1932/_matmul_small_res_gate_oproj,fp32_simt,43072.00000000001,l2,14710560.0,,131072.0,0.008910061887514819,0.0030430906389301636,ok
1558,2366711,0,1,7,_adarms_norm_kernel,"(50, 1, 1)","(128, 1, 1)",step09.layer07._adarms_norm_kernel.line1945/_adarms_norm_kernel,bf16_tensor,15040.000000000002,l2,458528.0,,0.0,,,zero_counted_flops
1558,2366711,0,1,7,_adarms_norm_kernel,"(50, 1, 1)","(128, 1, 1)",step09.layer07._adarms_norm_kernel.line1945/_adarms_norm_kernel,fp32_simt,15040.000000000002,l2,458528.0,,358400.0,0.7816316560820713,0.02382978723404255,ok
1559,2366711,0,1,7,_matmul_small_gate,"(1, 64, 1)","(128, 1, 1)",step09.layer07._matmul_small_gate.line1954/_matmul_small_gate,bf16_tensor,97504.0,l2,23335424.0,,1073741824.0,46.01338394365579,11.01228487036429,ok
1559,2366711,0,1,7,_matmul_small_gate,"(1, 64, 1)","(128, 1, 1)",step09.layer07._matmul_small_gate.line1954/_matmul_small_gate,fp32_simt,97504.0,l2,23335424.0,,2883584.0,0.12357109945805998,0.029574007220216605,ok
1560,2366711,0,1,7,_matmul_small_res_gate_ffn_down,"(64, 1, 1)","(128, 1, 1)",step09.layer07._matmul_small_res_gate_ffn_down.line1971/_matmul_small_res_gate_ffn_down,bf16_tensor,79072.0,l2,39393088.0,,536870912.0,13.628556156856757,6.7896462970457305,ok
1560,2366711,0,1,7,_matmul_small_res_gate_ffn_down,"(64, 1, 1)","(128, 1, 1)",step09.layer07._matmul_small_res_gate_ffn_down.line1971/_matmul_small_res_gate_ffn_down,fp32_simt,79072.0,l2,39393088.0,,131072.0,0.0033272842179826066,0.0016576284904896803,ok
1561,2366711,0,1,7,_adarms_norm_kernel,"(50, 1, 1)","(128, 1, 1)",step09.layer08._adarms_norm_kernel.line1854/_adarms_norm_kernel,bf16_tensor,14208.0,l2,456320.0,,0.0,,,zero_counted_flops
1561,2366711,0,1,7,_adarms_norm_kernel,"(50, 1, 1)","(128, 1, 1)",step09.layer08._adarms_norm_kernel.line1854/_adarms_norm_kernel,fp32_simt,14208.0,l2,456320.0,,358400.0,0.7854137447405329,0.025225225225225224,ok
1562,2366711,0,1,7,_matmul_rope_qkv,"(128, 1, 1)","(128, 1, 1)",step09.layer08._matmul_rope_qkv.line1863/_matmul_rope_qkv,bf16_tensor,36640.0,l2,13752512.0,,335544320.0,24.398765840015265,9.157868995633187,ok
1562,2366711,0,1,7,_matmul_rope_qkv,"(128, 1, 1)","(128, 1, 1)",step09.layer08._matmul_rope_qkv.line1863/_matmul_rope_qkv,fp32_simt,36640.0,l2,13752512.0,,442368.0,0.032166341683613875,0.012073362445414846,ok
1563,2366711,0,1,7,_matmul_abt_scale,"(91, 1, 1)","(128, 1, 1)",step09.layer08._matmul_abt_scale.line1899/_matmul_abt_scale,bf16_tensor,19136.0,l2,2879200.0,,47710208.0,16.570647402056128,2.4932173913043476,ok
1563,2366711,0,1,7,_matmul_abt_scale,"(91, 1, 1)","(128, 1, 1)",step09.layer08._matmul_abt_scale.line1899/_matmul_abt_scale,fp32_simt,19136.0,l2,2879200.0,,93184.0,0.032364545707140875,0.004869565217391304,ok
1564,2366711,0,1,7,_softmax_prefix_suffix_mask_vector,"(100, 1, 1)","(128, 1, 1)",step09.layer08._softmax_prefix_suffix_mask_vector.line1911/_softmax_prefix_suffix_mask_vector,bf16_tensor,16320.0,l2,560704.0,,0.0,,,zero_counted_flops
1564,2366711,0,1,7,_softmax_prefix_suffix_mask_vector,"(100, 1, 1)","(128, 1, 1)",step09.layer08._softmax_prefix_suffix_mask_vector.line1911/_softmax_prefix_suffix_mask_vector,fp32_simt,16320.0,l2,560704.0,,2528000.0,4.508617737701176,0.15490196078431373,ok
1565,2366711,0,1,7,_matmul_small,"(104, 1, 1)","(128, 1, 1)",step09.layer08._matmul_small.line1921/_matmul_small,bf16_tensor,16000.000000000002,l2,3418208.0,,54525952.0,15.951619093981408,3.4078719999999993,ok
1565,2366711,0,1,7,_matmul_small,"(104, 1, 1)","(128, 1, 1)",step09.layer08._matmul_small.line1921/_matmul_small,fp32_simt,16000.000000000002,l2,3418208.0,,0.0,,,zero_counted_flops
1566,2366711,0,1,7,_matmul_small_res_gate_oproj,"(128, 1, 1)","(128, 1, 1)",step09.layer08._matmul_small_res_gate_oproj.line1932/_matmul_small_res_gate_oproj,bf16_tensor,42944.0,l2,14742048.0,,268435456.0,18.208830686211304,6.250825633383011,ok
1566,2366711,0,1,7,_matmul_small_res_gate_oproj,"(128, 1, 1)","(128, 1, 1)",step09.layer08._matmul_small_res_gate_oproj.line1932/_matmul_small_res_gate_oproj,fp32_simt,42944.0,l2,14742048.0,,131072.0,0.008891030608501613,0.0030521609538002982,ok
1567,2366711,0,1,7,_adarms_norm_kernel,"(50, 1, 1)","(128, 1, 1)",step09.layer08._adarms_norm_kernel.line1945/_adarms_norm_kernel,bf16_tensor,16768.0,l2,456320.0,,0.0,,,zero_counted_flops
1567,2366711,0,1,7,_adarms_norm_kernel,"(50, 1, 1)","(128, 1, 1)",step09.layer08._adarms_norm_kernel.line1945/_adarms_norm_kernel,fp32_simt,16768.0,l2,456320.0,,358400.0,0.7854137447405329,0.021374045801526718,ok
1568,2366711,0,1,7,_matmul_small_gate,"(1, 64, 1)","(128, 1, 1)",step09.layer08._matmul_small_gate.line1954/_matmul_small_gate,bf16_tensor,85632.00000000001,l2,23412640.0,,1073741824.0,45.861629615455584,12.539025411061283,ok
1568,2366711,0,1,7,_matmul_small_gate,"(1, 64, 1)","(128, 1, 1)",step09.layer08._matmul_small_gate.line1954/_matmul_small_gate,fp32_simt,85632.00000000001,l2,23412640.0,,2883584.0,0.1231635560961942,0.03367414050822122,ok
1569,2366711,0,1,7,_matmul_small_res_gate_ffn_down,"(64, 1, 1)","(128, 1, 1)",step09.layer08._matmul_small_res_gate_ffn_down.line1971/_matmul_small_res_gate_ffn_down,bf16_tensor,78976.00000000001,l2,39277472.0,,536870912.0,13.668672769978679,6.797899513776336,ok
1569,2366711,0,1,7,_matmul_small_res_gate_ffn_down,"(64, 1, 1)","(128, 1, 1)",step09.layer08._matmul_small_res_gate_ffn_down.line1971/_matmul_small_res_gate_ffn_down,fp32_simt,78976.00000000001,l2,39277472.0,,131072.0,0.003337078312983076,0.0016596434359805508,ok
1570,2366711,0,1,7,_adarms_norm_kernel,"(50, 1, 1)","(128, 1, 1)",step09.layer09._adarms_norm_kernel.line1854/_adarms_norm_kernel,bf16_tensor,14016.000000000002,l2,455520.0,,0.0,,,zero_counted_flops
1570,2366711,0,1,7,_adarms_norm_kernel,"(50, 1, 1)","(128, 1, 1)",step09.layer09._adarms_norm_kernel.line1854/_adarms_norm_kernel,fp32_simt,14016.000000000002,l2,455520.0,,358400.0,0.7867931155602389,0.02557077625570776,ok
1571,2366711,0,1,7,_matmul_rope_qkv,"(128, 1, 1)","(128, 1, 1)",step09.layer09._matmul_rope_qkv.line1863/_matmul_rope_qkv,bf16_tensor,37024.0,l2,13824416.0,,335544320.0,24.271862189332264,9.062886776145204,ok
1571,2366711,0,1,7,_matmul_rope_qkv,"(128, 1, 1)","(128, 1, 1)",step09.layer09._matmul_rope_qkv.line1863/_matmul_rope_qkv,fp32_simt,37024.0,l2,13824416.0,,442368.0,0.031999037066014216,0.011948141745894553,ok
1572,2366711,0,1,7,_matmul_abt_scale,"(91, 1, 1)","(128, 1, 1)",step09.layer09._matmul_abt_scale.line1899/_matmul_abt_scale,bf16_tensor,15552.0,l2,2864448.0,,47710208.0,16.655986773018746,3.0677860082304527,ok
1572,2366711,0,1,7,_matmul_abt_scale,"(91, 1, 1)","(128, 1, 1)",step09.layer09._matmul_abt_scale.line1899/_matmul_abt_scale,fp32_simt,15552.0,l2,2864448.0,,93184.0,0.03253122416605224,0.005991769547325103,ok
1573,2366711,0,1,7,_softmax_prefix_suffix_mask_vector,"(100, 1, 1)","(128, 1, 1)",step09.layer09._softmax_prefix_suffix_mask_vector.line1911/_softmax_prefix_suffix_mask_vector,bf16_tensor,17056.0,l2,560992.0,,0.0,,,zero_counted_flops
1573,2366711,0,1,7,_softmax_prefix_suffix_mask_vector,"(100, 1, 1)","(128, 1, 1)",step09.layer09._softmax_prefix_suffix_mask_vector.line1911/_softmax_prefix_suffix_mask_vector,fp32_simt,17056.0,l2,560992.0,,2528000.0,4.5063031201870976,0.14821763602251406,ok
1574,2366711,0,1,7,_matmul_small,"(104, 1, 1)","(128, 1, 1)",step09.layer09._matmul_small.line1921/_matmul_small,bf16_tensor,18688.0,l2,3430208.0,,54525952.0,15.895815064275986,2.9176986301369863,ok
1574,2366711,0,1,7,_matmul_small,"(104, 1, 1)","(128, 1, 1)",step09.layer09._matmul_small.line1921/_matmul_small,fp32_simt,18688.0,l2,3430208.0,,0.0,,,zero_counted_flops
1575,2366711,0,1,7,_matmul_small_res_gate_oproj,"(128, 1, 1)","(128, 1, 1)",step09.layer09._matmul_small_res_gate_oproj.line1932/_matmul_small_res_gate_oproj,bf16_tensor,40928.00000000001,l2,14650272.0,,268435456.0,18.322899124330252,6.558724003127442,ok
1575,2366711,0,1,7,_matmul_small_res_gate_oproj,"(128, 1, 1)","(128, 1, 1)",step09.layer09._matmul_small_res_gate_oproj.line1932/_matmul_small_res_gate_oproj,fp32_simt,40928.00000000001,l2,14650272.0,,131072.0,0.008946728088051881,0.0032025019546520713,ok
1576,2366711,0,1,7,_adarms_norm_kernel,"(50, 1, 1)","(128, 1, 1)",step09.layer09._adarms_norm_kernel.line1945/_adarms_norm_kernel,bf16_tensor,14848.0,l2,457856.0,,0.0,,,zero_counted_flops
1576,2366711,0,1,7,_adarms_norm_kernel,"(50, 1, 1)","(128, 1, 1)",step09.layer09._adarms_norm_kernel.line1945/_adarms_norm_kernel,fp32_simt,14848.0,l2,457856.0,,358400.0,0.7827788649706457,0.02413793103448276,ok
1577,2366711,0,1,7,_matmul_small_gate,"(1, 64, 1)","(128, 1, 1)",step09.layer09._matmul_small_gate.line1954/_matmul_small_gate,bf16_tensor,80544.0,l2,23354144.0,,1073741824.0,45.97650095845945,13.331121176003178,ok
1577,2366711,0,1,7,_matmul_small_gate,"(1, 64, 1)","(128, 1, 1)",step09.layer09._matmul_small_gate.line1954/_matmul_small_gate,fp32_simt,80544.0,l2,23354144.0,,2883584.0,0.12347204847242528,0.035801350814461654,ok
1578,2366711,0,1,7,_matmul_small_res_gate_ffn_down,"(64, 1, 1)","(128, 1, 1)",step09.layer09._matmul_small_res_gate_ffn_down.line1971/_matmul_small_res_gate_ffn_down,bf16_tensor,77312.00000000001,l2,39225312.0,,536870912.0,13.686848736856446,6.944211920529801,ok
1578,2366711,0,1,7,_matmul_small_res_gate_ffn_down,"(64, 1, 1)","(128, 1, 1)",step09.layer09._matmul_small_res_gate_ffn_down.line1971/_matmul_small_res_gate_ffn_down,fp32_simt,77312.00000000001,l2,39225312.0,,131072.0,0.003341515804896593,0.001695364238410596,ok
1579,2366711,0,1,7,_adarms_norm_kernel,"(50, 1, 1)","(128, 1, 1)",step09.layer10._adarms_norm_kernel.line1854/_adarms_norm_kernel,bf16_tensor,16672.000000000004,l2,464064.0,,0.0,,,zero_counted_flops
1579,2366711,0,1,7,_adarms_norm_kernel,"(50, 1, 1)","(128, 1, 1)",step09.layer10._adarms_norm_kernel.line1854/_adarms_norm_kernel,fp32_simt,16672.000000000004,l2,464064.0,,358400.0,0.7723072679630396,0.02149712092130518,ok
1580,2366711,0,1,7,_matmul_rope_qkv,"(128, 1, 1)","(128, 1, 1)",step09.layer10._matmul_rope_qkv.line1863/_matmul_rope_qkv,bf16_tensor,34624.0,l2,13718688.0,,335544320.0,24.45892201936512,9.69109057301294,ok
1580,2366711,0,1,7,_matmul_rope_qkv,"(128, 1, 1)","(128, 1, 1)",step09.layer10._matmul_rope_qkv.line1863/_matmul_rope_qkv,fp32_simt,34624.0,l2,13718688.0,,442368.0,0.032245649146623936,0.012776340110905731,ok
1581,2366711,0,1,7,_matmul_abt_scale,"(91, 1, 1)","(128, 1, 1)",step09.layer10._matmul_abt_scale.line1899/_matmul_abt_scale,bf16_tensor,16160.000000000002,l2,2853984.0,,47710208.0,16.71705517620281,2.9523643564356434,ok
1581,2366711,0,1,7,_matmul_abt_scale,"(91, 1, 1)","(128, 1, 1)",step09.layer10._matmul_abt_scale.line1899/_matmul_abt_scale,fp32_simt,16160.000000000002,l2,2853984.0,,93184.0,0.03265049839102111,0.005766336633663366,ok
1582,2366711,0,1,7,_softmax_prefix_suffix_mask_vector,"(100, 1, 1)","(128, 1, 1)",step09.layer10._softmax_prefix_suffix_mask_vector.line1911/_softmax_prefix_suffix_mask_vector,bf16_tensor,16608.0,l2,560320.0,,0.0,,,zero_counted_flops
1582,2366711,0,1,7,_softmax_prefix_suffix_mask_vector,"(100, 1, 1)","(128, 1, 1)",step09.layer10._softmax_prefix_suffix_mask_vector.line1911/_softmax_prefix_suffix_mask_vector,fp32_simt,16608.0,l2,560320.0,,2528000.0,4.511707595659623,0.15221579961464352,ok
1583,2366711,0,1,7,_matmul_small,"(104, 1, 1)","(128, 1, 1)",step09.layer10._matmul_small.line1921/_matmul_small,bf16_tensor,18336.000000000004,l2,3425632.0,,54525952.0,15.917048883242567,2.9737102966841182,ok
1583,2366711,0,1,7,_matmul_small,"(104, 1, 1)","(128, 1, 1)",step09.layer10._matmul_small.line1921/_matmul_small,fp32_simt,18336.000000000004,l2,3425632.0,,0.0,,,zero_counted_flops
1584,2366711,0,1,7,_matmul_small_res_gate_oproj,"(128, 1, 1)","(128, 1, 1)",step09.layer10._matmul_small_res_gate_oproj.line1932/_matmul_small_res_gate_oproj,bf16_tensor,39520.0,l2,14677376.0,,268435456.0,18.289063113188625,6.792395141700404,ok
1584,2366711,0,1,7,_matmul_small_res_gate_oproj,"(128, 1, 1)","(128, 1, 1)",step09.layer10._matmul_small_res_gate_oproj.line1932/_matmul_small_res_gate_oproj,fp32_simt,39520.0,l2,14677376.0,,131072.0,0.008930206598236633,0.0033165991902834005,ok
1585,2366711,0,1,7,_adarms_norm_kernel,"(50, 1, 1)","(128, 1, 1)",step09.layer10._adarms_norm_kernel.line1945/_adarms_norm_kernel,bf16_tensor,14112.000000000002,l2,470656.0,,0.0,,,zero_counted_flops
1585,2366711,0,1,7,_adarms_norm_kernel,"(50, 1, 1)","(128, 1, 1)",step09.layer10._adarms_norm_kernel.line1945/_adarms_norm_kernel,fp32_simt,14112.000000000002,l2,470656.0,,358400.0,0.7614903453902638,0.025396825396825393,ok
1586,2366711,0,1,7,_matmul_small_gate,"(1, 64, 1)","(128, 1, 1)",step09.layer10._matmul_small_gate.line1954/_matmul_small_gate,bf16_tensor,84512.0,l2,23345312.0,,1073741824.0,45.99389479138253,12.705199545626657,ok
1586,2366711,0,1,7,_matmul_small_gate,"(1, 64, 1)","(128, 1, 1)",step09.layer10._matmul_small_gate.line1954/_matmul_small_gate,fp32_simt,84512.0,l2,23345312.0,,2883584.0,0.12351876042607612,0.03412040893600909,ok
1587,2366711,0,1,7,_matmul_small_res_gate_ffn_down,"(64, 1, 1)","(128, 1, 1)",step09.layer10._matmul_small_res_gate_ffn_down.line1971/_matmul_small_res_gate_ffn_down,bf16_tensor,71040.00000000001,l2,39407808.0,,536870912.0,13.623465481764425,7.557304504504503,ok
1587,2366711,0,1,7,_matmul_small_res_gate_ffn_down,"(64, 1, 1)","(128, 1, 1)",step09.layer10._matmul_small_res_gate_ffn_down.line1971/_matmul_small_res_gate_ffn_down,fp32_simt,71040.00000000001,l2,39407808.0,,131072.0,0.003326041377383893,0.0018450450450450448,ok
1588,2366711,0,1,7,_adarms_norm_kernel,"(50, 1, 1)","(128, 1, 1)",step09.layer11._adarms_norm_kernel.line1854/_adarms_norm_kernel,bf16_tensor,14208.0,l2,464128.0,,0.0,,,zero_counted_flops
1588,2366711,0,1,7,_adarms_norm_kernel,"(50, 1, 1)","(128, 1, 1)",step09.layer11._adarms_norm_kernel.line1854/_adarms_norm_kernel,fp32_simt,14208.0,l2,464128.0,,358400.0,0.7722007722007722,0.025225225225225224,ok
1589,2366711,0,1,7,_matmul_rope_qkv,"(128, 1, 1)","(128, 1, 1)",step09.layer11._matmul_rope_qkv.line1863/_matmul_rope_qkv,bf16_tensor,37152.0,l2,13834720.0,,335544320.0,24.253784680860907,9.031662360034453,ok
1589,2366711,0,1,7,_matmul_rope_qkv,"(128, 1, 1)","(128, 1, 1)",step09.layer11._matmul_rope_qkv.line1863/_matmul_rope_qkv,fp32_simt,37152.0,l2,13834720.0,,442368.0,0.03197520441324436,0.011906976744186046,ok
1590,2366711,0,1,7,_matmul_abt_scale,"(91, 1, 1)","(128, 1, 1)",step09.layer11._matmul_abt_scale.line1899/_matmul_abt_scale,bf16_tensor,15872.0,l2,2849792.0,,47710208.0,16.741645706072582,3.0059354838709678,ok
1590,2366711,0,1,7,_matmul_abt_scale,"(91, 1, 1)","(128, 1, 1)",step09.layer11._matmul_abt_scale.line1899/_matmul_abt_scale,fp32_simt,15872.0,l2,2849792.0,,93184.0,0.03269852676967301,0.005870967741935484,ok
1591,2366711,0,1,7,_softmax_prefix_suffix_mask_vector,"(100, 1, 1)","(128, 1, 1)",step09.layer11._softmax_prefix_suffix_mask_vector.line1911/_softmax_prefix_suffix_mask_vector,bf16_tensor,18304.0,l2,565696.0,,0.0,,,zero_counted_flops
1591,2366711,0,1,7,_softmax_prefix_suffix_mask_vector,"(100, 1, 1)","(128, 1, 1)",step09.layer11._softmax_prefix_suffix_mask_vector.line1911/_softmax_prefix_suffix_mask_vector,fp32_simt,18304.0,l2,565696.0,,2528000.0,4.468831315759702,0.13811188811188813,ok
1592,2366711,0,1,7,_matmul_small,"(104, 1, 1)","(128, 1, 1)",step09.layer11._matmul_small.line1921/_matmul_small,bf16_tensor,16960.0,l2,3414720.0,,54525952.0,15.967913035329397,3.21497358490566,ok
1592,2366711,0,1,7,_matmul_small,"(104, 1, 1)","(128, 1, 1)",step09.layer11._matmul_small.line1921/_matmul_small,fp32_simt,16960.0,l2,3414720.0,,0.0,,,zero_counted_flops
1593,2366711,0,1,7,_matmul_small_res_gate_oproj,"(128, 1, 1)","(128, 1, 1)",step09.layer11._matmul_small_res_gate_oproj.line1932/_matmul_small_res_gate_oproj,bf16_tensor,41792.0,l2,14728000.0,,268435456.0,18.226198804997285,6.423130168453292,ok
1593,2366711,0,1,7,_matmul_small_res_gate_oproj,"(128, 1, 1)","(128, 1, 1)",step09.layer11._matmul_small_res_gate_oproj.line1932/_matmul_small_res_gate_oproj,fp32_simt,41792.0,l2,14728000.0,,131072.0,0.00889951113525258,0.003136294027565084,ok
1594,2366711,0,1,7,_adarms_norm_kernel,"(50, 1, 1)","(128, 1, 1)",step09.layer11._adarms_norm_kernel.line1945/_adarms_norm_kernel,bf16_tensor,14528.0,l2,455520.0,,0.0,,,zero_counted_flops
1594,2366711,0,1,7,_adarms_norm_kernel,"(50, 1, 1)","(128, 1, 1)",step09.layer11._adarms_norm_kernel.line1945/_adarms_norm_kernel,fp32_simt,14528.0,l2,455520.0,,358400.0,0.7867931155602389,0.02466960352422907,ok
1595,2366711,0,1,7,_matmul_small_gate,"(1, 64, 1)","(128, 1, 1)",step09.layer11._matmul_small_gate.line1954/_matmul_small_gate,bf16_tensor,88768.0,l2,23359296.0,,1073741824.0,45.96636063004639,12.096046142754144,ok
1595,2366711,0,1,7,_matmul_small_gate,"(1, 64, 1)","(128, 1, 1)",step09.layer11._matmul_small_gate.line1954/_matmul_small_gate,fp32_simt,88768.0,l2,23359296.0,,2883584.0,0.1234448161451441,0.0324844989185292,ok
1596,2366711,0,1,7,_matmul_small_res_gate_ffn_down,"(64, 1, 1)","(128, 1, 1)",step09.layer11._matmul_small_res_gate_ffn_down.line1971/_matmul_small_res_gate_ffn_down,bf16_tensor,73984.0,l2,39250944.0,,536870912.0,13.67791082935483,7.2565813148788925,ok
1596,2366711,0,1,7,_matmul_small_res_gate_ffn_down,"(64, 1, 1)","(128, 1, 1)",step09.layer11._matmul_small_res_gate_ffn_down.line1971/_matmul_small_res_gate_ffn_down,fp32_simt,73984.0,l2,39250944.0,,131072.0,0.0033393336985729567,0.0017716262975778546,ok
1597,2366711,0,1,7,_adarms_norm_kernel,"(50, 1, 1)","(128, 1, 1)",step09.layer12._adarms_norm_kernel.line1854/_adarms_norm_kernel,bf16_tensor,16000.000000000002,l2,457696.0,,0.0,,,zero_counted_flops
1597,2366711,0,1,7,_adarms_norm_kernel,"(50, 1, 1)","(128, 1, 1)",step09.layer12._adarms_norm_kernel.line1854/_adarms_norm_kernel,fp32_simt,16000.000000000002,l2,457696.0,,358400.0,0.7830525064671747,0.022399999999999996,ok
1598,2366711,0,1,7,_matmul_rope_qkv,"(128, 1, 1)","(128, 1, 1)",step09.layer12._matmul_rope_qkv.line1863/_matmul_rope_qkv,bf16_tensor,35936.0,l2,13792480.0,,335544320.0,24.328062828439844,9.33727515583259,ok
1598,2366711,0,1,7,_matmul_rope_qkv,"(128, 1, 1)","(128, 1, 1)",step09.layer12._matmul_rope_qkv.line1863/_matmul_rope_qkv,fp32_simt,35936.0,l2,13792480.0,,442368.0,0.03207312970546269,0.012309884238646483,ok
1599,2366711,0,1,7,_matmul_abt_scale,"(91, 1, 1)","(128, 1, 1)",step09.layer12._matmul_abt_scale.line1899/_matmul_abt_scale,bf16_tensor,15360.000000000002,l2,2818208.0,,47710208.0,16.92927136676924,3.106133333333333,ok
1599,2366711,0,1,7,_matmul_abt_scale,"(91, 1, 1)","(128, 1, 1)",step09.layer12._matmul_abt_scale.line1899/_matmul_abt_scale,fp32_simt,15360.000000000002,l2,2818208.0,,93184.0,0.03306498313822117,0.006066666666666666,ok
1600,2366711,0,1,7,_softmax_prefix_suffix_mask_vector,"(100, 1, 1)","(128, 1, 1)",step09.layer12._softmax_prefix_suffix_mask_vector.line1911/_softmax_prefix_suffix_mask_vector,bf16_tensor,17856.0,l2,561888.0,,0.0,,,zero_counted_flops
1600,2366711,0,1,7,_softmax_prefix_suffix_mask_vector,"(100, 1, 1)","(128, 1, 1)",step09.layer12._softmax_prefix_suffix_mask_vector.line1911/_softmax_prefix_suffix_mask_vector,fp32_simt,17856.0,l2,561888.0,,2528000.0,4.499117261803064,0.14157706093189965,ok
1601,2366711,0,1,7,_matmul_small,"(104, 1, 1)","(128, 1, 1)",step09.layer12._matmul_small.line1921/_matmul_small,bf16_tensor,16576.000000000004,l2,3414656.0,,54525952.0,15.96821231772688,3.289451737451737,ok
1601,2366711,0,1,7,_matmul_small,"(104, 1, 1)","(128, 1, 1)",step09.layer12._matmul_small.line1921/_matmul_small,fp32_simt,16576.000000000004,l2,3414656.0,,0.0,,,zero_counted_flops
1602,2366711,0,1,7,_matmul_small_res_gate_oproj,"(128, 1, 1)","(128, 1, 1)",step09.layer12._matmul_small_res_gate_oproj.line1932/_matmul_small_res_gate_oproj,bf16_tensor,40000.0,l2,14683264.0,,268435456.0,18.281729185009546,6.710886399999999,ok
1602,2366711,0,1,7,_matmul_small_res_gate_oproj,"(128, 1, 1)","(128, 1, 1)",step09.layer12._matmul_small_res_gate_oproj.line1932/_matmul_small_res_gate_oproj,fp32_simt,40000.0,l2,14683264.0,,131072.0,0.008926625578617942,0.0032767999999999994,ok
1603,2366711,0,1,7,_adarms_norm_kernel,"(50, 1, 1)","(128, 1, 1)",step09.layer12._adarms_norm_kernel.line1945/_adarms_norm_kernel,bf16_tensor,15168.000000000002,l2,458368.0,,0.0,,,zero_counted_flops
1603,2366711,0,1,7,_adarms_norm_kernel,"(50, 1, 1)","(128, 1, 1)",step09.layer12._adarms_norm_kernel.line1945/_adarms_norm_kernel,fp32_simt,15168.000000000002,l2,458368.0,,358400.0,0.7819044959508518,0.02362869198312236,ok
1604,2366711,0,1,7,_matmul_small_gate,"(1, 64, 1)","(128, 1, 1)",step09.layer12._matmul_small_gate.line1954/_matmul_small_gate,bf16_tensor,80032.00000000001,l2,23327456.0,,1073741824.0,46.02910081579406,13.416406237504996,ok
1604,2366711,0,1,7,_matmul_small_gate,"(1, 64, 1)","(128, 1, 1)",step09.layer12._matmul_small_gate.line1954/_matmul_small_gate,fp32_simt,80032.00000000001,l2,23327456.0,,2883584.0,0.12361330785491569,0.03603038784486205,ok
1605,2366711,0,1,7,_matmul_small_res_gate_ffn_down,"(64, 1, 1)","(128, 1, 1)",step09.layer12._matmul_small_res_gate_ffn_down.line1971/_matmul_small_res_gate_ffn_down,bf16_tensor,78176.0,l2,39338976.0,,536870912.0,13.647302664919392,6.867464592713876,ok
1605,2366711,0,1,7,_matmul_small_res_gate_ffn_down,"(64, 1, 1)","(128, 1, 1)",step09.layer12._matmul_small_res_gate_ffn_down.line1971/_matmul_small_res_gate_ffn_down,fp32_simt,78176.0,l2,39338976.0,,131072.0,0.003331861002177586,0.0016766270978305362,ok
1606,2366711,0,1,7,_adarms_norm_kernel,"(50, 1, 1)","(128, 1, 1)",step09.layer13._adarms_norm_kernel.line1854/_adarms_norm_kernel,bf16_tensor,13216.0,l2,469184.0,,0.0,,,zero_counted_flops
1606,2366711,0,1,7,_adarms_norm_kernel,"(50, 1, 1)","(128, 1, 1)",step09.layer13._adarms_norm_kernel.line1854/_adarms_norm_kernel,fp32_simt,13216.0,l2,469184.0,,358400.0,0.7638794161778748,0.02711864406779661,ok
1607,2366711,0,1,7,_matmul_rope_qkv,"(128, 1, 1)","(128, 1, 1)",step09.layer13._matmul_rope_qkv.line1863/_matmul_rope_qkv,bf16_tensor,34112.0,l2,13849120.0,,335544320.0,24.22856614716314,9.8365478424015,ok
1607,2366711,0,1,7,_matmul_rope_qkv,"(128, 1, 1)","(128, 1, 1)",step09.layer13._matmul_rope_qkv.line1863/_matmul_rope_qkv,fp32_simt,34112.0,l2,13849120.0,,442368.0,0.031941957322920156,0.012968105065666041,ok
1608,2366711,0,1,7,_matmul_abt_scale,"(91, 1, 1)","(128, 1, 1)",step09.layer13._matmul_abt_scale.line1899/_matmul_abt_scale,bf16_tensor,15744.0,l2,2862880.0,,47710208.0,16.665109260604705,3.0303739837398376,ok
1608,2366711,0,1,7,_matmul_abt_scale,"(91, 1, 1)","(128, 1, 1)",step09.layer13._matmul_abt_scale.line1899/_matmul_abt_scale,fp32_simt,15744.0,l2,2862880.0,,93184.0,0.032549041524618565,0.00591869918699187,ok
1609,2366711,0,1,7,_softmax_prefix_suffix_mask_vector,"(100, 1, 1)","(128, 1, 1)",step09.layer13._softmax_prefix_suffix_mask_vector.line1911/_softmax_prefix_suffix_mask_vector,bf16_tensor,18208.000000000004,l2,564768.0,,0.0,,,zero_counted_flops
1609,2366711,0,1,7,_softmax_prefix_suffix_mask_vector,"(100, 1, 1)","(128, 1, 1)",step09.layer13._softmax_prefix_suffix_mask_vector.line1911/_softmax_prefix_suffix_mask_vector,fp32_simt,18208.000000000004,l2,564768.0,,2528000.0,4.476174287495042,0.13884007029876974,ok
1610,2366711,0,1,7,_matmul_small,"(104, 1, 1)","(128, 1, 1)",step09.layer13._matmul_small.line1921/_matmul_small,bf16_tensor,16192.0,l2,3395616.0,,54525952.0,16.05774975733416,3.3674624505928854,ok
1610,2366711,0,1,7,_matmul_small,"(104, 1, 1)","(128, 1, 1)",step09.layer13._matmul_small.line1921/_matmul_small,fp32_simt,16192.0,l2,3395616.0,,0.0,,,zero_counted_flops
1611,2366711,0,1,7,_matmul_small_res_gate_oproj,"(128, 1, 1)","(128, 1, 1)",step09.layer13._matmul_small_res_gate_oproj.line1932/_matmul_small_res_gate_oproj,bf16_tensor,43424.0,l2,14699680.0,,268435456.0,18.26131289932842,6.181730287398673,ok
1611,2366711,0,1,7,_matmul_small_res_gate_oproj,"(128, 1, 1)","(128, 1, 1)",step09.layer13._matmul_small_res_gate_oproj.line1932/_matmul_small_res_gate_oproj,fp32_simt,43424.0,l2,14699680.0,,131072.0,0.008916656689125205,0.003018422991893883,ok
1612,2366711,0,1,7,_adarms_norm_kernel,"(50, 1, 1)","(128, 1, 1)",step09.layer13._adarms_norm_kernel.line1945/_adarms_norm_kernel,bf16_tensor,13152.0,l2,469280.0,,0.0,,,zero_counted_flops
1612,2366711,0,1,7,_adarms_norm_kernel,"(50, 1, 1)","(128, 1, 1)",step09.layer13._adarms_norm_kernel.line1945/_adarms_norm_kernel,fp32_simt,13152.0,l2,469280.0,,358400.0,0.7637231503579952,0.02725060827250608,ok
1613,2366711,0,1,7,_matmul_small_gate,"(1, 64, 1)","(128, 1, 1)",step09.layer13._matmul_small_gate.line1954/_matmul_small_gate,bf16_tensor,80640.0,l2,23319232.0,,1073741824.0,46.04533391151132,13.315250793650794,ok
1613,2366711,0,1,7,_matmul_small_gate,"(1, 64, 1)","(128, 1, 1)",step09.layer13._matmul_small_gate.line1954/_matmul_small_gate,fp32_simt,80640.0,l2,23319232.0,,2883584.0,0.12365690259439076,0.035758730158730156,ok
1614,2366711,0,1,7,_matmul_small_res_gate_ffn_down,"(64, 1, 1)","(128, 1, 1)",step09.layer13._matmul_small_res_gate_ffn_down.line1971/_matmul_small_res_gate_ffn_down,bf16_tensor,72576.0,l2,39324768.0,,536870912.0,13.65223342194924,7.397361552028218,ok
1614,2366711,0,1,7,_matmul_small_res_gate_ffn_down,"(64, 1, 1)","(128, 1, 1)",step09.layer13._matmul_small_res_gate_ffn_down.line1971/_matmul_small_res_gate_ffn_down,fp32_simt,72576.0,l2,39324768.0,,131072.0,0.0033330648002805763,0.0018059964726631391,ok
1615,2366711,0,1,7,_adarms_norm_kernel,"(50, 1, 1)","(128, 1, 1)",step09.layer14._adarms_norm_kernel.line1854/_adarms_norm_kernel,bf16_tensor,19072.0,l2,457536.0,,0.0,,,zero_counted_flops
1615,2366711,0,1,7,_adarms_norm_kernel,"(50, 1, 1)","(128, 1, 1)",step09.layer14._adarms_norm_kernel.line1854/_adarms_norm_kernel,fp32_simt,19072.0,l2,457536.0,,358400.0,0.7833263393481605,0.01879194630872483,ok
1616,2366711,0,1,7,_matmul_rope_qkv,"(128, 1, 1)","(128, 1, 1)",step09.layer14._matmul_rope_qkv.line1863/_matmul_rope_qkv,bf16_tensor,37888.0,l2,13809760.0,,335544320.0,24.29762139240653,8.856216216216216,ok
1616,2366711,0,1,7,_matmul_rope_qkv,"(128, 1, 1)","(128, 1, 1)",step09.layer14._matmul_rope_qkv.line1863/_matmul_rope_qkv,fp32_simt,37888.0,l2,13809760.0,,442368.0,0.0320329969528797,0.011675675675675677,ok
1617,2366711,0,1,7,_matmul_abt_scale,"(91, 1, 1)","(128, 1, 1)",step09.layer14._matmul_abt_scale.line1899/_matmul_abt_scale,bf16_tensor,16384.0,l2,2830400.0,,47710208.0,16.856348219332958,2.912,ok
1617,2366711,0,1,7,_matmul_abt_scale,"(91, 1, 1)","(128, 1, 1)",step09.layer14._matmul_abt_scale.line1899/_matmul_abt_scale,fp32_simt,16384.0,l2,2830400.0,,93184.0,0.03292255511588468,0.0056875,ok
1618,2366711,0,1,7,_softmax_prefix_suffix_mask_vector,"(100, 1, 1)","(128, 1, 1)",step09.layer14._softmax_prefix_suffix_mask_vector.line1911/_softmax_prefix_suffix_mask_vector,bf16_tensor,18272.0,l2,566432.0,,0.0,,,zero_counted_flops
1618,2366711,0,1,7,_softmax_prefix_suffix_mask_vector,"(100, 1, 1)","(128, 1, 1)",step09.layer14._softmax_prefix_suffix_mask_vector.line1911/_softmax_prefix_suffix_mask_vector,fp32_simt,18272.0,l2,566432.0,,2528000.0,4.463024687870742,0.138353765323993,ok
1619,2366711,0,1,7,_matmul_small,"(104, 1, 1)","(128, 1, 1)",step09.layer14._matmul_small.line1921/_matmul_small,bf16_tensor,20160.0,l2,3427232.0,,54525952.0,15.909618024108084,2.704660317460317,ok
1619,2366711,0,1,7,_matmul_small,"(104, 1, 1)","(128, 1, 1)",step09.layer14._matmul_small.line1921/_matmul_small,fp32_simt,20160.0,l2,3427232.0,,0.0,,,zero_counted_flops
1620,2366711,0,1,7,_matmul_small_res_gate_oproj,"(128, 1, 1)","(128, 1, 1)",step09.layer14._matmul_small_res_gate_oproj.line1932/_matmul_small_res_gate_oproj,bf16_tensor,39200.00000000001,l2,14699584.0,,268435456.0,18.26143216025705,6.847843265306122,ok
1620,2366711,0,1,7,_matmul_small_res_gate_oproj,"(128, 1, 1)","(128, 1, 1)",step09.layer14._matmul_small_res_gate_oproj.line1932/_matmul_small_res_gate_oproj,fp32_simt,39200.00000000001,l2,14699584.0,,131072.0,0.008916714922000513,0.003343673469387755,ok
1621,2366711,0,1,7,_adarms_norm_kernel,"(50, 1, 1)","(128, 1, 1)",step09.layer14._adarms_norm_kernel.line1945/_adarms_norm_kernel,bf16_tensor,13568.000000000002,l2,458592.0,,0.0,,,zero_counted_flops
1621,2366711,0,1,7,_adarms_norm_kernel,"(50, 1, 1)","(128, 1, 1)",step09.layer14._adarms_norm_kernel.line1945/_adarms_norm_kernel,fp32_simt,13568.000000000002,l2,458592.0,,358400.0,0.7815225734421882,0.02641509433962264,ok
1622,2366711,0,1,7,_matmul_small_gate,"(1, 64, 1)","(128, 1, 1)",step09.layer14._matmul_small_gate.line1954/_matmul_small_gate,bf16_tensor,79456.0,l2,23323776.0,,1073741824.0,46.036363237239115,13.513665726943213,ok
1622,2366711,0,1,7,_matmul_small_gate,"(1, 64, 1)","(128, 1, 1)",step09.layer14._matmul_small_gate.line1954/_matmul_small_gate,fp32_simt,79456.0,l2,23323776.0,,2883584.0,0.12363281142813239,0.03629158276278695,ok
1623,2366711,0,1,7,_matmul_small_res_gate_ffn_down,"(64, 1, 1)","(128, 1, 1)",step09.layer14._matmul_small_res_gate_ffn_down.line1971/_matmul_small_res_gate_ffn_down,bf16_tensor,69728.00000000001,l2,39342016.0,,536870912.0,13.646248123126176,7.69950252409362,ok
1623,2366711,0,1,7,_matmul_small_res_gate_ffn_down,"(64, 1, 1)","(128, 1, 1)",step09.layer14._matmul_small_res_gate_ffn_down.line1971/_matmul_small_res_gate_ffn_down,fp32_simt,69728.00000000001,l2,39342016.0,,131072.0,0.0033316035456851015,0.001879761358421294,ok
1624,2366711,0,1,7,_adarms_norm_kernel,"(50, 1, 1)","(128, 1, 1)",step09.layer15._adarms_norm_kernel.line1854/_adarms_norm_kernel,bf16_tensor,15488.000000000002,l2,455904.0,,0.0,,,zero_counted_flops
1624,2366711,0,1,7,_adarms_norm_kernel,"(50, 1, 1)","(128, 1, 1)",step09.layer15._adarms_norm_kernel.line1854/_adarms_norm_kernel,fp32_simt,15488.000000000002,l2,455904.0,,358400.0,0.7861304134203692,0.023140495867768594,ok
1625,2366711,0,1,7,_matmul_rope_qkv,"(128, 1, 1)","(128, 1, 1)",step09.layer15._matmul_rope_qkv.line1863/_matmul_rope_qkv,bf16_tensor,37408.00000000001,l2,13825600.0,,335544320.0,24.269783589862286,8.969854576561161,ok
1625,2366711,0,1,7,_matmul_rope_qkv,"(128, 1, 1)","(128, 1, 1)",step09.layer15._matmul_rope_qkv.line1863/_matmul_rope_qkv,fp32_simt,37408.00000000001,l2,13825600.0,,442368.0,0.0319962967249161,0.011825491873396063,ok
1626,2366711,0,1,7,_matmul_abt_scale,"(91, 1, 1)","(128, 1, 1)",step09.layer15._matmul_abt_scale.line1899/_matmul_abt_scale,bf16_tensor,16448.000000000004,l2,2876704.0,,47710208.0,16.5850250842631,2.9006692607003886,ok
1626,2366711,0,1,7,_matmul_abt_scale,"(91, 1, 1)","(128, 1, 1)",step09.layer15._matmul_abt_scale.line1899/_matmul_abt_scale,fp32_simt,16448.000000000004,l2,2876704.0,,93184.0,0.03239262711770137,0.005665369649805446,ok
1627,2366711,0,1,7,_softmax_prefix_suffix_mask_vector,"(100, 1, 1)","(128, 1, 1)",step09.layer15._softmax_prefix_suffix_mask_vector.line1911/_softmax_prefix_suffix_mask_vector,bf16_tensor,16384.0,l2,560352.0,,0.0,,,zero_counted_flops
1627,2366711,0,1,7,_softmax_prefix_suffix_mask_vector,"(100, 1, 1)","(128, 1, 1)",step09.layer15._softmax_prefix_suffix_mask_vector.line1911/_softmax_prefix_suffix_mask_vector,fp32_simt,16384.0,l2,560352.0,,2528000.0,4.511449945748387,0.154296875,ok
1628,2366711,0,1,7,_matmul_small,"(104, 1, 1)","(128, 1, 1)",step09.layer15._matmul_small.line1921/_matmul_small,bf16_tensor,16544.0,l2,3408832.0,,54525952.0,15.99549405778871,3.2958143133462285,ok
1628,2366711,0,1,7,_matmul_small,"(104, 1, 1)","(128, 1, 1)",step09.layer15._matmul_small.line1921/_matmul_small,fp32_simt,16544.0,l2,3408832.0,,0.0,,,zero_counted_flops
1629,2366711,0,1,7,_matmul_small_res_gate_oproj,"(128, 1, 1)","(128, 1, 1)",step09.layer15._matmul_small_res_gate_oproj.line1932/_matmul_small_res_gate_oproj,bf16_tensor,45152.00000000001,l2,14693632.0,,268435456.0,18.26882938132655,5.9451509567682495,ok
1629,2366711,0,1,7,_matmul_small_res_gate_oproj,"(128, 1, 1)","(128, 1, 1)",step09.layer15._matmul_small_res_gate_oproj.line1932/_matmul_small_res_gate_oproj,fp32_simt,45152.00000000001,l2,14693632.0,,131072.0,0.008920326846350855,0.002902905740609497,ok
1630,2366711,0,1,7,_adarms_norm_kernel,"(50, 1, 1)","(128, 1, 1)",step09.layer15._adarms_norm_kernel.line1945/_adarms_norm_kernel,bf16_tensor,15872.0,l2,463520.0,,0.0,,,zero_counted_flops
1630,2366711,0,1,7,_adarms_norm_kernel,"(50, 1, 1)","(128, 1, 1)",step09.layer15._adarms_norm_kernel.line1945/_adarms_norm_kernel,fp32_simt,15872.0,l2,463520.0,,358400.0,0.7732136693130826,0.02258064516129032,ok
1631,2366711,0,1,7,_matmul_small_gate,"(1, 64, 1)","(128, 1, 1)",step09.layer15._matmul_small_gate.line1954/_matmul_small_gate,bf16_tensor,80928.00000000001,l2,23398176.0,,1073741824.0,45.889979800134846,13.267865559509685,ok
1631,2366711,0,1,7,_matmul_small_gate,"(1, 64, 1)","(128, 1, 1)",step09.layer15._matmul_small_gate.line1954/_matmul_small_gate,fp32_simt,80928.00000000001,l2,23398176.0,,2883584.0,0.12323969184606527,0.03563147489126137,ok
1632,2366711,0,1,7,_matmul_small_res_gate_ffn_down,"(64, 1, 1)","(128, 1, 1)",step09.layer15._matmul_small_res_gate_ffn_down.line1971/_matmul_small_res_gate_ffn_down,bf16_tensor,78080.00000000001,l2,39248608.0,,536870912.0,13.67872491172171,6.87590819672131,ok
1632,2366711,0,1,7,_matmul_small_res_gate_ffn_down,"(64, 1, 1)","(128, 1, 1)",step09.layer15._matmul_small_res_gate_ffn_down.line1971/_matmul_small_res_gate_ffn_down,fp32_simt,78080.00000000001,l2,39248608.0,,131072.0,0.003339532449150808,0.0016786885245901636,ok
1633,2366711,0,1,7,_adarms_norm_kernel,"(50, 1, 1)","(128, 1, 1)",step09.layer16._adarms_norm_kernel.line1854/_adarms_norm_kernel,bf16_tensor,13536.0,l2,469920.0,,0.0,,,zero_counted_flops
1633,2366711,0,1,7,_adarms_norm_kernel,"(50, 1, 1)","(128, 1, 1)",step09.layer16._adarms_norm_kernel.line1854/_adarms_norm_kernel,fp32_simt,13536.0,l2,469920.0,,358400.0,0.7626830098740212,0.02647754137115839,ok
1634,2366711,0,1,7,_matmul_rope_qkv,"(128, 1, 1)","(128, 1, 1)",step09.layer16._matmul_rope_qkv.line1863/_matmul_rope_qkv,bf16_tensor,36192.0,l2,13775264.0,,335544320.0,24.358467467483745,9.271229000884173,ok
1634,2366711,0,1,7,_matmul_rope_qkv,"(128, 1, 1)","(128, 1, 1)",step09.layer16._matmul_rope_qkv.line1863/_matmul_rope_qkv,fp32_simt,36192.0,l2,13775264.0,,442368.0,0.032113213946389704,0.012222811671087533,ok
1635,2366711,0,1,7,_matmul_abt_scale,"(91, 1, 1)","(128, 1, 1)",step09.layer16._matmul_abt_scale.line1899/_matmul_abt_scale,bf16_tensor,17472.0,l2,2857024.0,,47710208.0,16.699267489527564,2.7306666666666666,ok
1635,2366711,0,1,7,_matmul_abt_scale,"(91, 1, 1)","(128, 1, 1)",step09.layer16._matmul_abt_scale.line1899/_matmul_abt_scale,fp32_simt,17472.0,l2,2857024.0,,93184.0,0.032615756815483524,0.005333333333333333,ok
1636,2366711,0,1,7,_softmax_prefix_suffix_mask_vector,"(100, 1, 1)","(128, 1, 1)",step09.layer16._softmax_prefix_suffix_mask_vector.line1911/_softmax_prefix_suffix_mask_vector,bf16_tensor,19040.0,l2,566592.0,,0.0,,,zero_counted_flops
1636,2366711,0,1,7,_softmax_prefix_suffix_mask_vector,"(100, 1, 1)","(128, 1, 1)",step09.layer16._softmax_prefix_suffix_mask_vector.line1911/_softmax_prefix_suffix_mask_vector,fp32_simt,19040.0,l2,566592.0,,2528000.0,4.461764373658647,0.13277310924369748,ok
1637,2366711,0,1,7,_matmul_small,"(104, 1, 1)","(128, 1, 1)",step09.layer16._matmul_small.line1921/_matmul_small,bf16_tensor,19200.000000000004,l2,3417568.0,,54525952.0,15.954606316538545,2.839893333333333,ok
1637,2366711,0,1,7,_matmul_small,"(104, 1, 1)","(128, 1, 1)",step09.layer16._matmul_small.line1921/_matmul_small,fp32_simt,19200.000000000004,l2,3417568.0,,0.0,,,zero_counted_flops
1638,2366711,0,1,7,_matmul_small_res_gate_oproj,"(128, 1, 1)","(128, 1, 1)",step09.layer16._matmul_small_res_gate_oproj.line1932/_matmul_small_res_gate_oproj,bf16_tensor,38624.0,l2,14739872.0,,268435456.0,18.21151879744953,6.949965202982601,ok
1638,2366711,0,1,7,_matmul_small_res_gate_oproj,"(128, 1, 1)","(128, 1, 1)",step09.layer16._matmul_small_res_gate_oproj.line1932/_matmul_small_res_gate_oproj,fp32_simt,38624.0,l2,14739872.0,,131072.0,0.008892343162817153,0.003393537696768848,ok
1639,2366711,0,1,7,_adarms_norm_kernel,"(50, 1, 1)","(128, 1, 1)",step09.layer16._adarms_norm_kernel.line1945/_adarms_norm_kernel,bf16_tensor,17504.0,l2,464608.0,,0.0,,,zero_counted_flops
1639,2366711,0,1,7,_adarms_norm_kernel,"(50, 1, 1)","(128, 1, 1)",step09.layer16._adarms_norm_kernel.line1945/_adarms_norm_kernel,fp32_simt,17504.0,l2,464608.0,,358400.0,0.7714029891865831,0.020475319926873854,ok
1640,2366711,0,1,7,_matmul_small_gate,"(1, 64, 1)","(128, 1, 1)",step09.layer16._matmul_small_gate.line1954/_matmul_small_gate,bf16_tensor,89472.0,l2,23323168.0,,1073741824.0,46.03756333616428,12.00086981402003,ok
1640,2366711,0,1,7,_matmul_small_gate,"(1, 64, 1)","(128, 1, 1)",step09.layer16._matmul_small_gate.line1954/_matmul_small_gate,fp32_simt,89472.0,l2,23323168.0,,2883584.0,0.12363603435005056,0.032228898426323316,ok
1641,2366711,0,1,7,_matmul_small_res_gate_ffn_down,"(64, 1, 1)","(128, 1, 1)",step09.layer16._matmul_small_res_gate_ffn_down.line1971/_matmul_small_res_gate_ffn_down,bf16_tensor,74784.00000000001,l2,39180864.0,,536870912.0,13.702375526991952,7.178954214805306,ok
1641,2366711,0,1,7,_matmul_small_res_gate_ffn_down,"(64, 1, 1)","(128, 1, 1)",step09.layer16._matmul_small_res_gate_ffn_down.line1971/_matmul_small_res_gate_ffn_down,fp32_simt,74784.00000000001,l2,39180864.0,,131072.0,0.0033453065251445196,0.0017526743688489517,ok
1642,2366711,0,1,7,_adarms_norm_kernel,"(50, 1, 1)","(128, 1, 1)",step09.layer17._adarms_norm_kernel.line1854/_adarms_norm_kernel,bf16_tensor,16608.0,l2,456160.0,,0.0,,,zero_counted_flops
1642,2366711,0,1,7,_adarms_norm_kernel,"(50, 1, 1)","(128, 1, 1)",step09.layer17._adarms_norm_kernel.line1854/_adarms_norm_kernel,fp32_simt,16608.0,l2,456160.0,,358400.0,0.7856892318484742,0.021579961464354525,ok
1643,2366711,0,1,7,_matmul_rope_qkv,"(128, 1, 1)","(128, 1, 1)",step09.layer17._matmul_rope_qkv.line1863/_matmul_rope_qkv,bf16_tensor,36512.00000000001,l2,13820448.0,,335544320.0,24.278830903310805,9.189973707274321,ok
1643,2366711,0,1,7,_matmul_rope_qkv,"(128, 1, 1)","(128, 1, 1)",step09.layer17._matmul_rope_qkv.line1863/_matmul_rope_qkv,fp32_simt,36512.00000000001,l2,13820448.0,,442368.0,0.03200822433541952,0.012115687992988606,ok
1644,2366711,0,1,7,_matmul_abt_scale,"(91, 1, 1)","(128, 1, 1)",step09.layer17._matmul_abt_scale.line1899/_matmul_abt_scale,bf16_tensor,20096.000000000004,l2,2852416.0,,47710208.0,16.726244699230406,2.374114649681528,ok
1644,2366711,0,1,7,_matmul_abt_scale,"(91, 1, 1)","(128, 1, 1)",step09.layer17._matmul_abt_scale.line1899/_matmul_abt_scale,fp32_simt,20096.000000000004,l2,2852416.0,,93184.0,0.03266844667818439,0.004636942675159235,ok
1645,2366711,0,1,7,_softmax_prefix_suffix_mask_vector,"(100, 1, 1)","(128, 1, 1)",step09.layer17._softmax_prefix_suffix_mask_vector.line1911/_softmax_prefix_suffix_mask_vector,bf16_tensor,16192.0,l2,560480.0,,0.0,,,zero_counted_flops
1645,2366711,0,1,7,_softmax_prefix_suffix_mask_vector,"(100, 1, 1)","(128, 1, 1)",step09.layer17._softmax_prefix_suffix_mask_vector.line1911/_softmax_prefix_suffix_mask_vector,fp32_simt,16192.0,l2,560480.0,,2528000.0,4.510419640308307,0.15612648221343872,ok
1646,2366711,0,1,7,_matmul_small,"(104, 1, 1)","(128, 1, 1)",step09.layer17._matmul_small.line1921/_matmul_small,bf16_tensor,19200.000000000004,l2,3413664.0,,54525952.0,15.972852629901478,2.839893333333333,ok
1646,2366711,0,1,7,_matmul_small,"(104, 1, 1)","(128, 1, 1)",step09.layer17._matmul_small.line1921/_matmul_small,fp32_simt,19200.000000000004,l2,3413664.0,,0.0,,,zero_counted_flops
1647,2366711,0,1,7,_matmul_small_res_gate_oproj,"(128, 1, 1)","(128, 1, 1)",step09.layer17._matmul_small_res_gate_oproj.line1932/_matmul_small_res_gate_oproj,bf16_tensor,39744.00000000001,l2,14698464.0,,268435456.0,18.26282365286604,6.754112721417068,ok
1647,2366711,0,1,7,_matmul_small_res_gate_oproj,"(128, 1, 1)","(128, 1, 1)",step09.layer17._matmul_small_res_gate_oproj.line1932/_matmul_small_res_gate_oproj,fp32_simt,39744.00000000001,l2,14698464.0,,131072.0,0.008917394361750996,0.003297906602254428,ok
1648,2366711,0,1,7,_adarms_norm_kernel,"(50, 1, 1)","(128, 1, 1)",step09.layer17._adarms_norm_kernel.line1945/_adarms_norm_kernel,bf16_tensor,12672.0,l2,452160.0,,0.0,,,zero_counted_flops
1648,2366711,0,1,7,_adarms_norm_kernel,"(50, 1, 1)","(128, 1, 1)",step09.layer17._adarms_norm_kernel.line1945/_adarms_norm_kernel,fp32_simt,12672.0,l2,452160.0,,358400.0,0.7926397735314933,0.02828282828282828,ok
1649,2366711,0,1,7,_matmul_small_gate,"(1, 64, 1)","(128, 1, 1)",step09.layer17._matmul_small_gate.line1954/_matmul_small_gate,bf16_tensor,78336.0,l2,23329568.0,,1073741824.0,46.02493385218278,13.706875816993463,ok
1649,2366711,0,1,7,_matmul_small_gate,"(1, 64, 1)","(128, 1, 1)",step09.layer17._matmul_small_gate.line1954/_matmul_small_gate,fp32_simt,78336.0,l2,23329568.0,,2883584.0,0.12360211727881117,0.036810457516339865,ok
1650,2366711,0,1,7,_matmul_small_res_gate_ffn_down,"(64, 1, 1)","(128, 1, 1)",step09.layer17._matmul_small_res_gate_ffn_down.line1971/_matmul_small_res_gate_ffn_down,bf16_tensor,67520.0,l2,39270400.0,,536870912.0,13.671134289439374,7.951287203791469,ok
1650,2366711,0,1,7,_matmul_small_res_gate_ffn_down,"(64, 1, 1)","(128, 1, 1)",step09.layer17._matmul_small_res_gate_ffn_down.line1971/_matmul_small_res_gate_ffn_down,fp32_simt,67520.0,l2,39270400.0,,131072.0,0.0033376792698826597,0.0019412322274881516,ok
1651,2366711,0,1,7,_adarms_norm_kernel,"(50, 1, 1)","(128, 1, 1)",step09.layer-1._adarms_norm_kernel.line1989/_adarms_norm_kernel,bf16_tensor,11808.000000000002,l2,459904.0,,0.0,,,zero_counted_flops
1651,2366711,0,1,7,_adarms_norm_kernel,"(50, 1, 1)","(128, 1, 1)",step09.layer-1._adarms_norm_kernel.line1989/_adarms_norm_kernel,fp32_simt,11808.000000000002,l2,459904.0,,358400.0,0.7792930698580574,0.03035230352303523,ok
1652,2366711,0,1,7,_matmul_small_bias_res,"(8, 1, 1)","(128, 1, 1)",step09.layer-1._matmul_small_bias_res.line1998/_matmul_small_bias_res,bf16_tensor,13888.000000000002,l2,517056.0,,8388608.0,16.22379007302884,0.6040184331797234,ok
1652,2366711,0,1,7,_matmul_small_bias_res,"(8, 1, 1)","(128, 1, 1)",step09.layer-1._matmul_small_bias_res.line1998/_matmul_small_bias_res,fp32_simt,13888.000000000002,l2,517056.0,,4096.0,0.007921772496596114,0.0002949308755760368,ok
1653,2366711,0,1,7,"void at::unrolled_elementwise_kernel<at::direct_copy_kernel_cuda(at::TensorIteratorBase &)::[lambda() (instance 3)]::operator ()() const::[lambda() (instance 7)]::operator ()() const::[lambda(float) (instance 1)], std::array<char *, 2>, 4, TrivialOffsetCalculator<1, unsigned int>, TrivialOffsetCalculator<1, unsigned int>, memory::LoadWithCast<1>, memory::StoreWithCast<1>>(int, T1, T2, T4, T5, T6, T7)","(4, 1, 1)","(128, 1, 1)","action_expert/void at::native::unrolled_elementwise_kernel<at::native::direct_copy_kernel_cuda(at::TensorIteratorBase &)::[lambda() (instance 3)]::operator ()() const::[lambda() (instance 7)]::operator ()() const::[lambda(float) (instance 1)], std::array<char *, (unsigned long)2>, (int)4, TrivialOffsetCalculator<(int)1, unsigned int>, TrivialOffsetCalculator<(int)1, unsigned int>, at::native::memory::LoadWithCast<(int)1>, at::native::memory::StoreWithCast<(int)1>>(int, T1, T2, T4, T5, T6, T7)",bf16_tensor,13792.000000000002,l2,129088.0,,0.0,,,zero_counted_flops
1653,2366711,0,1,7,"void at::unrolled_elementwise_kernel<at::direct_copy_kernel_cuda(at::TensorIteratorBase &)::[lambda() (instance 3)]::operator ()() const::[lambda() (instance 7)]::operator ()() const::[lambda(float) (instance 1)], std::array<char *, 2>, 4, TrivialOffsetCalculator<1, unsigned int>, TrivialOffsetCalculator<1, unsigned int>, memory::LoadWithCast<1>, memory::StoreWithCast<1>>(int, T1, T2, T4, T5, T6, T7)","(4, 1, 1)","(128, 1, 1)","action_expert/void at::native::unrolled_elementwise_kernel<at::native::direct_copy_kernel_cuda(at::TensorIteratorBase &)::[lambda() (instance 3)]::operator ()() const::[lambda() (instance 7)]::operator ()() const::[lambda(float) (instance 1)], std::array<char *, (unsigned long)2>, (int)4, TrivialOffsetCalculator<(int)1, unsigned int>, TrivialOffsetCalculator<(int)1, unsigned int>, at::native::memory::LoadWithCast<(int)1>, at::native::memory::StoreWithCast<(int)1>>(int, T1, T2, T4, T5, T6, T7)",fp32_simt,13792.000000000002,l2,129088.0,,0.0,,,zero_counted_flops
