id,stage,family,semantic_label,kernel,nvtx,duration_ns,dram_bytes,bf16_flops,fp32_flops,l2_bytes,ncu_bf16_peak_ops,ncu_dram_peak_bytes,dram_util_pct,tensor_active_pct,sm_util_pct,l2_util_pct,occupancy_pct,issue_active_pct,bf16_counter_peak_pct
0,vlm,Other,Vision: input cast/layout,triton_poi_fused__to_copy_convolution_0,vlm.vision.camera0,3072.0000000000005,658944.0,0.0,0.0,1007264.0,709206016.0,2596864.0,25.37,0.0,4.3,6.57,16.28,5.51,0.0
1,vlm,Other,"Vision: NCHW to NHWC layout (1568, 1, 1)","void cudnn::nchwToNhwcKernel<__nv_bfloat16, float, float, 0, 1, 2>(cudnn::nchw2nhwc_params_t<T3>, const T1 *, T2 *)",vlm.vision.camera0,4640.000000000001,380160.0,0.0,150528.0,1597472.0,1073534976.0,3973120.0,9.57,0.0,38.1,12.92,77.7,56.16,0.0
2,vlm,Other,"Vision: NCHW to NHWC layout (7, 1, 1152)","void cudnn::nchwToNhwcKernel<__nv_bfloat16, float, float, 0, 1, 2>(cudnn::nchw2nhwc_params_t<T3>, const T1 *, T2 *)",vlm.vision.camera0,15264.000000000002,1698048.0,0.0,677376.0,8260064.0,3517882368.0,13131776.0,12.93,0.0,60.54,22.75,82.16,66.5,0.0
3,vlm,Other,Vision: patch embedding convolution,sm80_xmma_fprop_implicit_gemm_indexed_wo_smem_tf32f32_tf32f32_f32_nhwckrsc_nhwc_tilesize128x16x64_stage1_warpsize4x1x1_g1_tensor16x8x8_aligna4_alignc4_execute_kernel__5x_cudnn,vlm.vision.camera0,41760.0,6153984.0,0.0,294912.0,55630496.0,9752023040.0,36003840.0,17.09,15.48,16.98,42.26,12.95,18.91,0.0
4,vlm,Other,Vision: NHWC to NCHW layout,"void cudnn::nhwcToNchwKernel<float, __nv_bfloat16, float, 1, 0, 0>(cudnn::nhwc2nchw_params_t<T3>, const T1 *, T2 *)",vlm.vision.camera0,3936.0,1312896.0,0.0,294912.0,1946176.0,918351872.0,3375104.0,38.9,0.0,8.73,9.95,44.51,10.26,0.0
5,vlm,Norm / residual,Vision: patch embedding / LayerNorm part 1,triton_red_fused__to_copy_add_convolution_embedding_native_layer_norm_transpose_view_1,vlm.vision.camera0,4224.000000000001,1300608.0,0.0,4571136.0,2484288.0,978509824.0,3596288.0,36.17,0.0,12.54,17.47,23.17,18.99,0.0
6,vlm,Norm / residual,Vision: patch embedding / LayerNorm part 2,triton_per_fused__to_copy_add_convolution_embedding_native_layer_norm_transpose_view_2,vlm.vision.camera0,2112.0000000000005,34944.0,0.0,352256.0,162656.0,492124160.0,1802240.0,1.94,0.0,2.18,2.04,8.08,5.78,0.0
7,vlm,Norm / residual,Vision: patch embedding / LayerNorm part 3,triton_poi_fused__to_copy_add_convolution_embedding_native_layer_norm_transpose_view_3,vlm.vision.camera0,3904.0000000000005,1344640.0,0.0,1916928.0,2128320.0,906696704.0,3342336.0,40.23,0.0,13.27,14.99,45.96,20.02,0.0
8,vlm,QKV,Vision: Q projection + bias,ampere_bf16_s16816gemm_bf16_64x64_ldg8_relu_f2f_stages_64x5_tn,vlm.vision.camera0,11840.0,3999232.0,679477248.0,589824.0,22084192.0,2701283328.0,10182656.0,39.27,50.31,50.31,31.14,8.33,9.32,25.15
9,vlm,QKV,Vision: K projection + bias,ampere_bf16_s16816gemm_bf16_64x64_ldg8_relu_f2f_stages_64x5_tn,vlm.vision.camera0,12096.0,4003328.0,679477248.0,589824.0,22084192.0,2756155392.0,10379264.0,38.57,49.31,49.31,30.5,8.33,9.25,24.65
10,vlm,QKV,Vision: V projection + bias,ampere_bf16_s16816gemm_bf16_64x64_ldg8_relu_f2f_stages_64x5_tn,vlm.vision.camera0,11936.0,4003200.0,679477248.0,589824.0,22067968.0,2722148352.0,10264576.0,39.0,49.92,49.92,30.88,8.33,9.21,24.96
11,vlm,Vision attention,Vision: FlashAttention split-KV attention,"void pytorch_flash::flash_fwd_splitkv_kernel<Flash_fwd_kernel_traits<96, 64, 128, 4, 0, 0, cutlass::bfloat16_t, Flash_kernel_traits<96, 64, 128, 4, cutlass::bfloat16_t>>, 0, 0, 0, 0, 0, 0, 1, 0>(pytorch_flash::Flash_fwd_params)",vlm.vision.camera0,14528.0,2067968.0,402653184.0,4259866.0,12287264.0,3384735744.0,12500992.0,16.54,23.79,23.79,17.92,8.29,11.52,11.9
12,vlm,Vision attention,Vision: FlashAttention split-KV combine,"void pytorch_flash::flash_fwd_splitkv_combine_kernel<Flash_fwd_kernel_traits<96, 64, 128, 4, 0, 0, cutlass::bfloat16_t, Flash_kernel_traits<96, 64, 128, 4, cutlass::bfloat16_t>>, 16, 1, 0>(pytorch_flash::Flash_fwd_params)",vlm.vision.camera0,6880.0,2699904.0,0.0,2260992.0,3438048.0,1610119168.0,5898240.0,45.77,0.0,11.03,11.5,21.0,14.18,0.0
13,vlm,O projection,Vision: attention output projection + bias,ampere_bf16_s16816gemm_bf16_64x64_ldg8_relu_f2f_stages_64x5_tn,vlm.vision.camera0,11904.000000000002,4001536.0,679477248.0,589824.0,22083904.0,2721990656.0,10240000.0,39.08,49.93,49.93,30.92,8.33,9.36,24.96
14,vlm,Norm / residual,Vision: residual / LayerNorm variant 4,triton_red_fused__to_copy_add_convolution_embedding_native_layer_norm_transpose_view_4,vlm.vision.camera0,7040.0,2160640.0,0.0,14180372.0,7957344.0,1626828800.0,6053888.0,35.69,0.0,20.7,26.37,46.04,29.96,0.0
15,vlm,FFN up,Vision: FFN up + bias + GELU,triton_tem_fused_addmm_gelu_native_layer_norm_t_view_5,vlm.vision.camera0,31264.000000000004,13044736.0,2566914048.0,16693390.0,82831776.0,7104677888.0,26935296.0,48.43,72.26,72.26,44.27,39.76,13.42,36.13
16,vlm,FFN down,Vision: FFN down + bias,ampere_bf16_s16816gemm_bf16_64x64_sliced1x2_ldg8_relu_f2f_stages_64x5_tn,vlm.vision.camera0,33984.00000000001,15089920.0,2566914048.0,1179648.0,80226208.0,7815723008.0,29278208.0,51.54,65.69,65.69,39.13,8.33,8.61,32.84
17,vlm,Norm / residual,Vision: residual / LayerNorm variant 6,triton_red_fused_add_native_layer_norm_view_6,vlm.vision.camera0,4512.0,1326592.0,0.0,11333632.0,2416576.0,1044738048.0,3850240.0,34.45,0.0,17.68,8.87,22.84,27.57,0.0
18,vlm,QKV,Vision: Q projection + bias,ampere_bf16_s16816gemm_bf16_64x64_ldg8_relu_f2f_stages_64x5_tn,vlm.vision.camera0,11904.000000000002,4003200.0,679477248.0,589824.0,22068064.0,2717415424.0,10248192.0,39.06,50.01,50.01,30.93,8.33,9.31,25.0
19,vlm,QKV,Vision: K projection + bias,ampere_bf16_s16816gemm_bf16_64x64_ldg8_relu_f2f_stages_64x5_tn,vlm.vision.camera0,12000.0,4000896.0,679477248.0,589824.0,22038880.0,2745606144.0,10321920.0,38.76,49.5,49.5,30.58,8.33,9.37,24.75
20,vlm,QKV,Vision: V projection + bias,ampere_bf16_s16816gemm_bf16_64x64_ldg8_relu_f2f_stages_64x5_tn,vlm.vision.camera0,12064.0,4002048.0,679477248.0,589824.0,22084256.0,2753228800.0,10362880.0,38.62,49.36,49.36,30.55,8.33,9.23,24.68
21,vlm,Vision attention,Vision: FlashAttention split-KV attention,"void pytorch_flash::flash_fwd_splitkv_kernel<Flash_fwd_kernel_traits<96, 64, 128, 4, 0, 0, cutlass::bfloat16_t, Flash_kernel_traits<96, 64, 128, 4, cutlass::bfloat16_t>>, 0, 0, 0, 0, 0, 0, 1, 0>(pytorch_flash::Flash_fwd_params)",vlm.vision.camera0,14304.0,2099456.0,402653184.0,4259840.0,12289088.0,3331880960.0,12296192.0,17.07,24.17,24.17,18.13,8.3,11.69,12.08
22,vlm,Vision attention,Vision: FlashAttention split-KV combine,"void pytorch_flash::flash_fwd_splitkv_combine_kernel<Flash_fwd_kernel_traits<96, 64, 128, 4, 0, 0, cutlass::bfloat16_t, Flash_kernel_traits<96, 64, 128, 4, cutlass::bfloat16_t>>, 16, 1, 0>(pytorch_flash::Flash_fwd_params)",vlm.vision.camera0,6912.0,2682112.0,0.0,2260992.0,3420864.0,1613041664.0,5906432.0,45.41,0.0,11.01,11.48,21.09,14.79,0.0
23,vlm,O projection,Vision: attention output projection + bias,ampere_bf16_s16816gemm_bf16_64x64_ldg8_relu_f2f_stages_64x5_tn,vlm.vision.camera0,11904.000000000002,4001920.0,679477248.0,589824.0,22084992.0,2719174656.0,10223616.0,39.14,49.98,49.98,30.97,8.33,9.21,24.99
24,vlm,Norm / residual,Vision: residual / LayerNorm variant 7,triton_red_fused_add_native_layer_norm_view_7,vlm.vision.camera0,5184.000000000001,1961600.0,0.0,14757888.0,2971808.0,1199779840.0,4440064.0,44.18,0.0,23.44,11.4,41.03,32.56,0.0
25,vlm,FFN up,Vision: FFN up + bias + GELU,triton_tem_fused_addmm_gelu_native_layer_norm_t_view_5,vlm.vision.camera0,30656.0,13039744.0,2566914048.0,17168291.0,82826720.0,6968842240.0,26435584.0,49.33,73.67,73.67,45.13,39.38,13.44,36.83
26,vlm,FFN down,Vision: FFN down + bias,ampere_bf16_s16816gemm_bf16_64x64_sliced1x2_ldg8_relu_f2f_stages_64x5_tn,vlm.vision.camera0,34208.0,15096704.0,2566914048.0,1179648.0,80224960.0,7886469120.0,29491200.0,51.19,65.1,65.1,38.81,8.33,8.51,32.55
27,vlm,Norm / residual,Vision: residual / LayerNorm variant 8,triton_red_fused_add_native_layer_norm_view_8,vlm.vision.camera0,6272.0,2646528.0,0.0,13467648.0,3609312.0,1460434944.0,5373952.0,49.25,0.0,16.62,12.49,22.75,23.02,0.0
28,vlm,QKV,Vision: Q projection + bias,ampere_bf16_s16816gemm_bf16_64x64_ldg8_relu_f2f_stages_64x5_tn,vlm.vision.camera0,12096.0,4000768.0,679477248.0,589824.0,22084480.0,2765010944.0,10395648.0,38.49,49.15,49.15,30.43,8.33,9.28,24.57
29,vlm,QKV,Vision: K projection + bias,ampere_bf16_s16816gemm_bf16_64x64_ldg8_relu_f2f_stages_64x5_tn,vlm.vision.camera0,12192.000000000002,4001024.0,679477248.0,589824.0,22084352.0,2782130176.0,10461184.0,38.25,48.85,48.85,30.25,8.33,9.28,24.42
30,vlm,QKV,Vision: V projection + bias,ampere_bf16_s16816gemm_bf16_64x64_ldg8_relu_f2f_stages_64x5_tn,vlm.vision.camera0,11904.000000000002,4000896.0,679477248.0,589824.0,22084352.0,2719842304.0,10223616.0,39.13,49.96,49.96,30.93,8.33,9.25,24.98
31,vlm,Vision attention,Vision: FlashAttention split-KV attention,"void pytorch_flash::flash_fwd_splitkv_kernel<Flash_fwd_kernel_traits<96, 64, 128, 4, 0, 0, cutlass::bfloat16_t, Flash_kernel_traits<96, 64, 128, 4, cutlass::bfloat16_t>>, 0, 0, 0, 0, 0, 0, 1, 0>(pytorch_flash::Flash_fwd_params)",vlm.vision.camera0,14304.0,2087808.0,402653184.0,4259840.0,12285248.0,3332333568.0,12328960.0,16.93,24.17,24.17,18.09,8.3,11.65,12.08
32,vlm,Vision attention,Vision: FlashAttention split-KV combine,"void pytorch_flash::flash_fwd_splitkv_combine_kernel<Flash_fwd_kernel_traits<96, 64, 128, 4, 0, 0, cutlass::bfloat16_t, Flash_kernel_traits<96, 64, 128, 4, cutlass::bfloat16_t>>, 16, 1, 0>(pytorch_flash::Flash_fwd_params)",vlm.vision.camera0,6880.0,2699008.0,0.0,2260992.0,3422048.0,1604073472.0,5873664.0,45.95,0.0,11.07,11.54,21.18,14.77,0.0
33,vlm,O projection,Vision: attention output projection + bias,ampere_bf16_s16816gemm_bf16_64x64_ldg8_relu_f2f_stages_64x5_tn,vlm.vision.camera0,11904.000000000002,4000512.0,679477248.0,589824.0,22085248.0,2729271296.0,10256384.0,39.01,49.79,49.79,30.85,8.33,9.34,24.9
34,vlm,Norm / residual,Vision: residual / LayerNorm variant 9,triton_red_fused_add_native_layer_norm_view_9,vlm.vision.camera0,7200.000000000001,3275904.0,0.0,14704652.0,4734240.0,1666711552.0,6168576.0,53.11,0.0,17.97,13.63,45.25,23.99,0.0
35,vlm,FFN up,Vision: FFN up + bias + GELU,triton_tem_fused_addmm_gelu_native_layer_norm_t_view_5,vlm.vision.camera0,31168.000000000004,13027328.0,2566914048.0,17701187.0,82830144.0,7092350976.0,26853376.0,48.51,72.39,72.39,44.37,39.23,13.44,36.19
36,vlm,FFN down,Vision: FFN down + bias,ampere_bf16_s16816gemm_bf16_64x64_sliced1x2_ldg8_relu_f2f_stages_64x5_tn,vlm.vision.camera0,33760.0,15091328.0,2566914048.0,1179648.0,80223552.0,7777804288.0,29097984.0,51.86,66.01,66.01,39.34,8.33,8.62,33.0
37,vlm,Norm / residual,Vision: residual / LayerNorm variant 6,triton_red_fused_add_native_layer_norm_view_6,vlm.vision.camera0,4512.0,1323648.0,0.0,11333632.0,2385824.0,1049696256.0,3850240.0,34.38,0.0,17.59,8.73,22.79,27.48,0.0
38,vlm,QKV,Vision: Q projection + bias,ampere_bf16_s16816gemm_bf16_64x64_ldg8_relu_f2f_stages_64x5_tn,vlm.vision.camera0,11776.0,3999872.0,679477248.0,589824.0,22084160.0,2688305152.0,10125312.0,39.5,50.55,50.55,31.3,8.33,9.22,25.28
39,vlm,QKV,Vision: K projection + bias,ampere_bf16_s16816gemm_bf16_64x64_ldg8_relu_f2f_stages_64x5_tn,vlm.vision.camera0,12128.000000000002,4002688.0,679477248.0,589824.0,22084160.0,2769995776.0,10420224.0,38.41,49.06,49.06,30.36,8.33,9.18,24.53
40,vlm,QKV,Vision: V projection + bias,ampere_bf16_s16816gemm_bf16_64x64_ldg8_relu_f2f_stages_64x5_tn,vlm.vision.camera0,11968.000000000002,4002560.0,679477248.0,589824.0,22084256.0,2732722176.0,10289152.0,38.9,49.73,49.73,30.79,8.33,9.32,24.86
41,vlm,Vision attention,Vision: FlashAttention split-KV attention,"void pytorch_flash::flash_fwd_splitkv_kernel<Flash_fwd_kernel_traits<96, 64, 128, 4, 0, 0, cutlass::bfloat16_t, Flash_kernel_traits<96, 64, 128, 4, cutlass::bfloat16_t>>, 0, 0, 0, 0, 0, 0, 1, 0>(pytorch_flash::Flash_fwd_params)",vlm.vision.camera0,14432.0,2092160.0,402653184.0,4259840.0,12268832.0,3356286976.0,12394496.0,16.88,23.99,23.99,18.25,8.29,11.71,12.0
42,vlm,Vision attention,Vision: FlashAttention split-KV combine,"void pytorch_flash::flash_fwd_splitkv_combine_kernel<Flash_fwd_kernel_traits<96, 64, 128, 4, 0, 0, cutlass::bfloat16_t, Flash_kernel_traits<96, 64, 128, 4, cutlass::bfloat16_t>>, 16, 1, 0>(pytorch_flash::Flash_fwd_params)",vlm.vision.camera0,6688.0,2683392.0,0.0,2260992.0,3417216.0,1562669056.0,5734400.0,46.79,0.0,11.36,11.85,21.09,14.66,0.0
43,vlm,O projection,Vision: attention output projection + bias,ampere_bf16_s16816gemm_bf16_64x64_ldg8_relu_f2f_stages_64x5_tn,vlm.vision.camera0,12000.0,4003200.0,679477248.0,589824.0,22084288.0,2740774912.0,10305536.0,38.85,49.58,49.58,30.71,8.33,9.32,24.79
44,vlm,Norm / residual,Vision: residual / LayerNorm variant 7,triton_red_fused_add_native_layer_norm_view_7,vlm.vision.camera0,5056.0,1967104.0,0.0,14757888.0,2953728.0,1168101376.0,4325376.0,45.48,0.0,24.09,11.71,40.26,34.04,0.0
45,vlm,FFN up,Vision: FFN up + bias + GELU,triton_tem_fused_addmm_gelu_native_layer_norm_t_view_5,vlm.vision.camera0,30656.0,13050496.0,2566914048.0,17488548.0,82835360.0,6968616960.0,26394624.0,49.44,73.67,73.67,45.15,40.45,13.43,36.84
46,vlm,FFN down,Vision: FFN down + bias,ampere_bf16_s16816gemm_bf16_64x64_sliced1x2_ldg8_relu_f2f_stages_64x5_tn,vlm.vision.camera0,33984.00000000001,15089152.0,2566914048.0,1179648.0,80224800.0,7833880576.0,29294592.0,51.51,65.53,65.53,39.06,8.33,8.5,32.77
47,vlm,Norm / residual,Vision: residual / LayerNorm variant 8,triton_red_fused_add_native_layer_norm_view_8,vlm.vision.camera0,6400.000000000001,2626432.0,0.0,13467648.0,3625632.0,1486479360.0,5488640.0,47.85,0.0,16.33,12.28,22.84,22.59,0.0
48,vlm,QKV,Vision: Q projection + bias,ampere_bf16_s16816gemm_bf16_64x64_ldg8_relu_f2f_stages_64x5_tn,vlm.vision.camera0,11936.0,4001024.0,679477248.0,589824.0,22084256.0,2725816320.0,10240000.0,39.07,49.85,49.85,30.87,8.33,9.3,24.93
49,vlm,QKV,Vision: K projection + bias,ampere_bf16_s16816gemm_bf16_64x64_ldg8_relu_f2f_stages_64x5_tn,vlm.vision.camera0,11872.0,4000512.0,679477248.0,589824.0,22085856.0,2713190400.0,10215424.0,39.16,50.09,50.09,31.0,8.33,9.33,25.04
50,vlm,QKV,Vision: V projection + bias,ampere_bf16_s16816gemm_bf16_64x64_ldg8_relu_f2f_stages_64x5_tn,vlm.vision.camera0,11872.0,3998720.0,679477248.0,589824.0,22084576.0,2709014528.0,10207232.0,39.18,50.16,50.16,31.03,8.33,9.37,25.08
51,vlm,Vision attention,Vision: FlashAttention split-KV attention,"void pytorch_flash::flash_fwd_splitkv_kernel<Flash_fwd_kernel_traits<96, 64, 128, 4, 0, 0, cutlass::bfloat16_t, Flash_kernel_traits<96, 64, 128, 4, cutlass::bfloat16_t>>, 0, 0, 0, 0, 0, 0, 1, 0>(pytorch_flash::Flash_fwd_params)",vlm.vision.camera0,14304.0,2083456.0,402653184.0,4259840.0,12283104.0,3330291712.0,12304384.0,16.93,24.18,24.18,18.11,8.29,11.68,12.09
52,vlm,Vision attention,Vision: FlashAttention split-KV combine,"void pytorch_flash::flash_fwd_splitkv_combine_kernel<Flash_fwd_kernel_traits<96, 64, 128, 4, 0, 0, cutlass::bfloat16_t, Flash_kernel_traits<96, 64, 128, 4, cutlass::bfloat16_t>>, 16, 1, 0>(pytorch_flash::Flash_fwd_params)",vlm.vision.camera0,6880.0,2701824.0,0.0,2260992.0,3419136.0,1602820096.0,5881856.0,45.93,0.0,11.08,11.56,21.16,14.43,0.0
53,vlm,O projection,Vision: attention output projection + bias,ampere_bf16_s16816gemm_bf16_64x64_ldg8_relu_f2f_stages_64x5_tn,vlm.vision.camera0,12160.0,4000384.0,679477248.0,589824.0,22084352.0,2782019584.0,10436608.0,38.33,48.85,48.85,30.27,8.33,9.3,24.42
54,vlm,Norm / residual,Vision: residual / LayerNorm variant 9,triton_red_fused_add_native_layer_norm_view_9,vlm.vision.camera0,7200.000000000001,3266304.0,0.0,14704644.0,4753824.0,1676650496.0,6193152.0,52.74,0.0,17.87,13.54,45.17,24.67,0.0
55,vlm,FFN up,Vision: FFN up + bias + GELU,triton_tem_fused_addmm_gelu_native_layer_norm_t_view_5,vlm.vision.camera0,31744.0,13043328.0,2566914048.0,17077767.0,82837312.0,7236489216.0,27377664.0,47.64,70.94,70.94,43.49,39.06,13.35,35.47
56,vlm,FFN down,Vision: FFN down + bias,ampere_bf16_s16816gemm_bf16_64x64_sliced1x2_ldg8_relu_f2f_stages_64x5_tn,vlm.vision.camera0,33760.0,15086848.0,2566914048.0,1179648.0,80226304.0,7786498048.0,29122560.0,51.8,65.93,65.93,39.31,8.33,8.61,32.97
57,vlm,Norm / residual,Vision: residual / LayerNorm variant 6,triton_red_fused_add_native_layer_norm_view_6,vlm.vision.camera0,4544.0,1327232.0,0.0,11333632.0,2389312.0,1052213248.0,3874816.0,34.25,0.0,17.55,8.72,22.71,28.08,0.0
58,vlm,QKV,Vision: Q projection + bias,ampere_bf16_s16816gemm_bf16_64x64_ldg8_relu_f2f_stages_64x5_tn,vlm.vision.camera0,12032.000000000002,4002176.0,679477248.0,589824.0,22084512.0,2745903104.0,10346496.0,38.68,49.49,49.49,30.65,8.33,9.2,24.75
59,vlm,QKV,Vision: K projection + bias,ampere_bf16_s16816gemm_bf16_64x64_ldg8_relu_f2f_stages_64x5_tn,vlm.vision.camera0,12128.000000000002,4001536.0,679477248.0,589824.0,22086016.0,2765426688.0,10412032.0,38.43,49.14,49.14,30.42,8.33,9.26,24.57
60,vlm,QKV,Vision: V projection + bias,ampere_bf16_s16816gemm_bf16_64x64_ldg8_relu_f2f_stages_64x5_tn,vlm.vision.camera0,12192.000000000002,4001408.0,679477248.0,589824.0,22084288.0,2782912512.0,10469376.0,38.22,48.83,48.83,30.26,8.33,9.29,24.42
61,vlm,Vision attention,Vision: FlashAttention split-KV attention,"void pytorch_flash::flash_fwd_splitkv_kernel<Flash_fwd_kernel_traits<96, 64, 128, 4, 0, 0, cutlass::bfloat16_t, Flash_kernel_traits<96, 64, 128, 4, cutlass::bfloat16_t>>, 0, 0, 0, 0, 0, 0, 1, 0>(pytorch_flash::Flash_fwd_params)",vlm.vision.camera0,14368.0,2092800.0,402653184.0,4259840.0,12287488.0,3348516864.0,12369920.0,16.92,24.05,24.05,18.06,8.29,11.65,12.02
62,vlm,Vision attention,Vision: FlashAttention split-KV combine,"void pytorch_flash::flash_fwd_splitkv_combine_kernel<Flash_fwd_kernel_traits<96, 64, 128, 4, 0, 0, cutlass::bfloat16_t, Flash_kernel_traits<96, 64, 128, 4, cutlass::bfloat16_t>>, 16, 1, 0>(pytorch_flash::Flash_fwd_params)",vlm.vision.camera0,6848.0,2692352.0,0.0,2260992.0,3423424.0,1605523456.0,5873664.0,45.84,0.0,11.06,11.54,21.07,14.24,0.0
63,vlm,O projection,Vision: attention output projection + bias,ampere_bf16_s16816gemm_bf16_64x64_ldg8_relu_f2f_stages_64x5_tn,vlm.vision.camera0,12000.0,4003072.0,679477248.0,589824.0,22083712.0,2744985600.0,10305536.0,38.84,49.51,49.51,30.67,8.33,9.26,24.75
64,vlm,Norm / residual,Vision: residual / LayerNorm variant 7,triton_red_fused_add_native_layer_norm_view_7,vlm.vision.camera0,5120.0,1977856.0,0.0,14757888.0,2955904.0,1191043072.0,4415488.0,44.79,0.0,23.62,11.47,40.34,33.19,0.0
65,vlm,FFN up,Vision: FFN up + bias + GELU,triton_tem_fused_addmm_gelu_native_layer_norm_t_view_5,vlm.vision.camera0,30784.000000000004,13046528.0,2566914048.0,16927498.0,82823296.0,7004801024.0,26533888.0,49.17,73.29,73.29,44.93,39.75,13.36,36.65
66,vlm,FFN down,Vision: FFN down + bias,ampere_bf16_s16816gemm_bf16_64x64_sliced1x2_ldg8_relu_f2f_stages_64x5_tn,vlm.vision.camera0,34336.00000000001,15093248.0,2566914048.0,1179648.0,80226624.0,7913404416.0,29581312.0,51.02,64.88,64.88,38.66,8.33,8.46,32.44
67,vlm,Norm / residual,Vision: residual / LayerNorm variant 8,triton_red_fused_add_native_layer_norm_view_8,vlm.vision.camera0,6432.0,2641280.0,0.0,13467648.0,3626304.0,1502459904.0,5537792.0,47.7,0.0,16.15,12.14,22.62,23.03,0.0
68,vlm,QKV,Vision: Q projection + bias,ampere_bf16_s16816gemm_bf16_64x64_ldg8_relu_f2f_stages_64x5_tn,vlm.vision.camera0,11968.000000000002,3995392.0,679477248.0,589824.0,22084384.0,2731245568.0,10280960.0,38.86,49.76,49.76,30.78,8.33,9.33,24.88
69,vlm,QKV,Vision: K projection + bias,ampere_bf16_s16816gemm_bf16_64x64_ldg8_relu_f2f_stages_64x5_tn,vlm.vision.camera0,11840.0,3997056.0,679477248.0,589824.0,22084512.0,2703126528.0,10199040.0,39.19,50.27,50.27,31.11,8.33,9.32,25.14
70,vlm,QKV,Vision: V projection + bias,ampere_bf16_s16816gemm_bf16_64x64_ldg8_relu_f2f_stages_64x5_tn,vlm.vision.camera0,11936.0,3994368.0,679477248.0,589824.0,22085920.0,2730369024.0,10280960.0,38.85,49.77,49.77,30.8,8.33,9.32,24.89
71,vlm,Vision attention,Vision: FlashAttention split-KV attention,"void pytorch_flash::flash_fwd_splitkv_kernel<Flash_fwd_kernel_traits<96, 64, 128, 4, 0, 0, cutlass::bfloat16_t, Flash_kernel_traits<96, 64, 128, 4, cutlass::bfloat16_t>>, 0, 0, 0, 0, 0, 0, 1, 0>(pytorch_flash::Flash_fwd_params)",vlm.vision.camera0,14304.0,2092032.0,402653184.0,4259840.0,12278752.0,3333472256.0,12320768.0,16.98,24.16,24.16,18.11,8.3,11.7,12.08
72,vlm,Vision attention,Vision: FlashAttention split-KV combine,"void pytorch_flash::flash_fwd_splitkv_combine_kernel<Flash_fwd_kernel_traits<96, 64, 128, 4, 0, 0, cutlass::bfloat16_t, Flash_kernel_traits<96, 64, 128, 4, cutlass::bfloat16_t>>, 16, 1, 0>(pytorch_flash::Flash_fwd_params)",vlm.vision.camera0,6880.0,2696448.0,0.0,2260992.0,3421792.0,1611231232.0,5898240.0,45.72,0.0,11.02,11.49,21.11,14.81,0.0
73,vlm,O projection,Vision: attention output projection + bias,ampere_bf16_s16816gemm_bf16_64x64_ldg8_relu_f2f_stages_64x5_tn,vlm.vision.camera0,11968.000000000002,4001280.0,679477248.0,589824.0,22085344.0,2739462144.0,10305536.0,38.83,49.61,49.61,30.74,8.33,9.27,24.8
74,vlm,Norm / residual,Vision: residual / LayerNorm variant 9,triton_red_fused_add_native_layer_norm_view_9,vlm.vision.camera0,7232.0,3273728.0,0.0,14704660.0,4757824.0,1685665792.0,6234112.0,52.51,0.0,17.76,13.48,45.27,24.68,0.0
75,vlm,FFN up,Vision: FFN up + bias + GELU,triton_tem_fused_addmm_gelu_native_layer_norm_t_view_5,vlm.vision.camera0,30784.000000000004,13042688.0,2566914048.0,17036117.0,82829472.0,6997272576.0,26492928.0,49.23,73.37,73.37,44.94,39.37,13.41,36.68
76,vlm,FFN down,Vision: FFN down + bias,ampere_bf16_s16816gemm_bf16_64x64_sliced1x2_ldg8_relu_f2f_stages_64x5_tn,vlm.vision.camera0,33888.00000000001,15095040.0,2566914048.0,1179648.0,80226304.0,7812118528.0,29196288.0,51.7,65.72,65.72,39.17,8.33,8.58,32.86
77,vlm,Norm / residual,Vision: residual / LayerNorm variant 6,triton_red_fused_add_native_layer_norm_view_6,vlm.vision.camera0,4672.0,1324288.0,0.0,11333632.0,2388608.0,1077655552.0,3956736.0,33.47,0.0,17.14,8.52,22.77,28.47,0.0
78,vlm,QKV,Vision: Q projection + bias,ampere_bf16_s16816gemm_bf16_64x64_ldg8_relu_f2f_stages_64x5_tn,vlm.vision.camera0,12064.0,4003584.0,679477248.0,589824.0,22084320.0,2757906432.0,10387456.0,38.54,49.27,49.27,30.5,8.33,9.26,24.64
79,vlm,QKV,Vision: K projection + bias,ampere_bf16_s16816gemm_bf16_64x64_ldg8_relu_f2f_stages_64x5_tn,vlm.vision.camera0,11936.0,4003584.0,679477248.0,589824.0,22084160.0,2730166272.0,10272768.0,38.97,49.78,49.78,30.83,8.33,9.34,24.89
80,vlm,QKV,Vision: V projection + bias,ampere_bf16_s16816gemm_bf16_64x64_ldg8_relu_f2f_stages_64x5_tn,vlm.vision.camera0,11904.000000000002,4002688.0,679477248.0,589824.0,22084192.0,2719608832.0,10240000.0,39.09,49.97,49.97,30.93,8.33,9.3,24.98
81,vlm,Vision attention,Vision: FlashAttention split-KV attention,"void pytorch_flash::flash_fwd_splitkv_kernel<Flash_fwd_kernel_traits<96, 64, 128, 4, 0, 0, cutlass::bfloat16_t, Flash_kernel_traits<96, 64, 128, 4, cutlass::bfloat16_t>>, 0, 0, 0, 0, 0, 0, 1, 0>(pytorch_flash::Flash_fwd_params)",vlm.vision.camera0,14272.000000000002,2099456.0,402653184.0,4259840.0,12286144.0,3321350144.0,12279808.0,17.1,24.25,24.25,18.18,8.29,11.69,12.12
82,vlm,Vision attention,Vision: FlashAttention split-KV combine,"void pytorch_flash::flash_fwd_splitkv_combine_kernel<Flash_fwd_kernel_traits<96, 64, 128, 4, 0, 0, cutlass::bfloat16_t, Flash_kernel_traits<96, 64, 128, 4, cutlass::bfloat16_t>>, 16, 1, 0>(pytorch_flash::Flash_fwd_params)",vlm.vision.camera0,6944.000000000001,2704768.0,0.0,2260992.0,3434816.0,1618747392.0,5939200.0,45.54,0.0,10.97,11.43,21.06,14.69,0.0
83,vlm,O projection,Vision: attention output projection + bias,ampere_bf16_s16816gemm_bf16_64x64_ldg8_relu_f2f_stages_64x5_tn,vlm.vision.camera0,12032.000000000002,3999360.0,679477248.0,589824.0,22087488.0,2747453440.0,10330112.0,38.72,49.46,49.46,30.63,8.33,9.21,24.73
84,vlm,Norm / residual,Vision: residual / LayerNorm variant 7,triton_red_fused_add_native_layer_norm_view_7,vlm.vision.camera0,5216.000000000001,1973632.0,0.0,14757888.0,2965920.0,1208875008.0,4472832.0,44.12,0.0,23.27,11.31,40.76,33.6,0.0
85,vlm,FFN up,Vision: FFN up + bias + GELU,triton_tem_fused_addmm_gelu_native_layer_norm_t_view_5,vlm.vision.camera0,30496.0,13038592.0,2566914048.0,16906246.0,82830624.0,6939076608.0,26296320.0,49.58,73.98,73.98,45.33,38.88,13.38,36.99
86,vlm,FFN down,Vision: FFN down + bias,ampere_bf16_s16816gemm_bf16_64x64_sliced1x2_ldg8_relu_f2f_stages_64x5_tn,vlm.vision.camera0,34240.00000000001,15090688.0,2566914048.0,1179648.0,80226816.0,7892404224.0,29507584.0,51.14,65.05,65.05,38.76,8.33,8.47,32.52
87,vlm,Norm / residual,Vision: residual / LayerNorm variant 8,triton_red_fused_add_native_layer_norm_view_8,vlm.vision.camera0,6336.0,2632448.0,0.0,13467648.0,3625440.0,1471852544.0,5439488.0,48.4,0.0,16.49,12.4,22.66,22.73,0.0
88,vlm,QKV,Vision: Q projection + bias,ampere_bf16_s16816gemm_bf16_64x64_ldg8_relu_f2f_stages_64x5_tn,vlm.vision.camera0,11904.000000000002,4001664.0,679477248.0,589824.0,22084256.0,2717200384.0,10256384.0,39.02,50.01,50.01,30.95,8.33,9.31,25.01
89,vlm,QKV,Vision: K projection + bias,ampere_bf16_s16816gemm_bf16_64x64_ldg8_relu_f2f_stages_64x5_tn,vlm.vision.camera0,12128.000000000002,4003456.0,679477248.0,589824.0,22039296.0,2776137728.0,10428416.0,38.39,48.95,48.95,30.26,8.33,9.17,24.48
90,vlm,QKV,Vision: V projection + bias,ampere_bf16_s16816gemm_bf16_64x64_ldg8_relu_f2f_stages_64x5_tn,vlm.vision.camera0,12160.0,3998976.0,679477248.0,589824.0,22084224.0,2777397248.0,10436608.0,38.32,48.93,48.93,30.31,8.33,9.17,24.46
91,vlm,Vision attention,Vision: FlashAttention split-KV attention,"void pytorch_flash::flash_fwd_splitkv_kernel<Flash_fwd_kernel_traits<96, 64, 128, 4, 0, 0, cutlass::bfloat16_t, Flash_kernel_traits<96, 64, 128, 4, cutlass::bfloat16_t>>, 0, 0, 0, 0, 0, 0, 1, 0>(pytorch_flash::Flash_fwd_params)",vlm.vision.camera0,14272.000000000002,2096512.0,402653184.0,4259840.0,12279872.0,3326691328.0,12296192.0,17.05,24.21,24.21,18.14,8.29,11.64,12.1
92,vlm,Vision attention,Vision: FlashAttention split-KV combine,"void pytorch_flash::flash_fwd_splitkv_combine_kernel<Flash_fwd_kernel_traits<96, 64, 128, 4, 0, 0, cutlass::bfloat16_t, Flash_kernel_traits<96, 64, 128, 4, cutlass::bfloat16_t>>, 16, 1, 0>(pytorch_flash::Flash_fwd_params)",vlm.vision.camera0,6848.0,2703488.0,0.0,2260992.0,3421440.0,1608249344.0,5898240.0,45.84,0.0,11.04,11.51,21.11,14.25,0.0
93,vlm,O projection,Vision: attention output projection + bias,ampere_bf16_s16816gemm_bf16_64x64_ldg8_relu_f2f_stages_64x5_tn,vlm.vision.camera0,11904.000000000002,4002048.0,679477248.0,589824.0,22084128.0,2722838528.0,10223616.0,39.15,49.91,49.91,30.91,8.33,9.24,24.95
94,vlm,Norm / residual,Vision: residual / LayerNorm variant 9,triton_red_fused_add_native_layer_norm_view_9,vlm.vision.camera0,7328.000000000001,3241216.0,0.0,14704644.0,4754272.0,1703933952.0,6291456.0,51.52,0.0,17.58,13.32,45.11,24.37,0.0
95,vlm,FFN up,Vision: FFN up + bias + GELU,triton_tem_fused_addmm_gelu_native_layer_norm_t_view_5,vlm.vision.camera0,30496.0,13043584.0,2566914048.0,16811893.0,82825248.0,6935865344.0,26271744.0,49.65,74.02,74.02,45.35,39.09,13.34,37.01
96,vlm,FFN down,Vision: FFN down + bias,ampere_bf16_s16816gemm_bf16_64x64_sliced1x2_ldg8_relu_f2f_stages_64x5_tn,vlm.vision.camera0,34016.0,15097600.0,2566914048.0,1179648.0,80226752.0,7840262144.0,29335552.0,51.47,65.48,65.48,39.02,8.33,8.53,32.74
97,vlm,Norm / residual,Vision: residual / LayerNorm variant 6,triton_red_fused_add_native_layer_norm_view_6,vlm.vision.camera0,4608.000000000001,1323392.0,0.0,11333632.0,2402464.0,1067829248.0,3915776.0,33.8,0.0,17.3,8.62,22.75,28.14,0.0
98,vlm,QKV,Vision: Q projection + bias,ampere_bf16_s16816gemm_bf16_64x64_ldg8_relu_f2f_stages_64x5_tn,vlm.vision.camera0,11872.0,3998464.0,679477248.0,589824.0,22083712.0,2705684480.0,10174464.0,39.3,50.23,50.23,31.08,8.33,9.17,25.11
99,vlm,QKV,Vision: K projection + bias,ampere_bf16_s16816gemm_bf16_64x64_ldg8_relu_f2f_stages_64x5_tn,vlm.vision.camera0,12224.0,4003072.0,679477248.0,589824.0,22086144.0,2790709248.0,10518528.0,38.06,48.7,48.7,30.15,8.33,9.3,24.35
100,vlm,QKV,Vision: V projection + bias,ampere_bf16_s16816gemm_bf16_64x64_ldg8_relu_f2f_stages_64x5_tn,vlm.vision.camera0,12224.0,3999872.0,679477248.0,589824.0,22084384.0,2791262208.0,10502144.0,38.09,48.69,48.69,30.15,8.33,9.24,24.34
101,vlm,Vision attention,Vision: FlashAttention split-KV attention,"void pytorch_flash::flash_fwd_splitkv_kernel<Flash_fwd_kernel_traits<96, 64, 128, 4, 0, 0, cutlass::bfloat16_t, Flash_kernel_traits<96, 64, 128, 4, cutlass::bfloat16_t>>, 0, 0, 0, 0, 0, 0, 1, 0>(pytorch_flash::Flash_fwd_params)",vlm.vision.camera0,14368.0,2087296.0,402653184.0,4259840.0,12289344.0,3348193280.0,12361728.0,16.89,24.05,24.05,18.12,8.3,11.59,12.03
102,vlm,Vision attention,Vision: FlashAttention split-KV combine,"void pytorch_flash::flash_fwd_splitkv_combine_kernel<Flash_fwd_kernel_traits<96, 64, 128, 4, 0, 0, cutlass::bfloat16_t, Flash_kernel_traits<96, 64, 128, 4, cutlass::bfloat16_t>>, 16, 1, 0>(pytorch_flash::Flash_fwd_params)",vlm.vision.camera0,6880.0,2700800.0,0.0,2260992.0,3438816.0,1607829504.0,5898240.0,45.79,0.0,11.04,11.52,21.21,14.43,0.0
103,vlm,O projection,Vision: attention output projection + bias,ampere_bf16_s16816gemm_bf16_64x64_ldg8_relu_f2f_stages_64x5_tn,vlm.vision.camera0,11968.000000000002,3999360.0,679477248.0,589824.0,22083840.0,2738722816.0,10305536.0,38.81,49.62,49.62,30.73,8.33,9.24,24.81
104,vlm,Norm / residual,Vision: residual / LayerNorm variant 7,triton_red_fused_add_native_layer_norm_view_7,vlm.vision.camera0,5152.0,1970176.0,0.0,14757888.0,2977184.0,1193402368.0,4415488.0,44.62,0.0,23.57,11.47,40.66,32.55,0.0
105,vlm,FFN up,Vision: FFN up + bias + GELU,triton_tem_fused_addmm_gelu_native_layer_norm_t_view_5,vlm.vision.camera0,30496.0,13040000.0,2566914048.0,16707607.0,82828288.0,6932129792.0,26288128.0,49.6,74.06,74.06,45.37,39.17,13.35,37.03
106,vlm,FFN down,Vision: FFN down + bias,ampere_bf16_s16816gemm_bf16_64x64_sliced1x2_ldg8_relu_f2f_stages_64x5_tn,vlm.vision.camera0,34016.0,15098240.0,2566914048.0,1179648.0,80223072.0,7843211264.0,29343744.0,51.45,65.46,65.46,39.02,8.33,8.54,32.73
107,vlm,Norm / residual,Vision: residual / LayerNorm variant 8,triton_red_fused_add_native_layer_norm_view_8,vlm.vision.camera0,6368.000000000001,2635392.0,0.0,13467648.0,3623616.0,1479352320.0,5447680.0,48.38,0.0,16.4,12.34,22.75,22.12,0.0
108,vlm,QKV,Vision: Q projection + bias,ampere_bf16_s16816gemm_bf16_64x64_ldg8_relu_f2f_stages_64x5_tn,vlm.vision.camera0,11968.000000000002,4001280.0,679477248.0,589824.0,22084128.0,2739570688.0,10305536.0,38.83,49.6,49.6,30.72,8.33,9.24,24.8
109,vlm,QKV,Vision: K projection + bias,ampere_bf16_s16816gemm_bf16_64x64_ldg8_relu_f2f_stages_64x5_tn,vlm.vision.camera0,12128.000000000002,4003328.0,679477248.0,589824.0,22084000.0,2769471488.0,10436608.0,38.36,49.07,49.07,30.38,8.33,9.31,24.53
110,vlm,QKV,Vision: V projection + bias,ampere_bf16_s16816gemm_bf16_64x64_ldg8_relu_f2f_stages_64x5_tn,vlm.vision.camera0,12096.0,4001280.0,679477248.0,589824.0,22084832.0,2764474368.0,10412032.0,38.43,49.16,49.16,30.42,8.33,9.27,24.58
111,vlm,Vision attention,Vision: FlashAttention split-KV attention,"void pytorch_flash::flash_fwd_splitkv_kernel<Flash_fwd_kernel_traits<96, 64, 128, 4, 0, 0, cutlass::bfloat16_t, Flash_kernel_traits<96, 64, 128, 4, cutlass::bfloat16_t>>, 0, 0, 0, 0, 0, 0, 1, 0>(pytorch_flash::Flash_fwd_params)",vlm.vision.camera0,14304.0,2099456.0,402653184.0,4259840.0,12281792.0,3337742336.0,12328960.0,17.03,24.13,24.13,18.1,8.29,11.68,12.06
112,vlm,Vision attention,Vision: FlashAttention split-KV combine,"void pytorch_flash::flash_fwd_splitkv_combine_kernel<Flash_fwd_kernel_traits<96, 64, 128, 4, 0, 0, cutlass::bfloat16_t, Flash_kernel_traits<96, 64, 128, 4, cutlass::bfloat16_t>>, 16, 1, 0>(pytorch_flash::Flash_fwd_params)",vlm.vision.camera0,6944.000000000001,2710272.0,0.0,2260992.0,3422080.0,1622476800.0,5947392.0,45.57,0.0,10.95,11.41,21.08,14.46,0.0
113,vlm,O projection,Vision: attention output projection + bias,ampere_bf16_s16816gemm_bf16_64x64_ldg8_relu_f2f_stages_64x5_tn,vlm.vision.camera0,11936.0,4000384.0,679477248.0,589824.0,22084384.0,2730092544.0,10248192.0,39.04,49.78,49.78,30.82,8.33,9.3,24.89
114,vlm,Norm / residual,Vision: residual / LayerNorm variant 9,triton_red_fused_add_native_layer_norm_view_9,vlm.vision.camera0,7392.000000000001,3252352.0,0.0,14704652.0,4775584.0,1720659968.0,6340608.0,51.29,0.0,17.4,13.21,45.24,24.13,0.0
115,vlm,FFN up,Vision: FFN up + bias + GELU,triton_tem_fused_addmm_gelu_native_layer_norm_t_view_5,vlm.vision.camera0,30336.000000000004,13043712.0,2566914048.0,16624335.0,82992192.0,6904178688.0,26165248.0,49.85,74.36,74.36,45.65,39.34,13.3,37.18
116,vlm,FFN down,Vision: FFN down + bias,ampere_bf16_s16816gemm_bf16_64x64_sliced1x2_ldg8_relu_f2f_stages_64x5_tn,vlm.vision.camera0,33920.0,15092352.0,2566914048.0,1179648.0,80227008.0,7818102784.0,29245440.0,51.61,65.67,65.67,39.13,8.33,8.57,32.83
117,vlm,Norm / residual,Vision: residual / LayerNorm variant 6,triton_red_fused_add_native_layer_norm_view_6,vlm.vision.camera0,4576.0,1321472.0,0.0,11333632.0,2402528.0,1061881856.0,3891200.0,33.96,0.0,17.39,8.67,22.75,28.04,0.0
118,vlm,QKV,Vision: Q projection + bias,ampere_bf16_s16816gemm_bf16_64x64_ldg8_relu_f2f_stages_64x5_tn,vlm.vision.camera0,11904.000000000002,3998208.0,679477248.0,589824.0,22083840.0,2714595328.0,10231808.0,39.08,50.06,50.06,31.01,8.33,9.2,25.03
119,vlm,QKV,Vision: K projection + bias,ampere_bf16_s16816gemm_bf16_64x64_ldg8_relu_f2f_stages_64x5_tn,vlm.vision.camera0,12064.0,4001664.0,679477248.0,589824.0,22083904.0,2754719744.0,10379264.0,38.55,49.33,49.33,30.55,8.33,9.34,24.67
120,vlm,QKV,Vision: V projection + bias,ampere_bf16_s16816gemm_bf16_64x64_ldg8_relu_f2f_stages_64x5_tn,vlm.vision.camera0,12224.0,4002432.0,679477248.0,589824.0,22085184.0,2786213888.0,10469376.0,38.23,48.77,48.77,30.21,8.33,9.28,24.39
121,vlm,Vision attention,Vision: FlashAttention split-KV attention,"void pytorch_flash::flash_fwd_splitkv_kernel<Flash_fwd_kernel_traits<96, 64, 128, 4, 0, 0, cutlass::bfloat16_t, Flash_kernel_traits<96, 64, 128, 4, cutlass::bfloat16_t>>, 0, 0, 0, 0, 0, 0, 1, 0>(pytorch_flash::Flash_fwd_params)",vlm.vision.camera0,14304.0,2089984.0,402653184.0,4259840.0,12285664.0,3327940608.0,12296192.0,17.0,24.2,24.2,18.14,8.29,11.68,12.1
122,vlm,Vision attention,Vision: FlashAttention split-KV combine,"void pytorch_flash::flash_fwd_splitkv_combine_kernel<Flash_fwd_kernel_traits<96, 64, 128, 4, 0, 0, cutlass::bfloat16_t, Flash_kernel_traits<96, 64, 128, 4, cutlass::bfloat16_t>>, 16, 1, 0>(pytorch_flash::Flash_fwd_params)",vlm.vision.camera0,6944.000000000001,2711168.0,0.0,2260992.0,3422080.0,1624569856.0,5947392.0,45.59,0.0,10.93,11.4,20.96,14.43,0.0
123,vlm,O projection,Vision: attention output projection + bias,ampere_bf16_s16816gemm_bf16_64x64_ldg8_relu_f2f_stages_64x5_tn,vlm.vision.camera0,12000.0,4002944.0,679477248.0,589824.0,22086080.0,2744647680.0,10321920.0,38.78,49.51,49.51,30.67,8.33,9.33,24.76
124,vlm,Norm / residual,Vision: residual / LayerNorm variant 7,triton_red_fused_add_native_layer_norm_view_7,vlm.vision.camera0,5184.000000000001,1969920.0,0.0,14757888.0,2955200.0,1202966528.0,4440064.0,44.37,0.0,23.39,11.37,40.38,32.69,0.0
125,vlm,FFN up,Vision: FFN up + bias + GELU,triton_tem_fused_addmm_gelu_native_layer_norm_t_view_5,vlm.vision.camera0,30720.000000000004,13041792.0,2566914048.0,16661883.0,82827008.0,6986635264.0,26468352.0,49.27,73.48,73.48,45.02,40.03,13.28,36.74
126,vlm,FFN down,Vision: FFN down + bias,ampere_bf16_s16816gemm_bf16_64x64_sliced1x2_ldg8_relu_f2f_stages_64x5_tn,vlm.vision.camera0,34176.0,15088512.0,2566914048.0,1179648.0,80224224.0,7882317824.0,29458432.0,51.22,65.13,65.13,38.82,8.33,8.59,32.57
127,vlm,Norm / residual,Vision: residual / LayerNorm variant 8,triton_red_fused_add_native_layer_norm_view_8,vlm.vision.camera0,6208.000000000001,2626432.0,0.0,13467648.0,3622880.0,1444157440.0,5316608.0,49.4,0.0,16.81,12.62,22.74,22.21,0.0
128,vlm,QKV,Vision: Q projection + bias,ampere_bf16_s16816gemm_bf16_64x64_ldg8_relu_f2f_stages_64x5_tn,vlm.vision.camera0,11840.0,4000512.0,679477248.0,589824.0,22085472.0,2708754432.0,10182656.0,39.29,50.17,50.17,31.07,8.33,9.33,25.08
129,vlm,QKV,Vision: K projection + bias,ampere_bf16_s16816gemm_bf16_64x64_ldg8_relu_f2f_stages_64x5_tn,vlm.vision.camera0,11936.0,4001536.0,679477248.0,589824.0,22084352.0,2726815744.0,10272768.0,38.95,49.84,49.84,30.85,8.33,9.34,24.92
130,vlm,QKV,Vision: V projection + bias,ampere_bf16_s16816gemm_bf16_64x64_ldg8_relu_f2f_stages_64x5_tn,vlm.vision.camera0,11872.0,3999616.0,679477248.0,589824.0,22084000.0,2707783680.0,10207232.0,39.18,50.19,50.19,31.05,8.33,9.34,25.09
131,vlm,Vision attention,Vision: FlashAttention split-KV attention,"void pytorch_flash::flash_fwd_splitkv_kernel<Flash_fwd_kernel_traits<96, 64, 128, 4, 0, 0, cutlass::bfloat16_t, Flash_kernel_traits<96, 64, 128, 4, cutlass::bfloat16_t>>, 0, 0, 0, 0, 0, 0, 1, 0>(pytorch_flash::Flash_fwd_params)",vlm.vision.camera0,14208.0,2087552.0,402653184.0,4259840.0,12283392.0,3310428160.0,12238848.0,17.06,24.33,24.33,18.2,8.29,11.64,12.16
132,vlm,Vision attention,Vision: FlashAttention split-KV combine,"void pytorch_flash::flash_fwd_splitkv_combine_kernel<Flash_fwd_kernel_traits<96, 64, 128, 4, 0, 0, cutlass::bfloat16_t, Flash_kernel_traits<96, 64, 128, 4, cutlass::bfloat16_t>>, 16, 1, 0>(pytorch_flash::Flash_fwd_params)",vlm.vision.camera0,6976.000000000001,2690304.0,0.0,2260992.0,3437664.0,1629757440.0,5955584.0,45.17,0.0,10.9,11.36,21.23,14.84,0.0
133,vlm,O projection,Vision: attention output projection + bias,ampere_bf16_s16816gemm_bf16_64x64_ldg8_relu_f2f_stages_64x5_tn,vlm.vision.camera0,12096.0,4000640.0,679477248.0,589824.0,22068096.0,2768721920.0,10403840.0,38.45,49.08,49.08,30.39,8.33,9.22,24.54
134,vlm,Norm / residual,Vision: residual / LayerNorm variant 9,triton_red_fused_add_native_layer_norm_view_9,vlm.vision.camera0,7392.000000000001,3263360.0,0.0,14704644.0,4772992.0,1719721984.0,6340608.0,51.47,0.0,17.41,13.22,45.21,24.47,0.0
135,vlm,FFN up,Vision: FFN up + bias + GELU,triton_tem_fused_addmm_gelu_native_layer_norm_t_view_5,vlm.vision.camera0,30368.0,13040768.0,2566914048.0,16489025.0,82827456.0,6907131904.0,26198016.0,49.78,74.33,74.33,45.55,39.37,13.35,37.16
136,vlm,FFN down,Vision: FFN down + bias,ampere_bf16_s16816gemm_bf16_64x64_sliced1x2_ldg8_relu_f2f_stages_64x5_tn,vlm.vision.camera0,33792.00000000001,15090176.0,2566914048.0,1179648.0,80223296.0,7786899456.0,29114368.0,51.83,65.93,65.93,39.29,8.33,8.61,32.96
137,vlm,Norm / residual,Vision: residual / LayerNorm variant 6,triton_red_fused_add_native_layer_norm_view_6,vlm.vision.camera0,4480.0,1327360.0,0.0,11333632.0,2406496.0,1042178048.0,3842048.0,34.55,0.0,17.72,8.86,22.69,27.0,0.0
138,vlm,QKV,Vision: Q projection + bias,ampere_bf16_s16816gemm_bf16_64x64_ldg8_relu_f2f_stages_64x5_tn,vlm.vision.camera0,12032.000000000002,4004736.0,679477248.0,589824.0,22087328.0,2748100608.0,10338304.0,38.74,49.45,49.45,30.63,8.33,9.13,24.73
139,vlm,QKV,Vision: K projection + bias,ampere_bf16_s16816gemm_bf16_64x64_ldg8_relu_f2f_stages_64x5_tn,vlm.vision.camera0,11936.0,4001920.0,679477248.0,589824.0,22083584.0,2722387968.0,10231808.0,39.11,49.92,49.92,30.92,8.33,9.33,24.96
140,vlm,QKV,Vision: V projection + bias,ampere_bf16_s16816gemm_bf16_64x64_ldg8_relu_f2f_stages_64x5_tn,vlm.vision.camera0,11968.000000000002,4003712.0,679477248.0,589824.0,22084128.0,2732599296.0,10280960.0,38.94,49.73,49.73,30.78,8.33,9.27,24.87
141,vlm,Vision attention,Vision: FlashAttention split-KV attention,"void pytorch_flash::flash_fwd_splitkv_kernel<Flash_fwd_kernel_traits<96, 64, 128, 4, 0, 0, cutlass::bfloat16_t, Flash_kernel_traits<96, 64, 128, 4, cutlass::bfloat16_t>>, 0, 0, 0, 0, 0, 0, 1, 0>(pytorch_flash::Flash_fwd_params)",vlm.vision.camera0,14272.000000000002,2097792.0,402653184.0,4259840.0,12280640.0,3322519552.0,12271616.0,17.09,24.24,24.24,18.21,8.3,11.63,12.12
142,vlm,Vision attention,Vision: FlashAttention split-KV combine,"void pytorch_flash::flash_fwd_splitkv_combine_kernel<Flash_fwd_kernel_traits<96, 64, 128, 4, 0, 0, cutlass::bfloat16_t, Flash_kernel_traits<96, 64, 128, 4, cutlass::bfloat16_t>>, 16, 1, 0>(pytorch_flash::Flash_fwd_params)",vlm.vision.camera0,6976.000000000001,2712832.0,0.0,2260992.0,3437312.0,1636507648.0,5996544.0,45.24,0.0,10.85,11.32,21.06,14.24,0.0
143,vlm,O projection,Vision: attention output projection + bias,ampere_bf16_s16816gemm_bf16_64x64_ldg8_relu_f2f_stages_64x5_tn,vlm.vision.camera0,12576.000000000002,3998208.0,679477248.0,589824.0,22085888.0,2882848768.0,10813440.0,36.97,47.14,47.14,29.21,8.33,8.98,23.57
144,vlm,Norm / residual,Vision: residual / LayerNorm variant 7,triton_red_fused_add_native_layer_norm_view_7,vlm.vision.camera0,5088.0,1961984.0,0.0,14757888.0,2961888.0,1175658496.0,4341760.0,45.19,0.0,23.93,11.63,40.66,33.84,0.0
145,vlm,FFN up,Vision: FFN up + bias + GELU,triton_tem_fused_addmm_gelu_native_layer_norm_t_view_5,vlm.vision.camera0,30528.000000000004,13035008.0,2566914048.0,16448061.0,82827776.0,6941607936.0,26312704.0,49.54,73.96,73.96,45.3,38.93,13.31,36.98
146,vlm,FFN down,Vision: FFN down + bias,ampere_bf16_s16816gemm_bf16_64x64_sliced1x2_ldg8_relu_f2f_stages_64x5_tn,vlm.vision.camera0,33728.0,15093376.0,2566914048.0,1179648.0,80226112.0,7776442368.0,29097984.0,51.87,66.02,66.02,39.36,8.33,8.59,33.01
147,vlm,Norm / residual,Vision: residual / LayerNorm variant 8,triton_red_fused_add_native_layer_norm_view_8,vlm.vision.camera0,6368.000000000001,2641152.0,0.0,13467648.0,3650240.0,1484843008.0,5455872.0,48.41,0.0,16.34,12.29,22.7,22.86,0.0
148,vlm,QKV,Vision: Q projection + bias,ampere_bf16_s16816gemm_bf16_64x64_ldg8_relu_f2f_stages_64x5_tn,vlm.vision.camera0,12128.000000000002,4001408.0,679477248.0,589824.0,22084384.0,2773315584.0,10452992.0,38.28,49.0,49.0,30.35,8.33,9.32,24.5
149,vlm,QKV,Vision: K projection + bias,ampere_bf16_s16816gemm_bf16_64x64_ldg8_relu_f2f_stages_64x5_tn,vlm.vision.camera0,12000.0,4002560.0,679477248.0,589824.0,22085984.0,2742372352.0,10321920.0,38.78,49.55,49.55,30.68,8.33,9.32,24.78
150,vlm,QKV,Vision: V projection + bias,ampere_bf16_s16816gemm_bf16_64x64_ldg8_relu_f2f_stages_64x5_tn,vlm.vision.camera0,12000.0,4003584.0,679477248.0,589824.0,22084192.0,2737467392.0,10305536.0,38.85,49.64,49.64,30.74,8.33,9.31,24.82
151,vlm,Vision attention,Vision: FlashAttention split-KV attention,"void pytorch_flash::flash_fwd_splitkv_kernel<Flash_fwd_kernel_traits<96, 64, 128, 4, 0, 0, cutlass::bfloat16_t, Flash_kernel_traits<96, 64, 128, 4, cutlass::bfloat16_t>>, 0, 0, 0, 0, 0, 0, 1, 0>(pytorch_flash::Flash_fwd_params)",vlm.vision.camera0,14336.000000000002,2093696.0,402653184.0,4259840.0,12282496.0,3334000640.0,12328960.0,16.98,24.15,24.15,18.28,8.3,11.68,12.08
152,vlm,Vision attention,Vision: FlashAttention split-KV combine,"void pytorch_flash::flash_fwd_splitkv_combine_kernel<Flash_fwd_kernel_traits<96, 64, 128, 4, 0, 0, cutlass::bfloat16_t, Flash_kernel_traits<96, 64, 128, 4, cutlass::bfloat16_t>>, 16, 1, 0>(pytorch_flash::Flash_fwd_params)",vlm.vision.camera0,6880.0,2708992.0,0.0,2260992.0,3421760.0,1611313152.0,5898240.0,45.93,0.0,11.02,11.5,21.06,14.52,0.0
153,vlm,O projection,Vision: attention output projection + bias,ampere_bf16_s16816gemm_bf16_64x64_ldg8_relu_f2f_stages_64x5_tn,vlm.vision.camera0,12000.0,4000768.0,679477248.0,589824.0,22084192.0,2744723456.0,10313728.0,38.79,49.51,49.51,30.67,8.33,9.36,24.76
154,vlm,Norm / residual,Vision: residual / LayerNorm variant 9,triton_red_fused_add_native_layer_norm_view_9,vlm.vision.camera0,7392.000000000001,3253120.0,0.0,14704656.0,4756928.0,1723543552.0,6356992.0,51.17,0.0,17.37,13.19,45.32,24.74,0.0
155,vlm,FFN up,Vision: FFN up + bias + GELU,triton_tem_fused_addmm_gelu_native_layer_norm_t_view_5,vlm.vision.camera0,30848.0,13038080.0,2566914048.0,16562119.0,82831424.0,7016038400.0,26566656.0,49.08,73.17,73.17,44.84,39.76,13.32,36.59
156,vlm,FFN down,Vision: FFN down + bias,ampere_bf16_s16816gemm_bf16_64x64_sliced1x2_ldg8_relu_f2f_stages_64x5_tn,vlm.vision.camera0,33952.0,15092608.0,2566914048.0,1179648.0,80223392.0,7823706112.0,29278208.0,51.55,65.62,65.62,39.12,8.33,8.61,32.81
157,vlm,Norm / residual,Vision: residual / LayerNorm variant 6,triton_red_fused_add_native_layer_norm_view_6,vlm.vision.camera0,4480.0,1330176.0,0.0,11333632.0,2406016.0,1042485248.0,3833856.0,34.7,0.0,17.71,8.84,22.81,26.93,0.0
158,vlm,QKV,Vision: Q projection + bias,ampere_bf16_s16816gemm_bf16_64x64_ldg8_relu_f2f_stages_64x5_tn,vlm.vision.camera0,12192.000000000002,4001408.0,679477248.0,589824.0,22084320.0,2790969344.0,10485760.0,38.16,48.69,48.69,30.17,8.33,9.15,24.35
159,vlm,QKV,Vision: K projection + bias,ampere_bf16_s16816gemm_bf16_64x64_ldg8_relu_f2f_stages_64x5_tn,vlm.vision.camera0,12064.0,4002304.0,679477248.0,589824.0,22084224.0,2750748672.0,10354688.0,38.65,49.4,49.4,30.58,8.33,9.2,24.7
160,vlm,QKV,Vision: V projection + bias,ampere_bf16_s16816gemm_bf16_64x64_ldg8_relu_f2f_stages_64x5_tn,vlm.vision.camera0,11904.000000000002,3995520.0,679477248.0,589824.0,22084256.0,2721675264.0,10231808.0,39.05,49.93,49.93,30.94,8.33,9.15,24.97
161,vlm,Vision attention,Vision: FlashAttention split-KV attention,"void pytorch_flash::flash_fwd_splitkv_kernel<Flash_fwd_kernel_traits<96, 64, 128, 4, 0, 0, cutlass::bfloat16_t, Flash_kernel_traits<96, 64, 128, 4, cutlass::bfloat16_t>>, 0, 0, 0, 0, 0, 0, 1, 0>(pytorch_flash::Flash_fwd_params)",vlm.vision.camera0,14368.0,2095744.0,402653184.0,4259840.0,12285472.0,3342368768.0,12353536.0,16.96,24.09,24.09,18.1,8.29,11.62,12.05
162,vlm,Vision attention,Vision: FlashAttention split-KV combine,"void pytorch_flash::flash_fwd_splitkv_combine_kernel<Flash_fwd_kernel_traits<96, 64, 128, 4, 0, 0, cutlass::bfloat16_t, Flash_kernel_traits<96, 64, 128, 4, cutlass::bfloat16_t>>, 16, 1, 0>(pytorch_flash::Flash_fwd_params)",vlm.vision.camera0,6688.0,2690304.0,0.0,2260992.0,3419616.0,1565220864.0,5742592.0,46.85,0.0,11.35,11.83,21.22,14.55,0.0
163,vlm,O projection,Vision: attention output projection + bias,ampere_bf16_s16816gemm_bf16_64x64_ldg8_relu_f2f_stages_64x5_tn,vlm.vision.camera0,12192.000000000002,4000128.0,679477248.0,589824.0,22085504.0,2786545664.0,10477568.0,38.18,48.77,48.77,30.2,8.33,9.19,24.38
164,vlm,Norm / residual,Vision: residual / LayerNorm variant 7,triton_red_fused_add_native_layer_norm_view_7,vlm.vision.camera0,5120.0,1975424.0,0.0,14757888.0,2980992.0,1189431296.0,4382720.0,45.07,0.0,23.65,11.5,40.2,33.75,0.0
165,vlm,FFN up,Vision: FFN up + bias + GELU,triton_tem_fused_addmm_gelu_native_layer_norm_t_view_5,vlm.vision.camera0,30784.000000000004,13045120.0,2566914048.0,16374281.0,82829280.0,6997563392.0,26542080.0,49.15,73.37,73.37,44.97,39.5,13.33,36.68
166,vlm,FFN down,Vision: FFN down + bias,ampere_bf16_s16816gemm_bf16_64x64_sliced1x2_ldg8_relu_f2f_stages_64x5_tn,vlm.vision.camera0,33536.0,15093504.0,2566914048.0,1179648.0,80222432.0,7726053376.0,28909568.0,52.21,66.45,66.45,39.6,8.33,8.61,33.22
167,vlm,Norm / residual,Vision: residual / LayerNorm variant 8,triton_red_fused_add_native_layer_norm_view_8,vlm.vision.camera0,6592.000000000001,2647680.0,0.0,13467648.0,3627456.0,1537560576.0,5652480.0,46.84,0.0,15.78,11.86,22.92,22.3,0.0
168,vlm,QKV,Vision: Q projection + bias,ampere_bf16_s16816gemm_bf16_64x64_ldg8_relu_f2f_stages_64x5_tn,vlm.vision.camera0,11968.000000000002,4001024.0,679477248.0,589824.0,22085248.0,2729261056.0,10272768.0,38.95,49.79,49.79,30.82,8.33,9.33,24.9
169,vlm,QKV,Vision: K projection + bias,ampere_bf16_s16816gemm_bf16_64x64_ldg8_relu_f2f_stages_64x5_tn,vlm.vision.camera0,11872.0,4000000.0,679477248.0,589824.0,22084224.0,2711668736.0,10215424.0,39.16,50.12,50.12,31.02,8.33,9.35,25.06
170,vlm,QKV,Vision: V projection + bias,ampere_bf16_s16816gemm_bf16_64x64_ldg8_relu_f2f_stages_64x5_tn,vlm.vision.camera0,11840.0,4001152.0,679477248.0,589824.0,22084512.0,2700986368.0,10174464.0,39.33,50.31,50.31,31.16,8.33,9.35,25.16
171,vlm,Vision attention,Vision: FlashAttention split-KV attention,"void pytorch_flash::flash_fwd_splitkv_kernel<Flash_fwd_kernel_traits<96, 64, 128, 4, 0, 0, cutlass::bfloat16_t, Flash_kernel_traits<96, 64, 128, 4, cutlass::bfloat16_t>>, 0, 0, 0, 0, 0, 0, 1, 0>(pytorch_flash::Flash_fwd_params)",vlm.vision.camera0,14240.0,2086912.0,402653184.0,4259840.0,12283360.0,3314716672.0,12247040.0,17.04,24.29,24.29,18.24,8.3,11.6,12.15
172,vlm,Vision attention,Vision: FlashAttention split-KV combine,"void pytorch_flash::flash_fwd_splitkv_combine_kernel<Flash_fwd_kernel_traits<96, 64, 128, 4, 0, 0, cutlass::bfloat16_t, Flash_kernel_traits<96, 64, 128, 4, cutlass::bfloat16_t>>, 16, 1, 0>(pytorch_flash::Flash_fwd_params)",vlm.vision.camera0,6752.000000000001,2707584.0,0.0,2260992.0,3436384.0,1578956800.0,5791744.0,46.75,0.0,11.25,11.74,21.0,14.82,0.0
173,vlm,O projection,Vision: attention output projection + bias,ampere_bf16_s16816gemm_bf16_64x64_ldg8_relu_f2f_stages_64x5_tn,vlm.vision.camera0,11904.000000000002,4000768.0,679477248.0,589824.0,22084128.0,2718523392.0,10223616.0,39.13,49.99,49.99,30.95,8.33,9.24,24.99
174,vlm,Norm / residual,Vision: residual / LayerNorm variant 9,triton_red_fused_add_native_layer_norm_view_9,vlm.vision.camera0,7168.000000000001,3256320.0,0.0,14704652.0,4754752.0,1665845248.0,6144000.0,53.0,0.0,17.98,13.63,45.39,24.08,0.0
175,vlm,FFN up,Vision: FFN up + bias + GELU,triton_tem_fused_addmm_gelu_native_layer_norm_t_view_5,vlm.vision.camera0,30816.000000000004,13036672.0,2566914048.0,16183139.0,82826176.0,7000969216.0,26558464.0,49.09,73.33,73.33,44.93,39.78,13.22,36.67
176,vlm,FFN down,Vision: FFN down + bias,ampere_bf16_s16816gemm_bf16_64x64_sliced1x2_ldg8_relu_f2f_stages_64x5_tn,vlm.vision.camera0,33888.00000000001,15097088.0,2566914048.0,1179648.0,80234496.0,7806470144.0,29204480.0,51.69,65.76,65.76,39.19,8.33,8.57,32.88
177,vlm,Norm / residual,Vision: residual / LayerNorm variant 6,triton_red_fused_add_native_layer_norm_view_6,vlm.vision.camera0,4480.0,1327872.0,0.0,11333632.0,2387744.0,1040771072.0,3833856.0,34.64,0.0,17.75,8.82,22.63,28.12,0.0
178,vlm,QKV,Vision: Q projection + bias,ampere_bf16_s16816gemm_bf16_64x64_ldg8_relu_f2f_stages_64x5_tn,vlm.vision.camera0,11904.000000000002,4002560.0,679477248.0,589824.0,22084288.0,2720837632.0,10240000.0,39.09,49.95,49.95,30.91,8.33,9.21,24.97
179,vlm,QKV,Vision: K projection + bias,ampere_bf16_s16816gemm_bf16_64x64_ldg8_relu_f2f_stages_64x5_tn,vlm.vision.camera0,12192.000000000002,4001792.0,679477248.0,589824.0,22067072.0,2783287296.0,10469376.0,38.22,48.83,48.83,30.21,8.33,9.32,24.41
180,vlm,QKV,Vision: V projection + bias,ampere_bf16_s16816gemm_bf16_64x64_ldg8_relu_f2f_stages_64x5_tn,vlm.vision.camera0,12096.0,4000768.0,679477248.0,589824.0,22084928.0,2763599872.0,10403840.0,38.45,49.17,49.17,30.45,8.33,9.3,24.59
181,vlm,Vision attention,Vision: FlashAttention split-KV attention,"void pytorch_flash::flash_fwd_splitkv_kernel<Flash_fwd_kernel_traits<96, 64, 128, 4, 0, 0, cutlass::bfloat16_t, Flash_kernel_traits<96, 64, 128, 4, cutlass::bfloat16_t>>, 0, 0, 0, 0, 0, 0, 1, 0>(pytorch_flash::Flash_fwd_params)",vlm.vision.camera0,14336.000000000002,2086528.0,402653184.0,4259840.0,12281568.0,3339665408.0,12337152.0,16.91,24.11,24.11,18.24,8.3,11.54,12.06
182,vlm,Vision attention,Vision: FlashAttention split-KV combine,"void pytorch_flash::flash_fwd_splitkv_combine_kernel<Flash_fwd_kernel_traits<96, 64, 128, 4, 0, 0, cutlass::bfloat16_t, Flash_kernel_traits<96, 64, 128, 4, cutlass::bfloat16_t>>, 16, 1, 0>(pytorch_flash::Flash_fwd_params)",vlm.vision.camera0,6816.000000000001,2686848.0,0.0,2260992.0,3422144.0,1590657024.0,5840896.0,46.0,0.0,11.17,11.63,21.21,14.6,0.0
183,vlm,O projection,Vision: attention output projection + bias,ampere_bf16_s16816gemm_bf16_64x64_ldg8_relu_f2f_stages_64x5_tn,vlm.vision.camera0,12096.0,4006400.0,679477248.0,589824.0,22085696.0,2763509760.0,10387456.0,38.57,49.17,49.17,30.46,8.33,9.28,24.59
184,vlm,Norm / residual,Vision: residual / LayerNorm variant 7,triton_red_fused_add_native_layer_norm_view_7,vlm.vision.camera0,5152.0,1963008.0,0.0,14757888.0,2976256.0,1191907328.0,4390912.0,44.71,0.0,23.6,11.47,40.53,32.95,0.0
185,vlm,FFN up,Vision: FFN up + bias + GELU,triton_tem_fused_addmm_gelu_native_layer_norm_t_view_5,vlm.vision.camera0,30880.000000000004,13040512.0,2566914048.0,15906583.0,82990208.0,7020636160.0,26640384.0,48.95,73.12,73.12,44.9,39.63,13.01,36.56
186,vlm,FFN down,Vision: FFN down + bias,ampere_bf16_s16816gemm_bf16_64x64_sliced1x2_ldg8_relu_f2f_stages_64x5_tn,vlm.vision.camera0,33632.0,15089792.0,2566914048.0,1179648.0,80226336.0,7750588416.0,28975104.0,52.08,66.24,66.24,39.48,8.33,8.58,33.12
187,vlm,Norm / residual,Vision: residual / LayerNorm variant 8,triton_red_fused_add_native_layer_norm_view_8,vlm.vision.camera0,6304.0,2640768.0,0.0,13467648.0,3644608.0,1468686336.0,5414912.0,48.77,0.0,16.53,12.42,22.67,22.86,0.0
188,vlm,QKV,Vision: Q projection + bias,ampere_bf16_s16816gemm_bf16_64x64_ldg8_relu_f2f_stages_64x5_tn,vlm.vision.camera0,11936.0,3998848.0,679477248.0,589824.0,22085536.0,2722195456.0,10256384.0,38.99,49.92,49.92,30.89,8.33,9.29,24.96
189,vlm,QKV,Vision: K projection + bias,ampere_bf16_s16816gemm_bf16_64x64_ldg8_relu_f2f_stages_64x5_tn,vlm.vision.camera0,11872.0,4003584.0,679477248.0,589824.0,22085856.0,2708852736.0,10190848.0,39.29,50.17,50.17,31.06,8.33,9.33,25.08
190,vlm,QKV,Vision: V projection + bias,ampere_bf16_s16816gemm_bf16_64x64_ldg8_relu_f2f_stages_64x5_tn,vlm.vision.camera0,12000.0,4000896.0,679477248.0,589824.0,22084384.0,2744530944.0,10330112.0,38.73,49.51,49.51,30.66,8.33,9.35,24.76
191,vlm,Vision attention,Vision: FlashAttention split-KV attention,"void pytorch_flash::flash_fwd_splitkv_kernel<Flash_fwd_kernel_traits<96, 64, 128, 4, 0, 0, cutlass::bfloat16_t, Flash_kernel_traits<96, 64, 128, 4, cutlass::bfloat16_t>>, 0, 0, 0, 0, 0, 0, 1, 0>(pytorch_flash::Flash_fwd_params)",vlm.vision.camera0,14368.0,2075648.0,402653184.0,4259840.0,12286848.0,3349151744.0,12386304.0,16.76,24.05,24.05,18.02,8.29,11.62,12.02
192,vlm,Vision attention,Vision: FlashAttention split-KV combine,"void pytorch_flash::flash_fwd_splitkv_combine_kernel<Flash_fwd_kernel_traits<96, 64, 128, 4, 0, 0, cutlass::bfloat16_t, Flash_kernel_traits<96, 64, 128, 4, cutlass::bfloat16_t>>, 16, 1, 0>(pytorch_flash::Flash_fwd_params)",vlm.vision.camera0,6944.000000000001,2692864.0,0.0,2260992.0,3421376.0,1622939648.0,5947392.0,45.28,0.0,10.95,11.41,21.21,14.64,0.0
193,vlm,O projection,Vision: attention output projection + bias,ampere_bf16_s16816gemm_bf16_64x64_ldg8_relu_f2f_stages_64x5_tn,vlm.vision.camera0,11904.000000000002,4001664.0,679477248.0,589824.0,22085792.0,2718824448.0,10248192.0,39.05,49.98,49.98,30.95,8.33,9.26,24.99
194,vlm,Norm / residual,Vision: residual / LayerNorm variant 9,triton_red_fused_add_native_layer_norm_view_9,vlm.vision.camera0,7296.0,3267328.0,0.0,14704640.0,4756288.0,1696006144.0,6258688.0,52.2,0.0,17.66,13.39,45.21,24.55,0.0
195,vlm,FFN up,Vision: FFN up + bias + GELU,triton_tem_fused_addmm_gelu_native_layer_norm_t_view_5,vlm.vision.camera0,30720.000000000004,13035648.0,2566914048.0,15870876.0,82829344.0,6983462912.0,26509312.0,49.17,73.51,73.51,45.01,39.32,12.91,36.76
196,vlm,FFN down,Vision: FFN down + bias,ampere_bf16_s16816gemm_bf16_64x64_sliced1x2_ldg8_relu_f2f_stages_64x5_tn,vlm.vision.camera0,33824.0,15092224.0,2566914048.0,1179648.0,80225760.0,7802329088.0,29147136.0,51.78,65.8,65.8,39.25,8.33,8.59,32.9
197,vlm,Norm / residual,Vision: residual / LayerNorm variant 6,triton_red_fused_add_native_layer_norm_view_6,vlm.vision.camera0,4608.000000000001,1323008.0,0.0,11333632.0,2402272.0,1068611584.0,3932160.0,33.65,0.0,17.28,8.62,22.78,27.55,0.0
198,vlm,QKV,Vision: Q projection + bias,ampere_bf16_s16816gemm_bf16_64x64_ldg8_relu_f2f_stages_64x5_tn,vlm.vision.camera0,12000.0,4001024.0,679477248.0,589824.0,22084192.0,2740815872.0,10321920.0,38.76,49.58,49.58,30.71,8.33,9.31,24.79
199,vlm,QKV,Vision: K projection + bias,ampere_bf16_s16816gemm_bf16_64x64_ldg8_relu_f2f_stages_64x5_tn,vlm.vision.camera0,12032.000000000002,4001152.0,679477248.0,589824.0,22084000.0,2751547392.0,10371072.0,38.58,49.39,49.39,30.59,8.33,9.26,24.69
200,vlm,QKV,Vision: V projection + bias,ampere_bf16_s16816gemm_bf16_64x64_ldg8_relu_f2f_stages_64x5_tn,vlm.vision.camera0,12096.0,4002560.0,679477248.0,589824.0,22085600.0,2758959104.0,10371072.0,38.59,49.26,49.26,30.51,8.33,9.26,24.63
201,vlm,Vision attention,Vision: FlashAttention split-KV attention,"void pytorch_flash::flash_fwd_splitkv_kernel<Flash_fwd_kernel_traits<96, 64, 128, 4, 0, 0, cutlass::bfloat16_t, Flash_kernel_traits<96, 64, 128, 4, cutlass::bfloat16_t>>, 0, 0, 0, 0, 0, 0, 1, 0>(pytorch_flash::Flash_fwd_params)",vlm.vision.camera0,14400.000000000002,2101504.0,402653184.0,4259840.0,12285696.0,3351236608.0,12378112.0,16.98,24.03,24.03,17.97,8.29,11.52,12.02
202,vlm,Vision attention,Vision: FlashAttention split-KV combine,"void pytorch_flash::flash_fwd_splitkv_combine_kernel<Flash_fwd_kernel_traits<96, 64, 128, 4, 0, 0, cutlass::bfloat16_t, Flash_kernel_traits<96, 64, 128, 4, cutlass::bfloat16_t>>, 16, 1, 0>(pytorch_flash::Flash_fwd_params)",vlm.vision.camera0,6880.0,2684672.0,0.0,2260992.0,3399360.0,1606942720.0,5898240.0,45.52,0.0,11.05,11.52,20.93,14.27,0.0
203,vlm,O projection,Vision: attention output projection + bias,ampere_bf16_s16816gemm_bf16_64x64_ldg8_relu_f2f_stages_64x5_tn,vlm.vision.camera0,12480.0,4001408.0,679477248.0,589824.0,22086464.0,2857369600.0,10731520.0,37.29,47.56,47.56,29.47,8.33,9.01,23.78
204,vlm,Norm / residual,Vision: residual / LayerNorm variant 7,triton_red_fused_add_native_layer_norm_view_7,vlm.vision.camera0,5152.0,1972736.0,0.0,14757888.0,2957664.0,1191985152.0,4407296.0,44.76,0.0,23.6,11.47,40.92,32.37,0.0
205,vlm,FFN up,Vision: FFN up + bias + GELU,triton_tem_fused_addmm_gelu_native_layer_norm_t_view_5,vlm.vision.camera0,30592.0,13041280.0,2566914048.0,15680112.0,82810304.0,6945900544.0,26353664.0,49.49,73.91,73.91,45.26,38.98,12.8,36.96
206,vlm,FFN down,Vision: FFN down + bias,ampere_bf16_s16816gemm_bf16_64x64_sliced1x2_ldg8_relu_f2f_stages_64x5_tn,vlm.vision.camera0,33504.0,15090560.0,2566914048.0,1179648.0,80222848.0,7752654848.0,28893184.0,52.23,66.22,66.22,39.5,8.33,8.63,33.11
207,vlm,Norm / residual,Vision: residual / LayerNorm variant 8,triton_red_fused_add_native_layer_norm_view_8,vlm.vision.camera0,6272.0,2633728.0,0.0,13467648.0,3639488.0,1457276928.0,5365760.0,49.08,0.0,16.66,12.52,22.74,23.02,0.0
208,vlm,QKV,Vision: Q projection + bias,ampere_bf16_s16816gemm_bf16_64x64_ldg8_relu_f2f_stages_64x5_tn,vlm.vision.camera0,11936.0,4002560.0,679477248.0,589824.0,22084288.0,2719283200.0,10256384.0,39.03,49.97,49.97,30.95,8.33,9.35,24.99
209,vlm,QKV,Vision: K projection + bias,ampere_bf16_s16816gemm_bf16_64x64_ldg8_relu_f2f_stages_64x5_tn,vlm.vision.camera0,12000.0,4000256.0,679477248.0,589824.0,22065856.0,2736721920.0,10321920.0,38.75,49.66,49.66,30.71,8.33,9.31,24.83
210,vlm,QKV,Vision: V projection + bias,ampere_bf16_s16816gemm_bf16_64x64_ldg8_relu_f2f_stages_64x5_tn,vlm.vision.camera0,11840.0,4002304.0,679477248.0,589824.0,22085792.0,2707851264.0,10190848.0,39.27,50.19,50.19,31.09,8.33,9.34,25.09
211,vlm,Vision attention,Vision: FlashAttention split-KV attention,"void pytorch_flash::flash_fwd_splitkv_kernel<Flash_fwd_kernel_traits<96, 64, 128, 4, 0, 0, cutlass::bfloat16_t, Flash_kernel_traits<96, 64, 128, 4, cutlass::bfloat16_t>>, 0, 0, 0, 0, 0, 0, 1, 0>(pytorch_flash::Flash_fwd_params)",vlm.vision.camera0,14400.000000000002,2090368.0,402653184.0,4259840.0,12280960.0,3350185984.0,12386304.0,16.88,24.04,24.04,18.11,8.3,11.62,12.02
212,vlm,Vision attention,Vision: FlashAttention split-KV combine,"void pytorch_flash::flash_fwd_splitkv_combine_kernel<Flash_fwd_kernel_traits<96, 64, 128, 4, 0, 0, cutlass::bfloat16_t, Flash_kernel_traits<96, 64, 128, 4, cutlass::bfloat16_t>>, 16, 1, 0>(pytorch_flash::Flash_fwd_params)",vlm.vision.camera0,6880.0,2701568.0,0.0,2260992.0,3422464.0,1609388032.0,5914624.0,45.68,0.0,11.03,11.51,21.23,14.59,0.0
213,vlm,O projection,Vision: attention output projection + bias,ampere_bf16_s16816gemm_bf16_64x64_ldg8_relu_f2f_stages_64x5_tn,vlm.vision.camera0,11968.000000000002,4000128.0,679477248.0,589824.0,22085952.0,2730737664.0,10272768.0,38.94,49.77,49.77,30.81,8.33,9.34,24.88
214,vlm,Norm / residual,Vision: residual / LayerNorm variant 9,triton_red_fused_add_native_layer_norm_view_9,vlm.vision.camera0,7296.0,3240704.0,0.0,14704640.0,4753600.0,1693272064.0,6250496.0,51.85,0.0,17.69,13.42,45.57,24.44,0.0
215,vlm,FFN up,Vision: FFN up + bias + GELU,triton_tem_fused_addmm_gelu_native_layer_norm_t_view_5,vlm.vision.camera0,30592.0,13033600.0,2566914048.0,15634941.0,82829344.0,6947923968.0,26361856.0,49.44,73.89,73.89,45.25,39.09,12.62,36.95
216,vlm,FFN down,Vision: FFN down + bias,ampere_bf16_s16816gemm_bf16_64x64_sliced1x2_ldg8_relu_f2f_stages_64x5_tn,vlm.vision.camera0,33600.0,15093120.0,2566914048.0,1179648.0,80223776.0,7788122112.0,28966912.0,52.1,65.92,65.92,39.37,8.33,8.54,32.96
217,vlm,Norm / residual,Vision: residual / LayerNorm variant 6,triton_red_fused_add_native_layer_norm_view_6,vlm.vision.camera0,4480.0,1324032.0,0.0,11333632.0,2402720.0,1040859136.0,3825664.0,34.61,0.0,17.74,8.84,22.81,27.22,0.0
218,vlm,QKV,Vision: Q projection + bias,ampere_bf16_s16816gemm_bf16_64x64_ldg8_relu_f2f_stages_64x5_tn,vlm.vision.camera0,12064.0,4002688.0,679477248.0,589824.0,22083712.0,2756622336.0,10395648.0,38.5,49.3,49.3,30.54,8.33,9.17,24.65
219,vlm,QKV,Vision: K projection + bias,ampere_bf16_s16816gemm_bf16_64x64_ldg8_relu_f2f_stages_64x5_tn,vlm.vision.camera0,12000.0,4004096.0,679477248.0,589824.0,22083328.0,2741559296.0,10330112.0,38.76,49.57,49.57,30.69,8.33,9.24,24.78
220,vlm,QKV,Vision: V projection + bias,ampere_bf16_s16816gemm_bf16_64x64_ldg8_relu_f2f_stages_64x5_tn,vlm.vision.camera0,11968.000000000002,4002432.0,679477248.0,589824.0,22085440.0,2731483136.0,10297344.0,38.87,49.75,49.75,30.8,8.33,9.34,24.88
221,vlm,Vision attention,Vision: FlashAttention split-KV attention,"void pytorch_flash::flash_fwd_splitkv_kernel<Flash_fwd_kernel_traits<96, 64, 128, 4, 0, 0, cutlass::bfloat16_t, Flash_kernel_traits<96, 64, 128, 4, cutlass::bfloat16_t>>, 0, 0, 0, 0, 0, 0, 1, 0>(pytorch_flash::Flash_fwd_params)",vlm.vision.camera0,14368.0,2083200.0,402653184.0,4259840.0,12285152.0,3344480256.0,12353536.0,16.86,24.08,24.08,18.09,8.29,11.64,12.04
222,vlm,Vision attention,Vision: FlashAttention split-KV combine,"void pytorch_flash::flash_fwd_splitkv_combine_kernel<Flash_fwd_kernel_traits<96, 64, 128, 4, 0, 0, cutlass::bfloat16_t, Flash_kernel_traits<96, 64, 128, 4, cutlass::bfloat16_t>>, 16, 1, 0>(pytorch_flash::Flash_fwd_params)",vlm.vision.camera0,6880.0,2687872.0,0.0,2260992.0,3396192.0,1608429568.0,5898240.0,45.57,0.0,11.04,11.52,21.1,14.74,0.0
223,vlm,O projection,Vision: attention output projection + bias,ampere_bf16_s16816gemm_bf16_64x64_ldg8_relu_f2f_stages_64x5_tn,vlm.vision.camera0,11872.0,3996416.0,679477248.0,589824.0,22085856.0,2709995520.0,10190848.0,39.22,50.15,50.15,31.07,8.33,9.31,25.07
224,vlm,Norm / residual,Vision: residual / LayerNorm variant 7,triton_red_fused_add_native_layer_norm_view_7,vlm.vision.camera0,5216.000000000001,1968384.0,0.0,14757888.0,2975936.0,1210576896.0,4481024.0,43.93,0.0,23.24,11.29,40.42,32.58,0.0
225,vlm,FFN up,Vision: FFN up + bias + GELU,triton_tem_fused_addmm_gelu_native_layer_norm_t_view_5,vlm.vision.camera0,30336.000000000004,13042944.0,2566914048.0,15619688.0,82828000.0,6886135808.0,26157056.0,49.86,74.55,74.55,45.67,40.04,12.67,37.28
226,vlm,FFN down,Vision: FFN down + bias,ampere_bf16_s16816gemm_bf16_64x64_sliced1x2_ldg8_relu_f2f_stages_64x5_tn,vlm.vision.camera0,33472.0,15088000.0,2566914048.0,1179648.0,80226112.0,7758088192.0,28844032.0,52.31,66.17,66.17,39.53,8.33,8.62,33.09
227,vlm,Norm / residual,Vision: residual / LayerNorm variant 8,triton_red_fused_add_native_layer_norm_view_8,vlm.vision.camera0,6464.0,2636672.0,0.0,13467648.0,3639328.0,1502091264.0,5529600.0,47.68,0.0,16.16,12.15,22.8,22.96,0.0
228,vlm,QKV,Vision: Q projection + bias,ampere_bf16_s16816gemm_bf16_64x64_ldg8_relu_f2f_stages_64x5_tn,vlm.vision.camera0,12032.000000000002,4001536.0,679477248.0,589824.0,22083968.0,2748710912.0,10346496.0,38.68,49.44,49.44,30.61,8.33,9.3,24.72
229,vlm,QKV,Vision: K projection + bias,ampere_bf16_s16816gemm_bf16_64x64_ldg8_relu_f2f_stages_64x5_tn,vlm.vision.camera0,11904.000000000002,3999104.0,679477248.0,589824.0,22084192.0,2718691328.0,10223616.0,39.12,49.99,49.99,30.94,8.33,9.3,24.99
230,vlm,QKV,Vision: V projection + bias,ampere_bf16_s16816gemm_bf16_64x64_ldg8_relu_f2f_stages_64x5_tn,vlm.vision.camera0,11968.000000000002,4003712.0,679477248.0,589824.0,22085888.0,2729101312.0,10289152.0,38.91,49.79,49.79,30.83,8.33,9.31,24.9
231,vlm,Vision attention,Vision: FlashAttention split-KV attention,"void pytorch_flash::flash_fwd_splitkv_kernel<Flash_fwd_kernel_traits<96, 64, 128, 4, 0, 0, cutlass::bfloat16_t, Flash_kernel_traits<96, 64, 128, 4, cutlass::bfloat16_t>>, 0, 0, 0, 0, 0, 0, 1, 0>(pytorch_flash::Flash_fwd_params)",vlm.vision.camera0,14240.0,2089600.0,402653184.0,4259840.0,12281632.0,3309150208.0,12222464.0,17.1,24.34,24.34,18.34,8.3,11.63,12.17
232,vlm,Vision attention,Vision: FlashAttention split-KV combine,"void pytorch_flash::flash_fwd_splitkv_combine_kernel<Flash_fwd_kernel_traits<96, 64, 128, 4, 0, 0, cutlass::bfloat16_t, Flash_kernel_traits<96, 64, 128, 4, cutlass::bfloat16_t>>, 16, 1, 0>(pytorch_flash::Flash_fwd_params)",vlm.vision.camera0,6880.0,2696064.0,0.0,2260992.0,3439616.0,1604231168.0,5881856.0,45.84,0.0,11.08,11.56,21.24,14.74,0.0
233,vlm,O projection,Vision: attention output projection + bias,ampere_bf16_s16816gemm_bf16_64x64_ldg8_relu_f2f_stages_64x5_tn,vlm.vision.camera0,12000.0,4001920.0,679477248.0,589824.0,22084864.0,2739836928.0,10305536.0,38.83,49.6,49.6,30.74,8.33,9.27,24.8
234,vlm,Norm / residual,Vision: residual / LayerNorm variant 9,triton_red_fused_add_native_layer_norm_view_9,vlm.vision.camera0,7424.0,3254528.0,0.0,14704640.0,4756800.0,1721876480.0,6348800.0,51.26,0.0,17.39,13.19,45.44,23.84,0.0
235,vlm,FFN up,Vision: FFN up + bias + GELU,triton_tem_fused_addmm_gelu_native_layer_norm_t_view_5,vlm.vision.camera0,30752.0,13034368.0,2566914048.0,15610252.0,82829280.0,6989086720.0,26492928.0,49.2,73.45,73.45,45.02,39.23,12.6,36.73
236,vlm,FFN down,Vision: FFN down + bias,ampere_bf16_s16816gemm_bf16_64x64_sliced1x2_ldg8_relu_f2f_stages_64x5_tn,vlm.vision.camera0,33696.00000000001,15094272.0,2566914048.0,1179648.0,80226432.0,7812071424.0,29016064.0,52.02,65.72,65.72,39.26,8.33,8.57,32.86
237,vlm,Norm / residual,Vision: residual / LayerNorm variant 6,triton_red_fused_add_native_layer_norm_view_6,vlm.vision.camera0,4448.0,1323008.0,0.0,11333632.0,2402208.0,1030041600.0,3809280.0,34.73,0.0,17.93,8.94,22.78,28.43,0.0
238,vlm,QKV,Vision: Q projection + bias,ampere_bf16_s16816gemm_bf16_64x64_ldg8_relu_f2f_stages_64x5_tn,vlm.vision.camera0,12128.000000000002,4004864.0,679477248.0,589824.0,22084192.0,2776438784.0,10452992.0,38.31,48.95,48.95,30.31,8.33,9.24,24.47
239,vlm,QKV,Vision: K projection + bias,ampere_bf16_s16816gemm_bf16_64x64_ldg8_relu_f2f_stages_64x5_tn,vlm.vision.camera0,11936.0,4001280.0,679477248.0,589824.0,22083008.0,2725179392.0,10264576.0,38.98,49.87,49.87,30.88,8.33,9.34,24.93
240,vlm,QKV,Vision: V projection + bias,ampere_bf16_s16816gemm_bf16_64x64_ldg8_relu_f2f_stages_64x5_tn,vlm.vision.camera0,12032.000000000002,4003072.0,679477248.0,589824.0,22082784.0,2744578048.0,10330112.0,38.75,49.51,49.51,30.65,8.33,9.27,24.76
241,vlm,Vision attention,Vision: FlashAttention split-KV attention,"void pytorch_flash::flash_fwd_splitkv_kernel<Flash_fwd_kernel_traits<96, 64, 128, 4, 0, 0, cutlass::bfloat16_t, Flash_kernel_traits<96, 64, 128, 4, cutlass::bfloat16_t>>, 0, 0, 0, 0, 0, 0, 1, 0>(pytorch_flash::Flash_fwd_params)",vlm.vision.camera0,14272.000000000002,2088448.0,402653184.0,4259840.0,12288000.0,3320590336.0,12271616.0,17.02,24.25,24.25,18.15,8.29,11.68,12.13
242,vlm,Vision attention,Vision: FlashAttention split-KV combine,"void pytorch_flash::flash_fwd_splitkv_combine_kernel<Flash_fwd_kernel_traits<96, 64, 128, 4, 0, 0, cutlass::bfloat16_t, Flash_kernel_traits<96, 64, 128, 4, cutlass::bfloat16_t>>, 16, 1, 0>(pytorch_flash::Flash_fwd_params)",vlm.vision.camera0,6848.0,2683648.0,0.0,2260992.0,3436576.0,1596762112.0,5849088.0,45.88,0.0,11.12,11.6,21.07,14.61,0.0
243,vlm,O projection,Vision: attention output projection + bias,ampere_bf16_s16816gemm_bf16_64x64_ldg8_relu_f2f_stages_64x5_tn,vlm.vision.camera0,12000.0,4000640.0,679477248.0,589824.0,22085856.0,2742544384.0,10330112.0,38.73,49.55,49.55,30.69,8.33,9.29,24.78
244,vlm,Norm / residual,Vision: residual / LayerNorm variant 7,triton_red_fused_add_native_layer_norm_view_7,vlm.vision.camera0,5120.0,1969280.0,0.0,14757888.0,2971104.0,1182406656.0,4382720.0,44.93,0.0,23.8,11.56,40.39,34.18,0.0
245,vlm,FFN up,Vision: FFN up + bias + GELU,triton_tem_fused_addmm_gelu_native_layer_norm_t_view_5,vlm.vision.camera0,30624.000000000004,13043456.0,2566914048.0,15603672.0,82827936.0,6960236544.0,26394624.0,49.42,73.76,73.76,45.18,39.53,12.57,36.88
246,vlm,FFN down,Vision: FFN down + bias,ampere_bf16_s16816gemm_bf16_64x64_sliced1x2_ldg8_relu_f2f_stages_64x5_tn,vlm.vision.camera0,33568.0,15091072.0,2566914048.0,1179648.0,80226048.0,7784695808.0,28934144.0,52.16,65.95,65.95,39.4,8.33,8.6,32.97
247,vlm,Norm / residual,Vision: residual / LayerNorm variant 8,triton_red_fused_add_native_layer_norm_view_8,vlm.vision.camera0,6240.0,2629888.0,0.0,13467648.0,3623648.0,1450450944.0,5349376.0,49.16,0.0,16.73,12.58,22.66,22.98,0.0
248,vlm,QKV,Vision: Q projection + bias,ampere_bf16_s16816gemm_bf16_64x64_ldg8_relu_f2f_stages_64x5_tn,vlm.vision.camera0,11840.0,4000640.0,679477248.0,589824.0,22083232.0,2701060096.0,10174464.0,39.32,50.31,50.31,31.14,8.33,9.34,25.16
249,vlm,QKV,Vision: K projection + bias,ampere_bf16_s16816gemm_bf16_64x64_ldg8_relu_f2f_stages_64x5_tn,vlm.vision.camera0,12032.000000000002,4002176.0,679477248.0,589824.0,22083488.0,2744758272.0,10330112.0,38.74,49.51,49.51,30.66,8.33,9.23,24.76
250,vlm,QKV,Vision: V projection + bias,ampere_bf16_s16816gemm_bf16_64x64_ldg8_relu_f2f_stages_64x5_tn,vlm.vision.camera0,11776.0,3995776.0,679477248.0,589824.0,22083584.0,2691360768.0,10125312.0,39.46,50.49,50.49,31.24,8.33,9.33,25.25
251,vlm,Vision attention,Vision: FlashAttention split-KV attention,"void pytorch_flash::flash_fwd_splitkv_kernel<Flash_fwd_kernel_traits<96, 64, 128, 4, 0, 0, cutlass::bfloat16_t, Flash_kernel_traits<96, 64, 128, 4, cutlass::bfloat16_t>>, 0, 0, 0, 0, 0, 0, 1, 0>(pytorch_flash::Flash_fwd_params)",vlm.vision.camera0,14272.000000000002,2078208.0,402653184.0,4259840.0,12283168.0,3322994688.0,12279808.0,16.92,24.23,24.23,18.13,8.29,11.68,12.12
252,vlm,Vision attention,Vision: FlashAttention split-KV combine,"void pytorch_flash::flash_fwd_splitkv_combine_kernel<Flash_fwd_kernel_traits<96, 64, 128, 4, 0, 0, cutlass::bfloat16_t, Flash_kernel_traits<96, 64, 128, 4, cutlass::bfloat16_t>>, 16, 1, 0>(pytorch_flash::Flash_fwd_params)",vlm.vision.camera0,6880.0,2697472.0,0.0,2260992.0,3438080.0,1606793216.0,5890048.0,45.8,0.0,11.05,11.52,21.3,14.11,0.0
253,vlm,O projection,Vision: attention output projection + bias,ampere_bf16_s16816gemm_bf16_64x64_ldg8_relu_f2f_stages_64x5_tn,vlm.vision.camera0,12000.0,3999872.0,679477248.0,589824.0,22083904.0,2741878784.0,10313728.0,38.78,49.56,49.56,30.7,8.33,9.16,24.78
254,vlm,Norm / residual,Vision: residual / LayerNorm variant 9,triton_red_fused_add_native_layer_norm_view_9,vlm.vision.camera0,7264.0,3267712.0,0.0,14704640.0,4771776.0,1690185728.0,6242304.0,52.35,0.0,17.71,13.43,45.25,24.29,0.0
255,vlm,FFN up,Vision: FFN up + bias + GELU,triton_tem_fused_addmm_gelu_native_layer_norm_t_view_5,vlm.vision.camera0,30528.000000000004,13036288.0,2566914048.0,15609293.0,82828320.0,6933579776.0,26296320.0,49.57,74.04,74.04,45.33,39.06,12.57,37.02
256,vlm,FFN down,Vision: FFN down + bias,ampere_bf16_s16816gemm_bf16_64x64_sliced1x2_ldg8_relu_f2f_stages_64x5_tn,vlm.vision.camera0,33280.0,15085312.0,2566914048.0,1179648.0,80225216.0,7717107712.0,28672000.0,52.61,66.53,66.53,39.73,8.33,8.61,33.26
257,vlm,Norm / residual,Vision: residual / LayerNorm variant 6,triton_red_fused_add_native_layer_norm_view_6,vlm.vision.camera0,4544.0,1327872.0,0.0,11333632.0,2386880.0,1055229952.0,3883008.0,34.2,0.0,17.5,8.7,22.68,27.32,0.0
258,vlm,QKV,Vision: Q projection + bias,ampere_bf16_s16816gemm_bf16_64x64_ldg8_relu_f2f_stages_64x5_tn,vlm.vision.camera0,12128.000000000002,4001280.0,679477248.0,589824.0,22085792.0,2765115392.0,10387456.0,38.52,49.15,49.15,30.43,8.33,9.33,24.57
259,vlm,QKV,Vision: K projection + bias,ampere_bf16_s16816gemm_bf16_64x64_ldg8_relu_f2f_stages_64x5_tn,vlm.vision.camera0,12000.0,4001408.0,679477248.0,589824.0,22084864.0,2738784256.0,10305536.0,38.83,49.62,49.62,30.73,8.33,9.22,24.81
260,vlm,QKV,Vision: V projection + bias,ampere_bf16_s16816gemm_bf16_64x64_ldg8_relu_f2f_stages_64x5_tn,vlm.vision.camera0,12192.000000000002,4001024.0,679477248.0,589824.0,22083168.0,2788052992.0,10469376.0,38.22,48.74,48.74,30.2,8.33,9.25,24.37
261,vlm,Vision attention,Vision: FlashAttention split-KV attention,"void pytorch_flash::flash_fwd_splitkv_kernel<Flash_fwd_kernel_traits<96, 64, 128, 4, 0, 0, cutlass::bfloat16_t, Flash_kernel_traits<96, 64, 128, 4, cutlass::bfloat16_t>>, 0, 0, 0, 0, 0, 0, 1, 0>(pytorch_flash::Flash_fwd_params)",vlm.vision.camera0,14304.0,2097664.0,402653184.0,4259840.0,12287872.0,3324311552.0,12255232.0,17.12,24.22,24.22,18.34,8.29,11.71,12.11
262,vlm,Vision attention,Vision: FlashAttention split-KV combine,"void pytorch_flash::flash_fwd_splitkv_combine_kernel<Flash_fwd_kernel_traits<96, 64, 128, 4, 0, 0, cutlass::bfloat16_t, Flash_kernel_traits<96, 64, 128, 4, cutlass::bfloat16_t>>, 16, 1, 0>(pytorch_flash::Flash_fwd_params)",vlm.vision.camera0,6848.0,2687744.0,0.0,2260992.0,3436544.0,1603524608.0,5873664.0,45.76,0.0,11.08,11.55,21.19,14.65,0.0
263,vlm,O projection,Vision: attention output projection + bias,ampere_bf16_s16816gemm_bf16_64x64_ldg8_relu_f2f_stages_64x5_tn,vlm.vision.camera0,12064.0,4002944.0,679477248.0,589824.0,22083264.0,2754181120.0,10371072.0,38.6,49.34,49.34,30.56,8.33,9.1,24.67
264,vlm,Norm / residual,Vision: residual / LayerNorm variant 7,triton_red_fused_add_native_layer_norm_view_7,vlm.vision.camera0,5056.0,1962752.0,0.0,14757888.0,2976640.0,1168152576.0,4325376.0,45.38,0.0,24.08,11.7,40.34,32.94,0.0
265,vlm,FFN up,Vision: FFN up + bias + GELU,triton_tem_fused_addmm_gelu_native_layer_norm_t_view_5,vlm.vision.camera0,30304.000000000004,13039744.0,2566914048.0,15654933.0,82828160.0,6873225216.0,26099712.0,49.96,74.69,74.69,45.74,38.86,12.78,37.35
266,vlm,FFN down,Vision: FFN down + bias,ampere_bf16_s16816gemm_bf16_64x64_sliced1x2_ldg8_relu_f2f_stages_64x5_tn,vlm.vision.camera0,34016.0,15092864.0,2566914048.0,1179648.0,80226816.0,7884685312.0,29327360.0,51.46,65.11,65.11,38.89,8.33,8.49,32.56
267,vlm,Norm / residual,Vision: residual / LayerNorm variant 8,triton_red_fused_add_native_layer_norm_view_8,vlm.vision.camera0,6368.000000000001,2643584.0,0.0,13467648.0,3635328.0,1474895872.0,5431296.0,48.67,0.0,16.46,12.37,22.62,22.25,0.0
268,vlm,QKV,Vision: Q projection + bias,ampere_bf16_s16816gemm_bf16_64x64_ldg8_relu_f2f_stages_64x5_tn,vlm.vision.camera0,12192.000000000002,4002944.0,679477248.0,589824.0,22085952.0,2786658304.0,10477568.0,38.2,48.77,48.77,30.2,8.33,9.25,24.38
269,vlm,QKV,Vision: K projection + bias,ampere_bf16_s16816gemm_bf16_64x64_ldg8_relu_f2f_stages_64x5_tn,vlm.vision.camera0,11936.0,4004736.0,679477248.0,589824.0,22085920.0,2726782976.0,10264576.0,39.02,49.84,49.84,30.84,8.33,9.21,24.92
270,vlm,QKV,Vision: V projection + bias,ampere_bf16_s16816gemm_bf16_64x64_ldg8_relu_f2f_stages_64x5_tn,vlm.vision.camera0,11904.000000000002,4002688.0,679477248.0,589824.0,22086112.0,2715170816.0,10223616.0,39.15,50.05,50.05,31.0,8.33,9.22,25.03
271,vlm,Vision attention,Vision: FlashAttention split-KV attention,"void pytorch_flash::flash_fwd_splitkv_kernel<Flash_fwd_kernel_traits<96, 64, 128, 4, 0, 0, cutlass::bfloat16_t, Flash_kernel_traits<96, 64, 128, 4, cutlass::bfloat16_t>>, 0, 0, 0, 0, 0, 0, 1, 0>(pytorch_flash::Flash_fwd_params)",vlm.vision.camera0,14400.000000000002,2091264.0,402653184.0,4259840.0,12282528.0,3357620224.0,12386304.0,16.88,23.98,23.98,18.02,8.3,11.62,11.99
272,vlm,Vision attention,Vision: FlashAttention split-KV combine,"void pytorch_flash::flash_fwd_splitkv_combine_kernel<Flash_fwd_kernel_traits<96, 64, 128, 4, 0, 0, cutlass::bfloat16_t, Flash_kernel_traits<96, 64, 128, 4, cutlass::bfloat16_t>>, 16, 1, 0>(pytorch_flash::Flash_fwd_params)",vlm.vision.camera0,6912.0,2706816.0,0.0,2260992.0,3421664.0,1618903040.0,5939200.0,45.58,0.0,10.97,11.44,21.25,14.81,0.0
273,vlm,O projection,Vision: attention output projection + bias,ampere_bf16_s16816gemm_bf16_64x64_ldg8_relu_f2f_stages_64x5_tn,vlm.vision.camera0,12032.000000000002,4003072.0,679477248.0,589824.0,22084096.0,2749630464.0,10362880.0,38.63,49.42,49.42,30.61,8.33,9.37,24.71
274,vlm,Norm / residual,Vision: residual / LayerNorm variant 9,triton_red_fused_add_native_layer_norm_view_9,vlm.vision.camera0,7392.000000000001,3252224.0,0.0,14704660.0,4758112.0,1713207296.0,6324224.0,51.42,0.0,17.48,13.26,45.26,24.91,0.0
275,vlm,FFN up,Vision: FFN up + bias + GELU,triton_tem_fused_addmm_gelu_native_layer_norm_t_view_5,vlm.vision.camera0,31520.000000000004,13043456.0,2566914048.0,15732584.0,82833344.0,7169067008.0,27148288.0,48.05,71.61,71.61,43.89,39.56,12.8,35.81
276,vlm,FFN down,Vision: FFN down + bias,ampere_bf16_s16816gemm_bf16_64x64_sliced1x2_ldg8_relu_f2f_stages_64x5_tn,vlm.vision.camera0,33760.0,15098880.0,2566914048.0,1179648.0,80234688.0,7810566144.0,29122560.0,51.85,65.73,65.73,39.24,8.33,8.58,32.86
277,vlm,Norm / residual,Vision: residual / LayerNorm variant 10,triton_red_fused_add_native_layer_norm_view_10,vlm.vision.camera0,5120.0,1312256.0,0.0,13631488.0,2375040.0,1187979264.0,4382720.0,29.94,0.0,22.37,7.71,45.43,36.31,0.0
278,vlm,Other,Vision: image-to-text projection + bias + scale,triton_tem_fused_add_addmm_mul_native_layer_norm_t_view_11,vlm.vision.camera0,23616.000000000004,6146304.0,1207959552.0,1048576.0,58001888.0,5428379648.0,20365312.0,30.18,44.51,44.51,40.73,8.32,6.82,22.25
279,vlm,Other,Vision: input cast/layout,triton_poi_fused__to_copy_convolution_0,vlm.vision.camera1,2720.0,657408.0,0.0,0.0,1022720.0,636090368.0,2326528.0,28.26,0.0,4.8,7.31,16.29,7.35,0.0
280,vlm,Other,"Vision: NCHW to NHWC layout (1568, 1, 1)","void cudnn::nchwToNhwcKernel<__nv_bfloat16, float, float, 0, 1, 2>(cudnn::nchw2nhwc_params_t<T3>, const T1 *, T2 *)",vlm.vision.camera1,4512.0,383232.0,0.0,150528.0,1707680.0,1040789504.0,3850240.0,9.95,0.0,39.3,14.92,77.87,56.41,0.0
281,vlm,Other,"Vision: NCHW to NHWC layout (7, 1, 1152)","void cudnn::nchwToNhwcKernel<__nv_bfloat16, float, float, 0, 1, 2>(cudnn::nchw2nhwc_params_t<T3>, const T1 *, T2 *)",vlm.vision.camera1,15008.000000000002,1698816.0,0.0,677376.0,8178016.0,3452524544.0,12894208.0,13.18,0.0,61.69,22.88,81.69,68.04,0.0
282,vlm,Other,Vision: patch embedding convolution,sm80_xmma_fprop_implicit_gemm_indexed_wo_smem_tf32f32_tf32f32_f32_nhwckrsc_nhwc_tilesize128x16x64_stage1_warpsize4x1x1_g1_tensor16x8x8_aligna4_alignc4_execute_kernel__5x_cudnn,vlm.vision.camera1,40864.0,6159488.0,0.0,294912.0,55650176.0,9545252864.0,35225600.0,17.49,15.82,17.35,43.15,12.95,18.9,0.0
283,vlm,Other,Vision: NHWC to NCHW layout,"void cudnn::nhwcToNchwKernel<float, __nv_bfloat16, float, 1, 0, 0>(cudnn::nhwc2nchw_params_t<T3>, const T1 *, T2 *)",vlm.vision.camera1,4064.0000000000005,1315840.0,0.0,294912.0,1961344.0,947300352.0,3473408.0,37.88,0.0,8.47,9.64,43.97,9.84,0.0
284,vlm,Norm / residual,Vision: patch embedding / LayerNorm part 1,triton_red_fused__to_copy_add_convolution_embedding_native_layer_norm_transpose_view_1,vlm.vision.camera1,4320.0,1311616.0,0.0,4571136.0,2486688.0,1001191424.0,3686400.0,35.58,0.0,12.26,16.89,23.41,18.51,0.0
285,vlm,Norm / residual,Vision: patch embedding / LayerNorm part 2,triton_per_fused__to_copy_add_convolution_embedding_native_layer_norm_transpose_view_2,vlm.vision.camera1,2144.0,35072.0,0.0,352256.0,163104.0,498552832.0,1810432.0,1.94,0.0,2.16,2.01,8.06,5.93,0.0
286,vlm,Norm / residual,Vision: patch embedding / LayerNorm part 3,triton_poi_fused__to_copy_add_convolution_embedding_native_layer_norm_transpose_view_3,vlm.vision.camera1,3872.0000000000005,1333888.0,0.0,1916928.0,2135424.0,901795840.0,3325952.0,40.11,0.0,13.35,15.56,44.95,18.47,0.0
287,vlm,QKV,Vision: Q projection + bias,ampere_bf16_s16816gemm_bf16_64x64_ldg8_relu_f2f_stages_64x5_tn,vlm.vision.camera1,12000.0,4000512.0,679477248.0,589824.0,22087968.0,2745688064.0,10338304.0,38.7,49.49,49.49,30.65,8.33,9.18,24.75
288,vlm,QKV,Vision: K projection + bias,ampere_bf16_s16816gemm_bf16_64x64_ldg8_relu_f2f_stages_64x5_tn,vlm.vision.camera1,12096.0,4001408.0,679477248.0,589824.0,22084384.0,2766780416.0,10436608.0,38.34,49.12,49.12,30.41,8.33,9.33,24.56
289,vlm,QKV,Vision: V projection + bias,ampere_bf16_s16816gemm_bf16_64x64_ldg8_relu_f2f_stages_64x5_tn,vlm.vision.camera1,11872.0,3997184.0,679477248.0,589824.0,22083200.0,2701164544.0,10207232.0,39.16,50.31,50.31,31.11,8.33,9.24,25.15
290,vlm,Vision attention,Vision: FlashAttention split-KV attention,"void pytorch_flash::flash_fwd_splitkv_kernel<Flash_fwd_kernel_traits<96, 64, 128, 4, 0, 0, cutlass::bfloat16_t, Flash_kernel_traits<96, 64, 128, 4, cutlass::bfloat16_t>>, 0, 0, 0, 0, 0, 0, 1, 0>(pytorch_flash::Flash_fwd_params)",vlm.vision.camera1,14208.0,2090112.0,402653184.0,4259846.0,12279552.0,3308017664.0,12230656.0,17.09,24.34,24.34,18.43,8.29,11.65,12.17
291,vlm,Vision attention,Vision: FlashAttention split-KV combine,"void pytorch_flash::flash_fwd_splitkv_combine_kernel<Flash_fwd_kernel_traits<96, 64, 128, 4, 0, 0, cutlass::bfloat16_t, Flash_kernel_traits<96, 64, 128, 4, cutlass::bfloat16_t>>, 16, 1, 0>(pytorch_flash::Flash_fwd_params)",vlm.vision.camera1,6848.0,2701440.0,0.0,2260992.0,3437696.0,1601282048.0,5873664.0,45.99,0.0,11.08,11.57,21.13,14.39,0.0
292,vlm,O projection,Vision: attention output projection + bias,ampere_bf16_s16816gemm_bf16_64x64_ldg8_relu_f2f_stages_64x5_tn,vlm.vision.camera1,11968.000000000002,4002560.0,679477248.0,589824.0,22084928.0,2742011904.0,10313728.0,38.81,49.56,49.56,30.68,8.33,9.34,24.78
293,vlm,Norm / residual,Vision: residual / LayerNorm variant 4,triton_red_fused__to_copy_add_convolution_embedding_native_layer_norm_transpose_view_4,vlm.vision.camera1,7008.000000000001,2160000.0,0.0,14180364.0,7943872.0,1613031424.0,6012928.0,35.92,0.0,20.88,26.74,46.04,30.75,0.0
294,vlm,FFN up,Vision: FFN up + bias + GELU,triton_tem_fused_addmm_gelu_native_layer_norm_t_view_5,vlm.vision.camera1,30784.000000000004,13041408.0,2566914048.0,16686313.0,82829088.0,7000154112.0,26542080.0,49.13,73.34,73.34,44.96,39.29,13.42,36.67
295,vlm,FFN down,Vision: FFN down + bias,ampere_bf16_s16816gemm_bf16_64x64_sliced1x2_ldg8_relu_f2f_stages_64x5_tn,vlm.vision.camera1,33984.00000000001,15091456.0,2566914048.0,1179648.0,80225600.0,7821420544.0,29294592.0,51.52,65.64,65.64,39.12,8.33,8.59,32.82
296,vlm,Norm / residual,Vision: residual / LayerNorm variant 6,triton_red_fused_add_native_layer_norm_view_6,vlm.vision.camera1,4512.0,1339648.0,0.0,11333632.0,2401952.0,1046538240.0,3833856.0,34.94,0.0,17.64,8.8,22.73,27.63,0.0
297,vlm,QKV,Vision: Q projection + bias,ampere_bf16_s16816gemm_bf16_64x64_ldg8_relu_f2f_stages_64x5_tn,vlm.vision.camera1,12064.0,4003584.0,679477248.0,589824.0,22083584.0,2763476992.0,10403840.0,38.48,49.18,49.18,30.46,8.33,9.26,24.59
298,vlm,QKV,Vision: K projection + bias,ampere_bf16_s16816gemm_bf16_64x64_ldg8_relu_f2f_stages_64x5_tn,vlm.vision.camera1,11936.0,4000256.0,679477248.0,589824.0,22063360.0,2723571712.0,10248192.0,39.03,49.9,49.9,30.85,8.33,9.2,24.95
299,vlm,QKV,Vision: V projection + bias,ampere_bf16_s16816gemm_bf16_64x64_ldg8_relu_f2f_stages_64x5_tn,vlm.vision.camera1,11904.000000000002,3998464.0,679477248.0,589824.0,22086816.0,2720090112.0,10248192.0,39.02,49.96,49.96,30.93,8.33,9.22,24.98
300,vlm,Vision attention,Vision: FlashAttention split-KV attention,"void pytorch_flash::flash_fwd_splitkv_kernel<Flash_fwd_kernel_traits<96, 64, 128, 4, 0, 0, cutlass::bfloat16_t, Flash_kernel_traits<96, 64, 128, 4, cutlass::bfloat16_t>>, 0, 0, 0, 0, 0, 0, 1, 0>(pytorch_flash::Flash_fwd_params)",vlm.vision.camera1,14240.0,2093184.0,402653184.0,4259840.0,12285216.0,3317501952.0,12255232.0,17.08,24.27,24.27,18.35,8.29,11.65,12.14
301,vlm,Vision attention,Vision: FlashAttention split-KV combine,"void pytorch_flash::flash_fwd_splitkv_combine_kernel<Flash_fwd_kernel_traits<96, 64, 128, 4, 0, 0, cutlass::bfloat16_t, Flash_kernel_traits<96, 64, 128, 4, cutlass::bfloat16_t>>, 16, 1, 0>(pytorch_flash::Flash_fwd_params)",vlm.vision.camera1,6688.0,2682752.0,0.0,2260992.0,3433984.0,1562408960.0,5734400.0,46.78,0.0,11.36,11.85,21.18,14.38,0.0
302,vlm,O projection,Vision: attention output projection + bias,ampere_bf16_s16816gemm_bf16_64x64_ldg8_relu_f2f_stages_64x5_tn,vlm.vision.camera1,12064.0,3997824.0,679477248.0,589824.0,22084128.0,2756587520.0,10338304.0,38.67,49.3,49.3,30.56,8.33,9.33,24.65
303,vlm,Norm / residual,Vision: residual / LayerNorm variant 7,triton_red_fused_add_native_layer_norm_view_7,vlm.vision.camera1,5216.000000000001,1983360.0,0.0,14757888.0,2975936.0,1202792448.0,4440064.0,44.67,0.0,23.39,11.38,40.52,33.9,0.0
304,vlm,FFN up,Vision: FFN up + bias + GELU,triton_tem_fused_addmm_gelu_native_layer_norm_t_view_5,vlm.vision.camera1,30720.000000000004,13042816.0,2566914048.0,17174416.0,82827040.0,6979444736.0,26468352.0,49.28,73.56,73.56,45.06,39.31,13.44,36.78
305,vlm,FFN down,Vision: FFN down + bias,ampere_bf16_s16816gemm_bf16_64x64_sliced1x2_ldg8_relu_f2f_stages_64x5_tn,vlm.vision.camera1,33824.0,15091456.0,2566914048.0,1179648.0,80226112.0,7792424960.0,29147136.0,51.78,65.88,65.88,39.26,8.33,8.6,32.94
306,vlm,Norm / residual,Vision: residual / LayerNorm variant 8,triton_red_fused_add_native_layer_norm_view_8,vlm.vision.camera1,6528.0,2645888.0,0.0,13467648.0,3620320.0,1519509504.0,5603328.0,47.22,0.0,15.97,12.0,22.71,22.58,0.0
307,vlm,QKV,Vision: Q projection + bias,ampere_bf16_s16816gemm_bf16_64x64_ldg8_relu_f2f_stages_64x5_tn,vlm.vision.camera1,12000.0,3999232.0,679477248.0,589824.0,22086048.0,2743042048.0,10321920.0,38.75,49.54,49.54,30.68,8.33,9.31,24.77
308,vlm,QKV,Vision: K projection + bias,ampere_bf16_s16816gemm_bf16_64x64_ldg8_relu_f2f_stages_64x5_tn,vlm.vision.camera1,11872.0,4000896.0,679477248.0,589824.0,22084512.0,2714066944.0,10223616.0,39.13,50.07,50.07,31.0,8.33,9.37,25.04
309,vlm,QKV,Vision: V projection + bias,ampere_bf16_s16816gemm_bf16_64x64_ldg8_relu_f2f_stages_64x5_tn,vlm.vision.camera1,11904.000000000002,4001152.0,679477248.0,589824.0,22084128.0,2718291968.0,10240000.0,39.07,49.99,49.99,30.95,8.33,9.33,25.0
310,vlm,Vision attention,Vision: FlashAttention split-KV attention,"void pytorch_flash::flash_fwd_splitkv_kernel<Flash_fwd_kernel_traits<96, 64, 128, 4, 0, 0, cutlass::bfloat16_t, Flash_kernel_traits<96, 64, 128, 4, cutlass::bfloat16_t>>, 0, 0, 0, 0, 0, 0, 1, 0>(pytorch_flash::Flash_fwd_params)",vlm.vision.camera1,14304.0,2103680.0,402653184.0,4259840.0,12284544.0,3336892416.0,12337152.0,17.05,24.13,24.13,18.06,8.29,11.58,12.07
311,vlm,Vision attention,Vision: FlashAttention split-KV combine,"void pytorch_flash::flash_fwd_splitkv_combine_kernel<Flash_fwd_kernel_traits<96, 64, 128, 4, 0, 0, cutlass::bfloat16_t, Flash_kernel_traits<96, 64, 128, 4, cutlass::bfloat16_t>>, 16, 1, 0>(pytorch_flash::Flash_fwd_params)",vlm.vision.camera1,6848.0,2692864.0,0.0,2260992.0,3420256.0,1601093632.0,5849088.0,46.04,0.0,11.09,11.56,21.28,14.44,0.0
312,vlm,O projection,Vision: attention output projection + bias,ampere_bf16_s16816gemm_bf16_64x64_ldg8_relu_f2f_stages_64x5_tn,vlm.vision.camera1,11872.0,4000000.0,679477248.0,589824.0,22085504.0,2720569344.0,10223616.0,39.13,49.95,49.95,30.97,8.33,9.23,24.98
313,vlm,Norm / residual,Vision: residual / LayerNorm variant 9,triton_red_fused_add_native_layer_norm_view_9,vlm.vision.camera1,7296.0,3264640.0,0.0,14704648.0,4755808.0,1696790528.0,6258688.0,52.16,0.0,17.65,13.38,45.36,23.99,0.0
314,vlm,FFN up,Vision: FFN up + bias + GELU,triton_tem_fused_addmm_gelu_native_layer_norm_t_view_5,vlm.vision.camera1,30720.000000000004,13042304.0,2566914048.0,17707403.0,82832672.0,6987259904.0,26468352.0,49.28,73.47,73.47,45.03,39.25,13.53,36.74
315,vlm,FFN down,Vision: FFN down + bias,ampere_bf16_s16816gemm_bf16_64x64_sliced1x2_ldg8_relu_f2f_stages_64x5_tn,vlm.vision.camera1,33600.0,15095552.0,2566914048.0,1179648.0,80226112.0,7739666432.0,28983296.0,52.08,66.33,66.33,39.54,8.33,8.59,33.17
316,vlm,Norm / residual,Vision: residual / LayerNorm variant 6,triton_red_fused_add_native_layer_norm_view_6,vlm.vision.camera1,4608.000000000001,1325184.0,0.0,11333632.0,2403648.0,1073801216.0,3964928.0,33.42,0.0,17.19,8.58,22.76,28.59,0.0
317,vlm,QKV,Vision: Q projection + bias,ampere_bf16_s16816gemm_bf16_64x64_ldg8_relu_f2f_stages_64x5_tn,vlm.vision.camera1,12096.0,4005248.0,679477248.0,589824.0,22086304.0,2765006848.0,10395648.0,38.53,49.15,49.15,30.44,8.33,9.14,24.57
318,vlm,QKV,Vision: K projection + bias,ampere_bf16_s16816gemm_bf16_64x64_ldg8_relu_f2f_stages_64x5_tn,vlm.vision.camera1,11872.0,3999616.0,679477248.0,589824.0,22084128.0,2713919488.0,10207232.0,39.18,50.07,50.07,31.01,8.33,9.35,25.04
319,vlm,QKV,Vision: V projection + bias,ampere_bf16_s16816gemm_bf16_64x64_ldg8_relu_f2f_stages_64x5_tn,vlm.vision.camera1,12000.0,4000384.0,679477248.0,589824.0,22084256.0,2736502784.0,10313728.0,38.79,49.66,49.66,30.77,8.33,9.35,24.83
320,vlm,Vision attention,Vision: FlashAttention split-KV attention,"void pytorch_flash::flash_fwd_splitkv_kernel<Flash_fwd_kernel_traits<96, 64, 128, 4, 0, 0, cutlass::bfloat16_t, Flash_kernel_traits<96, 64, 128, 4, cutlass::bfloat16_t>>, 0, 0, 0, 0, 0, 0, 1, 0>(pytorch_flash::Flash_fwd_params)",vlm.vision.camera1,14304.0,2095360.0,402653184.0,4259840.0,12281536.0,3333060608.0,12312576.0,17.02,24.16,24.16,18.18,8.29,11.63,12.08
321,vlm,Vision attention,Vision: FlashAttention split-KV combine,"void pytorch_flash::flash_fwd_splitkv_combine_kernel<Flash_fwd_kernel_traits<96, 64, 128, 4, 0, 0, cutlass::bfloat16_t, Flash_kernel_traits<96, 64, 128, 4, cutlass::bfloat16_t>>, 16, 1, 0>(pytorch_flash::Flash_fwd_params)",vlm.vision.camera1,6752.000000000001,2696704.0,0.0,2260992.0,3433728.0,1575600128.0,5758976.0,46.83,0.0,11.26,11.75,21.16,14.7,0.0
322,vlm,O projection,Vision: attention output projection + bias,ampere_bf16_s16816gemm_bf16_64x64_ldg8_relu_f2f_stages_64x5_tn,vlm.vision.camera1,12192.000000000002,4000384.0,679477248.0,589824.0,22084384.0,2787534848.0,10457088.0,38.26,48.75,48.75,30.21,8.33,9.31,24.38
323,vlm,Norm / residual,Vision: residual / LayerNorm variant 7,triton_red_fused_add_native_layer_norm_view_7,vlm.vision.camera1,5376.000000000001,1987840.0,0.0,14757888.0,2974720.0,1240225792.0,4571136.0,43.49,0.0,22.68,11.03,40.85,33.77,0.0
324,vlm,FFN up,Vision: FFN up + bias + GELU,triton_tem_fused_addmm_gelu_native_layer_norm_t_view_5,vlm.vision.camera1,30656.0,13035136.0,2566914048.0,17501253.0,82821600.0,6974621696.0,26411008.0,49.35,73.61,73.61,45.09,39.62,13.48,36.8
325,vlm,FFN down,Vision: FFN down + bias,ampere_bf16_s16816gemm_bf16_64x64_sliced1x2_ldg8_relu_f2f_stages_64x5_tn,vlm.vision.camera1,33696.00000000001,15093248.0,2566914048.0,1179648.0,80226624.0,7765858304.0,29048832.0,51.96,66.11,66.11,39.41,8.33,8.61,33.05
326,vlm,Norm / residual,Vision: residual / LayerNorm variant 8,triton_red_fused_add_native_layer_norm_view_8,vlm.vision.camera1,6400.000000000001,2646784.0,0.0,13467648.0,3618272.0,1491560448.0,5480448.0,48.3,0.0,16.27,12.24,22.74,22.28,0.0
327,vlm,QKV,Vision: Q projection + bias,ampere_bf16_s16816gemm_bf16_64x64_ldg8_relu_f2f_stages_64x5_tn,vlm.vision.camera1,11904.000000000002,4003072.0,679477248.0,589824.0,22084160.0,2722531328.0,10256384.0,39.03,49.92,49.92,30.89,8.33,9.35,24.96
328,vlm,QKV,Vision: K projection + bias,ampere_bf16_s16816gemm_bf16_64x64_ldg8_relu_f2f_stages_64x5_tn,vlm.vision.camera1,12128.000000000002,3997568.0,679477248.0,589824.0,22084448.0,2774097920.0,10452992.0,38.24,48.99,48.99,30.32,8.33,9.24,24.49
329,vlm,QKV,Vision: V projection + bias,ampere_bf16_s16816gemm_bf16_64x64_ldg8_relu_f2f_stages_64x5_tn,vlm.vision.camera1,11904.000000000002,4001536.0,679477248.0,589824.0,22086016.0,2719047680.0,10223616.0,39.14,49.98,49.98,30.94,8.33,9.19,24.99
330,vlm,Vision attention,Vision: FlashAttention split-KV attention,"void pytorch_flash::flash_fwd_splitkv_kernel<Flash_fwd_kernel_traits<96, 64, 128, 4, 0, 0, cutlass::bfloat16_t, Flash_kernel_traits<96, 64, 128, 4, cutlass::bfloat16_t>>, 0, 0, 0, 0, 0, 0, 1, 0>(pytorch_flash::Flash_fwd_params)",vlm.vision.camera1,14304.0,2091264.0,402653184.0,4259840.0,12283584.0,3329802240.0,12288000.0,17.02,24.18,24.18,18.26,8.29,11.71,12.09
331,vlm,Vision attention,Vision: FlashAttention split-KV combine,"void pytorch_flash::flash_fwd_splitkv_combine_kernel<Flash_fwd_kernel_traits<96, 64, 128, 4, 0, 0, cutlass::bfloat16_t, Flash_kernel_traits<96, 64, 128, 4, cutlass::bfloat16_t>>, 16, 1, 0>(pytorch_flash::Flash_fwd_params)",vlm.vision.camera1,6720.0,2707328.0,0.0,2260992.0,3419552.0,1570322432.0,5767168.0,46.94,0.0,11.31,11.8,21.08,14.98,0.0
332,vlm,O projection,Vision: attention output projection + bias,ampere_bf16_s16816gemm_bf16_64x64_ldg8_relu_f2f_stages_64x5_tn,vlm.vision.camera1,11840.0,4002432.0,679477248.0,589824.0,22082176.0,2709553152.0,10207232.0,39.21,50.15,50.15,31.06,8.33,9.28,25.08
333,vlm,Norm / residual,Vision: residual / LayerNorm variant 9,triton_red_fused_add_native_layer_norm_view_9,vlm.vision.camera1,7360.000000000001,3262080.0,0.0,14704644.0,4754848.0,1710514176.0,6307840.0,51.71,0.0,17.51,13.28,45.3,24.12,0.0
334,vlm,FFN up,Vision: FFN up + bias + GELU,triton_tem_fused_addmm_gelu_native_layer_norm_t_view_5,vlm.vision.camera1,30528.000000000004,13036160.0,2566914048.0,17079832.0,82830816.0,6947735552.0,26320896.0,49.53,73.89,73.89,45.27,39.27,13.43,36.95
335,vlm,FFN down,Vision: FFN down + bias,ampere_bf16_s16816gemm_bf16_64x64_sliced1x2_ldg8_relu_f2f_stages_64x5_tn,vlm.vision.camera1,33856.0,15094016.0,2566914048.0,1179648.0,80212256.0,7802820608.0,29196288.0,51.7,65.79,65.79,39.22,8.33,8.61,32.9
336,vlm,Norm / residual,Vision: residual / LayerNorm variant 6,triton_red_fused_add_native_layer_norm_view_6,vlm.vision.camera1,4608.000000000001,1322880.0,0.0,11333632.0,2387520.0,1069232128.0,3932160.0,33.64,0.0,17.27,8.59,22.64,27.09,0.0
337,vlm,QKV,Vision: Q projection + bias,ampere_bf16_s16816gemm_bf16_64x64_ldg8_relu_f2f_stages_64x5_tn,vlm.vision.camera1,12064.0,4000384.0,679477248.0,589824.0,22080992.0,2754197504.0,10354688.0,38.63,49.34,49.34,30.56,8.33,9.23,24.67
338,vlm,QKV,Vision: K projection + bias,ampere_bf16_s16816gemm_bf16_64x64_ldg8_relu_f2f_stages_64x5_tn,vlm.vision.camera1,11968.000000000002,3996928.0,679477248.0,589824.0,22085888.0,2735736832.0,10313728.0,38.75,49.67,49.67,30.75,8.33,9.2,24.84
339,vlm,QKV,Vision: V projection + bias,ampere_bf16_s16816gemm_bf16_64x64_ldg8_relu_f2f_stages_64x5_tn,vlm.vision.camera1,12096.0,4000640.0,679477248.0,589824.0,22085408.0,2769840128.0,10420224.0,38.39,49.06,49.06,30.39,8.33,9.22,24.53
340,vlm,Vision attention,Vision: FlashAttention split-KV attention,"void pytorch_flash::flash_fwd_splitkv_kernel<Flash_fwd_kernel_traits<96, 64, 128, 4, 0, 0, cutlass::bfloat16_t, Flash_kernel_traits<96, 64, 128, 4, cutlass::bfloat16_t>>, 0, 0, 0, 0, 0, 0, 1, 0>(pytorch_flash::Flash_fwd_params)",vlm.vision.camera1,14304.0,2094336.0,402653184.0,4259840.0,12286464.0,3327789056.0,12288000.0,17.04,24.2,24.2,18.22,8.29,11.72,12.1
341,vlm,Vision attention,Vision: FlashAttention split-KV combine,"void pytorch_flash::flash_fwd_splitkv_combine_kernel<Flash_fwd_kernel_traits<96, 64, 128, 4, 0, 0, cutlass::bfloat16_t, Flash_kernel_traits<96, 64, 128, 4, cutlass::bfloat16_t>>, 16, 1, 0>(pytorch_flash::Flash_fwd_params)",vlm.vision.camera1,6848.0,2696192.0,0.0,2260992.0,3437056.0,1601837056.0,5857280.0,46.03,0.0,11.08,11.56,20.75,14.25,0.0
342,vlm,O projection,Vision: attention output projection + bias,ampere_bf16_s16816gemm_bf16_64x64_ldg8_relu_f2f_stages_64x5_tn,vlm.vision.camera1,11904.000000000002,4002944.0,679477248.0,589824.0,22084192.0,2725316608.0,10223616.0,39.15,49.86,49.86,30.9,8.33,9.2,24.93
343,vlm,Norm / residual,Vision: residual / LayerNorm variant 7,triton_red_fused_add_native_layer_norm_view_7,vlm.vision.camera1,5184.000000000001,1960064.0,0.0,14757888.0,2974784.0,1205977088.0,4464640.0,43.9,0.0,23.34,11.33,40.76,33.0,0.0
344,vlm,FFN up,Vision: FFN up + bias + GELU,triton_tem_fused_addmm_gelu_native_layer_norm_t_view_5,vlm.vision.camera1,30880.000000000004,13037312.0,2566914048.0,16927295.0,82829088.0,7030689792.0,26607616.0,49.0,73.02,73.02,44.75,39.94,13.34,36.51
345,vlm,FFN down,Vision: FFN down + bias,ampere_bf16_s16816gemm_bf16_64x64_sliced1x2_ldg8_relu_f2f_stages_64x5_tn,vlm.vision.camera1,33760.0,15090304.0,2566914048.0,1179648.0,80225216.0,7778334720.0,29097984.0,51.86,66.0,66.0,39.34,8.33,8.61,33.0
346,vlm,Norm / residual,Vision: residual / LayerNorm variant 8,triton_red_fused_add_native_layer_norm_view_8,vlm.vision.camera1,6368.000000000001,2638208.0,0.0,13467648.0,3595680.0,1475880960.0,5423104.0,48.65,0.0,16.44,12.36,22.68,22.02,0.0
347,vlm,QKV,Vision: Q projection + bias,ampere_bf16_s16816gemm_bf16_64x64_ldg8_relu_f2f_stages_64x5_tn,vlm.vision.camera1,11968.000000000002,4002048.0,679477248.0,589824.0,22085600.0,2734825472.0,10289152.0,38.9,49.69,49.69,30.78,8.33,9.35,24.85
348,vlm,QKV,Vision: K projection + bias,ampere_bf16_s16816gemm_bf16_64x64_ldg8_relu_f2f_stages_64x5_tn,vlm.vision.camera1,11808.000000000002,4001280.0,679477248.0,589824.0,22084288.0,2697015296.0,10158080.0,39.39,50.39,50.39,31.19,8.33,9.26,25.19
349,vlm,QKV,Vision: V projection + bias,ampere_bf16_s16816gemm_bf16_64x64_ldg8_relu_f2f_stages_64x5_tn,vlm.vision.camera1,11904.000000000002,3998080.0,679477248.0,589824.0,22085952.0,2718179328.0,10248192.0,39.01,50.0,50.0,30.98,8.33,9.28,25.0
350,vlm,Vision attention,Vision: FlashAttention split-KV attention,"void pytorch_flash::flash_fwd_splitkv_kernel<Flash_fwd_kernel_traits<96, 64, 128, 4, 0, 0, cutlass::bfloat16_t, Flash_kernel_traits<96, 64, 128, 4, cutlass::bfloat16_t>>, 0, 0, 0, 0, 0, 0, 1, 0>(pytorch_flash::Flash_fwd_params)",vlm.vision.camera1,14240.0,2098816.0,402653184.0,4259840.0,12281920.0,3316928512.0,12238848.0,17.15,24.28,24.28,18.26,8.3,11.64,12.14
351,vlm,Vision attention,Vision: FlashAttention split-KV combine,"void pytorch_flash::flash_fwd_splitkv_combine_kernel<Flash_fwd_kernel_traits<96, 64, 128, 4, 0, 0, cutlass::bfloat16_t, Flash_kernel_traits<96, 64, 128, 4, cutlass::bfloat16_t>>, 16, 1, 0>(pytorch_flash::Flash_fwd_params)",vlm.vision.camera1,6720.0,2702464.0,0.0,2260992.0,3420480.0,1567709184.0,5750784.0,46.99,0.0,11.32,11.81,21.22,14.28,0.0
352,vlm,O projection,Vision: attention output projection + bias,ampere_bf16_s16816gemm_bf16_64x64_ldg8_relu_f2f_stages_64x5_tn,vlm.vision.camera1,12064.0,3998848.0,679477248.0,589824.0,22083264.0,2761791488.0,10379264.0,38.53,49.21,49.21,30.48,8.33,9.24,24.6
353,vlm,Norm / residual,Vision: residual / LayerNorm variant 9,triton_red_fused_add_native_layer_norm_view_9,vlm.vision.camera1,7488.0,3263232.0,0.0,14704644.0,4732832.0,1742538752.0,6438912.0,50.68,0.0,17.19,13.03,45.55,24.72,0.0
354,vlm,FFN up,Vision: FFN up + bias + GELU,triton_tem_fused_addmm_gelu_native_layer_norm_t_view_5,vlm.vision.camera1,30624.000000000004,13037056.0,2566914048.0,17039505.0,82828480.0,6961336320.0,26378240.0,49.42,73.75,73.75,45.18,39.37,13.42,36.87
355,vlm,FFN down,Vision: FFN down + bias,ampere_bf16_s16816gemm_bf16_64x64_sliced1x2_ldg8_relu_f2f_stages_64x5_tn,vlm.vision.camera1,33824.0,15090304.0,2566914048.0,1179648.0,80224480.0,7797735424.0,29171712.0,51.73,65.84,65.84,39.25,8.33,8.59,32.92
356,vlm,Norm / residual,Vision: residual / LayerNorm variant 6,triton_red_fused_add_native_layer_norm_view_6,vlm.vision.camera1,4512.0,1324288.0,0.0,11333632.0,2387232.0,1048909824.0,3850240.0,34.39,0.0,17.6,8.75,22.89,28.43,0.0
357,vlm,QKV,Vision: Q projection + bias,ampere_bf16_s16816gemm_bf16_64x64_ldg8_relu_f2f_stages_64x5_tn,vlm.vision.camera1,11872.0,3993984.0,679477248.0,589824.0,22083712.0,2716264448.0,10223616.0,39.07,50.03,50.03,30.95,8.33,9.34,25.02
358,vlm,QKV,Vision: K projection + bias,ampere_bf16_s16816gemm_bf16_64x64_ldg8_relu_f2f_stages_64x5_tn,vlm.vision.camera1,12160.0,4005248.0,679477248.0,589824.0,22084320.0,2782099456.0,10461184.0,38.29,48.85,48.85,30.25,8.33,9.28,24.42
359,vlm,QKV,Vision: V projection + bias,ampere_bf16_s16816gemm_bf16_64x64_ldg8_relu_f2f_stages_64x5_tn,vlm.vision.camera1,12448.0,4003456.0,679477248.0,589824.0,22086464.0,2851569664.0,10698752.0,37.42,47.66,47.66,29.53,8.33,9.26,23.83
360,vlm,Vision attention,Vision: FlashAttention split-KV attention,"void pytorch_flash::flash_fwd_splitkv_kernel<Flash_fwd_kernel_traits<96, 64, 128, 4, 0, 0, cutlass::bfloat16_t, Flash_kernel_traits<96, 64, 128, 4, cutlass::bfloat16_t>>, 0, 0, 0, 0, 0, 0, 1, 0>(pytorch_flash::Flash_fwd_params)",vlm.vision.camera1,14336.000000000002,2091392.0,402653184.0,4259840.0,12286816.0,3336509440.0,12328960.0,16.96,24.14,24.14,18.15,8.3,11.68,12.07
361,vlm,Vision attention,Vision: FlashAttention split-KV combine,"void pytorch_flash::flash_fwd_splitkv_combine_kernel<Flash_fwd_kernel_traits<96, 64, 128, 4, 0, 0, cutlass::bfloat16_t, Flash_kernel_traits<96, 64, 128, 4, cutlass::bfloat16_t>>, 16, 1, 0>(pytorch_flash::Flash_fwd_params)",vlm.vision.camera1,6912.0,2703232.0,0.0,2260992.0,3437280.0,1618180096.0,5914624.0,45.7,0.0,10.97,11.45,21.14,14.66,0.0
362,vlm,O projection,Vision: attention output projection + bias,ampere_bf16_s16816gemm_bf16_64x64_ldg8_relu_f2f_stages_64x5_tn,vlm.vision.camera1,11936.0,4000384.0,679477248.0,589824.0,22084192.0,2721734656.0,10231808.0,39.1,49.93,49.93,30.93,8.33,9.3,24.96
363,vlm,Norm / residual,Vision: residual / LayerNorm variant 7,triton_red_fused_add_native_layer_norm_view_7,vlm.vision.camera1,5088.0,1964800.0,0.0,14757888.0,2976928.0,1180530688.0,4366336.0,45.0,0.0,23.83,11.59,40.62,33.76,0.0
364,vlm,FFN up,Vision: FFN up + bias + GELU,triton_tem_fused_addmm_gelu_native_layer_norm_t_view_5,vlm.vision.camera1,30560.0,13046016.0,2566914048.0,16907289.0,82838560.0,6948347904.0,26320896.0,49.57,73.89,73.89,45.28,39.37,13.32,36.94
365,vlm,FFN down,Vision: FFN down + bias,ampere_bf16_s16816gemm_bf16_64x64_sliced1x2_ldg8_relu_f2f_stages_64x5_tn,vlm.vision.camera1,33824.0,15093504.0,2566914048.0,1179648.0,80226368.0,7794806784.0,29147136.0,51.78,65.86,65.86,39.26,8.33,8.59,32.93
366,vlm,Norm / residual,Vision: residual / LayerNorm variant 8,triton_red_fused_add_native_layer_norm_view_8,vlm.vision.camera1,6464.0,2650624.0,0.0,13467648.0,3619744.0,1502670848.0,5521408.0,48.01,0.0,16.15,12.14,22.73,22.51,0.0
367,vlm,QKV,Vision: Q projection + bias,ampere_bf16_s16816gemm_bf16_64x64_ldg8_relu_f2f_stages_64x5_tn,vlm.vision.camera1,11904.000000000002,4001920.0,679477248.0,589824.0,22068384.0,2721007616.0,10240000.0,39.08,49.94,49.94,30.89,8.33,9.2,24.97
368,vlm,QKV,Vision: K projection + bias,ampere_bf16_s16816gemm_bf16_64x64_ldg8_relu_f2f_stages_64x5_tn,vlm.vision.camera1,11936.0,4002176.0,679477248.0,589824.0,22084128.0,2729431040.0,10264576.0,38.99,49.79,49.79,30.83,8.33,9.32,24.89
369,vlm,QKV,Vision: V projection + bias,ampere_bf16_s16816gemm_bf16_64x64_ldg8_relu_f2f_stages_64x5_tn,vlm.vision.camera1,12032.000000000002,4001920.0,679477248.0,589824.0,22084800.0,2748174336.0,10338304.0,38.71,49.45,49.45,30.63,8.33,9.19,24.72
370,vlm,Vision attention,Vision: FlashAttention split-KV attention,"void pytorch_flash::flash_fwd_splitkv_kernel<Flash_fwd_kernel_traits<96, 64, 128, 4, 0, 0, cutlass::bfloat16_t, Flash_kernel_traits<96, 64, 128, 4, cutlass::bfloat16_t>>, 0, 0, 0, 0, 0, 0, 1, 0>(pytorch_flash::Flash_fwd_params)",vlm.vision.camera1,14304.0,2085248.0,402653184.0,4259840.0,12289600.0,3336255488.0,12337152.0,16.9,24.14,24.14,18.26,8.3,11.61,12.07
371,vlm,Vision attention,Vision: FlashAttention split-KV combine,"void pytorch_flash::flash_fwd_splitkv_combine_kernel<Flash_fwd_kernel_traits<96, 64, 128, 4, 0, 0, cutlass::bfloat16_t, Flash_kernel_traits<96, 64, 128, 4, cutlass::bfloat16_t>>, 16, 1, 0>(pytorch_flash::Flash_fwd_params)",vlm.vision.camera1,6784.000000000001,2695936.0,0.0,2260992.0,3419232.0,1583138816.0,5799936.0,46.48,0.0,11.21,11.7,21.23,14.56,0.0
372,vlm,O projection,Vision: attention output projection + bias,ampere_bf16_s16816gemm_bf16_64x64_ldg8_relu_f2f_stages_64x5_tn,vlm.vision.camera1,11968.000000000002,3995776.0,679477248.0,589824.0,22084256.0,2737481728.0,10280960.0,38.87,49.64,49.64,30.75,8.33,9.24,24.82
373,vlm,Norm / residual,Vision: residual / LayerNorm variant 9,triton_red_fused_add_native_layer_norm_view_9,vlm.vision.camera1,7328.000000000001,3267328.0,0.0,14704640.0,4755520.0,1698521088.0,6258688.0,52.2,0.0,17.64,13.37,45.23,24.78,0.0
374,vlm,FFN up,Vision: FFN up + bias + GELU,triton_tem_fused_addmm_gelu_native_layer_norm_t_view_5,vlm.vision.camera1,30624.000000000004,13044608.0,2566914048.0,16819453.0,82829952.0,6972608512.0,26427392.0,49.36,73.63,73.63,45.12,39.08,13.3,36.81
375,vlm,FFN down,Vision: FFN down + bias,ampere_bf16_s16816gemm_bf16_64x64_sliced1x2_ldg8_relu_f2f_stages_64x5_tn,vlm.vision.camera1,33824.0,15095168.0,2566914048.0,1179648.0,80226112.0,7790675968.0,29155328.0,51.77,65.9,65.9,39.28,8.33,8.59,32.95
376,vlm,Norm / residual,Vision: residual / LayerNorm variant 6,triton_red_fused_add_native_layer_norm_view_6,vlm.vision.camera1,4448.0,1323520.0,0.0,11333632.0,2400160.0,1036836864.0,3825664.0,34.6,0.0,17.81,8.87,22.77,28.28,0.0
377,vlm,QKV,Vision: Q projection + bias,ampere_bf16_s16816gemm_bf16_64x64_ldg8_relu_f2f_stages_64x5_tn,vlm.vision.camera1,11968.000000000002,4003456.0,679477248.0,589824.0,22045280.0,2732488704.0,10297344.0,38.88,49.73,49.73,30.73,8.33,9.29,24.87
378,vlm,QKV,Vision: K projection + bias,ampere_bf16_s16816gemm_bf16_64x64_ldg8_relu_f2f_stages_64x5_tn,vlm.vision.camera1,12320.0,4001792.0,679477248.0,589824.0,22088544.0,2816258048.0,10584064.0,37.81,48.25,48.25,29.89,8.33,9.37,24.13
379,vlm,QKV,Vision: V projection + bias,ampere_bf16_s16816gemm_bf16_64x64_ldg8_relu_f2f_stages_64x5_tn,vlm.vision.camera1,12064.0,4003712.0,679477248.0,589824.0,22085984.0,2755592192.0,10371072.0,38.6,49.32,49.32,30.54,8.33,9.33,24.66
380,vlm,Vision attention,Vision: FlashAttention split-KV attention,"void pytorch_flash::flash_fwd_splitkv_kernel<Flash_fwd_kernel_traits<96, 64, 128, 4, 0, 0, cutlass::bfloat16_t, Flash_kernel_traits<96, 64, 128, 4, cutlass::bfloat16_t>>, 0, 0, 0, 0, 0, 0, 1, 0>(pytorch_flash::Flash_fwd_params)",vlm.vision.camera1,14208.0,2097280.0,402653184.0,4259840.0,12282912.0,3309344768.0,12238848.0,17.14,24.33,24.33,18.32,8.29,11.6,12.17
381,vlm,Vision attention,Vision: FlashAttention split-KV combine,"void pytorch_flash::flash_fwd_splitkv_combine_kernel<Flash_fwd_kernel_traits<96, 64, 128, 4, 0, 0, cutlass::bfloat16_t, Flash_kernel_traits<96, 64, 128, 4, cutlass::bfloat16_t>>, 16, 1, 0>(pytorch_flash::Flash_fwd_params)",vlm.vision.camera1,6880.0,2699008.0,0.0,2260992.0,3439104.0,1610958848.0,5898240.0,45.76,0.0,11.02,11.5,21.15,14.33,0.0
382,vlm,O projection,Vision: attention output projection + bias,ampere_bf16_s16816gemm_bf16_64x64_ldg8_relu_f2f_stages_64x5_tn,vlm.vision.camera1,11936.0,4003072.0,679477248.0,589824.0,22084128.0,2723887104.0,10240000.0,39.09,49.89,49.89,30.89,8.33,9.32,24.95
383,vlm,Norm / residual,Vision: residual / LayerNorm variant 7,triton_red_fused_add_native_layer_norm_view_7,vlm.vision.camera1,5088.0,1969536.0,0.0,14757888.0,2963168.0,1174511616.0,4341760.0,45.36,0.0,23.95,11.65,40.6,34.04,0.0
384,vlm,FFN up,Vision: FFN up + bias + GELU,triton_tem_fused_addmm_gelu_native_layer_norm_t_view_5,vlm.vision.camera1,30720.000000000004,13034624.0,2566914048.0,16715692.0,82829504.0,6987057152.0,26451968.0,49.28,73.48,73.48,45.03,39.29,13.35,36.74
385,vlm,FFN down,Vision: FFN down + bias,ampere_bf16_s16816gemm_bf16_64x64_sliced1x2_ldg8_relu_f2f_stages_64x5_tn,vlm.vision.camera1,33952.0,15091584.0,2566914048.0,1179648.0,80226176.0,7829583872.0,29286400.0,51.53,65.57,65.57,39.07,8.33,8.56,32.78
386,vlm,Norm / residual,Vision: residual / LayerNorm variant 8,triton_red_fused_add_native_layer_norm_view_8,vlm.vision.camera1,6240.0,2637056.0,0.0,13467648.0,3621184.0,1452068864.0,5324800.0,49.52,0.0,16.71,12.57,22.73,22.2,0.0
387,vlm,QKV,Vision: Q projection + bias,ampere_bf16_s16816gemm_bf16_64x64_ldg8_relu_f2f_stages_64x5_tn,vlm.vision.camera1,11840.0,4000896.0,679477248.0,589824.0,22085856.0,2707390464.0,10190848.0,39.26,50.19,50.19,31.09,8.33,9.37,25.1
388,vlm,QKV,Vision: K projection + bias,ampere_bf16_s16816gemm_bf16_64x64_ldg8_relu_f2f_stages_64x5_tn,vlm.vision.camera1,11840.0,4000640.0,679477248.0,589824.0,22083136.0,2702026752.0,10174464.0,39.32,50.29,50.29,31.13,8.33,9.27,25.15
389,vlm,QKV,Vision: V projection + bias,ampere_bf16_s16816gemm_bf16_64x64_ldg8_relu_f2f_stages_64x5_tn,vlm.vision.camera1,11872.0,4002560.0,679477248.0,589824.0,22085440.0,2717181952.0,10231808.0,39.12,50.01,50.01,30.97,8.33,9.35,25.01
390,vlm,Vision attention,Vision: FlashAttention split-KV attention,"void pytorch_flash::flash_fwd_splitkv_kernel<Flash_fwd_kernel_traits<96, 64, 128, 4, 0, 0, cutlass::bfloat16_t, Flash_kernel_traits<96, 64, 128, 4, cutlass::bfloat16_t>>, 0, 0, 0, 0, 0, 0, 1, 0>(pytorch_flash::Flash_fwd_params)",vlm.vision.camera1,14240.0,2084992.0,402653184.0,4259840.0,12285792.0,3311280128.0,12247040.0,17.02,24.32,24.32,18.29,8.3,11.61,12.16
391,vlm,Vision attention,Vision: FlashAttention split-KV combine,"void pytorch_flash::flash_fwd_splitkv_combine_kernel<Flash_fwd_kernel_traits<96, 64, 128, 4, 0, 0, cutlass::bfloat16_t, Flash_kernel_traits<96, 64, 128, 4, cutlass::bfloat16_t>>, 16, 1, 0>(pytorch_flash::Flash_fwd_params)",vlm.vision.camera1,6880.0,2699264.0,0.0,2260992.0,3423360.0,1616414720.0,5947392.0,45.39,0.0,10.98,11.46,21.29,14.76,0.0
392,vlm,O projection,Vision: attention output projection + bias,ampere_bf16_s16816gemm_bf16_64x64_ldg8_relu_f2f_stages_64x5_tn,vlm.vision.camera1,11840.0,3997696.0,679477248.0,589824.0,22084256.0,2705483776.0,10182656.0,39.26,50.23,50.23,31.12,8.33,9.35,25.11
393,vlm,Norm / residual,Vision: residual / LayerNorm variant 9,triton_red_fused_add_native_layer_norm_view_9,vlm.vision.camera1,7424.0,3249664.0,0.0,14704640.0,4755936.0,1727475712.0,6373376.0,50.99,0.0,17.34,13.15,45.3,24.35,0.0
394,vlm,FFN up,Vision: FFN up + bias + GELU,triton_tem_fused_addmm_gelu_native_layer_norm_t_view_5,vlm.vision.camera1,30560.0,13040640.0,2566914048.0,16624377.0,82828032.0,6945267712.0,26304512.0,49.58,73.92,73.92,45.31,39.8,13.23,36.96
395,vlm,FFN down,Vision: FFN down + bias,ampere_bf16_s16816gemm_bf16_64x64_sliced1x2_ldg8_relu_f2f_stages_64x5_tn,vlm.vision.camera1,33856.0,15090048.0,2566914048.0,1179648.0,80224704.0,7797512192.0,29179904.0,51.71,65.84,65.84,39.25,8.33,8.58,32.92
396,vlm,Norm / residual,Vision: residual / LayerNorm variant 6,triton_red_fused_add_native_layer_norm_view_6,vlm.vision.camera1,4608.000000000001,1324800.0,0.0,11333632.0,2403168.0,1072449536.0,3956736.0,33.48,0.0,17.22,8.59,22.88,28.04,0.0
397,vlm,QKV,Vision: Q projection + bias,ampere_bf16_s16816gemm_bf16_64x64_ldg8_relu_f2f_stages_64x5_tn,vlm.vision.camera1,12032.000000000002,4003200.0,679477248.0,589824.0,22084192.0,2752106496.0,10354688.0,38.66,49.38,49.38,30.57,8.33,9.18,24.69
398,vlm,QKV,Vision: K projection + bias,ampere_bf16_s16816gemm_bf16_64x64_ldg8_relu_f2f_stages_64x5_tn,vlm.vision.camera1,12000.0,4000128.0,679477248.0,589824.0,22084320.0,2741286912.0,10305536.0,38.82,49.57,49.57,30.7,8.33,9.26,24.79
399,vlm,QKV,Vision: V projection + bias,ampere_bf16_s16816gemm_bf16_64x64_ldg8_relu_f2f_stages_64x5_tn,vlm.vision.camera1,11936.0,3998592.0,679477248.0,589824.0,22084096.0,2727403520.0,10272768.0,38.92,49.83,49.83,30.85,8.33,9.31,24.91
400,vlm,Vision attention,Vision: FlashAttention split-KV attention,"void pytorch_flash::flash_fwd_splitkv_kernel<Flash_fwd_kernel_traits<96, 64, 128, 4, 0, 0, cutlass::bfloat16_t, Flash_kernel_traits<96, 64, 128, 4, cutlass::bfloat16_t>>, 0, 0, 0, 0, 0, 0, 1, 0>(pytorch_flash::Flash_fwd_params)",vlm.vision.camera1,14304.0,2096896.0,402653184.0,4259840.0,12282624.0,3326574592.0,12288000.0,17.06,24.21,24.21,18.32,8.29,11.63,12.1
401,vlm,Vision attention,Vision: FlashAttention split-KV combine,"void pytorch_flash::flash_fwd_splitkv_combine_kernel<Flash_fwd_kernel_traits<96, 64, 128, 4, 0, 0, cutlass::bfloat16_t, Flash_kernel_traits<96, 64, 128, 4, cutlass::bfloat16_t>>, 16, 1, 0>(pytorch_flash::Flash_fwd_params)",vlm.vision.camera1,6752.000000000001,2689920.0,0.0,2260992.0,3436768.0,1572274176.0,5783552.0,46.51,0.0,11.29,11.78,21.09,14.96,0.0
402,vlm,O projection,Vision: attention output projection + bias,ampere_bf16_s16816gemm_bf16_64x64_ldg8_relu_f2f_stages_64x5_tn,vlm.vision.camera1,12064.0,4003200.0,679477248.0,589824.0,22083008.0,2756042752.0,10346496.0,38.69,49.31,49.31,30.54,8.33,9.27,24.65
403,vlm,Norm / residual,Vision: residual / LayerNorm variant 7,triton_red_fused_add_native_layer_norm_view_7,vlm.vision.camera1,5216.000000000001,1985792.0,0.0,14757888.0,2974368.0,1209501696.0,4472832.0,44.4,0.0,23.26,11.3,40.8,34.01,0.0
404,vlm,FFN up,Vision: FFN up + bias + GELU,triton_tem_fused_addmm_gelu_native_layer_norm_t_view_5,vlm.vision.camera1,30720.000000000004,13034368.0,2566914048.0,16667056.0,82828704.0,6992191488.0,26492928.0,49.2,73.42,73.42,45.0,40.21,13.31,36.71
405,vlm,FFN down,Vision: FFN down + bias,ampere_bf16_s16816gemm_bf16_64x64_sliced1x2_ldg8_relu_f2f_stages_64x5_tn,vlm.vision.camera1,33728.0,15094400.0,2566914048.0,1179648.0,80222848.0,7766505472.0,29065216.0,51.93,66.1,66.1,39.4,8.33,8.59,33.05
406,vlm,Norm / residual,Vision: residual / LayerNorm variant 8,triton_red_fused_add_native_layer_norm_view_8,vlm.vision.camera1,6304.0,2645760.0,0.0,13467648.0,3635552.0,1465812992.0,5406720.0,48.93,0.0,16.56,12.45,22.68,22.51,0.0
407,vlm,QKV,Vision: Q projection + bias,ampere_bf16_s16816gemm_bf16_64x64_ldg8_relu_f2f_stages_64x5_tn,vlm.vision.camera1,12128.000000000002,4000896.0,679477248.0,589824.0,22068384.0,2771894272.0,10420224.0,38.4,49.03,49.03,30.35,8.33,9.2,24.51
408,vlm,QKV,Vision: K projection + bias,ampere_bf16_s16816gemm_bf16_64x64_ldg8_relu_f2f_stages_64x5_tn,vlm.vision.camera1,11968.000000000002,3998080.0,679477248.0,589824.0,22083840.0,2727550976.0,10272768.0,38.92,49.82,49.82,30.84,8.33,9.18,24.91
409,vlm,QKV,Vision: V projection + bias,ampere_bf16_s16816gemm_bf16_64x64_ldg8_relu_f2f_stages_64x5_tn,vlm.vision.camera1,11968.000000000002,3998464.0,679477248.0,589824.0,22086016.0,2734800896.0,10289152.0,38.86,49.69,49.69,30.78,8.33,9.3,24.85
410,vlm,Vision attention,Vision: FlashAttention split-KV attention,"void pytorch_flash::flash_fwd_splitkv_kernel<Flash_fwd_kernel_traits<96, 64, 128, 4, 0, 0, cutlass::bfloat16_t, Flash_kernel_traits<96, 64, 128, 4, cutlass::bfloat16_t>>, 0, 0, 0, 0, 0, 0, 1, 0>(pytorch_flash::Flash_fwd_params)",vlm.vision.camera1,14304.0,2100992.0,402653184.0,4259840.0,12288000.0,3335120896.0,12296192.0,17.09,24.15,24.15,18.19,8.3,11.62,12.07
411,vlm,Vision attention,Vision: FlashAttention split-KV combine,"void pytorch_flash::flash_fwd_splitkv_combine_kernel<Flash_fwd_kernel_traits<96, 64, 128, 4, 0, 0, cutlass::bfloat16_t, Flash_kernel_traits<96, 64, 128, 4, cutlass::bfloat16_t>>, 16, 1, 0>(pytorch_flash::Flash_fwd_params)",vlm.vision.camera1,6912.0,2705152.0,0.0,2260992.0,3437888.0,1612120064.0,5906432.0,45.8,0.0,11.01,11.49,21.13,14.66,0.0
412,vlm,O projection,Vision: attention output projection + bias,ampere_bf16_s16816gemm_bf16_64x64_ldg8_relu_f2f_stages_64x5_tn,vlm.vision.camera1,11904.000000000002,4003328.0,679477248.0,589824.0,22084352.0,2722592768.0,10248192.0,39.06,49.91,49.91,30.93,8.33,9.31,24.96
413,vlm,Norm / residual,Vision: residual / LayerNorm variant 9,triton_red_fused_add_native_layer_norm_view_9,vlm.vision.camera1,7264.0,3260800.0,0.0,14704644.0,4758592.0,1684531200.0,6209536.0,52.51,0.0,17.78,13.48,45.27,24.04,0.0
414,vlm,FFN up,Vision: FFN up + bias + GELU,triton_tem_fused_addmm_gelu_native_layer_norm_t_view_5,vlm.vision.camera1,30720.000000000004,13034368.0,2566914048.0,16487870.0,82829888.0,6986733568.0,26476544.0,49.23,73.48,73.48,45.03,39.33,13.3,36.74
415,vlm,FFN down,Vision: FFN down + bias,ampere_bf16_s16816gemm_bf16_64x64_sliced1x2_ldg8_relu_f2f_stages_64x5_tn,vlm.vision.camera1,33760.0,15100672.0,2566914048.0,1179648.0,80233472.0,7783933952.0,29106176.0,51.88,65.95,65.95,39.32,8.33,8.6,32.98
416,vlm,Norm / residual,Vision: residual / LayerNorm variant 6,triton_red_fused_add_native_layer_norm_view_6,vlm.vision.camera1,4480.0,1322880.0,0.0,11333632.0,2402432.0,1040023552.0,3833856.0,34.51,0.0,17.76,8.85,22.62,26.53,0.0
417,vlm,QKV,Vision: Q projection + bias,ampere_bf16_s16816gemm_bf16_64x64_ldg8_relu_f2f_stages_64x5_tn,vlm.vision.camera1,12320.0,4001920.0,679477248.0,589824.0,22083200.0,2820843520.0,10608640.0,37.72,48.18,48.18,29.86,8.33,9.27,24.09
418,vlm,QKV,Vision: K projection + bias,ampere_bf16_s16816gemm_bf16_64x64_ldg8_relu_f2f_stages_64x5_tn,vlm.vision.camera1,12096.0,4001280.0,679477248.0,589824.0,22084320.0,2765580288.0,10387456.0,38.52,49.14,49.14,30.43,8.33,9.29,24.57
419,vlm,QKV,Vision: V projection + bias,ampere_bf16_s16816gemm_bf16_64x64_ldg8_relu_f2f_stages_64x5_tn,vlm.vision.camera1,12224.0,4003072.0,679477248.0,589824.0,22083200.0,2790301696.0,10502144.0,38.12,48.7,48.7,30.16,8.33,9.31,24.35
420,vlm,Vision attention,Vision: FlashAttention split-KV attention,"void pytorch_flash::flash_fwd_splitkv_kernel<Flash_fwd_kernel_traits<96, 64, 128, 4, 0, 0, cutlass::bfloat16_t, Flash_kernel_traits<96, 64, 128, 4, cutlass::bfloat16_t>>, 0, 0, 0, 0, 0, 0, 1, 0>(pytorch_flash::Flash_fwd_params)",vlm.vision.camera1,14304.0,2086144.0,402653184.0,4259840.0,12283936.0,3329800192.0,12296192.0,16.97,24.18,24.18,18.2,8.29,11.64,12.09
421,vlm,Vision attention,Vision: FlashAttention split-KV combine,"void pytorch_flash::flash_fwd_splitkv_combine_kernel<Flash_fwd_kernel_traits<96, 64, 128, 4, 0, 0, cutlass::bfloat16_t, Flash_kernel_traits<96, 64, 128, 4, cutlass::bfloat16_t>>, 16, 1, 0>(pytorch_flash::Flash_fwd_params)",vlm.vision.camera1,6880.0,2698368.0,0.0,2260992.0,3420448.0,1608648704.0,5898240.0,45.75,0.0,11.03,11.53,20.87,14.84,0.0
422,vlm,O projection,Vision: attention output projection + bias,ampere_bf16_s16816gemm_bf16_64x64_ldg8_relu_f2f_stages_64x5_tn,vlm.vision.camera1,12032.000000000002,4003328.0,679477248.0,589824.0,22083712.0,2752724992.0,10354688.0,38.66,49.37,49.37,30.57,8.33,9.2,24.68
423,vlm,Norm / residual,Vision: residual / LayerNorm variant 7,triton_red_fused_add_native_layer_norm_view_7,vlm.vision.camera1,5184.000000000001,1954176.0,0.0,14757888.0,2981088.0,1200547840.0,4431872.0,44.09,0.0,23.43,11.38,40.97,32.49,0.0
424,vlm,FFN up,Vision: FFN up + bias + GELU,triton_tem_fused_addmm_gelu_native_layer_norm_t_view_5,vlm.vision.camera1,30464.0,13042560.0,2566914048.0,16450406.0,82830048.0,6931052544.0,26288128.0,49.61,74.07,74.07,45.39,39.3,13.28,37.03
425,vlm,FFN down,Vision: FFN down + bias,ampere_bf16_s16816gemm_bf16_64x64_sliced1x2_ldg8_relu_f2f_stages_64x5_tn,vlm.vision.camera1,33792.00000000001,15091712.0,2566914048.0,1179648.0,80223744.0,7786878976.0,29147136.0,51.78,65.93,65.93,39.31,8.33,8.6,32.96
426,vlm,Norm / residual,Vision: residual / LayerNorm variant 8,triton_red_fused_add_native_layer_norm_view_8,vlm.vision.camera1,6464.0,2645504.0,0.0,13467648.0,3617600.0,1508460544.0,5554176.0,47.63,0.0,16.09,12.1,22.79,22.3,0.0
427,vlm,QKV,Vision: Q projection + bias,ampere_bf16_s16816gemm_bf16_64x64_ldg8_relu_f2f_stages_64x5_tn,vlm.vision.camera1,11936.0,4002560.0,679477248.0,589824.0,22087360.0,2719440896.0,10248192.0,39.06,49.97,49.97,30.94,8.33,9.3,24.99
428,vlm,QKV,Vision: K projection + bias,ampere_bf16_s16816gemm_bf16_64x64_ldg8_relu_f2f_stages_64x5_tn,vlm.vision.camera1,12096.0,4000384.0,679477248.0,589824.0,22084000.0,2764879872.0,10412032.0,38.42,49.15,49.15,30.44,8.33,9.22,24.58
429,vlm,QKV,Vision: V projection + bias,ampere_bf16_s16816gemm_bf16_64x64_ldg8_relu_f2f_stages_64x5_tn,vlm.vision.camera1,12160.0,4002048.0,679477248.0,589824.0,22084288.0,2775859200.0,10436608.0,38.35,48.96,48.96,30.31,8.33,9.32,24.48
430,vlm,Vision attention,Vision: FlashAttention split-KV attention,"void pytorch_flash::flash_fwd_splitkv_kernel<Flash_fwd_kernel_traits<96, 64, 128, 4, 0, 0, cutlass::bfloat16_t, Flash_kernel_traits<96, 64, 128, 4, cutlass::bfloat16_t>>, 0, 0, 0, 0, 0, 0, 1, 0>(pytorch_flash::Flash_fwd_params)",vlm.vision.camera1,14400.000000000002,2100096.0,402653184.0,4259840.0,12283808.0,3349788672.0,12369920.0,16.98,24.04,24.04,18.45,8.3,11.53,12.02
431,vlm,Vision attention,Vision: FlashAttention split-KV combine,"void pytorch_flash::flash_fwd_splitkv_combine_kernel<Flash_fwd_kernel_traits<96, 64, 128, 4, 0, 0, cutlass::bfloat16_t, Flash_kernel_traits<96, 64, 128, 4, cutlass::bfloat16_t>>, 16, 1, 0>(pytorch_flash::Flash_fwd_params)",vlm.vision.camera1,6912.0,2707840.0,0.0,2260992.0,3438816.0,1609758720.0,5898240.0,45.91,0.0,11.02,11.5,21.22,14.53,0.0
432,vlm,O projection,Vision: attention output projection + bias,ampere_bf16_s16816gemm_bf16_64x64_ldg8_relu_f2f_stages_64x5_tn,vlm.vision.camera1,11904.000000000002,4000000.0,679477248.0,589824.0,22083584.0,2726492160.0,10248192.0,39.03,49.84,49.84,30.86,8.33,9.3,24.92
433,vlm,Norm / residual,Vision: residual / LayerNorm variant 9,triton_red_fused_add_native_layer_norm_view_9,vlm.vision.camera1,7456.0,3279744.0,0.0,14704640.0,4758016.0,1737234432.0,6406144.0,51.2,0.0,17.24,13.08,45.32,23.62,0.0
434,vlm,FFN up,Vision: FFN up + bias + GELU,triton_tem_fused_addmm_gelu_native_layer_norm_t_view_5,vlm.vision.camera1,30880.000000000004,13036160.0,2566914048.0,16594417.0,82829088.0,7024392192.0,26615808.0,48.98,73.09,73.09,44.8,39.72,13.38,36.54
435,vlm,FFN down,Vision: FFN down + bias,ampere_bf16_s16816gemm_bf16_64x64_sliced1x2_ldg8_relu_f2f_stages_64x5_tn,vlm.vision.camera1,33792.00000000001,15094784.0,2566914048.0,1179648.0,80223072.0,7790903296.0,29147136.0,51.79,65.9,65.9,39.28,8.33,8.62,32.95
436,vlm,Norm / residual,Vision: residual / LayerNorm variant 6,triton_red_fused_add_native_layer_norm_view_6,vlm.vision.camera1,4480.0,1325184.0,0.0,11333632.0,2404096.0,1042935808.0,3850240.0,34.42,0.0,17.71,8.83,22.62,27.79,0.0
437,vlm,QKV,Vision: Q projection + bias,ampere_bf16_s16816gemm_bf16_64x64_ldg8_relu_f2f_stages_64x5_tn,vlm.vision.camera1,12064.0,4002176.0,679477248.0,589824.0,22084320.0,2754850816.0,10371072.0,38.59,49.33,49.33,30.55,8.33,9.28,24.66
438,vlm,QKV,Vision: K projection + bias,ampere_bf16_s16816gemm_bf16_64x64_ldg8_relu_f2f_stages_64x5_tn,vlm.vision.camera1,12224.0,4002304.0,679477248.0,589824.0,22085344.0,2796541952.0,10518528.0,38.05,48.59,48.59,30.1,8.33,9.32,24.3
439,vlm,QKV,Vision: V projection + bias,ampere_bf16_s16816gemm_bf16_64x64_ldg8_relu_f2f_stages_64x5_tn,vlm.vision.camera1,12128.000000000002,4004352.0,679477248.0,589824.0,22089696.0,2773248000.0,10436608.0,38.37,49.0,49.0,30.35,8.33,9.21,24.5
440,vlm,Vision attention,Vision: FlashAttention split-KV attention,"void pytorch_flash::flash_fwd_splitkv_kernel<Flash_fwd_kernel_traits<96, 64, 128, 4, 0, 0, cutlass::bfloat16_t, Flash_kernel_traits<96, 64, 128, 4, cutlass::bfloat16_t>>, 0, 0, 0, 0, 0, 0, 1, 0>(pytorch_flash::Flash_fwd_params)",vlm.vision.camera1,14304.0,2104448.0,402653184.0,4259840.0,12284640.0,3335661568.0,12337152.0,17.06,24.14,24.14,18.21,8.29,11.6,12.07
441,vlm,Vision attention,Vision: FlashAttention split-KV combine,"void pytorch_flash::flash_fwd_splitkv_combine_kernel<Flash_fwd_kernel_traits<96, 64, 128, 4, 0, 0, cutlass::bfloat16_t, Flash_kernel_traits<96, 64, 128, 4, cutlass::bfloat16_t>>, 16, 1, 0>(pytorch_flash::Flash_fwd_params)",vlm.vision.camera1,6720.0,2686464.0,0.0,2260992.0,3436384.0,1574932480.0,5767168.0,46.58,0.0,11.27,11.76,20.89,14.45,0.0
442,vlm,O projection,Vision: attention output projection + bias,ampere_bf16_s16816gemm_bf16_64x64_ldg8_relu_f2f_stages_64x5_tn,vlm.vision.camera1,12000.0,4001152.0,679477248.0,589824.0,22047968.0,2746605568.0,10321920.0,38.76,49.48,49.48,30.59,8.33,9.31,24.74
443,vlm,Norm / residual,Vision: residual / LayerNorm variant 7,triton_red_fused_add_native_layer_norm_view_7,vlm.vision.camera1,5216.000000000001,1961728.0,0.0,14757888.0,2974432.0,1206085632.0,4456448.0,44.02,0.0,23.33,11.33,40.36,34.14,0.0
444,vlm,FFN up,Vision: FFN up + bias + GELU,triton_tem_fused_addmm_gelu_native_layer_norm_t_view_5,vlm.vision.camera1,30496.0,13036288.0,2566914048.0,16375513.0,82827680.0,6923309056.0,26263552.0,49.64,74.15,74.15,45.42,39.04,13.31,37.08
445,vlm,FFN down,Vision: FFN down + bias,ampere_bf16_s16816gemm_bf16_64x64_sliced1x2_ldg8_relu_f2f_stages_64x5_tn,vlm.vision.camera1,33600.0,15093760.0,2566914048.0,1179648.0,80226432.0,7745568768.0,28991488.0,52.06,66.28,66.28,39.52,8.33,8.63,33.14
446,vlm,Norm / residual,Vision: residual / LayerNorm variant 8,triton_red_fused_add_native_layer_norm_view_8,vlm.vision.camera1,6496.0,2631040.0,0.0,13467648.0,3620608.0,1510496256.0,5562368.0,47.3,0.0,16.07,12.08,22.91,22.9,0.0
447,vlm,QKV,Vision: Q projection + bias,ampere_bf16_s16816gemm_bf16_64x64_ldg8_relu_f2f_stages_64x5_tn,vlm.vision.camera1,11968.000000000002,4000000.0,679477248.0,589824.0,22084896.0,2734000128.0,10289152.0,38.88,49.71,49.71,30.78,8.33,9.35,24.85
448,vlm,QKV,Vision: K projection + bias,ampere_bf16_s16816gemm_bf16_64x64_ldg8_relu_f2f_stages_64x5_tn,vlm.vision.camera1,12064.0,4000000.0,679477248.0,589824.0,22084160.0,2759012352.0,10362880.0,38.6,49.26,49.26,30.51,8.33,9.32,24.63
449,vlm,QKV,Vision: V projection + bias,ampere_bf16_s16816gemm_bf16_64x64_ldg8_relu_f2f_stages_64x5_tn,vlm.vision.camera1,11936.0,4001920.0,679477248.0,589824.0,22085984.0,2724442112.0,10256384.0,39.02,49.88,49.88,30.89,8.33,9.29,24.94
450,vlm,Vision attention,Vision: FlashAttention split-KV attention,"void pytorch_flash::flash_fwd_splitkv_kernel<Flash_fwd_kernel_traits<96, 64, 128, 4, 0, 0, cutlass::bfloat16_t, Flash_kernel_traits<96, 64, 128, 4, cutlass::bfloat16_t>>, 0, 0, 0, 0, 0, 0, 1, 0>(pytorch_flash::Flash_fwd_params)",vlm.vision.camera1,14336.000000000002,2092288.0,402653184.0,4259840.0,12284288.0,3331209216.0,12304384.0,17.0,24.17,24.17,18.28,8.29,11.55,12.09
451,vlm,Vision attention,Vision: FlashAttention split-KV combine,"void pytorch_flash::flash_fwd_splitkv_combine_kernel<Flash_fwd_kernel_traits<96, 64, 128, 4, 0, 0, cutlass::bfloat16_t, Flash_kernel_traits<96, 64, 128, 4, cutlass::bfloat16_t>>, 16, 1, 0>(pytorch_flash::Flash_fwd_params)",vlm.vision.camera1,6752.000000000001,2708224.0,0.0,2260992.0,3438176.0,1572241408.0,5758976.0,47.03,0.0,11.29,11.78,21.26,14.7,0.0
452,vlm,O projection,Vision: attention output projection + bias,ampere_bf16_s16816gemm_bf16_64x64_ldg8_relu_f2f_stages_64x5_tn,vlm.vision.camera1,11936.0,4003200.0,679477248.0,589824.0,22086080.0,2729039872.0,10272768.0,38.97,49.8,49.8,30.83,8.33,9.3,24.9
453,vlm,Norm / residual,Vision: residual / LayerNorm variant 9,triton_red_fused_add_native_layer_norm_view_9,vlm.vision.camera1,7552.000000000001,3269376.0,0.0,14704648.0,4757792.0,1753817088.0,6471680.0,50.52,0.0,17.08,12.95,45.31,23.87,0.0
454,vlm,FFN up,Vision: FFN up + bias + GELU,triton_tem_fused_addmm_gelu_native_layer_norm_t_view_5,vlm.vision.camera1,30656.0,13046016.0,2566914048.0,16177266.0,82765984.0,6967445504.0,26435584.0,49.35,73.68,73.68,45.11,39.27,13.17,36.84
455,vlm,FFN down,Vision: FFN down + bias,ampere_bf16_s16816gemm_bf16_64x64_sliced1x2_ldg8_relu_f2f_stages_64x5_tn,vlm.vision.camera1,33952.0,15092352.0,2566914048.0,1179648.0,80224160.0,7827150848.0,29278208.0,51.55,65.59,65.59,39.1,8.33,8.59,32.79
456,vlm,Norm / residual,Vision: residual / LayerNorm variant 6,triton_red_fused_add_native_layer_norm_view_6,vlm.vision.camera1,4544.0,1322496.0,0.0,11333632.0,2403520.0,1052170240.0,3866624.0,34.2,0.0,17.55,8.76,22.52,27.48,0.0
457,vlm,QKV,Vision: Q projection + bias,ampere_bf16_s16816gemm_bf16_64x64_ldg8_relu_f2f_stages_64x5_tn,vlm.vision.camera1,12032.000000000002,3999488.0,679477248.0,589824.0,22084352.0,2751715328.0,10346496.0,38.66,49.39,49.39,30.59,8.33,9.27,24.69
458,vlm,QKV,Vision: K projection + bias,ampere_bf16_s16816gemm_bf16_64x64_ldg8_relu_f2f_stages_64x5_tn,vlm.vision.camera1,11968.000000000002,4000640.0,679477248.0,589824.0,22084192.0,2731909120.0,10305536.0,38.82,49.74,49.74,30.8,8.33,9.24,24.87
459,vlm,QKV,Vision: V projection + bias,ampere_bf16_s16816gemm_bf16_64x64_ldg8_relu_f2f_stages_64x5_tn,vlm.vision.camera1,11936.0,4001280.0,679477248.0,589824.0,22084320.0,2733848576.0,10272768.0,38.95,49.71,49.71,30.79,8.33,9.2,24.85
460,vlm,Vision attention,Vision: FlashAttention split-KV attention,"void pytorch_flash::flash_fwd_splitkv_kernel<Flash_fwd_kernel_traits<96, 64, 128, 4, 0, 0, cutlass::bfloat16_t, Flash_kernel_traits<96, 64, 128, 4, cutlass::bfloat16_t>>, 0, 0, 0, 0, 0, 0, 1, 0>(pytorch_flash::Flash_fwd_params)",vlm.vision.camera1,14368.0,2090880.0,402653184.0,4259840.0,12282688.0,3344928768.0,12353536.0,16.93,24.08,24.08,18.19,8.3,11.58,12.04
461,vlm,Vision attention,Vision: FlashAttention split-KV combine,"void pytorch_flash::flash_fwd_splitkv_combine_kernel<Flash_fwd_kernel_traits<96, 64, 128, 4, 0, 0, cutlass::bfloat16_t, Flash_kernel_traits<96, 64, 128, 4, cutlass::bfloat16_t>>, 16, 1, 0>(pytorch_flash::Flash_fwd_params)",vlm.vision.camera1,6848.0,2696320.0,0.0,2260992.0,3419360.0,1604886528.0,5881856.0,45.84,0.0,11.06,11.53,21.15,14.23,0.0
462,vlm,O projection,Vision: attention output projection + bias,ampere_bf16_s16816gemm_bf16_64x64_ldg8_relu_f2f_stages_64x5_tn,vlm.vision.camera1,12096.0,4001792.0,679477248.0,589824.0,22085536.0,2768648192.0,10387456.0,38.53,49.08,49.08,30.4,8.33,9.22,24.54
463,vlm,Norm / residual,Vision: residual / LayerNorm variant 7,triton_red_fused_add_native_layer_norm_view_7,vlm.vision.camera1,5248.0,1955968.0,0.0,14757888.0,2978720.0,1212305408.0,4489216.0,43.57,0.0,23.2,11.28,40.69,33.02,0.0
464,vlm,FFN up,Vision: FFN up + bias + GELU,triton_tem_fused_addmm_gelu_native_layer_norm_t_view_5,vlm.vision.camera1,30624.000000000004,13039232.0,2566914048.0,15906128.0,82826848.0,6958309376.0,26402816.0,49.39,73.78,73.78,45.2,39.7,13.04,36.89
465,vlm,FFN down,Vision: FFN down + bias,ampere_bf16_s16816gemm_bf16_64x64_sliced1x2_ldg8_relu_f2f_stages_64x5_tn,vlm.vision.camera1,33760.0,15091968.0,2566914048.0,1179648.0,80226368.0,7779545088.0,29089792.0,51.88,65.99,65.99,39.35,8.33,8.61,33.0
466,vlm,Norm / residual,Vision: residual / LayerNorm variant 8,triton_red_fused_add_native_layer_norm_view_8,vlm.vision.camera1,6272.0,2638464.0,0.0,13467648.0,3618880.0,1459261440.0,5382144.0,49.02,0.0,16.63,12.5,22.72,22.96,0.0
467,vlm,QKV,Vision: Q projection + bias,ampere_bf16_s16816gemm_bf16_64x64_ldg8_relu_f2f_stages_64x5_tn,vlm.vision.camera1,11840.0,3994240.0,679477248.0,589824.0,22084256.0,2708654080.0,10207232.0,39.13,50.17,50.17,31.07,8.33,9.28,25.09
468,vlm,QKV,Vision: K projection + bias,ampere_bf16_s16816gemm_bf16_64x64_ldg8_relu_f2f_stages_64x5_tn,vlm.vision.camera1,11936.0,4001664.0,679477248.0,589824.0,22084192.0,2725341184.0,10256384.0,39.02,49.86,49.86,30.86,8.33,9.28,24.93
469,vlm,QKV,Vision: V projection + bias,ampere_bf16_s16816gemm_bf16_64x64_ldg8_relu_f2f_stages_64x5_tn,vlm.vision.camera1,11840.0,4002432.0,679477248.0,589824.0,22084032.0,2701129728.0,10174464.0,39.34,50.31,50.31,31.13,8.33,9.22,25.16
470,vlm,Vision attention,Vision: FlashAttention split-KV attention,"void pytorch_flash::flash_fwd_splitkv_kernel<Flash_fwd_kernel_traits<96, 64, 128, 4, 0, 0, cutlass::bfloat16_t, Flash_kernel_traits<96, 64, 128, 4, cutlass::bfloat16_t>>, 0, 0, 0, 0, 0, 0, 1, 0>(pytorch_flash::Flash_fwd_params)",vlm.vision.camera1,14368.0,2108800.0,402653184.0,4259840.0,12282464.0,3345893376.0,12361728.0,17.06,24.07,24.07,18.49,8.3,11.58,12.03
471,vlm,Vision attention,Vision: FlashAttention split-KV combine,"void pytorch_flash::flash_fwd_splitkv_combine_kernel<Flash_fwd_kernel_traits<96, 64, 128, 4, 0, 0, cutlass::bfloat16_t, Flash_kernel_traits<96, 64, 128, 4, cutlass::bfloat16_t>>, 16, 1, 0>(pytorch_flash::Flash_fwd_params)",vlm.vision.camera1,6880.0,2708352.0,0.0,2260992.0,3437824.0,1608497152.0,5898240.0,45.92,0.0,11.04,11.51,21.22,14.82,0.0
472,vlm,O projection,Vision: attention output projection + bias,ampere_bf16_s16816gemm_bf16_64x64_ldg8_relu_f2f_stages_64x5_tn,vlm.vision.camera1,11872.0,3998464.0,679477248.0,589824.0,22085984.0,2714238976.0,10223616.0,39.11,50.07,50.07,31.01,8.33,9.24,25.03
473,vlm,Norm / residual,Vision: residual / LayerNorm variant 9,triton_red_fused_add_native_layer_norm_view_9,vlm.vision.camera1,7424.0,3268864.0,0.0,14704644.0,4756256.0,1724030976.0,6348800.0,51.49,0.0,17.37,13.18,45.52,24.15,0.0
474,vlm,FFN up,Vision: FFN up + bias + GELU,triton_tem_fused_addmm_gelu_native_layer_norm_t_view_5,vlm.vision.camera1,30304.000000000004,13050752.0,2566914048.0,15878975.0,82835040.0,6878046208.0,26116096.0,49.97,74.64,74.64,45.73,39.33,13.07,37.32
475,vlm,FFN down,Vision: FFN down + bias,ampere_bf16_s16816gemm_bf16_64x64_sliced1x2_ldg8_relu_f2f_stages_64x5_tn,vlm.vision.camera1,33888.00000000001,15092992.0,2566914048.0,1179648.0,80226560.0,7816615936.0,29196288.0,51.69,65.68,65.68,39.14,8.33,8.6,32.84
476,vlm,Norm / residual,Vision: residual / LayerNorm variant 6,triton_red_fused_add_native_layer_norm_view_6,vlm.vision.camera1,4576.0,1324928.0,0.0,11333632.0,2383264.0,1057089536.0,3891200.0,34.05,0.0,17.47,8.69,22.71,28.63,0.0
477,vlm,QKV,Vision: Q projection + bias,ampere_bf16_s16816gemm_bf16_64x64_ldg8_relu_f2f_stages_64x5_tn,vlm.vision.camera1,12192.000000000002,4004224.0,679477248.0,589824.0,22085856.0,2781706240.0,10469376.0,38.25,48.85,48.85,30.25,8.33,9.22,24.43
478,vlm,QKV,Vision: K projection + bias,ampere_bf16_s16816gemm_bf16_64x64_ldg8_relu_f2f_stages_64x5_tn,vlm.vision.camera1,11936.0,3999360.0,679477248.0,589824.0,22085920.0,2726529024.0,10256384.0,38.99,49.84,49.84,30.87,8.33,9.31,24.92
479,vlm,QKV,Vision: V projection + bias,ampere_bf16_s16816gemm_bf16_64x64_ldg8_relu_f2f_stages_64x5_tn,vlm.vision.camera1,12160.0,4001024.0,679477248.0,589824.0,22085184.0,2786373632.0,10485760.0,38.16,48.77,48.77,30.21,8.33,9.25,24.39
480,vlm,Vision attention,Vision: FlashAttention split-KV attention,"void pytorch_flash::flash_fwd_splitkv_kernel<Flash_fwd_kernel_traits<96, 64, 128, 4, 0, 0, cutlass::bfloat16_t, Flash_kernel_traits<96, 64, 128, 4, cutlass::bfloat16_t>>, 0, 0, 0, 0, 0, 0, 1, 0>(pytorch_flash::Flash_fwd_params)",vlm.vision.camera1,14336.000000000002,2096640.0,402653184.0,4259840.0,12284288.0,3332970496.0,12320768.0,17.02,24.16,24.16,18.09,8.3,11.66,12.08
481,vlm,Vision attention,Vision: FlashAttention split-KV combine,"void pytorch_flash::flash_fwd_splitkv_combine_kernel<Flash_fwd_kernel_traits<96, 64, 128, 4, 0, 0, cutlass::bfloat16_t, Flash_kernel_traits<96, 64, 128, 4, cutlass::bfloat16_t>>, 16, 1, 0>(pytorch_flash::Flash_fwd_params)",vlm.vision.camera1,6880.0,2702464.0,0.0,2260992.0,3436416.0,1611962368.0,5906432.0,45.75,0.0,11.01,11.49,21.12,14.23,0.0
482,vlm,O projection,Vision: attention output projection + bias,ampere_bf16_s16816gemm_bf16_64x64_ldg8_relu_f2f_stages_64x5_tn,vlm.vision.camera1,12224.0,4002816.0,679477248.0,589824.0,22083200.0,2795395072.0,10518528.0,38.05,48.61,48.61,30.11,8.33,9.19,24.31
483,vlm,Norm / residual,Vision: residual / LayerNorm variant 7,triton_red_fused_add_native_layer_norm_view_7,vlm.vision.camera1,5280.0,1966080.0,0.0,14757888.0,2956288.0,1219883008.0,4489216.0,43.8,0.0,23.06,11.21,40.48,34.08,0.0
484,vlm,FFN up,Vision: FFN up + bias + GELU,triton_tem_fused_addmm_gelu_native_layer_norm_t_view_5,vlm.vision.camera1,30560.0,13043968.0,2566914048.0,15678929.0,82829024.0,6940348416.0,26345472.0,49.51,73.97,73.97,45.31,39.11,12.74,36.99
485,vlm,FFN down,Vision: FFN down + bias,ampere_bf16_s16816gemm_bf16_64x64_sliced1x2_ldg8_relu_f2f_stages_64x5_tn,vlm.vision.camera1,33376.0,15086464.0,2566914048.0,1179648.0,80223456.0,7717638144.0,28753920.0,52.47,66.52,66.52,39.69,8.33,8.63,33.26
486,vlm,Norm / residual,Vision: residual / LayerNorm variant 8,triton_red_fused_add_native_layer_norm_view_8,vlm.vision.camera1,6432.0,2649856.0,0.0,13467648.0,3619616.0,1498644480.0,5513216.0,48.06,0.0,16.19,12.18,22.67,22.98,0.0
487,vlm,QKV,Vision: Q projection + bias,ampere_bf16_s16816gemm_bf16_64x64_ldg8_relu_f2f_stages_64x5_tn,vlm.vision.camera1,12192.000000000002,4001792.0,679477248.0,589824.0,22085600.0,2783248384.0,10493952.0,38.13,48.83,48.83,30.25,8.33,9.25,24.41
488,vlm,QKV,Vision: K projection + bias,ampere_bf16_s16816gemm_bf16_64x64_ldg8_relu_f2f_stages_64x5_tn,vlm.vision.camera1,12128.000000000002,4002176.0,679477248.0,589824.0,22089664.0,2773762048.0,10452992.0,38.29,48.99,48.99,30.34,8.33,9.25,24.5
489,vlm,QKV,Vision: V projection + bias,ampere_bf16_s16816gemm_bf16_64x64_ldg8_relu_f2f_stages_64x5_tn,vlm.vision.camera1,12096.0,4003456.0,679477248.0,589824.0,22064512.0,2764666880.0,10420224.0,38.42,49.15,49.15,30.4,8.33,9.26,24.58
490,vlm,Vision attention,Vision: FlashAttention split-KV attention,"void pytorch_flash::flash_fwd_splitkv_kernel<Flash_fwd_kernel_traits<96, 64, 128, 4, 0, 0, cutlass::bfloat16_t, Flash_kernel_traits<96, 64, 128, 4, cutlass::bfloat16_t>>, 0, 0, 0, 0, 0, 0, 1, 0>(pytorch_flash::Flash_fwd_params)",vlm.vision.camera1,14176.000000000002,2086528.0,402653184.0,4259840.0,12285056.0,3303135232.0,12214272.0,17.08,24.38,24.38,18.27,8.29,11.61,12.19
491,vlm,Vision attention,Vision: FlashAttention split-KV combine,"void pytorch_flash::flash_fwd_splitkv_combine_kernel<Flash_fwd_kernel_traits<96, 64, 128, 4, 0, 0, cutlass::bfloat16_t, Flash_kernel_traits<96, 64, 128, 4, cutlass::bfloat16_t>>, 16, 1, 0>(pytorch_flash::Flash_fwd_params)",vlm.vision.camera1,6848.0,2698368.0,0.0,2260992.0,3419776.0,1602342912.0,5865472.0,46.0,0.0,11.08,11.55,21.04,14.45,0.0
492,vlm,O projection,Vision: attention output projection + bias,ampere_bf16_s16816gemm_bf16_64x64_ldg8_relu_f2f_stages_64x5_tn,vlm.vision.camera1,12128.000000000002,4002176.0,679477248.0,589824.0,22083840.0,2776881152.0,10420224.0,38.41,48.94,48.94,30.34,8.33,9.19,24.47
493,vlm,Norm / residual,Vision: residual / LayerNorm variant 9,triton_red_fused_add_native_layer_norm_view_9,vlm.vision.camera1,7328.000000000001,3267328.0,0.0,14704652.0,4771296.0,1703600128.0,6291456.0,51.93,0.0,17.58,13.33,45.49,24.8,0.0
494,vlm,FFN up,Vision: FFN up + bias + GELU,triton_tem_fused_addmm_gelu_native_layer_norm_t_view_5,vlm.vision.camera1,30368.0,13043712.0,2566914048.0,15634178.0,82827648.0,6893385728.0,26165248.0,49.85,74.47,74.47,45.62,39.14,12.66,37.24
495,vlm,FFN down,Vision: FFN down + bias,ampere_bf16_s16816gemm_bf16_64x64_sliced1x2_ldg8_relu_f2f_stages_64x5_tn,vlm.vision.camera1,33632.0,15094272.0,2566914048.0,1179648.0,80226176.0,7792521216.0,28991488.0,52.06,65.88,65.88,39.35,8.33,8.59,32.94
496,vlm,Norm / residual,Vision: residual / LayerNorm variant 6,triton_red_fused_add_native_layer_norm_view_6,vlm.vision.camera1,4640.000000000001,1325184.0,0.0,11333632.0,2383808.0,1074249728.0,3948544.0,33.56,0.0,17.19,8.55,22.73,27.15,0.0
497,vlm,QKV,Vision: Q projection + bias,ampere_bf16_s16816gemm_bf16_64x64_ldg8_relu_f2f_stages_64x5_tn,vlm.vision.camera1,11968.000000000002,4001280.0,679477248.0,589824.0,22084864.0,2733557760.0,10289152.0,38.89,49.71,49.71,30.79,8.33,9.26,24.86
498,vlm,QKV,Vision: K projection + bias,ampere_bf16_s16816gemm_bf16_64x64_ldg8_relu_f2f_stages_64x5_tn,vlm.vision.camera1,12192.000000000002,4004480.0,679477248.0,589824.0,22038816.0,2788028416.0,10493952.0,38.16,48.74,48.74,30.13,8.33,9.32,24.37
499,vlm,QKV,Vision: V projection + bias,ampere_bf16_s16816gemm_bf16_64x64_ldg8_relu_f2f_stages_64x5_tn,vlm.vision.camera1,12096.0,4000000.0,679477248.0,589824.0,22084128.0,2769188864.0,10420224.0,38.39,49.07,49.07,30.4,8.33,9.3,24.54
500,vlm,Vision attention,Vision: FlashAttention split-KV attention,"void pytorch_flash::flash_fwd_splitkv_kernel<Flash_fwd_kernel_traits<96, 64, 128, 4, 0, 0, cutlass::bfloat16_t, Flash_kernel_traits<96, 64, 128, 4, cutlass::bfloat16_t>>, 0, 0, 0, 0, 0, 0, 1, 0>(pytorch_flash::Flash_fwd_params)",vlm.vision.camera1,14272.000000000002,2089088.0,402653184.0,4259840.0,12288000.0,3323080704.0,12271616.0,17.02,24.23,24.23,18.15,8.29,11.6,12.12
501,vlm,Vision attention,Vision: FlashAttention split-KV combine,"void pytorch_flash::flash_fwd_splitkv_combine_kernel<Flash_fwd_kernel_traits<96, 64, 128, 4, 0, 0, cutlass::bfloat16_t, Flash_kernel_traits<96, 64, 128, 4, cutlass::bfloat16_t>>, 16, 1, 0>(pytorch_flash::Flash_fwd_params)",vlm.vision.camera1,7072.0,2698752.0,0.0,2260992.0,3438496.0,1655152640.0,6086656.0,44.34,0.0,10.73,11.19,20.91,14.68,0.0
502,vlm,O projection,Vision: attention output projection + bias,ampere_bf16_s16816gemm_bf16_64x64_ldg8_relu_f2f_stages_64x5_tn,vlm.vision.camera1,11968.000000000002,3998208.0,679477248.0,589824.0,22084288.0,2731413504.0,10280960.0,38.89,49.75,49.75,30.82,8.33,9.29,24.88
503,vlm,Norm / residual,Vision: residual / LayerNorm variant 7,triton_red_fused_add_native_layer_norm_view_7,vlm.vision.camera1,5248.0,1971200.0,0.0,14757888.0,2976768.0,1218435072.0,4521984.0,43.59,0.0,23.08,11.23,40.74,34.1,0.0
504,vlm,FFN up,Vision: FFN up + bias + GELU,triton_tem_fused_addmm_gelu_native_layer_norm_t_view_5,vlm.vision.camera1,30464.0,13047168.0,2566914048.0,15620535.0,82837376.0,6918436864.0,26255360.0,49.69,74.21,74.21,45.47,39.43,12.7,37.1
505,vlm,FFN down,Vision: FFN down + bias,ampere_bf16_s16816gemm_bf16_64x64_sliced1x2_ldg8_relu_f2f_stages_64x5_tn,vlm.vision.camera1,33536.0,15098368.0,2566914048.0,1179648.0,80228576.0,7773208576.0,28901376.0,52.24,66.05,66.05,39.47,8.33,8.61,33.02
506,vlm,Norm / residual,Vision: residual / LayerNorm variant 8,triton_red_fused_add_native_layer_norm_view_8,vlm.vision.camera1,6560.000000000001,2637440.0,0.0,13467648.0,3620224.0,1526337536.0,5611520.0,47.0,0.0,15.9,11.96,22.66,21.97,0.0
507,vlm,QKV,Vision: Q projection + bias,ampere_bf16_s16816gemm_bf16_64x64_ldg8_relu_f2f_stages_64x5_tn,vlm.vision.camera1,12032.000000000002,3999744.0,679477248.0,589824.0,22085888.0,2744412160.0,10321920.0,38.75,49.52,49.52,30.68,8.33,9.2,24.76
508,vlm,QKV,Vision: K projection + bias,ampere_bf16_s16816gemm_bf16_64x64_ldg8_relu_f2f_stages_64x5_tn,vlm.vision.camera1,12032.000000000002,3999360.0,679477248.0,589824.0,22048416.0,2748700672.0,10354688.0,38.62,49.44,49.44,30.56,8.33,9.27,24.72
509,vlm,QKV,Vision: V projection + bias,ampere_bf16_s16816gemm_bf16_64x64_ldg8_relu_f2f_stages_64x5_tn,vlm.vision.camera1,11904.000000000002,4002688.0,679477248.0,589824.0,22086816.0,2722179072.0,10256384.0,39.03,49.92,49.92,30.92,8.33,9.33,24.96
510,vlm,Vision attention,Vision: FlashAttention split-KV attention,"void pytorch_flash::flash_fwd_splitkv_kernel<Flash_fwd_kernel_traits<96, 64, 128, 4, 0, 0, cutlass::bfloat16_t, Flash_kernel_traits<96, 64, 128, 4, cutlass::bfloat16_t>>, 0, 0, 0, 0, 0, 0, 1, 0>(pytorch_flash::Flash_fwd_params)",vlm.vision.camera1,14240.0,2095232.0,402653184.0,4259840.0,12263008.0,3313817600.0,12247040.0,17.11,24.3,24.3,18.22,8.29,11.68,12.15
511,vlm,Vision attention,Vision: FlashAttention split-KV combine,"void pytorch_flash::flash_fwd_splitkv_combine_kernel<Flash_fwd_kernel_traits<96, 64, 128, 4, 0, 0, cutlass::bfloat16_t, Flash_kernel_traits<96, 64, 128, 4, cutlass::bfloat16_t>>, 16, 1, 0>(pytorch_flash::Flash_fwd_params)",vlm.vision.camera1,6720.0,2702080.0,0.0,2260992.0,3434944.0,1572284416.0,5783552.0,46.72,0.0,11.29,11.79,21.16,14.68,0.0
512,vlm,O projection,Vision: attention output projection + bias,ampere_bf16_s16816gemm_bf16_64x64_ldg8_relu_f2f_stages_64x5_tn,vlm.vision.camera1,12032.000000000002,3998336.0,679477248.0,589824.0,22067008.0,2752286720.0,10330112.0,38.71,49.38,49.38,30.58,8.33,9.29,24.69
513,vlm,Norm / residual,Vision: residual / LayerNorm variant 9,triton_red_fused_add_native_layer_norm_view_9,vlm.vision.camera1,7328.000000000001,3248640.0,0.0,14704644.0,4771968.0,1704677376.0,6291456.0,51.64,0.0,17.57,13.33,45.77,23.76,0.0
514,vlm,FFN up,Vision: FFN up + bias + GELU,triton_tem_fused_addmm_gelu_native_layer_norm_t_view_5,vlm.vision.camera1,30784.000000000004,13040896.0,2566914048.0,15610154.0,82830368.0,6996723712.0,26533888.0,49.15,73.37,73.37,44.94,39.22,12.63,36.69
515,vlm,FFN down,Vision: FFN down + bias,ampere_bf16_s16816gemm_bf16_64x64_sliced1x2_ldg8_relu_f2f_stages_64x5_tn,vlm.vision.camera1,33696.00000000001,15098240.0,2566914048.0,1179648.0,80222784.0,7819851776.0,29065216.0,51.95,65.65,65.65,39.22,8.33,8.6,32.83
516,vlm,Norm / residual,Vision: residual / LayerNorm variant 6,triton_red_fused_add_native_layer_norm_view_6,vlm.vision.camera1,4576.0,1326464.0,0.0,11333632.0,2422624.0,1062086656.0,3899392.0,34.02,0.0,17.39,8.74,22.93,28.36,0.0
517,vlm,QKV,Vision: Q projection + bias,ampere_bf16_s16816gemm_bf16_64x64_ldg8_relu_f2f_stages_64x5_tn,vlm.vision.camera1,12064.0,3998208.0,679477248.0,589824.0,22083968.0,2757289984.0,10371072.0,38.55,49.29,49.29,30.54,8.33,9.29,24.64
518,vlm,QKV,Vision: K projection + bias,ampere_bf16_s16816gemm_bf16_64x64_ldg8_relu_f2f_stages_64x5_tn,vlm.vision.camera1,11936.0,3999616.0,679477248.0,589824.0,22064512.0,2727569408.0,10256384.0,39.0,49.82,49.82,30.83,8.33,9.34,24.91
519,vlm,QKV,Vision: V projection + bias,ampere_bf16_s16816gemm_bf16_64x64_ldg8_relu_f2f_stages_64x5_tn,vlm.vision.camera1,12128.000000000002,4003840.0,679477248.0,589824.0,22082592.0,2776446976.0,10436608.0,38.36,48.95,48.95,30.31,8.33,9.2,24.47
520,vlm,Vision attention,Vision: FlashAttention split-KV attention,"void pytorch_flash::flash_fwd_splitkv_kernel<Flash_fwd_kernel_traits<96, 64, 128, 4, 0, 0, cutlass::bfloat16_t, Flash_kernel_traits<96, 64, 128, 4, cutlass::bfloat16_t>>, 0, 0, 0, 0, 0, 0, 1, 0>(pytorch_flash::Flash_fwd_params)",vlm.vision.camera1,14208.0,2094848.0,402653184.0,4259840.0,12269728.0,3311892480.0,12238848.0,17.12,24.32,24.32,18.25,8.29,11.52,12.16
521,vlm,Vision attention,Vision: FlashAttention split-KV combine,"void pytorch_flash::flash_fwd_splitkv_combine_kernel<Flash_fwd_kernel_traits<96, 64, 128, 4, 0, 0, cutlass::bfloat16_t, Flash_kernel_traits<96, 64, 128, 4, cutlass::bfloat16_t>>, 16, 1, 0>(pytorch_flash::Flash_fwd_params)",vlm.vision.camera1,6880.0,2704640.0,0.0,2260992.0,3438240.0,1608155136.0,5898240.0,45.86,0.0,11.05,11.52,21.02,14.88,0.0
522,vlm,O projection,Vision: attention output projection + bias,ampere_bf16_s16816gemm_bf16_64x64_ldg8_relu_f2f_stages_64x5_tn,vlm.vision.camera1,11840.0,4002304.0,679477248.0,589824.0,22066944.0,2709557248.0,10182656.0,39.31,50.15,50.15,31.03,8.33,9.3,25.08
523,vlm,Norm / residual,Vision: residual / LayerNorm variant 7,triton_red_fused_add_native_layer_norm_view_7,vlm.vision.camera1,5184.000000000001,1986560.0,0.0,14757888.0,2955840.0,1192302592.0,4415488.0,44.99,0.0,23.6,11.47,40.51,32.72,0.0
524,vlm,FFN up,Vision: FFN up + bias + GELU,triton_tem_fused_addmm_gelu_native_layer_norm_t_view_5,vlm.vision.camera1,30336.000000000004,13036928.0,2566914048.0,15604414.0,82826752.0,6892478464.0,26157056.0,49.84,74.48,74.48,45.62,40.1,12.63,37.24
525,vlm,FFN down,Vision: FFN down + bias,ampere_bf16_s16816gemm_bf16_64x64_sliced1x2_ldg8_relu_f2f_stages_64x5_tn,vlm.vision.camera1,33568.0,15089280.0,2566914048.0,1179648.0,80223040.0,7784138752.0,28934144.0,52.15,65.95,65.95,39.4,8.33,8.59,32.98
526,vlm,Norm / residual,Vision: residual / LayerNorm variant 8,triton_red_fused_add_native_layer_norm_view_8,vlm.vision.camera1,6432.0,2645888.0,0.0,13467648.0,3635616.0,1495263232.0,5505024.0,48.06,0.0,16.23,12.2,22.67,22.18,0.0
527,vlm,QKV,Vision: Q projection + bias,ampere_bf16_s16816gemm_bf16_64x64_ldg8_relu_f2f_stages_64x5_tn,vlm.vision.camera1,11968.000000000002,3998336.0,679477248.0,589824.0,22081536.0,2736568320.0,10305536.0,38.8,49.66,49.66,30.75,8.33,9.34,24.83
528,vlm,QKV,Vision: K projection + bias,ampere_bf16_s16816gemm_bf16_64x64_ldg8_relu_f2f_stages_64x5_tn,vlm.vision.camera1,11936.0,3999616.0,679477248.0,589824.0,22082176.0,2724114432.0,10248192.0,39.03,49.89,49.89,30.89,8.33,9.32,24.94
529,vlm,QKV,Vision: V projection + bias,ampere_bf16_s16816gemm_bf16_64x64_ldg8_relu_f2f_stages_64x5_tn,vlm.vision.camera1,11968.000000000002,4001792.0,679477248.0,589824.0,22068128.0,2735204352.0,10289152.0,38.89,49.68,49.68,30.74,8.33,9.37,24.84
530,vlm,Vision attention,Vision: FlashAttention split-KV attention,"void pytorch_flash::flash_fwd_splitkv_kernel<Flash_fwd_kernel_traits<96, 64, 128, 4, 0, 0, cutlass::bfloat16_t, Flash_kernel_traits<96, 64, 128, 4, cutlass::bfloat16_t>>, 0, 0, 0, 0, 0, 0, 1, 0>(pytorch_flash::Flash_fwd_params)",vlm.vision.camera1,14336.000000000002,2100736.0,402653184.0,4259840.0,12279456.0,3338092544.0,12337152.0,17.03,24.12,24.12,18.12,8.29,11.6,12.06
531,vlm,Vision attention,Vision: FlashAttention split-KV combine,"void pytorch_flash::flash_fwd_splitkv_combine_kernel<Flash_fwd_kernel_traits<96, 64, 128, 4, 0, 0, cutlass::bfloat16_t, Flash_kernel_traits<96, 64, 128, 4, cutlass::bfloat16_t>>, 16, 1, 0>(pytorch_flash::Flash_fwd_params)",vlm.vision.camera1,6944.000000000001,2722048.0,0.0,2260992.0,3439232.0,1621024768.0,5947392.0,45.77,0.0,10.95,11.43,20.82,14.45,0.0
532,vlm,O projection,Vision: attention output projection + bias,ampere_bf16_s16816gemm_bf16_64x64_ldg8_relu_f2f_stages_64x5_tn,vlm.vision.camera1,11968.000000000002,4002688.0,679477248.0,589824.0,22084128.0,2733500416.0,10289152.0,38.9,49.71,49.71,30.78,8.33,9.15,24.86
533,vlm,Norm / residual,Vision: residual / LayerNorm variant 9,triton_red_fused_add_native_layer_norm_view_9,vlm.vision.camera1,7232.0,3261824.0,0.0,14704640.0,4758144.0,1682358272.0,6209536.0,52.53,0.0,17.8,13.51,45.32,24.42,0.0
534,vlm,FFN up,Vision: FFN up + bias + GELU,triton_tem_fused_addmm_gelu_native_layer_norm_t_view_5,vlm.vision.camera1,30368.0,13037952.0,2566914048.0,15609223.0,82826528.0,6902681600.0,26165248.0,49.83,74.37,74.37,45.57,39.22,12.61,37.19
535,vlm,FFN down,Vision: FFN down + bias,ampere_bf16_s16816gemm_bf16_64x64_sliced1x2_ldg8_relu_f2f_stages_64x5_tn,vlm.vision.camera1,33280.0,15089792.0,2566914048.0,1179648.0,80206336.0,7726118912.0,28712960.0,52.55,66.45,66.45,39.69,8.33,8.62,33.22
536,vlm,Norm / residual,Vision: residual / LayerNorm variant 6,triton_red_fused_add_native_layer_norm_view_6,vlm.vision.camera1,4480.0,1323520.0,0.0,11333632.0,2419104.0,1039468544.0,3825664.0,34.6,0.0,17.77,8.92,22.59,27.19,0.0
537,vlm,QKV,Vision: Q projection + bias,ampere_bf16_s16816gemm_bf16_64x64_ldg8_relu_f2f_stages_64x5_tn,vlm.vision.camera1,11968.000000000002,4002048.0,679477248.0,589824.0,22083360.0,2736734208.0,10305536.0,38.83,49.66,49.66,30.74,8.33,9.29,24.83
538,vlm,QKV,Vision: K projection + bias,ampere_bf16_s16816gemm_bf16_64x64_ldg8_relu_f2f_stages_64x5_tn,vlm.vision.camera1,12032.000000000002,4002560.0,679477248.0,589824.0,22084928.0,2751604736.0,10371072.0,38.59,49.39,49.39,30.6,8.33,9.23,24.69
539,vlm,QKV,Vision: V projection + bias,ampere_bf16_s16816gemm_bf16_64x64_ldg8_relu_f2f_stages_64x5_tn,vlm.vision.camera1,12064.0,4003968.0,679477248.0,589824.0,22086304.0,2752468992.0,10346496.0,38.7,49.37,49.37,30.58,8.33,9.35,24.69
540,vlm,Vision attention,Vision: FlashAttention split-KV attention,"void pytorch_flash::flash_fwd_splitkv_kernel<Flash_fwd_kernel_traits<96, 64, 128, 4, 0, 0, cutlass::bfloat16_t, Flash_kernel_traits<96, 64, 128, 4, cutlass::bfloat16_t>>, 0, 0, 0, 0, 0, 0, 1, 0>(pytorch_flash::Flash_fwd_params)",vlm.vision.camera1,14304.0,2081920.0,402653184.0,4259840.0,12283008.0,3337533440.0,12320768.0,16.9,24.13,24.13,18.28,8.29,11.69,12.06
541,vlm,Vision attention,Vision: FlashAttention split-KV combine,"void pytorch_flash::flash_fwd_splitkv_combine_kernel<Flash_fwd_kernel_traits<96, 64, 128, 4, 0, 0, cutlass::bfloat16_t, Flash_kernel_traits<96, 64, 128, 4, cutlass::bfloat16_t>>, 16, 1, 0>(pytorch_flash::Flash_fwd_params)",vlm.vision.camera1,6912.0,2698752.0,0.0,2260992.0,3435936.0,1623597056.0,5947392.0,45.38,0.0,10.93,11.41,21.01,14.77,0.0
542,vlm,O projection,Vision: attention output projection + bias,ampere_bf16_s16816gemm_bf16_64x64_ldg8_relu_f2f_stages_64x5_tn,vlm.vision.camera1,12128.000000000002,4002560.0,679477248.0,589824.0,22082432.0,2775558144.0,10436608.0,38.35,48.96,48.96,30.34,8.33,9.3,24.48
543,vlm,Norm / residual,Vision: residual / LayerNorm variant 7,triton_red_fused_add_native_layer_norm_view_7,vlm.vision.camera1,5088.0,1954816.0,0.0,14757888.0,2978112.0,1174941696.0,4333568.0,45.11,0.0,23.95,11.64,40.57,34.09,0.0
544,vlm,FFN up,Vision: FFN up + bias + GELU,triton_tem_fused_addmm_gelu_native_layer_norm_t_view_5,vlm.vision.camera1,30400.0,13038464.0,2566914048.0,15653015.0,82828960.0,6908987392.0,26238976.0,49.69,74.31,74.31,45.5,39.2,12.77,37.15
545,vlm,FFN down,Vision: FFN down + bias,ampere_bf16_s16816gemm_bf16_64x64_sliced1x2_ldg8_relu_f2f_stages_64x5_tn,vlm.vision.camera1,33536.0,15099904.0,2566914048.0,1179648.0,80220576.0,7775049728.0,28925952.0,52.2,66.03,66.03,39.43,8.33,8.6,33.01
546,vlm,Norm / residual,Vision: residual / LayerNorm variant 8,triton_red_fused_add_native_layer_norm_view_8,vlm.vision.camera1,6432.0,2642304.0,0.0,13467648.0,3621728.0,1490233344.0,5480448.0,48.21,0.0,16.28,12.25,22.82,22.78,0.0
547,vlm,QKV,Vision: Q projection + bias,ampere_bf16_s16816gemm_bf16_64x64_ldg8_relu_f2f_stages_64x5_tn,vlm.vision.camera1,11904.000000000002,4001280.0,679477248.0,589824.0,22084192.0,2719801344.0,10223616.0,39.14,49.97,49.97,30.93,8.33,9.3,24.98
548,vlm,QKV,Vision: K projection + bias,ampere_bf16_s16816gemm_bf16_64x64_ldg8_relu_f2f_stages_64x5_tn,vlm.vision.camera1,12032.000000000002,4002560.0,679477248.0,589824.0,22084032.0,2743769088.0,10330112.0,38.75,49.53,49.53,30.66,8.33,9.24,24.76
549,vlm,QKV,Vision: V projection + bias,ampere_bf16_s16816gemm_bf16_64x64_ldg8_relu_f2f_stages_64x5_tn,vlm.vision.camera1,12352.000000000002,4006144.0,679477248.0,589824.0,22067744.0,2825408512.0,10616832.0,37.73,48.1,48.1,29.76,8.33,9.28,24.05
550,vlm,Vision attention,Vision: FlashAttention split-KV attention,"void pytorch_flash::flash_fwd_splitkv_kernel<Flash_fwd_kernel_traits<96, 64, 128, 4, 0, 0, cutlass::bfloat16_t, Flash_kernel_traits<96, 64, 128, 4, cutlass::bfloat16_t>>, 0, 0, 0, 0, 0, 0, 1, 0>(pytorch_flash::Flash_fwd_params)",vlm.vision.camera1,14400.000000000002,2100480.0,402653184.0,4259840.0,12267872.0,3346528256.0,12361728.0,16.99,24.06,24.06,18.29,8.3,11.54,12.03
551,vlm,Vision attention,Vision: FlashAttention split-KV combine,"void pytorch_flash::flash_fwd_splitkv_combine_kernel<Flash_fwd_kernel_traits<96, 64, 128, 4, 0, 0, cutlass::bfloat16_t, Flash_kernel_traits<96, 64, 128, 4, cutlass::bfloat16_t>>, 16, 1, 0>(pytorch_flash::Flash_fwd_params)",vlm.vision.camera1,6944.000000000001,2706048.0,0.0,2260992.0,3418368.0,1615290368.0,5931008.0,45.63,0.0,10.99,11.47,21.05,14.88,0.0
552,vlm,O projection,Vision: attention output projection + bias,ampere_bf16_s16816gemm_bf16_64x64_ldg8_relu_f2f_stages_64x5_tn,vlm.vision.camera1,11968.000000000002,4001152.0,679477248.0,589824.0,22081408.0,2739456000.0,10321920.0,38.76,49.61,49.61,30.72,8.33,9.32,24.8
553,vlm,Norm / residual,Vision: residual / LayerNorm variant 9,triton_red_fused_add_native_layer_norm_view_9,vlm.vision.camera1,7264.0,3278848.0,0.0,14704648.0,4771840.0,1690435584.0,6242304.0,52.53,0.0,17.72,13.45,45.4,24.01,0.0
554,vlm,FFN up,Vision: FFN up + bias + GELU,triton_tem_fused_addmm_gelu_native_layer_norm_t_view_5,vlm.vision.camera1,30560.0,13038848.0,2566914048.0,15729532.0,82830976.0,6944890880.0,26353664.0,49.48,73.92,73.92,45.31,39.66,12.88,36.96
555,vlm,FFN down,Vision: FFN down + bias,ampere_bf16_s16816gemm_bf16_64x64_sliced1x2_ldg8_relu_f2f_stages_64x5_tn,vlm.vision.camera1,33792.00000000001,15089408.0,2566914048.0,1179648.0,80224256.0,7818135552.0,29147136.0,51.77,65.67,65.67,39.2,8.33,8.57,32.83
556,vlm,Norm / residual,Vision: residual / LayerNorm variant 10,triton_red_fused_add_native_layer_norm_view_10,vlm.vision.camera1,4992.000000000001,1306752.0,0.0,13631488.0,2371328.0,1149763584.0,4259840.0,30.68,0.0,23.1,7.97,44.79,36.2,0.0
557,vlm,Other,Vision: image-to-text projection + bias + scale,triton_tem_fused_add_addmm_mul_native_layer_norm_t_view_11,vlm.vision.camera1,23744.0,6142592.0,1207959552.0,1048576.0,57995200.0,5457455104.0,20463616.0,30.02,44.27,44.27,40.51,8.32,6.93,22.13
558,vlm,Other,Vision: input cast/layout,triton_poi_fused__to_copy_convolution_0,vlm.vision.camera2,2720.0,658432.0,0.0,0.0,1022048.0,630956032.0,2310144.0,28.5,0.0,4.84,7.37,16.19,7.23,0.0
559,vlm,Other,"Vision: NCHW to NHWC layout (1568, 1, 1)","void cudnn::nchwToNhwcKernel<__nv_bfloat16, float, float, 0, 1, 2>(cudnn::nchw2nhwc_params_t<T3>, const T1 *, T2 *)",vlm.vision.camera2,4576.0,380672.0,0.0,150528.0,1730336.0,1055893504.0,3891200.0,9.78,0.0,38.74,14.84,77.12,55.85,0.0
560,vlm,Other,"Vision: NCHW to NHWC layout (7, 1, 1152)","void cudnn::nchwToNhwcKernel<__nv_bfloat16, float, float, 0, 1, 2>(cudnn::nchw2nhwc_params_t<T3>, const T1 *, T2 *)",vlm.vision.camera2,15040.000000000002,1704832.0,0.0,677376.0,8218528.0,3461963776.0,12959744.0,13.15,0.0,61.52,22.98,81.59,68.06,0.0
561,vlm,Other,Vision: patch embedding convolution,sm80_xmma_fprop_implicit_gemm_indexed_wo_smem_tf32f32_tf32f32_f32_nhwckrsc_nhwc_tilesize128x16x64_stage1_warpsize4x1x1_g1_tensor16x8x8_aligna4_alignc4_execute_kernel__5x_cudnn,vlm.vision.camera2,40480.00000000001,6155648.0,0.0,294912.0,55583104.0,9446647808.0,34889728.0,17.64,15.98,17.53,43.68,12.95,19.2,0.0
562,vlm,Other,Vision: NHWC to NCHW layout,"void cudnn::nhwcToNchwKernel<float, __nv_bfloat16, float, 1, 0, 0>(cudnn::nhwc2nchw_params_t<T3>, const T1 *, T2 *)",vlm.vision.camera2,3936.0,1314560.0,0.0,294912.0,1964960.0,912164864.0,3342336.0,39.33,0.0,8.79,10.01,44.4,9.8,0.0
563,vlm,Norm / residual,Vision: patch embedding / LayerNorm part 1,triton_red_fused__to_copy_add_convolution_embedding_native_layer_norm_transpose_view_1,vlm.vision.camera2,4224.000000000001,1308160.0,0.0,4571136.0,2484864.0,979517440.0,3604480.0,36.29,0.0,12.53,17.19,22.97,18.0,0.0
564,vlm,Norm / residual,Vision: patch embedding / LayerNorm part 2,triton_per_fused__to_copy_add_convolution_embedding_native_layer_norm_transpose_view_2,vlm.vision.camera2,2144.0,35328.0,0.0,352256.0,176576.0,497070080.0,1802240.0,1.96,0.0,2.16,2.09,8.09,5.63,0.0
565,vlm,Norm / residual,Vision: patch embedding / LayerNorm part 3,triton_poi_fused__to_copy_add_convolution_embedding_native_layer_norm_transpose_view_3,vlm.vision.camera2,4128.0,1340800.0,0.0,1916928.0,2149344.0,958914560.0,3530752.0,37.97,0.0,12.55,14.33,44.8,18.65,0.0
566,vlm,QKV,Vision: Q projection + bias,ampere_bf16_s16816gemm_bf16_64x64_ldg8_relu_f2f_stages_64x5_tn,vlm.vision.camera2,11968.000000000002,3999616.0,679477248.0,589824.0,22066496.0,2727966720.0,10297344.0,38.84,49.82,49.82,30.81,8.33,9.28,24.91
567,vlm,QKV,Vision: K projection + bias,ampere_bf16_s16816gemm_bf16_64x64_ldg8_relu_f2f_stages_64x5_tn,vlm.vision.camera2,12000.0,4001536.0,679477248.0,589824.0,22067680.0,2730954752.0,10297344.0,38.86,49.76,49.76,30.78,8.33,9.35,24.88
568,vlm,QKV,Vision: V projection + bias,ampere_bf16_s16816gemm_bf16_64x64_ldg8_relu_f2f_stages_64x5_tn,vlm.vision.camera2,12064.0,4000896.0,679477248.0,589824.0,22068256.0,2753103872.0,10371072.0,38.58,49.36,49.36,30.52,8.33,9.28,24.68
569,vlm,Vision attention,Vision: FlashAttention split-KV attention,"void pytorch_flash::flash_fwd_splitkv_kernel<Flash_fwd_kernel_traits<96, 64, 128, 4, 0, 0, cutlass::bfloat16_t, Flash_kernel_traits<96, 64, 128, 4, cutlass::bfloat16_t>>, 0, 0, 0, 0, 0, 0, 1, 0>(pytorch_flash::Flash_fwd_params)",vlm.vision.camera2,14432.0,2105472.0,402653184.0,4259858.0,12267424.0,3366713344.0,12435456.0,16.93,23.92,23.92,18.33,8.3,11.65,11.96
570,vlm,Vision attention,Vision: FlashAttention split-KV combine,"void pytorch_flash::flash_fwd_splitkv_combine_kernel<Flash_fwd_kernel_traits<96, 64, 128, 4, 0, 0, cutlass::bfloat16_t, Flash_kernel_traits<96, 64, 128, 4, cutlass::bfloat16_t>>, 16, 1, 0>(pytorch_flash::Flash_fwd_params)",vlm.vision.camera2,6944.000000000001,2712064.0,0.0,2260992.0,3440832.0,1621811200.0,5947392.0,45.6,0.0,10.95,11.42,20.91,14.52,0.0
571,vlm,O projection,Vision: attention output projection + bias,ampere_bf16_s16816gemm_bf16_64x64_ldg8_relu_f2f_stages_64x5_tn,vlm.vision.camera2,12000.0,4000128.0,679477248.0,589824.0,22082688.0,2739462144.0,10305536.0,38.82,49.61,49.61,30.72,8.33,9.25,24.8
572,vlm,Norm / residual,Vision: residual / LayerNorm variant 4,triton_red_fused__to_copy_add_convolution_embedding_native_layer_norm_transpose_view_4,vlm.vision.camera2,7104.0,2160256.0,0.0,14180360.0,7957152.0,1635121152.0,6094848.0,35.44,0.0,20.6,26.2,46.18,30.56,0.0
573,vlm,FFN up,Vision: FFN up + bias + GELU,triton_tem_fused_addmm_gelu_native_layer_norm_t_view_5,vlm.vision.camera2,30752.0,13037440.0,2566914048.0,16703827.0,82828704.0,6992824320.0,26533888.0,49.14,73.42,73.42,44.99,39.16,13.4,36.71
574,vlm,FFN down,Vision: FFN down + bias,ampere_bf16_s16816gemm_bf16_64x64_sliced1x2_ldg8_relu_f2f_stages_64x5_tn,vlm.vision.camera2,34112.0,15090304.0,2566914048.0,1179648.0,80221856.0,7848777728.0,29392896.0,51.34,65.41,65.41,38.99,8.33,8.58,32.7
575,vlm,Norm / residual,Vision: residual / LayerNorm variant 6,triton_red_fused_add_native_layer_norm_view_6,vlm.vision.camera2,4512.0,1327104.0,0.0,11333632.0,2406080.0,1043175424.0,3842048.0,34.54,0.0,17.7,8.84,22.76,27.21,0.0
576,vlm,QKV,Vision: Q projection + bias,ampere_bf16_s16816gemm_bf16_64x64_ldg8_relu_f2f_stages_64x5_tn,vlm.vision.camera2,12320.0,4001536.0,679477248.0,589824.0,22083264.0,2812033024.0,10567680.0,37.87,48.33,48.33,29.95,8.33,9.33,24.16
577,vlm,QKV,Vision: K projection + bias,ampere_bf16_s16816gemm_bf16_64x64_ldg8_relu_f2f_stages_64x5_tn,vlm.vision.camera2,12096.0,4001408.0,679477248.0,589824.0,22081024.0,2760839168.0,10387456.0,38.52,49.22,49.22,30.48,8.33,9.31,24.61
578,vlm,QKV,Vision: V projection + bias,ampere_bf16_s16816gemm_bf16_64x64_ldg8_relu_f2f_stages_64x5_tn,vlm.vision.camera2,12000.0,3998592.0,679477248.0,589824.0,22084096.0,2739396608.0,10321920.0,38.74,49.61,49.61,30.72,8.33,9.27,24.8
579,vlm,Vision attention,Vision: FlashAttention split-KV attention,"void pytorch_flash::flash_fwd_splitkv_kernel<Flash_fwd_kernel_traits<96, 64, 128, 4, 0, 0, cutlass::bfloat16_t, Flash_kernel_traits<96, 64, 128, 4, cutlass::bfloat16_t>>, 0, 0, 0, 0, 0, 0, 1, 0>(pytorch_flash::Flash_fwd_params)",vlm.vision.camera2,14272.000000000002,2101376.0,402653184.0,4259840.0,12284960.0,3320705024.0,12271616.0,17.12,24.25,24.25,18.43,8.3,11.68,12.13
580,vlm,Vision attention,Vision: FlashAttention split-KV combine,"void pytorch_flash::flash_fwd_splitkv_combine_kernel<Flash_fwd_kernel_traits<96, 64, 128, 4, 0, 0, cutlass::bfloat16_t, Flash_kernel_traits<96, 64, 128, 4, cutlass::bfloat16_t>>, 16, 1, 0>(pytorch_flash::Flash_fwd_params)",vlm.vision.camera2,6880.0,2698368.0,0.0,2260992.0,3439648.0,1609760768.0,5898240.0,45.75,0.0,11.03,11.52,20.77,14.27,0.0
581,vlm,O projection,Vision: attention output projection + bias,ampere_bf16_s16816gemm_bf16_64x64_ldg8_relu_f2f_stages_64x5_tn,vlm.vision.camera2,12224.0,4001536.0,679477248.0,589824.0,22084928.0,2802700288.0,10518528.0,38.04,48.49,48.49,30.06,8.33,9.33,24.24
582,vlm,Norm / residual,Vision: residual / LayerNorm variant 7,triton_red_fused_add_native_layer_norm_view_7,vlm.vision.camera2,5056.0,1964416.0,0.0,14757888.0,2989824.0,1173024768.0,4325376.0,45.42,0.0,23.99,11.66,40.67,33.71,0.0
583,vlm,FFN up,Vision: FFN up + bias + GELU,triton_tem_fused_addmm_gelu_native_layer_norm_t_view_5,vlm.vision.camera2,30624.000000000004,13044608.0,2566914048.0,17154977.0,82827488.0,6958669824.0,26394624.0,49.42,73.78,73.78,45.2,39.12,13.46,36.89
584,vlm,FFN down,Vision: FFN down + bias,ampere_bf16_s16816gemm_bf16_64x64_sliced1x2_ldg8_relu_f2f_stages_64x5_tn,vlm.vision.camera2,33632.0,15088640.0,2566914048.0,1179648.0,80222528.0,7748681728.0,28999680.0,52.03,66.25,66.25,39.49,8.33,8.61,33.13
585,vlm,Norm / residual,Vision: residual / LayerNorm variant 8,triton_red_fused_add_native_layer_norm_view_8,vlm.vision.camera2,6304.0,2633344.0,0.0,13467648.0,3635200.0,1468815360.0,5406720.0,48.71,0.0,16.52,12.42,22.84,22.79,0.0
586,vlm,QKV,Vision: Q projection + bias,ampere_bf16_s16816gemm_bf16_64x64_ldg8_relu_f2f_stages_64x5_tn,vlm.vision.camera2,12000.0,3997056.0,679477248.0,589824.0,22083328.0,2740226048.0,10313728.0,38.75,49.59,49.59,30.7,8.33,9.29,24.8
587,vlm,QKV,Vision: K projection + bias,ampere_bf16_s16816gemm_bf16_64x64_ldg8_relu_f2f_stages_64x5_tn,vlm.vision.camera2,11840.0,4000512.0,679477248.0,589824.0,22083840.0,2703034368.0,10190848.0,39.26,50.28,50.28,31.13,8.33,9.35,25.14
588,vlm,QKV,Vision: V projection + bias,ampere_bf16_s16816gemm_bf16_64x64_ldg8_relu_f2f_stages_64x5_tn,vlm.vision.camera2,11872.0,4001408.0,679477248.0,589824.0,22083520.0,2710824960.0,10219520.0,39.15,50.13,50.13,31.03,8.33,9.34,25.07
589,vlm,Vision attention,Vision: FlashAttention split-KV attention,"void pytorch_flash::flash_fwd_splitkv_kernel<Flash_fwd_kernel_traits<96, 64, 128, 4, 0, 0, cutlass::bfloat16_t, Flash_kernel_traits<96, 64, 128, 4, cutlass::bfloat16_t>>, 0, 0, 0, 0, 0, 0, 1, 0>(pytorch_flash::Flash_fwd_params)",vlm.vision.camera2,14400.000000000002,2092544.0,402653184.0,4259840.0,12262880.0,3349166080.0,12353536.0,16.94,24.04,24.04,18.29,8.3,11.5,12.02
590,vlm,Vision attention,Vision: FlashAttention split-KV combine,"void pytorch_flash::flash_fwd_splitkv_combine_kernel<Flash_fwd_kernel_traits<96, 64, 128, 4, 0, 0, cutlass::bfloat16_t, Flash_kernel_traits<96, 64, 128, 4, cutlass::bfloat16_t>>, 16, 1, 0>(pytorch_flash::Flash_fwd_params)",vlm.vision.camera2,6752.000000000001,2695296.0,0.0,2260992.0,3435712.0,1577750528.0,5799936.0,46.47,0.0,11.25,11.74,21.15,14.37,0.0
591,vlm,O projection,Vision: attention output projection + bias,ampere_bf16_s16816gemm_bf16_64x64_ldg8_relu_f2f_stages_64x5_tn,vlm.vision.camera2,12096.0,4003456.0,679477248.0,589824.0,22083200.0,2774480896.0,10420224.0,38.42,48.98,48.98,30.35,8.33,9.25,24.49
592,vlm,Norm / residual,Vision: residual / LayerNorm variant 9,triton_red_fused_add_native_layer_norm_view_9,vlm.vision.camera2,7232.0,3252352.0,0.0,14704652.0,4736736.0,1682280448.0,6201344.0,52.45,0.0,17.8,13.51,45.44,24.51,0.0
593,vlm,FFN up,Vision: FFN up + bias + GELU,triton_tem_fused_addmm_gelu_native_layer_norm_t_view_5,vlm.vision.camera2,30432.000000000004,13038720.0,2566914048.0,17693333.0,82824960.0,6922233856.0,26230784.0,49.71,74.16,74.16,45.45,39.28,13.53,37.08
594,vlm,FFN down,Vision: FFN down + bias,ampere_bf16_s16816gemm_bf16_64x64_sliced1x2_ldg8_relu_f2f_stages_64x5_tn,vlm.vision.camera2,33536.0,15094016.0,2566914048.0,1179648.0,80185792.0,7734470656.0,28942336.0,52.15,66.38,66.38,39.53,8.33,8.61,33.19
595,vlm,Norm / residual,Vision: residual / LayerNorm variant 6,triton_red_fused_add_native_layer_norm_view_6,vlm.vision.camera2,4544.0,1331328.0,0.0,11333632.0,2412960.0,1046736896.0,3833856.0,34.73,0.0,17.65,8.83,22.73,28.15,0.0
596,vlm,QKV,Vision: Q projection + bias,ampere_bf16_s16816gemm_bf16_64x64_ldg8_relu_f2f_stages_64x5_tn,vlm.vision.camera2,12000.0,4004224.0,679477248.0,589824.0,22081344.0,2739359744.0,10313728.0,38.82,49.61,49.61,30.72,8.33,9.3,24.8
597,vlm,QKV,Vision: K projection + bias,ampere_bf16_s16816gemm_bf16_64x64_ldg8_relu_f2f_stages_64x5_tn,vlm.vision.camera2,11904.000000000002,3997312.0,679477248.0,589824.0,22082240.0,2720139264.0,10231808.0,39.07,49.96,49.96,30.93,8.33,9.25,24.98
598,vlm,QKV,Vision: V projection + bias,ampere_bf16_s16816gemm_bf16_64x64_ldg8_relu_f2f_stages_64x5_tn,vlm.vision.camera2,11904.000000000002,4003712.0,679477248.0,589824.0,22082816.0,2718054400.0,10223616.0,39.16,50.0,50.0,30.95,8.33,9.36,25.0
599,vlm,Vision attention,Vision: FlashAttention split-KV attention,"void pytorch_flash::flash_fwd_splitkv_kernel<Flash_fwd_kernel_traits<96, 64, 128, 4, 0, 0, cutlass::bfloat16_t, Flash_kernel_traits<96, 64, 128, 4, cutlass::bfloat16_t>>, 0, 0, 0, 0, 0, 0, 1, 0>(pytorch_flash::Flash_fwd_params)",vlm.vision.camera2,14432.0,2096640.0,402653184.0,4259840.0,12279392.0,3360284672.0,12402688.0,16.9,23.97,23.97,18.04,8.29,11.59,11.98
600,vlm,Vision attention,Vision: FlashAttention split-KV combine,"void pytorch_flash::flash_fwd_splitkv_combine_kernel<Flash_fwd_kernel_traits<96, 64, 128, 4, 0, 0, cutlass::bfloat16_t, Flash_kernel_traits<96, 64, 128, 4, cutlass::bfloat16_t>>, 16, 1, 0>(pytorch_flash::Flash_fwd_params)",vlm.vision.camera2,6688.0,2683264.0,0.0,2260992.0,3436288.0,1562904576.0,5709824.0,46.99,0.0,11.36,11.84,20.94,14.72,0.0
601,vlm,O projection,Vision: attention output projection + bias,ampere_bf16_s16816gemm_bf16_64x64_ldg8_relu_f2f_stages_64x5_tn,vlm.vision.camera2,11968.000000000002,4003840.0,679477248.0,589824.0,22065504.0,2733760512.0,10264576.0,39.01,49.71,49.71,30.78,8.33,9.27,24.86
602,vlm,Norm / residual,Vision: residual / LayerNorm variant 7,triton_red_fused_add_native_layer_norm_view_7,vlm.vision.camera2,5056.0,1971584.0,0.0,14757888.0,3015072.0,1171001344.0,4325376.0,45.58,0.0,24.02,11.67,40.21,33.66,0.0
603,vlm,FFN up,Vision: FFN up + bias + GELU,triton_tem_fused_addmm_gelu_native_layer_norm_t_view_5,vlm.vision.camera2,30656.0,13040896.0,2566914048.0,17487316.0,82829728.0,6968326144.0,26402816.0,49.39,73.67,73.67,45.14,39.18,13.48,36.84
604,vlm,FFN down,Vision: FFN down + bias,ampere_bf16_s16816gemm_bf16_64x64_sliced1x2_ldg8_relu_f2f_stages_64x5_tn,vlm.vision.camera2,33728.0,15087744.0,2566914048.0,1179648.0,80224352.0,7771723776.0,29081600.0,51.88,66.06,66.06,39.35,8.33,8.61,33.03
605,vlm,Norm / residual,Vision: residual / LayerNorm variant 8,triton_red_fused_add_native_layer_norm_view_8,vlm.vision.camera2,6496.0,2645376.0,0.0,13467648.0,3674240.0,1514192896.0,5562368.0,47.56,0.0,16.03,12.05,22.65,22.79,0.0
606,vlm,QKV,Vision: Q projection + bias,ampere_bf16_s16816gemm_bf16_64x64_ldg8_relu_f2f_stages_64x5_tn,vlm.vision.camera2,12032.000000000002,4001152.0,679477248.0,589824.0,22085856.0,2752182272.0,10362880.0,38.61,49.38,49.38,30.57,8.33,9.22,24.69
607,vlm,QKV,Vision: K projection + bias,ampere_bf16_s16816gemm_bf16_64x64_ldg8_relu_f2f_stages_64x5_tn,vlm.vision.camera2,12032.000000000002,4002944.0,679477248.0,589824.0,22083200.0,2751019008.0,10354688.0,38.66,49.4,49.4,30.59,8.33,9.27,24.7
608,vlm,QKV,Vision: V projection + bias,ampere_bf16_s16816gemm_bf16_64x64_ldg8_relu_f2f_stages_64x5_tn,vlm.vision.camera2,12032.000000000002,4001920.0,679477248.0,589824.0,22063808.0,2752374784.0,10362880.0,38.62,49.37,49.37,30.53,8.33,9.3,24.69
609,vlm,Vision attention,Vision: FlashAttention split-KV attention,"void pytorch_flash::flash_fwd_splitkv_kernel<Flash_fwd_kernel_traits<96, 64, 128, 4, 0, 0, cutlass::bfloat16_t, Flash_kernel_traits<96, 64, 128, 4, cutlass::bfloat16_t>>, 0, 0, 0, 0, 0, 0, 1, 0>(pytorch_flash::Flash_fwd_params)",vlm.vision.camera2,14368.0,2092032.0,402653184.0,4259840.0,12285952.0,3351666688.0,12386304.0,16.89,24.03,24.03,18.0,8.29,11.71,12.01
610,vlm,Vision attention,Vision: FlashAttention split-KV combine,"void pytorch_flash::flash_fwd_splitkv_combine_kernel<Flash_fwd_kernel_traits<96, 64, 128, 4, 0, 0, cutlass::bfloat16_t, Flash_kernel_traits<96, 64, 128, 4, cutlass::bfloat16_t>>, 16, 1, 0>(pytorch_flash::Flash_fwd_params)",vlm.vision.camera2,6688.0,2693888.0,0.0,2260992.0,3434336.0,1561964544.0,5742592.0,46.91,0.0,11.37,11.86,20.89,14.46,0.0
611,vlm,O projection,Vision: attention output projection + bias,ampere_bf16_s16816gemm_bf16_64x64_ldg8_relu_f2f_stages_64x5_tn,vlm.vision.camera2,12032.000000000002,4000768.0,679477248.0,589824.0,22062688.0,2753230848.0,10354688.0,38.64,49.36,49.36,30.53,8.33,9.25,24.68
612,vlm,Norm / residual,Vision: residual / LayerNorm variant 9,triton_red_fused_add_native_layer_norm_view_9,vlm.vision.camera2,7488.0,3275648.0,0.0,14704652.0,4735264.0,1738000384.0,6422528.0,51.0,0.0,17.23,13.08,45.38,24.68,0.0
613,vlm,FFN up,Vision: FFN up + bias + GELU,triton_tem_fused_addmm_gelu_native_layer_norm_t_view_5,vlm.vision.camera2,30496.0,13042944.0,2566914048.0,17076934.0,82812768.0,6940073984.0,26312704.0,49.57,73.97,73.97,45.32,39.27,13.44,36.99
614,vlm,FFN down,Vision: FFN down + bias,ampere_bf16_s16816gemm_bf16_64x64_sliced1x2_ldg8_relu_f2f_stages_64x5_tn,vlm.vision.camera2,33728.0,15088640.0,2566914048.0,1179648.0,80207424.0,7769745408.0,29089792.0,51.87,66.07,66.07,39.36,8.33,8.6,33.04
615,vlm,Norm / residual,Vision: residual / LayerNorm variant 6,triton_red_fused_add_native_layer_norm_view_6,vlm.vision.camera2,4608.000000000001,1316864.0,0.0,11333632.0,2418272.0,1073186816.0,3956736.0,33.28,0.0,17.21,8.64,22.75,27.63,0.0
616,vlm,QKV,Vision: Q projection + bias,ampere_bf16_s16816gemm_bf16_64x64_ldg8_relu_f2f_stages_64x5_tn,vlm.vision.camera2,12064.0,3998080.0,679477248.0,589824.0,22083264.0,2759616512.0,10371072.0,38.55,49.24,49.24,30.5,8.33,9.26,24.62
617,vlm,QKV,Vision: K projection + bias,ampere_bf16_s16816gemm_bf16_64x64_ldg8_relu_f2f_stages_64x5_tn,vlm.vision.camera2,11904.000000000002,4002432.0,679477248.0,589824.0,22081856.0,2724425728.0,10272768.0,38.96,49.88,49.88,30.88,8.33,9.21,24.94
618,vlm,QKV,Vision: V projection + bias,ampere_bf16_s16816gemm_bf16_64x64_ldg8_relu_f2f_stages_64x5_tn,vlm.vision.camera2,11904.000000000002,4003200.0,679477248.0,589824.0,22082624.0,2716370944.0,10215424.0,39.19,50.03,50.03,30.98,8.33,9.33,25.01
619,vlm,Vision attention,Vision: FlashAttention split-KV attention,"void pytorch_flash::flash_fwd_splitkv_kernel<Flash_fwd_kernel_traits<96, 64, 128, 4, 0, 0, cutlass::bfloat16_t, Flash_kernel_traits<96, 64, 128, 4, cutlass::bfloat16_t>>, 0, 0, 0, 0, 0, 0, 1, 0>(pytorch_flash::Flash_fwd_params)",vlm.vision.camera2,14368.0,2101376.0,402653184.0,4259840.0,12282624.0,3345321984.0,12345344.0,17.02,24.07,24.07,18.28,8.29,11.55,12.04
620,vlm,Vision attention,Vision: FlashAttention split-KV combine,"void pytorch_flash::flash_fwd_splitkv_combine_kernel<Flash_fwd_kernel_traits<96, 64, 128, 4, 0, 0, cutlass::bfloat16_t, Flash_kernel_traits<96, 64, 128, 4, cutlass::bfloat16_t>>, 16, 1, 0>(pytorch_flash::Flash_fwd_params)",vlm.vision.camera2,6848.0,2680064.0,0.0,2260992.0,3436448.0,1603614720.0,5865472.0,45.69,0.0,11.07,11.55,21.13,14.38,0.0
621,vlm,O projection,Vision: attention output projection + bias,ampere_bf16_s16816gemm_bf16_64x64_ldg8_relu_f2f_stages_64x5_tn,vlm.vision.camera2,12064.0,4002944.0,679477248.0,589824.0,22083808.0,2761633792.0,10371072.0,38.6,49.21,49.21,30.47,8.33,9.33,24.6
622,vlm,Norm / residual,Vision: residual / LayerNorm variant 7,triton_red_fused_add_native_layer_norm_view_7,vlm.vision.camera2,5152.0,1974016.0,0.0,14757888.0,2989472.0,1190287360.0,4390912.0,44.96,0.0,23.63,11.5,40.8,33.55,0.0
623,vlm,FFN up,Vision: FFN up + bias + GELU,triton_tem_fused_addmm_gelu_native_layer_norm_t_view_5,vlm.vision.camera2,30432.000000000004,13043328.0,2566914048.0,16930459.0,82827264.0,6924070912.0,26247168.0,49.69,74.14,74.14,45.44,39.43,13.37,37.07
624,vlm,FFN down,Vision: FFN down + bias,ampere_bf16_s16816gemm_bf16_64x64_sliced1x2_ldg8_relu_f2f_stages_64x5_tn,vlm.vision.camera2,33824.0,15091456.0,2566914048.0,1179648.0,80224448.0,7790733312.0,29147136.0,51.78,65.9,65.9,39.28,8.33,8.59,32.95
625,vlm,Norm / residual,Vision: residual / LayerNorm variant 8,triton_red_fused_add_native_layer_norm_view_8,vlm.vision.camera2,6400.000000000001,2648448.0,0.0,13467648.0,3634848.0,1494022144.0,5505024.0,48.11,0.0,16.25,12.22,22.96,22.73,0.0
626,vlm,QKV,Vision: Q projection + bias,ampere_bf16_s16816gemm_bf16_64x64_ldg8_relu_f2f_stages_64x5_tn,vlm.vision.camera2,12032.000000000002,3998848.0,679477248.0,589824.0,22084320.0,2751881216.0,10346496.0,38.65,49.38,49.38,30.57,8.33,9.2,24.69
627,vlm,QKV,Vision: K projection + bias,ampere_bf16_s16816gemm_bf16_64x64_ldg8_relu_f2f_stages_64x5_tn,vlm.vision.camera2,12032.000000000002,4000128.0,679477248.0,589824.0,22082880.0,2746544128.0,10330112.0,38.72,49.48,49.48,30.64,8.33,9.32,24.74
628,vlm,QKV,Vision: V projection + bias,ampere_bf16_s16816gemm_bf16_64x64_ldg8_relu_f2f_stages_64x5_tn,vlm.vision.camera2,11936.0,4002944.0,679477248.0,589824.0,22067104.0,2722680832.0,10240000.0,39.09,49.91,49.91,30.87,8.33,9.29,24.96
629,vlm,Vision attention,Vision: FlashAttention split-KV attention,"void pytorch_flash::flash_fwd_splitkv_kernel<Flash_fwd_kernel_traits<96, 64, 128, 4, 0, 0, cutlass::bfloat16_t, Flash_kernel_traits<96, 64, 128, 4, cutlass::bfloat16_t>>, 0, 0, 0, 0, 0, 0, 1, 0>(pytorch_flash::Flash_fwd_params)",vlm.vision.camera2,14432.0,2094208.0,402653184.0,4259840.0,12283040.0,3359252480.0,12402688.0,16.89,23.97,23.97,18.05,8.3,11.62,11.99
630,vlm,Vision attention,Vision: FlashAttention split-KV combine,"void pytorch_flash::flash_fwd_splitkv_combine_kernel<Flash_fwd_kernel_traits<96, 64, 128, 4, 0, 0, cutlass::bfloat16_t, Flash_kernel_traits<96, 64, 128, 4, cutlass::bfloat16_t>>, 16, 1, 0>(pytorch_flash::Flash_fwd_params)",vlm.vision.camera2,6784.000000000001,2717184.0,0.0,2260992.0,3437920.0,1584578560.0,5824512.0,46.65,0.0,11.21,11.69,21.2,14.37,0.0
631,vlm,O projection,Vision: attention output projection + bias,ampere_bf16_s16816gemm_bf16_64x64_ldg8_relu_f2f_stages_64x5_tn,vlm.vision.camera2,12000.0,4002816.0,679477248.0,589824.0,22083456.0,2744975360.0,10321920.0,38.78,49.51,49.51,30.66,8.33,9.3,24.75
632,vlm,Norm / residual,Vision: residual / LayerNorm variant 9,triton_red_fused_add_native_layer_norm_view_9,vlm.vision.camera2,7424.0,3277056.0,0.0,14704648.0,4755488.0,1723639808.0,6356992.0,51.55,0.0,17.37,13.18,45.36,24.54,0.0
633,vlm,FFN up,Vision: FFN up + bias + GELU,triton_tem_fused_addmm_gelu_native_layer_norm_t_view_5,vlm.vision.camera2,30464.0,13038976.0,2566914048.0,17042158.0,82828416.0,6926348288.0,26263552.0,49.65,74.12,74.12,45.43,40.01,13.33,37.06
634,vlm,FFN down,Vision: FFN down + bias,ampere_bf16_s16816gemm_bf16_64x64_sliced1x2_ldg8_relu_f2f_stages_64x5_tn,vlm.vision.camera2,34048.0,15093888.0,2566914048.0,1179648.0,80221472.0,7850563584.0,29360128.0,51.41,65.39,65.39,38.96,8.33,8.58,32.7
635,vlm,Norm / residual,Vision: residual / LayerNorm variant 6,triton_red_fused_add_native_layer_norm_view_6,vlm.vision.camera2,4384.0,1322880.0,0.0,11333632.0,2420672.0,1017565184.0,3760128.0,35.18,0.0,18.15,9.12,22.14,27.4,0.0
636,vlm,QKV,Vision: Q projection + bias,ampere_bf16_s16816gemm_bf16_64x64_ldg8_relu_f2f_stages_64x5_tn,vlm.vision.camera2,11968.000000000002,3999872.0,679477248.0,589824.0,22083808.0,2736363520.0,10297344.0,38.84,49.66,49.66,30.76,8.33,9.37,24.83
637,vlm,QKV,Vision: K projection + bias,ampere_bf16_s16816gemm_bf16_64x64_ldg8_relu_f2f_stages_64x5_tn,vlm.vision.camera2,12160.0,4002944.0,679477248.0,589824.0,22083168.0,2776072192.0,10444800.0,38.32,48.95,48.95,30.3,8.33,9.29,24.48
638,vlm,QKV,Vision: V projection + bias,ampere_bf16_s16816gemm_bf16_64x64_ldg8_relu_f2f_stages_64x5_tn,vlm.vision.camera2,11968.000000000002,4002304.0,679477248.0,589824.0,22082912.0,2732748800.0,10305536.0,38.84,49.73,49.73,30.79,8.33,9.16,24.86
639,vlm,Vision attention,Vision: FlashAttention split-KV attention,"void pytorch_flash::flash_fwd_splitkv_kernel<Flash_fwd_kernel_traits<96, 64, 128, 4, 0, 0, cutlass::bfloat16_t, Flash_kernel_traits<96, 64, 128, 4, cutlass::bfloat16_t>>, 0, 0, 0, 0, 0, 0, 1, 0>(pytorch_flash::Flash_fwd_params)",vlm.vision.camera2,14368.0,2094592.0,402653184.0,4259840.0,12286080.0,3343706112.0,12337152.0,16.98,24.08,24.08,18.14,8.29,11.72,12.04
640,vlm,Vision attention,Vision: FlashAttention split-KV combine,"void pytorch_flash::flash_fwd_splitkv_combine_kernel<Flash_fwd_kernel_traits<96, 64, 128, 4, 0, 0, cutlass::bfloat16_t, Flash_kernel_traits<96, 64, 128, 4, cutlass::bfloat16_t>>, 16, 1, 0>(pytorch_flash::Flash_fwd_params)",vlm.vision.camera2,6912.0,2697088.0,0.0,2260992.0,3442016.0,1618440192.0,5931008.0,45.47,0.0,10.97,11.44,21.01,14.39,0.0
641,vlm,O projection,Vision: attention output projection + bias,ampere_bf16_s16816gemm_bf16_64x64_ldg8_relu_f2f_stages_64x5_tn,vlm.vision.camera2,11936.0,3998976.0,679477248.0,589824.0,22085856.0,2724786176.0,10240000.0,39.05,49.87,49.87,30.88,8.33,9.29,24.94
642,vlm,Norm / residual,Vision: residual / LayerNorm variant 7,triton_red_fused_add_native_layer_norm_view_7,vlm.vision.camera2,5248.0,1970176.0,0.0,14757888.0,3018208.0,1220823040.0,4489216.0,43.89,0.0,23.04,11.2,40.46,32.83,0.0
643,vlm,FFN up,Vision: FFN up + bias + GELU,triton_tem_fused_addmm_gelu_native_layer_norm_t_view_5,vlm.vision.camera2,30560.0,13038208.0,2566914048.0,16907891.0,82827520.0,6951241728.0,26345472.0,49.49,73.85,73.85,45.26,39.65,13.35,36.93
644,vlm,FFN down,Vision: FFN down + bias,ampere_bf16_s16816gemm_bf16_64x64_sliced1x2_ldg8_relu_f2f_stages_64x5_tn,vlm.vision.camera2,33760.0,15092480.0,2566914048.0,1179648.0,80222400.0,7775428608.0,29089792.0,51.88,66.03,66.03,39.35,8.33,8.59,33.01
645,vlm,Norm / residual,Vision: residual / LayerNorm variant 8,triton_red_fused_add_native_layer_norm_view_8,vlm.vision.camera2,6592.000000000001,2634752.0,0.0,13467648.0,3679392.0,1538410496.0,5677056.0,46.41,0.0,15.78,11.86,22.94,23.1,0.0
646,vlm,QKV,Vision: Q projection + bias,ampere_bf16_s16816gemm_bf16_64x64_ldg8_relu_f2f_stages_64x5_tn,vlm.vision.camera2,12032.000000000002,4001792.0,679477248.0,589824.0,22082976.0,2750511104.0,10354688.0,38.65,49.41,49.41,30.58,8.33,9.22,24.7
647,vlm,QKV,Vision: K projection + bias,ampere_bf16_s16816gemm_bf16_64x64_ldg8_relu_f2f_stages_64x5_tn,vlm.vision.camera2,11936.0,4002560.0,679477248.0,589824.0,22082784.0,2724861952.0,10256384.0,39.03,49.87,49.87,30.89,8.33,9.31,24.94
648,vlm,QKV,Vision: V projection + bias,ampere_bf16_s16816gemm_bf16_64x64_ldg8_relu_f2f_stages_64x5_tn,vlm.vision.camera2,11936.0,4000512.0,679477248.0,589824.0,22062176.0,2722400256.0,10248192.0,39.04,49.92,49.92,30.87,8.33,9.28,24.96
649,vlm,Vision attention,Vision: FlashAttention split-KV attention,"void pytorch_flash::flash_fwd_splitkv_kernel<Flash_fwd_kernel_traits<96, 64, 128, 4, 0, 0, cutlass::bfloat16_t, Flash_kernel_traits<96, 64, 128, 4, cutlass::bfloat16_t>>, 0, 0, 0, 0, 0, 0, 1, 0>(pytorch_flash::Flash_fwd_params)",vlm.vision.camera2,14176.000000000002,2085248.0,402653184.0,4259840.0,12263872.0,3299512320.0,12189696.0,17.11,24.41,24.41,18.3,8.29,11.67,12.2
650,vlm,Vision attention,Vision: FlashAttention split-KV combine,"void pytorch_flash::flash_fwd_splitkv_combine_kernel<Flash_fwd_kernel_traits<96, 64, 128, 4, 0, 0, cutlass::bfloat16_t, Flash_kernel_traits<96, 64, 128, 4, cutlass::bfloat16_t>>, 16, 1, 0>(pytorch_flash::Flash_fwd_params)",vlm.vision.camera2,7008.000000000001,2710272.0,0.0,2260992.0,3437792.0,1644451840.0,6037504.0,44.89,0.0,10.8,11.26,21.06,14.69,0.0
651,vlm,O projection,Vision: attention output projection + bias,ampere_bf16_s16816gemm_bf16_64x64_ldg8_relu_f2f_stages_64x5_tn,vlm.vision.camera2,11968.000000000002,4000768.0,679477248.0,589824.0,22082912.0,2738468864.0,10280960.0,38.91,49.62,49.62,30.74,8.33,9.25,24.81
652,vlm,Norm / residual,Vision: residual / LayerNorm variant 9,triton_red_fused_add_native_layer_norm_view_9,vlm.vision.camera2,7168.000000000001,3251072.0,0.0,14704640.0,4771680.0,1668958208.0,6160384.0,52.77,0.0,17.94,13.61,44.99,24.38,0.0
653,vlm,FFN up,Vision: FFN up + bias + GELU,triton_tem_fused_addmm_gelu_native_layer_norm_t_view_5,vlm.vision.camera2,30400.0,13044224.0,2566914048.0,16807637.0,82830496.0,6912964608.0,26198016.0,49.79,74.26,74.26,45.5,39.53,13.37,37.13
654,vlm,FFN down,Vision: FFN down + bias,ampere_bf16_s16816gemm_bf16_64x64_sliced1x2_ldg8_relu_f2f_stages_64x5_tn,vlm.vision.camera2,33856.0,15105152.0,2566914048.0,1179648.0,80234080.0,7805751296.0,29188096.0,51.75,65.77,65.77,39.22,8.33,8.58,32.88
655,vlm,Norm / residual,Vision: residual / LayerNorm variant 6,triton_red_fused_add_native_layer_norm_view_6,vlm.vision.camera2,4480.0,1321344.0,0.0,11333632.0,2402304.0,1037295616.0,3817472.0,34.61,0.0,17.8,8.87,22.79,27.77,0.0
656,vlm,QKV,Vision: Q projection + bias,ampere_bf16_s16816gemm_bf16_64x64_ldg8_relu_f2f_stages_64x5_tn,vlm.vision.camera2,11904.000000000002,4000896.0,679477248.0,589824.0,22082912.0,2718932992.0,10231808.0,39.1,49.98,49.98,30.95,8.33,9.25,24.99
657,vlm,QKV,Vision: K projection + bias,ampere_bf16_s16816gemm_bf16_64x64_ldg8_relu_f2f_stages_64x5_tn,vlm.vision.camera2,11904.000000000002,4000768.0,679477248.0,589824.0,22085792.0,2717136896.0,10223616.0,39.13,50.01,50.01,30.96,8.33,9.26,25.01
658,vlm,QKV,Vision: V projection + bias,ampere_bf16_s16816gemm_bf16_64x64_ldg8_relu_f2f_stages_64x5_tn,vlm.vision.camera2,11872.0,4002560.0,679477248.0,589824.0,22083360.0,2716741632.0,10215424.0,39.18,50.02,50.02,30.98,8.33,9.32,25.01
659,vlm,Vision attention,Vision: FlashAttention split-KV attention,"void pytorch_flash::flash_fwd_splitkv_kernel<Flash_fwd_kernel_traits<96, 64, 128, 4, 0, 0, cutlass::bfloat16_t, Flash_kernel_traits<96, 64, 128, 4, cutlass::bfloat16_t>>, 0, 0, 0, 0, 0, 0, 1, 0>(pytorch_flash::Flash_fwd_params)",vlm.vision.camera2,14272.000000000002,2098048.0,402653184.0,4259840.0,12253728.0,3321255936.0,12271616.0,17.1,24.25,24.25,18.37,8.3,11.68,12.12
660,vlm,Vision attention,Vision: FlashAttention split-KV combine,"void pytorch_flash::flash_fwd_splitkv_combine_kernel<Flash_fwd_kernel_traits<96, 64, 128, 4, 0, 0, cutlass::bfloat16_t, Flash_kernel_traits<96, 64, 128, 4, cutlass::bfloat16_t>>, 16, 1, 0>(pytorch_flash::Flash_fwd_params)",vlm.vision.camera2,6816.000000000001,2699264.0,0.0,2260992.0,3418976.0,1594882048.0,5849088.0,46.15,0.0,11.13,11.61,21.12,14.42,0.0
661,vlm,O projection,Vision: attention output projection + bias,ampere_bf16_s16816gemm_bf16_64x64_ldg8_relu_f2f_stages_64x5_tn,vlm.vision.camera2,12032.000000000002,4004736.0,679477248.0,589824.0,22080704.0,2753812480.0,10371072.0,38.61,49.35,49.35,30.57,8.33,9.3,24.67
662,vlm,Norm / residual,Vision: residual / LayerNorm variant 7,triton_red_fused_add_native_layer_norm_view_7,vlm.vision.camera2,5216.000000000001,1960192.0,0.0,14757888.0,3012832.0,1205198848.0,4472832.0,43.82,0.0,23.35,11.34,40.87,33.73,0.0
663,vlm,FFN up,Vision: FFN up + bias + GELU,triton_tem_fused_addmm_gelu_native_layer_norm_t_view_5,vlm.vision.camera2,30688.0,13045760.0,2566914048.0,16718856.0,82829056.0,6985684992.0,26476544.0,49.27,73.49,73.49,45.02,40.31,13.33,36.75
664,vlm,FFN down,Vision: FFN down + bias,ampere_bf16_s16816gemm_bf16_64x64_sliced1x2_ldg8_relu_f2f_stages_64x5_tn,vlm.vision.camera2,33920.0,15092480.0,2566914048.0,1179648.0,80224384.0,7820670976.0,29245440.0,51.61,65.64,65.64,39.14,8.33,8.55,32.82
665,vlm,Norm / residual,Vision: residual / LayerNorm variant 8,triton_red_fused_add_native_layer_norm_view_8,vlm.vision.camera2,6464.0,2629504.0,0.0,13467648.0,3679104.0,1508116480.0,5554176.0,47.34,0.0,16.09,12.09,22.83,23.19,0.0
666,vlm,QKV,Vision: Q projection + bias,ampere_bf16_s16816gemm_bf16_64x64_ldg8_relu_f2f_stages_64x5_tn,vlm.vision.camera2,11968.000000000002,4001536.0,679477248.0,589824.0,22082848.0,2737866752.0,10305536.0,38.83,49.64,49.64,30.74,8.33,9.33,24.82
667,vlm,QKV,Vision: K projection + bias,ampere_bf16_s16816gemm_bf16_64x64_ldg8_relu_f2f_stages_64x5_tn,vlm.vision.camera2,12032.000000000002,4002944.0,679477248.0,589824.0,22082336.0,2753198080.0,10362880.0,38.63,49.36,49.36,30.57,8.33,9.19,24.68
668,vlm,QKV,Vision: V projection + bias,ampere_bf16_s16816gemm_bf16_64x64_ldg8_relu_f2f_stages_64x5_tn,vlm.vision.camera2,11872.0,3998976.0,679477248.0,589824.0,22066976.0,2714851328.0,10223616.0,39.12,50.06,50.06,30.97,8.33,9.27,25.03
669,vlm,Vision attention,Vision: FlashAttention split-KV attention,"void pytorch_flash::flash_fwd_splitkv_kernel<Flash_fwd_kernel_traits<96, 64, 128, 4, 0, 0, cutlass::bfloat16_t, Flash_kernel_traits<96, 64, 128, 4, cutlass::bfloat16_t>>, 0, 0, 0, 0, 0, 0, 1, 0>(pytorch_flash::Flash_fwd_params)",vlm.vision.camera2,14336.000000000002,2098688.0,402653184.0,4259840.0,12282080.0,3334623232.0,12320768.0,17.03,24.15,24.15,18.1,8.29,11.73,12.07
670,vlm,Vision attention,Vision: FlashAttention split-KV combine,"void pytorch_flash::flash_fwd_splitkv_combine_kernel<Flash_fwd_kernel_traits<96, 64, 128, 4, 0, 0, cutlass::bfloat16_t, Flash_kernel_traits<96, 64, 128, 4, cutlass::bfloat16_t>>, 16, 1, 0>(pytorch_flash::Flash_fwd_params)",vlm.vision.camera2,6848.0,2699136.0,0.0,2260992.0,3436672.0,1601370112.0,5857280.0,46.08,0.0,11.09,11.57,21.08,14.64,0.0
671,vlm,O projection,Vision: attention output projection + bias,ampere_bf16_s16816gemm_bf16_64x64_ldg8_relu_f2f_stages_64x5_tn,vlm.vision.camera2,12128.000000000002,4003456.0,679477248.0,589824.0,22070048.0,2774728704.0,10428416.0,38.39,48.98,48.98,30.32,8.33,9.26,24.49
672,vlm,Norm / residual,Vision: residual / LayerNorm variant 9,triton_red_fused_add_native_layer_norm_view_9,vlm.vision.camera2,7296.0,3245952.0,0.0,14704644.0,4756256.0,1697028096.0,6275072.0,51.73,0.0,17.65,13.38,45.29,24.69,0.0
673,vlm,FFN up,Vision: FFN up + bias + GELU,triton_tem_fused_addmm_gelu_native_layer_norm_t_view_5,vlm.vision.camera2,30528.000000000004,13041280.0,2566914048.0,16622144.0,82828864.0,6945771520.0,26329088.0,49.53,73.91,73.91,45.3,39.21,13.27,36.96
674,vlm,FFN down,Vision: FFN down + bias,ampere_bf16_s16816gemm_bf16_64x64_sliced1x2_ldg8_relu_f2f_stages_64x5_tn,vlm.vision.camera2,33824.0,15089152.0,2566914048.0,1179648.0,80223424.0,7799111680.0,29179904.0,51.71,65.83,65.83,39.23,8.33,8.58,32.91
675,vlm,Norm / residual,Vision: residual / LayerNorm variant 6,triton_red_fused_add_native_layer_norm_view_6,vlm.vision.camera2,4512.0,1318272.0,0.0,11333632.0,2417536.0,1051480064.0,3866624.0,34.09,0.0,17.56,8.82,22.66,26.57,0.0
676,vlm,QKV,Vision: Q projection + bias,ampere_bf16_s16816gemm_bf16_64x64_ldg8_relu_f2f_stages_64x5_tn,vlm.vision.camera2,12032.000000000002,4001536.0,679477248.0,589824.0,22083264.0,2742337536.0,10321920.0,38.77,49.55,49.55,30.71,8.33,9.35,24.78
677,vlm,QKV,Vision: K projection + bias,ampere_bf16_s16816gemm_bf16_64x64_ldg8_relu_f2f_stages_64x5_tn,vlm.vision.camera2,11904.000000000002,3996416.0,679477248.0,589824.0,22083680.0,2719766528.0,10248192.0,39.0,49.97,49.97,30.93,8.33,9.35,24.98
678,vlm,QKV,Vision: V projection + bias,ampere_bf16_s16816gemm_bf16_64x64_ldg8_relu_f2f_stages_64x5_tn,vlm.vision.camera2,12032.000000000002,4000384.0,679477248.0,589824.0,22083328.0,2749753344.0,10338304.0,38.69,49.42,49.42,30.6,8.33,9.3,24.71
679,vlm,Vision attention,Vision: FlashAttention split-KV attention,"void pytorch_flash::flash_fwd_splitkv_kernel<Flash_fwd_kernel_traits<96, 64, 128, 4, 0, 0, cutlass::bfloat16_t, Flash_kernel_traits<96, 64, 128, 4, cutlass::bfloat16_t>>, 0, 0, 0, 0, 0, 0, 1, 0>(pytorch_flash::Flash_fwd_params)",vlm.vision.camera2,14432.0,2099968.0,402653184.0,4259840.0,12287328.0,3362379776.0,12427264.0,16.9,23.95,23.95,17.99,8.29,11.6,11.98
680,vlm,Vision attention,Vision: FlashAttention split-KV combine,"void pytorch_flash::flash_fwd_splitkv_combine_kernel<Flash_fwd_kernel_traits<96, 64, 128, 4, 0, 0, cutlass::bfloat16_t, Flash_kernel_traits<96, 64, 128, 4, cutlass::bfloat16_t>>, 16, 1, 0>(pytorch_flash::Flash_fwd_params)",vlm.vision.camera2,6752.000000000001,2686336.0,0.0,2260992.0,3435168.0,1577748480.0,5783552.0,46.45,0.0,11.26,11.73,21.03,14.19,0.0
681,vlm,O projection,Vision: attention output projection + bias,ampere_bf16_s16816gemm_bf16_64x64_ldg8_relu_f2f_stages_64x5_tn,vlm.vision.camera2,12000.0,4005504.0,679477248.0,589824.0,22052352.0,2746351616.0,10321920.0,38.81,49.48,49.48,30.61,8.33,9.23,24.74
682,vlm,Norm / residual,Vision: residual / LayerNorm variant 7,triton_red_fused_add_native_layer_norm_view_7,vlm.vision.camera2,5056.0,1964032.0,0.0,14757888.0,3017312.0,1174525952.0,4329472.0,45.36,0.0,23.95,11.64,40.55,32.81,0.0
683,vlm,FFN up,Vision: FFN up + bias + GELU,triton_tem_fused_addmm_gelu_native_layer_norm_t_view_5,vlm.vision.camera2,30720.000000000004,13039744.0,2566914048.0,16646770.0,82829568.0,6986414080.0,26476544.0,49.25,73.48,73.48,45.04,40.38,13.3,36.74
684,vlm,FFN down,Vision: FFN down + bias,ampere_bf16_s16816gemm_bf16_64x64_sliced1x2_ldg8_relu_f2f_stages_64x5_tn,vlm.vision.camera2,33856.0,15094016.0,2566914048.0,1179648.0,80223648.0,7797727232.0,29163520.0,51.76,65.84,65.84,39.24,8.33,8.59,32.92
685,vlm,Norm / residual,Vision: residual / LayerNorm variant 8,triton_red_fused_add_native_layer_norm_view_8,vlm.vision.camera2,6496.0,2632448.0,0.0,13467648.0,3641824.0,1513439232.0,5554176.0,47.4,0.0,16.04,12.07,22.75,22.49,0.0
686,vlm,QKV,Vision: Q projection + bias,ampere_bf16_s16816gemm_bf16_64x64_ldg8_relu_f2f_stages_64x5_tn,vlm.vision.camera2,12160.0,3998464.0,679477248.0,589824.0,22084736.0,2782074880.0,10452992.0,38.25,48.85,48.85,30.25,8.33,9.31,24.42
687,vlm,QKV,Vision: K projection + bias,ampere_bf16_s16816gemm_bf16_64x64_ldg8_relu_f2f_stages_64x5_tn,vlm.vision.camera2,11968.000000000002,4000128.0,679477248.0,589824.0,22036384.0,2732087296.0,10272768.0,38.94,49.74,49.74,30.72,8.33,9.26,24.87
688,vlm,QKV,Vision: V projection + bias,ampere_bf16_s16816gemm_bf16_64x64_ldg8_relu_f2f_stages_64x5_tn,vlm.vision.camera2,11968.000000000002,3997696.0,679477248.0,589824.0,22048544.0,2739699712.0,10321920.0,38.73,49.6,49.6,30.66,8.33,9.3,24.8
689,vlm,Vision attention,Vision: FlashAttention split-KV attention,"void pytorch_flash::flash_fwd_splitkv_kernel<Flash_fwd_kernel_traits<96, 64, 128, 4, 0, 0, cutlass::bfloat16_t, Flash_kernel_traits<96, 64, 128, 4, cutlass::bfloat16_t>>, 0, 0, 0, 0, 0, 0, 1, 0>(pytorch_flash::Flash_fwd_params)",vlm.vision.camera2,14432.0,2103168.0,402653184.0,4259840.0,12285952.0,3356262400.0,12386304.0,16.98,23.99,23.99,17.98,8.3,11.64,12.0
690,vlm,Vision attention,Vision: FlashAttention split-KV combine,"void pytorch_flash::flash_fwd_splitkv_combine_kernel<Flash_fwd_kernel_traits<96, 64, 128, 4, 0, 0, cutlass::bfloat16_t, Flash_kernel_traits<96, 64, 128, 4, cutlass::bfloat16_t>>, 16, 1, 0>(pytorch_flash::Flash_fwd_params)",vlm.vision.camera2,6784.000000000001,2712320.0,0.0,2260992.0,3436448.0,1586974720.0,5799936.0,46.76,0.0,11.19,11.67,21.19,14.62,0.0
691,vlm,O projection,Vision: attention output projection + bias,ampere_bf16_s16816gemm_bf16_64x64_ldg8_relu_f2f_stages_64x5_tn,vlm.vision.camera2,12096.0,3998208.0,679477248.0,589824.0,22084960.0,2763442176.0,10379264.0,38.52,49.18,49.18,30.47,8.33,9.29,24.59
692,vlm,Norm / residual,Vision: residual / LayerNorm variant 9,triton_red_fused_add_native_layer_norm_view_9,vlm.vision.camera2,7264.0,3259136.0,0.0,14704644.0,4755616.0,1683619840.0,6209536.0,52.49,0.0,17.79,13.49,45.15,23.95,0.0
693,vlm,FFN up,Vision: FFN up + bias + GELU,triton_tem_fused_addmm_gelu_native_layer_norm_t_view_5,vlm.vision.camera2,30496.0,13042176.0,2566914048.0,16488430.0,82827872.0,6936229888.0,26296320.0,49.6,74.01,74.01,45.36,39.24,13.33,37.01
694,vlm,FFN down,Vision: FFN down + bias,ampere_bf16_s16816gemm_bf16_64x64_sliced1x2_ldg8_relu_f2f_stages_64x5_tn,vlm.vision.camera2,33856.0,15087232.0,2566914048.0,1179648.0,80223968.0,7796944896.0,29179904.0,51.7,65.84,65.84,39.24,8.33,8.57,32.92
695,vlm,Norm / residual,Vision: residual / LayerNorm variant 6,triton_red_fused_add_native_layer_norm_view_6,vlm.vision.camera2,4608.000000000001,1331968.0,0.0,11333632.0,2402464.0,1074800640.0,3948544.0,33.73,0.0,17.18,8.57,22.74,27.5,0.0
696,vlm,QKV,Vision: Q projection + bias,ampere_bf16_s16816gemm_bf16_64x64_ldg8_relu_f2f_stages_64x5_tn,vlm.vision.camera2,12128.000000000002,3999872.0,679477248.0,589824.0,22085408.0,2767671296.0,10420224.0,38.39,49.1,49.1,30.43,8.33,9.29,24.55
697,vlm,QKV,Vision: K projection + bias,ampere_bf16_s16816gemm_bf16_64x64_ldg8_relu_f2f_stages_64x5_tn,vlm.vision.camera2,11968.000000000002,4001152.0,679477248.0,589824.0,22036384.0,2726770688.0,10264576.0,38.98,49.84,49.84,30.78,8.33,9.33,24.92
698,vlm,QKV,Vision: V projection + bias,ampere_bf16_s16816gemm_bf16_64x64_ldg8_relu_f2f_stages_64x5_tn,vlm.vision.camera2,11840.0,3998464.0,679477248.0,589824.0,22084128.0,2699759616.0,10158080.0,39.36,50.34,50.34,31.15,8.33,9.34,25.17
699,vlm,Vision attention,Vision: FlashAttention split-KV attention,"void pytorch_flash::flash_fwd_splitkv_kernel<Flash_fwd_kernel_traits<96, 64, 128, 4, 0, 0, cutlass::bfloat16_t, Flash_kernel_traits<96, 64, 128, 4, cutlass::bfloat16_t>>, 0, 0, 0, 0, 0, 0, 1, 0>(pytorch_flash::Flash_fwd_params)",vlm.vision.camera2,14336.000000000002,2093440.0,402653184.0,4259840.0,12282912.0,3336937472.0,12337152.0,16.97,24.13,24.13,18.15,8.29,11.53,12.07
700,vlm,Vision attention,Vision: FlashAttention split-KV combine,"void pytorch_flash::flash_fwd_splitkv_combine_kernel<Flash_fwd_kernel_traits<96, 64, 128, 4, 0, 0, cutlass::bfloat16_t, Flash_kernel_traits<96, 64, 128, 4, cutlass::bfloat16_t>>, 16, 1, 0>(pytorch_flash::Flash_fwd_params)",vlm.vision.camera2,6816.000000000001,2687232.0,0.0,2260992.0,3436448.0,1600317440.0,5881856.0,45.69,0.0,11.1,11.57,21.01,14.22,0.0
701,vlm,O projection,Vision: attention output projection + bias,ampere_bf16_s16816gemm_bf16_64x64_ldg8_relu_f2f_stages_64x5_tn,vlm.vision.camera2,12000.0,4003968.0,679477248.0,589824.0,22085248.0,2741929984.0,10305536.0,38.85,49.56,49.56,30.7,8.33,9.26,24.78
702,vlm,Norm / residual,Vision: residual / LayerNorm variant 7,triton_red_fused_add_native_layer_norm_view_7,vlm.vision.camera2,5280.0,1979648.0,0.0,14757888.0,2975360.0,1224427520.0,4538368.0,43.62,0.0,22.97,11.17,40.93,32.88,0.0
703,vlm,FFN up,Vision: FFN up + bias + GELU,triton_tem_fused_addmm_gelu_native_layer_norm_t_view_5,vlm.vision.camera2,30528.000000000004,13041024.0,2566914048.0,16439836.0,82830880.0,6936762368.0,26296320.0,49.59,74.01,74.01,45.35,39.11,13.27,37.0
704,vlm,FFN down,Vision: FFN down + bias,ampere_bf16_s16816gemm_bf16_64x64_sliced1x2_ldg8_relu_f2f_stages_64x5_tn,vlm.vision.camera2,33856.0,15090304.0,2566914048.0,1179648.0,80223424.0,7800555520.0,29179904.0,51.71,65.81,65.81,39.22,8.33,8.58,32.91
705,vlm,Norm / residual,Vision: residual / LayerNorm variant 8,triton_red_fused_add_native_layer_norm_view_8,vlm.vision.camera2,6400.000000000001,2644864.0,0.0,13467648.0,3621792.0,1482440704.0,5455872.0,48.48,0.0,16.37,12.31,22.7,22.22,0.0
706,vlm,QKV,Vision: Q projection + bias,ampere_bf16_s16816gemm_bf16_64x64_ldg8_relu_f2f_stages_64x5_tn,vlm.vision.camera2,12000.0,4000512.0,679477248.0,589824.0,22085856.0,2739902464.0,10321920.0,38.76,49.6,49.6,30.71,8.33,9.19,24.8
707,vlm,QKV,Vision: K projection + bias,ampere_bf16_s16816gemm_bf16_64x64_ldg8_relu_f2f_stages_64x5_tn,vlm.vision.camera2,11904.000000000002,4001920.0,679477248.0,589824.0,22084192.0,2716825600.0,10240000.0,39.08,50.02,50.02,30.95,8.33,9.16,25.01
708,vlm,QKV,Vision: V projection + bias,ampere_bf16_s16816gemm_bf16_64x64_ldg8_relu_f2f_stages_64x5_tn,vlm.vision.camera2,12512.000000000002,4000128.0,679477248.0,589824.0,22086272.0,2864771072.0,10764288.0,37.16,47.44,47.44,29.37,8.33,9.25,23.72
709,vlm,Vision attention,Vision: FlashAttention split-KV attention,"void pytorch_flash::flash_fwd_splitkv_kernel<Flash_fwd_kernel_traits<96, 64, 128, 4, 0, 0, cutlass::bfloat16_t, Flash_kernel_traits<96, 64, 128, 4, cutlass::bfloat16_t>>, 0, 0, 0, 0, 0, 0, 1, 0>(pytorch_flash::Flash_fwd_params)",vlm.vision.camera2,14432.0,2092160.0,402653184.0,4259840.0,12281088.0,3356317696.0,12386304.0,16.89,23.99,23.99,17.96,8.29,11.58,12.0
710,vlm,Vision attention,Vision: FlashAttention split-KV combine,"void pytorch_flash::flash_fwd_splitkv_combine_kernel<Flash_fwd_kernel_traits<96, 64, 128, 4, 0, 0, cutlass::bfloat16_t, Flash_kernel_traits<96, 64, 128, 4, cutlass::bfloat16_t>>, 16, 1, 0>(pytorch_flash::Flash_fwd_params)",vlm.vision.camera2,6848.0,2706816.0,0.0,2260992.0,3422144.0,1603747840.0,5881856.0,46.02,0.0,11.07,11.55,21.0,14.52,0.0
711,vlm,O projection,Vision: attention output projection + bias,ampere_bf16_s16816gemm_bf16_64x64_ldg8_relu_f2f_stages_64x5_tn,vlm.vision.camera2,12064.0,4001536.0,679477248.0,589824.0,22085472.0,2755885056.0,10362880.0,38.61,49.31,49.31,30.54,8.33,9.13,24.66
712,vlm,Norm / residual,Vision: residual / LayerNorm variant 9,triton_red_fused_add_native_layer_norm_view_9,vlm.vision.camera2,7456.0,3262464.0,0.0,14704640.0,4773376.0,1728643072.0,6381568.0,51.12,0.0,17.32,13.14,45.36,24.27,0.0
713,vlm,FFN up,Vision: FFN up + bias + GELU,triton_tem_fused_addmm_gelu_native_layer_norm_t_view_5,vlm.vision.camera2,30464.0,13037568.0,2566914048.0,16573676.0,82828512.0,6927456256.0,26247168.0,49.67,74.11,74.11,45.4,40.08,13.41,37.05
714,vlm,FFN down,Vision: FFN down + bias,ampere_bf16_s16816gemm_bf16_64x64_sliced1x2_ldg8_relu_f2f_stages_64x5_tn,vlm.vision.camera2,33632.0,15092864.0,2566914048.0,1179648.0,80220800.0,7753844736.0,29007872.0,52.03,66.21,66.21,39.45,8.33,8.61,33.11
715,vlm,Norm / residual,Vision: residual / LayerNorm variant 6,triton_red_fused_add_native_layer_norm_view_6,vlm.vision.camera2,4416.000000000001,1323264.0,0.0,11333632.0,2402400.0,1029300224.0,3784704.0,34.96,0.0,17.94,8.95,22.77,27.91,0.0
716,vlm,QKV,Vision: Q projection + bias,ampere_bf16_s16816gemm_bf16_64x64_ldg8_relu_f2f_stages_64x5_tn,vlm.vision.camera2,12096.0,4000000.0,679477248.0,589824.0,22084128.0,2768687104.0,10420224.0,38.39,49.08,49.08,30.4,8.33,9.3,24.54
717,vlm,QKV,Vision: K projection + bias,ampere_bf16_s16816gemm_bf16_64x64_ldg8_relu_f2f_stages_64x5_tn,vlm.vision.camera2,11840.0,4001024.0,679477248.0,589824.0,22085504.0,2700140544.0,10182656.0,39.29,50.33,50.33,31.15,8.33,9.21,25.16
718,vlm,QKV,Vision: V projection + bias,ampere_bf16_s16816gemm_bf16_64x64_ldg8_relu_f2f_stages_64x5_tn,vlm.vision.camera2,12032.000000000002,4001536.0,679477248.0,589824.0,22084160.0,2751514624.0,10362880.0,38.61,49.39,49.39,30.58,8.33,9.27,24.69
719,vlm,Vision attention,Vision: FlashAttention split-KV attention,"void pytorch_flash::flash_fwd_splitkv_kernel<Flash_fwd_kernel_traits<96, 64, 128, 4, 0, 0, cutlass::bfloat16_t, Flash_kernel_traits<96, 64, 128, 4, cutlass::bfloat16_t>>, 0, 0, 0, 0, 0, 0, 1, 0>(pytorch_flash::Flash_fwd_params)",vlm.vision.camera2,14304.0,2095488.0,402653184.0,4259840.0,12285248.0,3331899392.0,12288000.0,17.05,24.17,24.17,18.21,8.3,11.67,12.08
720,vlm,Vision attention,Vision: FlashAttention split-KV combine,"void pytorch_flash::flash_fwd_splitkv_combine_kernel<Flash_fwd_kernel_traits<96, 64, 128, 4, 0, 0, cutlass::bfloat16_t, Flash_kernel_traits<96, 64, 128, 4, cutlass::bfloat16_t>>, 16, 1, 0>(pytorch_flash::Flash_fwd_params)",vlm.vision.camera2,6880.0,2695168.0,0.0,2260992.0,3438752.0,1601034240.0,5865472.0,45.95,0.0,11.09,11.56,21.09,14.37,0.0
721,vlm,O projection,Vision: attention output projection + bias,ampere_bf16_s16816gemm_bf16_64x64_ldg8_relu_f2f_stages_64x5_tn,vlm.vision.camera2,12064.0,4004736.0,679477248.0,589824.0,22085536.0,2762590208.0,10387456.0,38.55,49.19,49.19,30.47,8.33,9.23,24.6
722,vlm,Norm / residual,Vision: residual / LayerNorm variant 7,triton_red_fused_add_native_layer_norm_view_7,vlm.vision.camera2,5248.0,1974784.0,0.0,14757888.0,2994624.0,1212246016.0,4489216.0,43.99,0.0,23.21,11.28,40.55,33.7,0.0
723,vlm,FFN up,Vision: FFN up + bias + GELU,triton_tem_fused_addmm_gelu_native_layer_norm_t_view_5,vlm.vision.camera2,30784.000000000004,13038848.0,2566914048.0,16376899.0,82830656.0,6999689216.0,26542080.0,49.13,73.34,73.34,44.95,39.46,13.31,36.67
724,vlm,FFN down,Vision: FFN down + bias,ampere_bf16_s16816gemm_bf16_64x64_sliced1x2_ldg8_relu_f2f_stages_64x5_tn,vlm.vision.camera2,33600.0,15089408.0,2566914048.0,1179648.0,80223264.0,7739848704.0,28975104.0,52.08,66.33,66.33,39.53,8.33,8.62,33.16
725,vlm,Norm / residual,Vision: residual / LayerNorm variant 8,triton_red_fused_add_native_layer_norm_view_8,vlm.vision.camera2,6528.0,2635520.0,0.0,13467648.0,3623904.0,1524099072.0,5619712.0,46.9,0.0,15.93,11.98,22.72,22.16,0.0
726,vlm,QKV,Vision: Q projection + bias,ampere_bf16_s16816gemm_bf16_64x64_ldg8_relu_f2f_stages_64x5_tn,vlm.vision.camera2,11968.000000000002,3996928.0,679477248.0,589824.0,22085920.0,2730321920.0,10272768.0,38.91,49.77,49.77,30.84,8.33,9.37,24.89
727,vlm,QKV,Vision: K projection + bias,ampere_bf16_s16816gemm_bf16_64x64_ldg8_relu_f2f_stages_64x5_tn,vlm.vision.camera2,11968.000000000002,4001280.0,679477248.0,589824.0,22084192.0,2734794752.0,10297344.0,38.86,49.69,49.69,30.76,8.33,9.34,24.85
728,vlm,QKV,Vision: V projection + bias,ampere_bf16_s16816gemm_bf16_64x64_ldg8_relu_f2f_stages_64x5_tn,vlm.vision.camera2,11968.000000000002,3998592.0,679477248.0,589824.0,22084160.0,2735546368.0,10305536.0,38.8,49.68,49.68,30.75,8.33,9.26,24.84
729,vlm,Vision attention,Vision: FlashAttention split-KV attention,"void pytorch_flash::flash_fwd_splitkv_kernel<Flash_fwd_kernel_traits<96, 64, 128, 4, 0, 0, cutlass::bfloat16_t, Flash_kernel_traits<96, 64, 128, 4, cutlass::bfloat16_t>>, 0, 0, 0, 0, 0, 0, 1, 0>(pytorch_flash::Flash_fwd_params)",vlm.vision.camera2,14368.0,2096000.0,402653184.0,4259840.0,12280320.0,3348070400.0,12353536.0,16.97,24.05,24.05,18.06,8.3,11.55,12.03
730,vlm,Vision attention,Vision: FlashAttention split-KV combine,"void pytorch_flash::flash_fwd_splitkv_combine_kernel<Flash_fwd_kernel_traits<96, 64, 128, 4, 0, 0, cutlass::bfloat16_t, Flash_kernel_traits<96, 64, 128, 4, cutlass::bfloat16_t>>, 16, 1, 0>(pytorch_flash::Flash_fwd_params)",vlm.vision.camera2,6976.000000000001,2701056.0,0.0,2260992.0,3438016.0,1633462272.0,5980160.0,45.17,0.0,10.87,11.34,21.07,14.23,0.0
731,vlm,O projection,Vision: attention output projection + bias,ampere_bf16_s16816gemm_bf16_64x64_ldg8_relu_f2f_stages_64x5_tn,vlm.vision.camera2,11936.0,4002432.0,679477248.0,589824.0,22083840.0,2724141056.0,10240000.0,39.09,49.89,49.89,30.91,8.33,9.34,24.94
732,vlm,Norm / residual,Vision: residual / LayerNorm variant 9,triton_red_fused_add_native_layer_norm_view_9,vlm.vision.camera2,7424.0,3261952.0,0.0,14704648.0,4753280.0,1723912192.0,6373376.0,51.18,0.0,17.37,13.17,45.62,24.62,0.0
733,vlm,FFN up,Vision: FFN up + bias + GELU,triton_tem_fused_addmm_gelu_native_layer_norm_t_view_5,vlm.vision.camera2,30368.0,13041152.0,2566914048.0,16177553.0,82829248.0,6894190592.0,26148864.0,49.87,74.47,74.47,45.61,39.33,13.3,37.23
734,vlm,FFN down,Vision: FFN down + bias,ampere_bf16_s16816gemm_bf16_64x64_sliced1x2_ldg8_relu_f2f_stages_64x5_tn,vlm.vision.camera2,33792.00000000001,15093120.0,2566914048.0,1179648.0,80226240.0,7785908224.0,29147136.0,51.78,65.94,65.94,39.29,8.33,8.59,32.97
735,vlm,Norm / residual,Vision: residual / LayerNorm variant 6,triton_red_fused_add_native_layer_norm_view_6,vlm.vision.camera2,4640.000000000001,1328384.0,0.0,11333632.0,2400800.0,1077766144.0,3948544.0,33.64,0.0,17.14,8.54,22.65,26.94,0.0
736,vlm,QKV,Vision: Q projection + bias,ampere_bf16_s16816gemm_bf16_64x64_ldg8_relu_f2f_stages_64x5_tn,vlm.vision.camera2,11872.0,4002176.0,679477248.0,589824.0,22084800.0,2708056064.0,10199040.0,39.24,50.18,50.18,31.07,8.33,9.28,25.09
737,vlm,QKV,Vision: K projection + bias,ampere_bf16_s16816gemm_bf16_64x64_ldg8_relu_f2f_stages_64x5_tn,vlm.vision.camera2,11968.000000000002,4002432.0,679477248.0,589824.0,22085440.0,2734381056.0,10272768.0,38.96,49.7,49.7,30.79,8.33,9.33,24.85
738,vlm,QKV,Vision: V projection + bias,ampere_bf16_s16816gemm_bf16_64x64_ldg8_relu_f2f_stages_64x5_tn,vlm.vision.camera2,12000.0,4003072.0,679477248.0,589824.0,22085472.0,2741379072.0,10321920.0,38.78,49.57,49.57,30.69,8.33,9.24,24.79
739,vlm,Vision attention,Vision: FlashAttention split-KV attention,"void pytorch_flash::flash_fwd_splitkv_kernel<Flash_fwd_kernel_traits<96, 64, 128, 4, 0, 0, cutlass::bfloat16_t, Flash_kernel_traits<96, 64, 128, 4, cutlass::bfloat16_t>>, 0, 0, 0, 0, 0, 0, 1, 0>(pytorch_flash::Flash_fwd_params)",vlm.vision.camera2,14464.0,2101760.0,402653184.0,4259840.0,12289280.0,3368069120.0,12451840.0,16.88,23.91,23.91,18.27,8.3,11.34,11.96
740,vlm,Vision attention,Vision: FlashAttention split-KV combine,"void pytorch_flash::flash_fwd_splitkv_combine_kernel<Flash_fwd_kernel_traits<96, 64, 128, 4, 0, 0, cutlass::bfloat16_t, Flash_kernel_traits<96, 64, 128, 4, cutlass::bfloat16_t>>, 16, 1, 0>(pytorch_flash::Flash_fwd_params)",vlm.vision.camera2,6880.0,2690176.0,0.0,2260992.0,3417952.0,1604853760.0,5873664.0,45.8,0.0,11.06,11.54,21.01,13.87,0.0
741,vlm,O projection,Vision: attention output projection + bias,ampere_bf16_s16816gemm_bf16_64x64_ldg8_relu_f2f_stages_64x5_tn,vlm.vision.camera2,12064.0,4002560.0,679477248.0,589824.0,22084288.0,2758975488.0,10371072.0,38.59,49.26,49.26,30.5,8.33,9.33,24.63
742,vlm,Norm / residual,Vision: residual / LayerNorm variant 7,triton_red_fused_add_native_layer_norm_view_7,vlm.vision.camera2,5088.0,1963008.0,0.0,14757888.0,3036544.0,1177503744.0,4341760.0,45.21,0.0,23.89,11.61,40.58,33.88,0.0
743,vlm,FFN up,Vision: FFN up + bias + GELU,triton_tem_fused_addmm_gelu_native_layer_norm_t_view_5,vlm.vision.camera2,30496.0,13042688.0,2566914048.0,15910188.0,82825568.0,6925170688.0,26263552.0,49.66,74.13,74.13,45.42,39.77,13.01,37.07
744,vlm,FFN down,Vision: FFN down + bias,ampere_bf16_s16816gemm_bf16_64x64_sliced1x2_ldg8_relu_f2f_stages_64x5_tn,vlm.vision.camera2,33824.0,15090560.0,2566914048.0,1179648.0,80226496.0,7797207040.0,29155328.0,51.76,65.84,65.84,39.26,8.33,8.61,32.92
745,vlm,Norm / residual,Vision: residual / LayerNorm variant 8,triton_red_fused_add_native_layer_norm_view_8,vlm.vision.camera2,6304.0,2634240.0,0.0,13467648.0,3705120.0,1469429760.0,5414912.0,48.65,0.0,16.52,12.41,22.64,22.27,0.0
746,vlm,QKV,Vision: Q projection + bias,ampere_bf16_s16816gemm_bf16_64x64_ldg8_relu_f2f_stages_64x5_tn,vlm.vision.camera2,11936.0,4000512.0,679477248.0,589824.0,22085440.0,2728255488.0,10272768.0,38.94,49.81,49.81,30.84,8.33,9.32,24.91
747,vlm,QKV,Vision: K projection + bias,ampere_bf16_s16816gemm_bf16_64x64_ldg8_relu_f2f_stages_64x5_tn,vlm.vision.camera2,12064.0,4004224.0,679477248.0,589824.0,22085952.0,2752712704.0,10338304.0,38.73,49.37,49.37,30.58,8.33,9.19,24.68
748,vlm,QKV,Vision: V projection + bias,ampere_bf16_s16816gemm_bf16_64x64_ldg8_relu_f2f_stages_64x5_tn,vlm.vision.camera2,11968.000000000002,3999744.0,679477248.0,589824.0,22084192.0,2741356544.0,10305536.0,38.81,49.57,49.57,30.69,8.33,9.22,24.79
749,vlm,Vision attention,Vision: FlashAttention split-KV attention,"void pytorch_flash::flash_fwd_splitkv_kernel<Flash_fwd_kernel_traits<96, 64, 128, 4, 0, 0, cutlass::bfloat16_t, Flash_kernel_traits<96, 64, 128, 4, cutlass::bfloat16_t>>, 0, 0, 0, 0, 0, 0, 1, 0>(pytorch_flash::Flash_fwd_params)",vlm.vision.camera2,14368.0,2102656.0,402653184.0,4259840.0,12282752.0,3352629248.0,12361728.0,17.01,24.02,24.02,18.21,8.29,11.61,12.01
750,vlm,Vision attention,Vision: FlashAttention split-KV combine,"void pytorch_flash::flash_fwd_splitkv_combine_kernel<Flash_fwd_kernel_traits<96, 64, 128, 4, 0, 0, cutlass::bfloat16_t, Flash_kernel_traits<96, 64, 128, 4, cutlass::bfloat16_t>>, 16, 1, 0>(pytorch_flash::Flash_fwd_params)",vlm.vision.camera2,6912.0,2696704.0,0.0,2260992.0,3420544.0,1620748288.0,5947392.0,45.34,0.0,10.96,11.43,21.29,14.43,0.0
751,vlm,O projection,Vision: attention output projection + bias,ampere_bf16_s16816gemm_bf16_64x64_ldg8_relu_f2f_stages_64x5_tn,vlm.vision.camera2,12000.0,4004096.0,679477248.0,589824.0,22085504.0,2749515776.0,10354688.0,38.67,49.43,49.43,30.61,8.33,9.29,24.71
752,vlm,Norm / residual,Vision: residual / LayerNorm variant 9,triton_red_fused_add_native_layer_norm_view_9,vlm.vision.camera2,7488.0,3257344.0,0.0,14704644.0,4753664.0,1745684480.0,6438912.0,50.59,0.0,17.15,13.01,45.27,23.57,0.0
753,vlm,FFN up,Vision: FFN up + bias + GELU,triton_tem_fused_addmm_gelu_native_layer_norm_t_view_5,vlm.vision.camera2,30496.0,13037696.0,2566914048.0,15873627.0,82827936.0,6926237696.0,26296320.0,49.58,74.12,74.12,45.38,38.96,13.07,37.06
754,vlm,FFN down,Vision: FFN down + bias,ampere_bf16_s16816gemm_bf16_64x64_sliced1x2_ldg8_relu_f2f_stages_64x5_tn,vlm.vision.camera2,33888.00000000001,15092224.0,2566914048.0,1179648.0,80225344.0,7814035456.0,29196288.0,51.69,65.7,65.7,39.15,8.33,8.6,32.85
755,vlm,Norm / residual,Vision: residual / LayerNorm variant 6,triton_red_fused_add_native_layer_norm_view_6,vlm.vision.camera2,4480.0,1332224.0,0.0,11333632.0,2400224.0,1041317888.0,3833856.0,34.75,0.0,17.73,8.83,22.72,27.77,0.0
756,vlm,QKV,Vision: Q projection + bias,ampere_bf16_s16816gemm_bf16_64x64_ldg8_relu_f2f_stages_64x5_tn,vlm.vision.camera2,12128.000000000002,4003840.0,679477248.0,589824.0,22064512.0,2773809152.0,10444800.0,38.33,48.99,48.99,30.31,8.33,9.21,24.5
757,vlm,QKV,Vision: K projection + bias,ampere_bf16_s16816gemm_bf16_64x64_ldg8_relu_f2f_stages_64x5_tn,vlm.vision.camera2,12000.0,4000640.0,679477248.0,589824.0,22083072.0,2737309696.0,10297344.0,38.85,49.65,49.65,30.75,8.33,9.36,24.82
758,vlm,QKV,Vision: V projection + bias,ampere_bf16_s16816gemm_bf16_64x64_ldg8_relu_f2f_stages_64x5_tn,vlm.vision.camera2,12160.0,4002816.0,679477248.0,589824.0,22084256.0,2778023936.0,10461184.0,38.26,48.92,48.92,30.3,8.33,9.34,24.46
759,vlm,Vision attention,Vision: FlashAttention split-KV attention,"void pytorch_flash::flash_fwd_splitkv_kernel<Flash_fwd_kernel_traits<96, 64, 128, 4, 0, 0, cutlass::bfloat16_t, Flash_kernel_traits<96, 64, 128, 4, cutlass::bfloat16_t>>, 0, 0, 0, 0, 0, 0, 1, 0>(pytorch_flash::Flash_fwd_params)",vlm.vision.camera2,14336.000000000002,2104448.0,402653184.0,4259840.0,12284352.0,3340341248.0,12361728.0,17.02,24.11,24.11,18.25,8.29,11.66,12.05
760,vlm,Vision attention,Vision: FlashAttention split-KV combine,"void pytorch_flash::flash_fwd_splitkv_combine_kernel<Flash_fwd_kernel_traits<96, 64, 128, 4, 0, 0, cutlass::bfloat16_t, Flash_kernel_traits<96, 64, 128, 4, cutlass::bfloat16_t>>, 16, 1, 0>(pytorch_flash::Flash_fwd_params)",vlm.vision.camera2,6720.0,2686592.0,0.0,2260992.0,3436000.0,1566001152.0,5750784.0,46.72,0.0,11.34,11.83,20.81,14.42,0.0
761,vlm,O projection,Vision: attention output projection + bias,ampere_bf16_s16816gemm_bf16_64x64_ldg8_relu_f2f_stages_64x5_tn,vlm.vision.camera2,12096.0,4001408.0,679477248.0,589824.0,22084448.0,2768388096.0,10387456.0,38.52,49.09,49.09,30.41,8.33,9.29,24.54
762,vlm,Norm / residual,Vision: residual / LayerNorm variant 7,triton_red_fused_add_native_layer_norm_view_7,vlm.vision.camera2,5152.0,1987968.0,0.0,14757888.0,2972576.0,1187547136.0,4407296.0,45.11,0.0,23.69,11.51,40.24,32.5,0.0
763,vlm,FFN up,Vision: FFN up + bias + GELU,triton_tem_fused_addmm_gelu_native_layer_norm_t_view_5,vlm.vision.camera2,30400.0,13037056.0,2566914048.0,15680462.0,82814784.0,6905311232.0,26198016.0,49.76,74.35,74.35,45.51,39.11,12.77,37.17
764,vlm,FFN down,Vision: FFN down + bias,ampere_bf16_s16816gemm_bf16_64x64_sliced1x2_ldg8_relu_f2f_stages_64x5_tn,vlm.vision.camera2,33440.00000000001,15091840.0,2566914048.0,1179648.0,80223904.0,7743438848.0,28852224.0,52.31,66.3,66.3,39.59,8.33,8.62,33.15
765,vlm,Norm / residual,Vision: residual / LayerNorm variant 8,triton_red_fused_add_native_layer_norm_view_8,vlm.vision.camera2,6304.0,2649728.0,0.0,13467648.0,3617600.0,1460971520.0,5390336.0,49.16,0.0,16.61,12.49,22.92,22.02,0.0
766,vlm,QKV,Vision: Q projection + bias,ampere_bf16_s16816gemm_bf16_64x64_ldg8_relu_f2f_stages_64x5_tn,vlm.vision.camera2,11968.000000000002,4001792.0,679477248.0,589824.0,22084416.0,2738003968.0,10313728.0,38.8,49.63,49.63,30.74,8.33,9.32,24.82
767,vlm,QKV,Vision: K projection + bias,ampere_bf16_s16816gemm_bf16_64x64_ldg8_relu_f2f_stages_64x5_tn,vlm.vision.camera2,11936.0,4001280.0,679477248.0,589824.0,22084256.0,2718111744.0,10256384.0,39.01,50.0,50.0,30.94,8.33,9.24,25.0
768,vlm,QKV,Vision: V projection + bias,ampere_bf16_s16816gemm_bf16_64x64_ldg8_relu_f2f_stages_64x5_tn,vlm.vision.camera2,11968.000000000002,4002432.0,679477248.0,589824.0,22084000.0,2737833984.0,10305536.0,38.84,49.64,49.64,30.74,8.33,9.25,24.82
769,vlm,Vision attention,Vision: FlashAttention split-KV attention,"void pytorch_flash::flash_fwd_splitkv_kernel<Flash_fwd_kernel_traits<96, 64, 128, 4, 0, 0, cutlass::bfloat16_t, Flash_kernel_traits<96, 64, 128, 4, cutlass::bfloat16_t>>, 0, 0, 0, 0, 0, 0, 1, 0>(pytorch_flash::Flash_fwd_params)",vlm.vision.camera2,14464.0,2084864.0,402653184.0,4259840.0,12284736.0,3373056000.0,12460032.0,16.73,23.87,23.87,18.1,8.3,11.58,11.94
770,vlm,Vision attention,Vision: FlashAttention split-KV combine,"void pytorch_flash::flash_fwd_splitkv_combine_kernel<Flash_fwd_kernel_traits<96, 64, 128, 4, 0, 0, cutlass::bfloat16_t, Flash_kernel_traits<96, 64, 128, 4, cutlass::bfloat16_t>>, 16, 1, 0>(pytorch_flash::Flash_fwd_params)",vlm.vision.camera2,6720.0,2696960.0,0.0,2260992.0,3437408.0,1568225280.0,5750784.0,46.9,0.0,11.32,11.8,21.12,14.79,0.0
771,vlm,O projection,Vision: attention output projection + bias,ampere_bf16_s16816gemm_bf16_64x64_ldg8_relu_f2f_stages_64x5_tn,vlm.vision.camera2,12096.0,3999232.0,679477248.0,589824.0,22085344.0,2769967104.0,10420224.0,38.38,49.06,49.06,30.39,8.33,9.26,24.53
772,vlm,Norm / residual,Vision: residual / LayerNorm variant 9,triton_red_fused_add_native_layer_norm_view_9,vlm.vision.camera2,7232.0,3268352.0,0.0,14704644.0,4757024.0,1683449856.0,6209536.0,52.63,0.0,17.79,13.5,45.47,24.0,0.0
773,vlm,FFN up,Vision: FFN up + bias + GELU,triton_tem_fused_addmm_gelu_native_layer_norm_t_view_5,vlm.vision.camera2,30400.0,13039488.0,2566914048.0,15636180.0,82823264.0,6897489920.0,26198016.0,49.77,74.43,74.43,45.6,39.11,12.69,37.22
774,vlm,FFN down,Vision: FFN down + bias,ampere_bf16_s16816gemm_bf16_64x64_sliced1x2_ldg8_relu_f2f_stages_64x5_tn,vlm.vision.camera2,33696.00000000001,15093504.0,2566914048.0,1179648.0,80225344.0,7806828544.0,29040640.0,51.97,65.76,65.76,39.25,8.33,8.57,32.88
775,vlm,Norm / residual,Vision: residual / LayerNorm variant 6,triton_red_fused_add_native_layer_norm_view_6,vlm.vision.camera2,4576.0,1324032.0,0.0,11333632.0,2402880.0,1067997184.0,3940352.0,33.6,0.0,17.29,8.62,22.84,28.2,0.0
776,vlm,QKV,Vision: Q projection + bias,ampere_bf16_s16816gemm_bf16_64x64_ldg8_relu_f2f_stages_64x5_tn,vlm.vision.camera2,11808.000000000002,4001024.0,679477248.0,589824.0,22084128.0,2697400320.0,10141696.0,39.45,50.38,50.38,31.19,8.33,9.25,25.19
777,vlm,QKV,Vision: K projection + bias,ampere_bf16_s16816gemm_bf16_64x64_ldg8_relu_f2f_stages_64x5_tn,vlm.vision.camera2,11968.000000000002,4001152.0,679477248.0,589824.0,22084064.0,2730672128.0,10280960.0,38.92,49.77,49.77,30.82,8.33,9.3,24.88
778,vlm,QKV,Vision: V projection + bias,ampere_bf16_s16816gemm_bf16_64x64_ldg8_relu_f2f_stages_64x5_tn,vlm.vision.camera2,11872.0,3997696.0,679477248.0,589824.0,22084096.0,2711115776.0,10207232.0,39.17,50.13,50.13,31.02,8.33,9.38,25.06
779,vlm,Vision attention,Vision: FlashAttention split-KV attention,"void pytorch_flash::flash_fwd_splitkv_kernel<Flash_fwd_kernel_traits<96, 64, 128, 4, 0, 0, cutlass::bfloat16_t, Flash_kernel_traits<96, 64, 128, 4, cutlass::bfloat16_t>>, 0, 0, 0, 0, 0, 0, 1, 0>(pytorch_flash::Flash_fwd_params)",vlm.vision.camera2,14208.0,2085760.0,402653184.0,4259840.0,12281920.0,3309334528.0,12230656.0,17.05,24.33,24.33,18.23,8.29,11.57,12.17
780,vlm,Vision attention,Vision: FlashAttention split-KV combine,"void pytorch_flash::flash_fwd_splitkv_combine_kernel<Flash_fwd_kernel_traits<96, 64, 128, 4, 0, 0, cutlass::bfloat16_t, Flash_kernel_traits<96, 64, 128, 4, cutlass::bfloat16_t>>, 16, 1, 0>(pytorch_flash::Flash_fwd_params)",vlm.vision.camera2,6720.0,2681728.0,0.0,2260992.0,3437120.0,1574789120.0,5775360.0,46.43,0.0,11.28,11.75,21.07,14.6,0.0
781,vlm,O projection,Vision: attention output projection + bias,ampere_bf16_s16816gemm_bf16_64x64_ldg8_relu_f2f_stages_64x5_tn,vlm.vision.camera2,11968.000000000002,3998848.0,679477248.0,589824.0,22085280.0,2731112448.0,10289152.0,38.86,49.76,49.76,30.83,8.33,9.31,24.88
782,vlm,Norm / residual,Vision: residual / LayerNorm variant 7,triton_red_fused_add_native_layer_norm_view_7,vlm.vision.camera2,5120.0,1971456.0,0.0,14757888.0,2995552.0,1184198656.0,4382720.0,44.98,0.0,23.75,11.54,40.4,32.67,0.0
783,vlm,FFN up,Vision: FFN up + bias + GELU,triton_tem_fused_addmm_gelu_native_layer_norm_t_view_5,vlm.vision.camera2,30208.000000000004,13044352.0,2566914048.0,15622670.0,82822880.0,6861938688.0,26042368.0,50.09,74.82,74.82,45.83,39.58,12.7,37.41
784,vlm,FFN down,Vision: FFN down + bias,ampere_bf16_s16816gemm_bf16_64x64_sliced1x2_ldg8_relu_f2f_stages_64x5_tn,vlm.vision.camera2,33504.0,15089152.0,2566914048.0,1179648.0,80223232.0,7767863296.0,28868608.0,52.27,66.09,66.09,39.48,8.33,8.62,33.05
785,vlm,Norm / residual,Vision: residual / LayerNorm variant 8,triton_red_fused_add_native_layer_norm_view_8,vlm.vision.camera2,6432.0,2636672.0,0.0,13467648.0,3679776.0,1492461568.0,5496832.0,47.97,0.0,16.26,12.23,22.68,23.1,0.0
786,vlm,QKV,Vision: Q projection + bias,ampere_bf16_s16816gemm_bf16_64x64_ldg8_relu_f2f_stages_64x5_tn,vlm.vision.camera2,12000.0,4003328.0,679477248.0,589824.0,22080576.0,2737395712.0,10289152.0,38.91,49.64,49.64,30.73,8.33,9.26,24.82
787,vlm,QKV,Vision: K projection + bias,ampere_bf16_s16816gemm_bf16_64x64_ldg8_relu_f2f_stages_64x5_tn,vlm.vision.camera2,11968.000000000002,4003584.0,679477248.0,589824.0,22048800.0,2731456512.0,10289152.0,38.91,49.75,49.75,30.75,8.33,9.24,24.88
788,vlm,QKV,Vision: V projection + bias,ampere_bf16_s16816gemm_bf16_64x64_ldg8_relu_f2f_stages_64x5_tn,vlm.vision.camera2,12032.000000000002,4003200.0,679477248.0,589824.0,22085888.0,2747947008.0,10338304.0,38.72,49.45,49.45,30.62,8.33,9.28,24.73
789,vlm,Vision attention,Vision: FlashAttention split-KV attention,"void pytorch_flash::flash_fwd_splitkv_kernel<Flash_fwd_kernel_traits<96, 64, 128, 4, 0, 0, cutlass::bfloat16_t, Flash_kernel_traits<96, 64, 128, 4, cutlass::bfloat16_t>>, 0, 0, 0, 0, 0, 0, 1, 0>(pytorch_flash::Flash_fwd_params)",vlm.vision.camera2,14336.000000000002,2092672.0,402653184.0,4259840.0,12287104.0,3339364352.0,12353536.0,16.94,24.12,24.12,18.25,8.3,11.6,12.06
790,vlm,Vision attention,Vision: FlashAttention split-KV combine,"void pytorch_flash::flash_fwd_splitkv_combine_kernel<Flash_fwd_kernel_traits<96, 64, 128, 4, 0, 0, cutlass::bfloat16_t, Flash_kernel_traits<96, 64, 128, 4, cutlass::bfloat16_t>>, 16, 1, 0>(pytorch_flash::Flash_fwd_params)",vlm.vision.camera2,6752.000000000001,2699904.0,0.0,2260992.0,3436256.0,1579745280.0,5799936.0,46.55,0.0,11.24,11.73,21.15,14.32,0.0
791,vlm,O projection,Vision: attention output projection + bias,ampere_bf16_s16816gemm_bf16_64x64_ldg8_relu_f2f_stages_64x5_tn,vlm.vision.camera2,11968.000000000002,4003712.0,679477248.0,589824.0,22083264.0,2733279232.0,10272768.0,38.97,49.72,49.72,30.78,8.33,9.23,24.86
792,vlm,Norm / residual,Vision: residual / LayerNorm variant 9,triton_red_fused_add_native_layer_norm_view_9,vlm.vision.camera2,7424.0,3253888.0,0.0,14704648.0,4770592.0,1725632512.0,6365184.0,51.12,0.0,17.35,13.17,45.28,24.56,0.0
793,vlm,FFN up,Vision: FFN up + bias + GELU,triton_tem_fused_addmm_gelu_native_layer_norm_t_view_5,vlm.vision.camera2,30272.0,13039360.0,2566914048.0,15610014.0,82826496.0,6875906048.0,26091520.0,49.98,74.66,74.66,45.75,39.53,12.68,37.33
794,vlm,FFN down,Vision: FFN down + bias,ampere_bf16_s16816gemm_bf16_64x64_sliced1x2_ldg8_relu_f2f_stages_64x5_tn,vlm.vision.camera2,33664.0,15096064.0,2566914048.0,1179648.0,80226592.0,7806560256.0,28999680.0,52.06,65.76,65.76,39.29,8.33,8.58,32.88
795,vlm,Norm / residual,Vision: residual / LayerNorm variant 6,triton_red_fused_add_native_layer_norm_view_6,vlm.vision.camera2,4576.0,1322240.0,0.0,11333632.0,2401216.0,1064044544.0,3915776.0,33.77,0.0,17.35,8.64,22.86,27.55,0.0
796,vlm,QKV,Vision: Q projection + bias,ampere_bf16_s16816gemm_bf16_64x64_ldg8_relu_f2f_stages_64x5_tn,vlm.vision.camera2,11936.0,3998976.0,679477248.0,589824.0,22084128.0,2723233792.0,10272768.0,38.93,49.9,49.9,30.9,8.33,9.22,24.95
797,vlm,QKV,Vision: K projection + bias,ampere_bf16_s16816gemm_bf16_64x64_ldg8_relu_f2f_stages_64x5_tn,vlm.vision.camera2,11968.000000000002,4000256.0,679477248.0,589824.0,22084288.0,2733621248.0,10289152.0,38.88,49.71,49.71,30.78,8.33,9.32,24.86
798,vlm,QKV,Vision: V projection + bias,ampere_bf16_s16816gemm_bf16_64x64_ldg8_relu_f2f_stages_64x5_tn,vlm.vision.camera2,11904.000000000002,4000256.0,679477248.0,589824.0,22085440.0,2719748096.0,10223616.0,39.13,49.97,49.97,30.95,8.33,9.36,24.98
799,vlm,Vision attention,Vision: FlashAttention split-KV attention,"void pytorch_flash::flash_fwd_splitkv_kernel<Flash_fwd_kernel_traits<96, 64, 128, 4, 0, 0, cutlass::bfloat16_t, Flash_kernel_traits<96, 64, 128, 4, cutlass::bfloat16_t>>, 0, 0, 0, 0, 0, 0, 1, 0>(pytorch_flash::Flash_fwd_params)",vlm.vision.camera2,14400.000000000002,2094080.0,402653184.0,4259840.0,12285504.0,3348905984.0,12345344.0,16.96,24.05,24.05,18.08,8.29,11.7,12.02
800,vlm,Vision attention,Vision: FlashAttention split-KV combine,"void pytorch_flash::flash_fwd_splitkv_combine_kernel<Flash_fwd_kernel_traits<96, 64, 128, 4, 0, 0, cutlass::bfloat16_t, Flash_kernel_traits<96, 64, 128, 4, cutlass::bfloat16_t>>, 16, 1, 0>(pytorch_flash::Flash_fwd_params)",vlm.vision.camera2,6720.0,2691072.0,0.0,2260992.0,3420000.0,1568714752.0,5742592.0,46.86,0.0,11.32,11.8,21.26,14.7,0.0
801,vlm,O projection,Vision: attention output projection + bias,ampere_bf16_s16816gemm_bf16_64x64_ldg8_relu_f2f_stages_64x5_tn,vlm.vision.camera2,12128.000000000002,4000384.0,679477248.0,589824.0,22085056.0,2770198528.0,10420224.0,38.39,49.06,49.06,30.38,8.33,9.28,24.53
802,vlm,Norm / residual,Vision: residual / LayerNorm variant 7,triton_red_fused_add_native_layer_norm_view_7,vlm.vision.camera2,5024.000000000001,1957248.0,0.0,14757888.0,3012448.0,1164109824.0,4308992.0,45.42,0.0,24.17,11.74,40.7,33.3,0.0
803,vlm,FFN up,Vision: FFN up + bias + GELU,triton_tem_fused_addmm_gelu_native_layer_norm_t_view_5,vlm.vision.camera2,30304.000000000004,13038208.0,2566914048.0,15603973.0,82829216.0,6884866048.0,26116096.0,49.92,74.57,74.57,45.7,39.82,12.65,37.28
804,vlm,FFN down,Vision: FFN down + bias,ampere_bf16_s16816gemm_bf16_64x64_sliced1x2_ldg8_relu_f2f_stages_64x5_tn,vlm.vision.camera2,33632.0,15087360.0,2566914048.0,1179648.0,80226304.0,7806543872.0,28999680.0,52.03,65.76,65.76,39.28,8.33,8.59,32.88
805,vlm,Norm / residual,Vision: residual / LayerNorm variant 8,triton_red_fused_add_native_layer_norm_view_8,vlm.vision.camera2,6496.0,2631936.0,0.0,13467648.0,3616864.0,1508286464.0,5545984.0,47.46,0.0,16.09,12.11,22.69,22.11,0.0
806,vlm,QKV,Vision: Q projection + bias,ampere_bf16_s16816gemm_bf16_64x64_ldg8_relu_f2f_stages_64x5_tn,vlm.vision.camera2,11904.000000000002,3999360.0,679477248.0,589824.0,22085184.0,2715152384.0,10223616.0,39.12,50.05,50.05,30.99,8.33,9.28,25.03
807,vlm,QKV,Vision: K projection + bias,ampere_bf16_s16816gemm_bf16_64x64_ldg8_relu_f2f_stages_64x5_tn,vlm.vision.camera2,11872.0,4001920.0,679477248.0,589824.0,22084224.0,2711986176.0,10190848.0,39.27,50.11,50.11,31.05,8.33,9.26,25.05
808,vlm,QKV,Vision: V projection + bias,ampere_bf16_s16816gemm_bf16_64x64_ldg8_relu_f2f_stages_64x5_tn,vlm.vision.camera2,11936.0,4001536.0,679477248.0,589824.0,22084256.0,2726922240.0,10240000.0,39.08,49.83,49.83,30.85,8.33,9.24,24.92
809,vlm,Vision attention,Vision: FlashAttention split-KV attention,"void pytorch_flash::flash_fwd_splitkv_kernel<Flash_fwd_kernel_traits<96, 64, 128, 4, 0, 0, cutlass::bfloat16_t, Flash_kernel_traits<96, 64, 128, 4, cutlass::bfloat16_t>>, 0, 0, 0, 0, 0, 0, 1, 0>(pytorch_flash::Flash_fwd_params)",vlm.vision.camera2,14272.000000000002,2101248.0,402653184.0,4259840.0,12284096.0,3321374720.0,12263424.0,17.13,24.25,24.25,18.44,8.3,11.68,12.12
810,vlm,Vision attention,Vision: FlashAttention split-KV combine,"void pytorch_flash::flash_fwd_splitkv_combine_kernel<Flash_fwd_kernel_traits<96, 64, 128, 4, 0, 0, cutlass::bfloat16_t, Flash_kernel_traits<96, 64, 128, 4, cutlass::bfloat16_t>>, 16, 1, 0>(pytorch_flash::Flash_fwd_params)",vlm.vision.camera2,6912.0,2694272.0,0.0,2260992.0,3435264.0,1618894848.0,5914624.0,45.55,0.0,10.97,11.45,21.1,14.25,0.0
811,vlm,O projection,Vision: attention output projection + bias,ampere_bf16_s16816gemm_bf16_64x64_ldg8_relu_f2f_stages_64x5_tn,vlm.vision.camera2,11968.000000000002,4003072.0,679477248.0,589824.0,22085344.0,2736134144.0,10305536.0,38.84,49.67,49.67,30.77,8.33,9.27,24.83
812,vlm,Norm / residual,Vision: residual / LayerNorm variant 9,triton_red_fused_add_native_layer_norm_view_9,vlm.vision.camera2,7360.000000000001,3252864.0,0.0,14704644.0,4753664.0,1711020032.0,6291456.0,51.7,0.0,17.5,13.28,45.22,24.51,0.0
813,vlm,FFN up,Vision: FFN up + bias + GELU,triton_tem_fused_addmm_gelu_native_layer_norm_t_view_5,vlm.vision.camera2,30240.000000000004,13039360.0,2566914048.0,15610406.0,82827904.0,6863613952.0,26050560.0,50.05,74.8,74.8,45.83,39.12,12.69,37.4
814,vlm,FFN down,Vision: FFN down + bias,ampere_bf16_s16816gemm_bf16_64x64_sliced1x2_ldg8_relu_f2f_stages_64x5_tn,vlm.vision.camera2,33344.00000000001,15085952.0,2566914048.0,1179648.0,80223552.0,7731951616.0,28737536.0,52.5,66.4,66.4,39.67,8.33,8.6,33.2
815,vlm,Norm / residual,Vision: residual / LayerNorm variant 6,triton_red_fused_add_native_layer_norm_view_6,vlm.vision.camera2,4480.0,1331712.0,0.0,11333632.0,2402592.0,1041125376.0,3833856.0,34.74,0.0,17.74,8.84,22.76,27.76,0.0
816,vlm,QKV,Vision: Q projection + bias,ampere_bf16_s16816gemm_bf16_64x64_ldg8_relu_f2f_stages_64x5_tn,vlm.vision.camera2,11840.0,3998464.0,679477248.0,589824.0,22084768.0,2704631808.0,10207232.0,39.17,50.25,50.25,31.12,8.33,9.31,25.12
817,vlm,QKV,Vision: K projection + bias,ampere_bf16_s16816gemm_bf16_64x64_ldg8_relu_f2f_stages_64x5_tn,vlm.vision.camera2,12096.0,3999360.0,679477248.0,589824.0,22084352.0,2768271360.0,10403840.0,38.44,49.09,49.09,30.42,8.33,9.32,24.55
818,vlm,QKV,Vision: V projection + bias,ampere_bf16_s16816gemm_bf16_64x64_ldg8_relu_f2f_stages_64x5_tn,vlm.vision.camera2,11968.000000000002,3999872.0,679477248.0,589824.0,22084224.0,2733936640.0,10305536.0,38.81,49.71,49.71,30.77,8.33,9.25,24.85
819,vlm,Vision attention,Vision: FlashAttention split-KV attention,"void pytorch_flash::flash_fwd_splitkv_kernel<Flash_fwd_kernel_traits<96, 64, 128, 4, 0, 0, cutlass::bfloat16_t, Flash_kernel_traits<96, 64, 128, 4, cutlass::bfloat16_t>>, 0, 0, 0, 0, 0, 0, 1, 0>(pytorch_flash::Flash_fwd_params)",vlm.vision.camera2,14400.000000000002,2088704.0,402653184.0,4259840.0,12285472.0,3347546112.0,12353536.0,16.91,24.06,24.06,18.06,8.3,11.52,12.03
820,vlm,Vision attention,Vision: FlashAttention split-KV combine,"void pytorch_flash::flash_fwd_splitkv_combine_kernel<Flash_fwd_kernel_traits<96, 64, 128, 4, 0, 0, cutlass::bfloat16_t, Flash_kernel_traits<96, 64, 128, 4, cutlass::bfloat16_t>>, 16, 1, 0>(pytorch_flash::Flash_fwd_params)",vlm.vision.camera2,6848.0,2684160.0,0.0,2260992.0,3422496.0,1599827968.0,5865472.0,45.76,0.0,11.1,11.57,20.77,14.4,0.0
821,vlm,O projection,Vision: attention output projection + bias,ampere_bf16_s16816gemm_bf16_64x64_ldg8_relu_f2f_stages_64x5_tn,vlm.vision.camera2,11840.0,4003584.0,679477248.0,589824.0,22084288.0,2703357952.0,10174464.0,39.35,50.27,50.27,31.12,8.33,9.35,25.13
822,vlm,Norm / residual,Vision: residual / LayerNorm variant 7,triton_red_fused_add_native_layer_norm_view_7,vlm.vision.camera2,5152.0,1978880.0,0.0,14757888.0,2961472.0,1183668224.0,4382720.0,45.15,0.0,23.77,11.56,40.81,33.85,0.0
823,vlm,FFN up,Vision: FFN up + bias + GELU,triton_tem_fused_addmm_gelu_native_layer_norm_t_view_5,vlm.vision.camera2,30560.0,13034240.0,2566914048.0,15656480.0,82828128.0,6935433216.0,26312704.0,49.54,74.02,74.02,45.34,39.24,12.8,37.01
824,vlm,FFN down,Vision: FFN down + bias,ampere_bf16_s16816gemm_bf16_64x64_sliced1x2_ldg8_relu_f2f_stages_64x5_tn,vlm.vision.camera2,33536.0,15093376.0,2566914048.0,1179648.0,80225952.0,7769376768.0,28901376.0,52.22,66.08,66.08,39.46,8.33,8.59,33.04
825,vlm,Norm / residual,Vision: residual / LayerNorm variant 8,triton_red_fused_add_native_layer_norm_view_8,vlm.vision.camera2,6240.0,2645888.0,0.0,13467648.0,3627616.0,1452138496.0,5357568.0,49.39,0.0,16.71,12.58,22.75,23.02,0.0
826,vlm,QKV,Vision: Q projection + bias,ampere_bf16_s16816gemm_bf16_64x64_ldg8_relu_f2f_stages_64x5_tn,vlm.vision.camera2,12032.000000000002,4001792.0,679477248.0,589824.0,22086016.0,2744944640.0,10321920.0,38.77,49.51,49.51,30.67,8.33,9.3,24.75
827,vlm,QKV,Vision: K projection + bias,ampere_bf16_s16816gemm_bf16_64x64_ldg8_relu_f2f_stages_64x5_tn,vlm.vision.camera2,12000.0,4000768.0,679477248.0,589824.0,22084192.0,2740871168.0,10321920.0,38.76,49.58,49.58,30.71,8.33,9.33,24.79
828,vlm,QKV,Vision: V projection + bias,ampere_bf16_s16816gemm_bf16_64x64_ldg8_relu_f2f_stages_64x5_tn,vlm.vision.camera2,12064.0,4001664.0,679477248.0,589824.0,22085536.0,2755846144.0,10371072.0,38.58,49.31,49.31,30.52,8.33,9.22,24.66
829,vlm,Vision attention,Vision: FlashAttention split-KV attention,"void pytorch_flash::flash_fwd_splitkv_kernel<Flash_fwd_kernel_traits<96, 64, 128, 4, 0, 0, cutlass::bfloat16_t, Flash_kernel_traits<96, 64, 128, 4, cutlass::bfloat16_t>>, 0, 0, 0, 0, 0, 0, 1, 0>(pytorch_flash::Flash_fwd_params)",vlm.vision.camera2,14400.000000000002,2092032.0,402653184.0,4259840.0,12289664.0,3348056064.0,12353536.0,16.93,24.05,24.05,18.3,8.3,11.58,12.03
830,vlm,Vision attention,Vision: FlashAttention split-KV combine,"void pytorch_flash::flash_fwd_splitkv_combine_kernel<Flash_fwd_kernel_traits<96, 64, 128, 4, 0, 0, cutlass::bfloat16_t, Flash_kernel_traits<96, 64, 128, 4, cutlass::bfloat16_t>>, 16, 1, 0>(pytorch_flash::Flash_fwd_params)",vlm.vision.camera2,6688.0,2699776.0,0.0,2260992.0,3423680.0,1563955200.0,5734400.0,47.08,0.0,11.35,11.84,21.11,14.4,0.0
831,vlm,O projection,Vision: attention output projection + bias,ampere_bf16_s16816gemm_bf16_64x64_ldg8_relu_f2f_stages_64x5_tn,vlm.vision.camera2,12000.0,3997184.0,679477248.0,589824.0,22084928.0,2746486784.0,10330112.0,38.69,49.48,49.48,30.66,8.33,9.29,24.74
832,vlm,Norm / residual,Vision: residual / LayerNorm variant 9,triton_red_fused_add_native_layer_norm_view_9,vlm.vision.camera2,7424.0,3263488.0,0.0,14704644.0,4772672.0,1724235776.0,6356992.0,51.34,0.0,17.37,13.17,45.26,24.14,0.0
833,vlm,FFN up,Vision: FFN up + bias + GELU,triton_tem_fused_addmm_gelu_native_layer_norm_t_view_5,vlm.vision.camera2,30432.000000000004,13036416.0,2566914048.0,15738632.0,82830592.0,6910525440.0,26238976.0,49.68,74.29,74.29,45.48,39.8,12.92,37.14
834,vlm,FFN down,Vision: FFN down + bias,ampere_bf16_s16816gemm_bf16_64x64_sliced1x2_ldg8_relu_f2f_stages_64x5_tn,vlm.vision.camera2,33760.0,15093504.0,2566914048.0,1179648.0,80225344.0,7806291968.0,29097984.0,51.87,65.77,65.77,39.26,8.33,8.59,32.88
835,vlm,Norm / residual,Vision: residual / LayerNorm variant 10,triton_red_fused_add_native_layer_norm_view_10,vlm.vision.camera2,5024.000000000001,1319168.0,0.0,13631488.0,2356736.0,1166366720.0,4292608.0,30.73,0.0,22.78,7.87,45.34,36.59,0.0
836,vlm,Other,Vision: image-to-text projection + bias + scale,triton_tem_fused_add_addmm_mul_native_layer_norm_t_view_11,vlm.vision.camera2,24288.000000000004,6143872.0,1207959552.0,1048576.0,58008704.0,5580834816.0,20930560.0,29.35,43.29,43.29,39.63,8.32,6.98,21.64
837,vlm,Other,Text: embedding lookup,"void at::vectorized_gather_kernel<16, long>(char *, char *, T2 *, int, long, long, long, long, bool)",vlm.text_embedding,3488.0000000000005,111232.0,0.0,0.0,1580448.0,812984320.0,2981888.0,3.73,0.0,2.92,9.34,32.25,5.2,0.0
838,vlm,Other,Text: embedding scale,"void at::elementwise_kernel<128, 4, void at::gpu_kernel_impl_nocast<at::BinaryFunctor<c10::BFloat16, c10::BFloat16, c10::BFloat16, binary_internal::MulFunctor<float>>>(at::TensorIteratorBase &, const T1 &)::[lambda(int) (instance 1)]>(int, T3)",vlm.text_embedding,3680.0000000000005,973696.0,0.0,409600.0,1885792.0,856434688.0,3145728.0,30.95,0.0,15.5,10.7,61.24,23.15,0.0
839,vlm,Other,Prefix: concatenate image/text embeddings,"void at::<unnamed>::CatArrayBatchedCopy_vectorized<at::<unnamed>::OpaqueType<2>, unsigned int, 2, 128, 1, 16, 8>(char *, at::<unnamed>::CatArrInputTensorMetadata<T1, T2, T4, T5>, at::<unnamed>::TensorSizeStride<T2, 4>, int, T2)",vlm.concat,7712.0,4345472.0,0.0,0.0,8096384.0,1799077888.0,6602752.0,65.81,0.0,6.92,19.59,71.42,8.68,0.0
840,vlm,Other,Prefix: integer fill,"void at::vectorized_elementwise_kernel<4, at::FillFunctor<int>, std::array<char *, 1>>(int, T2, T3)",vlm.prefix,1856.0,4736.0,0.0,0.0,48160.0,429598720.0,1572864.0,0.3,0.0,0.01,0.43,8.3,2.57,0.0
841,vlm,Other,Prefix: copy,"void at::unrolled_elementwise_kernel<at::direct_copy_kernel_cuda(at::TensorIteratorBase &)::[lambda() (instance 3)]::operator ()() const::[lambda() (instance 3)]::operator ()() const::[lambda(int) (instance 1)], std::array<char *, 2>, 4, TrivialOffsetCalculator<1, unsigned int>, TrivialOffsetCalculator<1, unsigned int>, memory::LoadWithCast<1>, memory::StoreWithCast<1>>(int, T1, T2, T4, T5, T6, T7)",vlm.prefix,3552.0,37120.0,0.0,0.0,290624.0,830337024.0,2998272.0,1.24,0.0,0.05,1.35,7.96,3.49,0.0
842,vlm,Other,Prefix: Prefix RoPE table,_build_gemma_rope_from_positions,vlm.prefix.step-1.layer-1._build_gemma_rope_from_positions.line1414,5120.0,60544.0,0.0,4678494.0,1414048.0,1204668416.0,4382720.0,1.38,0.0,5.68,7.09,8.31,12.03,0.0
843,vlm,Norm / residual,Prefix: RMSNorm (pre-attention),_rms_norm_kernel,vlm.prefix.step-1.layer00._rms_norm_kernel.line1429,8320.0,4245760.0,0.0,10340352.0,8207328.0,1928607744.0,7110656.0,59.71,0.0,10.68,17.55,75.76,13.09,0.0
844,vlm,QKV,Prefix: QKV projection + Gemma RoPE,_matmul_gemma_rope_qkv,vlm.prefix.step-1.layer00._matmul_gemma_rope_qkv.line1437,129504.00000000001,17331584.0,9730785280.0,6414336.0,350923136.0,30382297088.0,111730688.0,15.51,64.06,64.06,44.22,8.33,7.19,32.03
845,vlm,QK,Prefix: Attention QKᵀ + scale,_matmul_abt_scale,vlm.prefix.step-1.layer00._matmul_abt_scale.line1455,60160.00000000001,5026816.0,3497000960.0,6830080.0,249470656.0,13846142976.0,51904512.0,9.68,50.51,50.51,68.54,39.75,15.11,25.26
846,vlm,Softmax,Prefix: Prefix masked softmax,_softmax_mask_vector,vlm.prefix.step-1.layer00._softmax_mask_vector.line1467,40672.0,31045504.0,0.0,35871138.0,42262176.0,9525878784.0,35045376.0,88.59,0.0,19.74,21.69,60.65,14.8,0.0
847,vlm,PV,Prefix: Attention P × V,_matmul_small,vlm.prefix.step-1.layer00._matmul_small.line1476,67584.00000000001,19006208.0,3617587200.0,0.0,228512800.0,13990813696.0,58294272.0,32.6,51.71,51.71,56.44,39.2,28.97,25.86
848,vlm,O projection,Prefix: Attention output + residual,_matmul_small_res,vlm.prefix.step-1.layer00._matmul_small_res.line1487,90720.00000000001,19388288.0,8053063680.0,0.0,253956640.0,20994990080.0,78282752.0,24.77,76.71,76.71,46.15,21.94,10.91,38.36
849,vlm,Norm / residual,Prefix: RMSNorm (pre-FFN),_rms_norm_kernel,vlm.prefix.step-1.layer00._rms_norm_kernel.line1499,8608.000000000002,4244736.0,0.0,10340352.0,8201920.0,2001631232.0,7372800.0,57.57,0.0,10.28,16.87,75.97,13.21,0.0
850,vlm,FFN up,Prefix FFN: gate/up projection,triton_tem_fused_mm_0,vlm.prefix.layer00.FFN,1111648.0,366712192.0,128849018880.0,0.0,3080325984.0,263158931456.0,959578112.0,38.22,97.92,97.92,44.95,32.28,9.51,48.96
851,vlm,FFN up,Prefix FFN: GELU product,triton_poi_fused_gelu_mul_split_1,vlm.prefix.layer00.FFN,77984.0,64233728.0,0.0,234769675.0,90449376.0,18352658432.0,67297280.0,95.45,0.0,30.17,25.14,88.99,30.71,0.0
852,vlm,FFN down,Prefix FFN: down + residual,ampere_bf16_s1688gemm_bf16_128x64_sliced1x2_ldg8_f2f_nn,vlm.prefix.layer00.FFN,570464.0,119683968.0,64424509440.0,29491200.0,1508432032.0,134707949568.0,492404736.0,24.31,95.65,95.65,42.97,15.92,9.82,47.83
853,vlm,Norm / residual,Prefix: RMSNorm (pre-attention),_rms_norm_kernel,vlm.prefix.step-1.layer01._rms_norm_kernel.line1429,8416.0,4247040.0,0.0,10340352.0,8196064.0,1960034304.0,7225344.0,58.78,0.0,10.5,17.23,75.67,13.32,0.0
854,vlm,QKV,Prefix: QKV projection + Gemma RoPE,_matmul_gemma_rope_qkv,vlm.prefix.step-1.layer01._matmul_gemma_rope_qkv.line1437,130624.0,17355008.0,9730785280.0,6414336.0,351047008.0,30674954240.0,112738304.0,15.39,63.44,63.44,43.83,8.33,7.17,31.72
855,vlm,QK,Prefix: Attention QKᵀ + scale,_matmul_abt_scale,vlm.prefix.step-1.layer01._matmul_abt_scale.line1455,60160.00000000001,5022080.0,3497000960.0,6830080.0,249460928.0,13864939520.0,51896320.0,9.68,50.44,50.44,68.49,39.75,15.05,25.22
856,vlm,Softmax,Prefix: Prefix masked softmax,_softmax_mask_vector,vlm.prefix.step-1.layer01._softmax_mask_vector.line1467,40672.0,31056512.0,0.0,35868096.0,42278528.0,9527316480.0,35037184.0,88.64,0.0,19.73,21.7,60.55,14.79,0.0
857,vlm,PV,Prefix: Attention P × V,_matmul_small,vlm.prefix.step-1.layer01._matmul_small.line1476,67904.0,19008768.0,3617587200.0,0.0,228288480.0,13702209536.0,58580992.0,32.45,52.8,52.8,56.29,39.17,29.02,26.4
858,vlm,O projection,Prefix: Attention output + residual,_matmul_small_res,vlm.prefix.step-1.layer01._matmul_small_res.line1487,90944.0,19446912.0,8053063680.0,0.0,253948096.0,21049995264.0,78454784.0,24.79,76.51,76.51,46.02,21.94,10.91,38.26
859,vlm,Norm / residual,Prefix: RMSNorm (pre-FFN),_rms_norm_kernel,vlm.prefix.step-1.layer01._rms_norm_kernel.line1499,8160.0,4245248.0,0.0,10340352.0,8197216.0,1890367488.0,6979584.0,60.82,0.0,10.89,17.85,75.41,13.24,0.0
860,vlm,FFN up,Prefix FFN: gate/up projection,triton_tem_fused_mm_0,vlm.prefix.layer01.FFN,1112064.0,366754688.0,128849018880.0,0.0,3080325920.0,263280912384.0,959905792.0,38.21,97.88,97.88,44.93,32.28,9.51,48.94
861,vlm,FFN up,Prefix FFN: GELU product,triton_poi_fused_gelu_mul_split_1,vlm.prefix.layer01.FFN,77984.0,64232064.0,0.0,232878093.0,90447136.0,18357989376.0,67297280.0,95.45,0.0,30.16,25.14,88.83,30.69,0.0
862,vlm,FFN down,Prefix FFN: down + residual,ampere_bf16_s1688gemm_bf16_128x64_sliced1x2_ldg8_f2f_nn,vlm.prefix.layer01.FFN,570976.0,119843072.0,64424509440.0,29491200.0,1509169664.0,134755188736.0,492847104.0,24.32,95.62,95.62,42.97,15.9,9.82,47.81
863,vlm,Norm / residual,Prefix: RMSNorm (pre-attention),_rms_norm_kernel,vlm.prefix.step-1.layer02._rms_norm_kernel.line1429,8224.000000000002,4247424.0,0.0,10340352.0,8184064.0,1916559360.0,7077888.0,60.01,0.0,10.74,17.62,75.7,13.05,0.0
864,vlm,QKV,Prefix: QKV projection + Gemma RoPE,_matmul_gemma_rope_qkv,vlm.prefix.step-1.layer02._matmul_gemma_rope_qkv.line1437,130528.00000000001,17333504.0,9730785280.0,6414336.0,350930144.0,30595856384.0,112640000.0,15.39,63.61,63.61,43.91,8.33,7.2,31.8
865,vlm,QK,Prefix: Attention QKᵀ + scale,_matmul_abt_scale,vlm.prefix.step-1.layer02._matmul_abt_scale.line1455,59680.00000000001,5019392.0,3497000960.0,6830080.0,249455936.0,13730172928.0,51478528.0,9.75,50.94,50.94,69.12,39.75,15.01,25.47
866,vlm,Softmax,Prefix: Prefix masked softmax,_softmax_mask_vector,vlm.prefix.step-1.layer02._softmax_mask_vector.line1467,40352.0,31038976.0,0.0,35868096.0,42274304.0,9454022656.0,34775040.0,89.26,0.0,19.89,21.87,60.51,14.86,0.0
867,vlm,PV,Prefix: Attention P × V,_matmul_small,vlm.prefix.step-1.layer02._matmul_small.line1476,68224.0,19028608.0,3617587200.0,0.0,228429824.0,13907959808.0,58851328.0,32.33,52.02,52.02,56.09,39.18,29.03,26.01
868,vlm,O projection,Prefix: Attention output + residual,_matmul_small_res,vlm.prefix.step-1.layer02._matmul_small_res.line1487,91104.0,19400576.0,8053063680.0,0.0,253931456.0,21083815936.0,78610432.0,24.68,76.39,76.39,45.95,21.96,10.9,38.2
869,vlm,Norm / residual,Prefix: RMSNorm (pre-FFN),_rms_norm_kernel,vlm.prefix.step-1.layer02._rms_norm_kernel.line1499,8384.0,4243968.0,0.0,10340352.0,8186016.0,1947580416.0,7208960.0,58.87,0.0,10.57,17.33,75.45,13.71,0.0
870,vlm,FFN up,Prefix FFN: gate/up projection,triton_tem_fused_mm_0,vlm.prefix.layer02.FFN,1111456.0,367089408.0,128849018880.0,0.0,3080362944.0,263118968832.0,959397888.0,38.26,97.94,97.94,44.96,32.28,9.51,48.97
871,vlm,FFN up,Prefix FFN: GELU product,triton_poi_fused_gelu_mul_split_1,vlm.prefix.layer02.FFN,78048.00000000001,64233984.0,0.0,231273567.0,90453824.0,18367250432.0,67338240.0,95.39,0.0,30.15,25.12,89.05,30.59,0.0
872,vlm,FFN down,Prefix FFN: down + residual,ampere_bf16_s1688gemm_bf16_128x64_sliced1x2_ldg8_f2f_nn,vlm.prefix.layer02.FFN,569984.0,120182400.0,64424509440.0,29491200.0,1508465440.0,134638577664.0,491978752.0,24.43,95.7,95.7,42.99,15.91,9.83,47.85
873,vlm,Norm / residual,Prefix: RMSNorm (pre-attention),_rms_norm_kernel,vlm.prefix.step-1.layer03._rms_norm_kernel.line1429,8512.0,4244480.0,0.0,10340352.0,8216608.0,1983356928.0,7290880.0,58.22,0.0,10.38,17.06,75.84,13.02,0.0
874,vlm,QKV,Prefix: QKV projection + Gemma RoPE,_matmul_gemma_rope_qkv,vlm.prefix.step-1.layer03._matmul_gemma_rope_qkv.line1437,129824.00000000001,17292544.0,9730785280.0,6414336.0,350928448.0,30462425088.0,112058368.0,15.43,63.89,63.89,44.11,8.33,7.13,31.94
875,vlm,QK,Prefix: Attention QKᵀ + scale,_matmul_abt_scale,vlm.prefix.step-1.layer03._matmul_abt_scale.line1455,60384.0,5020160.0,3497000960.0,6830080.0,249460992.0,13895090176.0,52068352.0,9.64,50.33,50.33,68.29,39.77,15.03,25.17
876,vlm,Softmax,Prefix: Prefix masked softmax,_softmax_mask_vector,vlm.prefix.step-1.layer03._softmax_mask_vector.line1467,40736.00000000001,31060608.0,0.0,35868096.0,42286592.0,9541310464.0,35094528.0,88.51,0.0,19.7,21.66,60.67,14.85,0.0
877,vlm,PV,Prefix: Attention P × V,_matmul_small,vlm.prefix.step-1.layer03._matmul_small.line1476,68192.0,19014656.0,3617587200.0,0.0,228852736.0,13788534784.0,58818560.0,32.33,52.47,52.47,56.14,39.18,29.08,26.24
878,vlm,O projection,Prefix: Attention output + residual,_matmul_small_res,vlm.prefix.step-1.layer03._matmul_small_res.line1487,91104.0,19439872.0,8053063680.0,0.0,253930784.0,21018380288.0,78626816.0,24.72,76.63,76.63,46.07,21.96,10.91,38.31
879,vlm,Norm / residual,Prefix: RMSNorm (pre-FFN),_rms_norm_kernel,vlm.prefix.step-1.layer03._rms_norm_kernel.line1499,8096.0,4243840.0,0.0,10340352.0,8170112.0,1887930368.0,6979584.0,60.8,0.0,10.9,17.86,76.1,13.47,0.0
880,vlm,FFN up,Prefix FFN: gate/up projection,triton_tem_fused_mm_0,vlm.prefix.layer03.FFN,1112096.0000000002,366642048.0,128849018880.0,0.0,3080321504.0,263182913536.0,959938560.0,38.19,97.92,97.92,44.94,32.28,9.51,48.96
881,vlm,FFN up,Prefix FFN: GELU product,triton_poi_fused_gelu_mul_split_1,vlm.prefix.layer03.FFN,78048.00000000001,64235520.0,0.0,231107926.0,90453472.0,18363820032.0,67330048.0,95.4,0.0,30.15,25.12,89.06,30.74,0.0
882,vlm,FFN down,Prefix FFN: down + residual,ampere_bf16_s1688gemm_bf16_128x64_sliced1x2_ldg8_f2f_nn,vlm.prefix.layer03.FFN,570240.0000000001,120203648.0,64424509440.0,29491200.0,1508183200.0,134695583744.0,492208128.0,24.42,95.66,95.66,42.97,15.91,9.83,47.83
883,vlm,Norm / residual,Prefix: RMSNorm (pre-attention),_rms_norm_kernel,vlm.prefix.step-1.layer04._rms_norm_kernel.line1429,8512.0,4238464.0,0.0,10340352.0,8173888.0,1973749760.0,7274496.0,58.26,0.0,10.43,17.08,75.58,13.29,0.0
884,vlm,QKV,Prefix: QKV projection + Gemma RoPE,_matmul_gemma_rope_qkv,vlm.prefix.step-1.layer04._matmul_gemma_rope_qkv.line1437,130336.00000000001,17354112.0,9730785280.0,6414336.0,350923040.0,30569021440.0,112459776.0,15.43,63.66,63.66,43.94,8.33,7.12,31.83
885,vlm,QK,Prefix: Attention QKᵀ + scale,_matmul_abt_scale,vlm.prefix.step-1.layer04._matmul_abt_scale.line1455,59744.0,5022080.0,3497000960.0,6830080.0,249459072.0,13725820928.0,51519488.0,9.75,50.96,50.96,69.14,39.76,15.07,25.48
886,vlm,Softmax,Prefix: Prefix masked softmax,_softmax_mask_vector,vlm.prefix.step-1.layer04._softmax_mask_vector.line1467,40512.0,31079808.0,0.0,35868096.0,42290304.0,9491412992.0,34922496.0,89.0,0.0,19.81,21.78,60.25,14.75,0.0
887,vlm,PV,Prefix: Attention P × V,_matmul_small,vlm.prefix.step-1.layer04._matmul_small.line1476,67904.0,19011200.0,3617587200.0,0.0,228472928.0,13845622784.0,58589184.0,32.45,52.26,52.26,56.33,39.17,29.21,26.13
888,vlm,O projection,Prefix: Attention output + residual,_matmul_small_res,vlm.prefix.step-1.layer04._matmul_small_res.line1487,90976.0,19414016.0,8053063680.0,0.0,253970240.0,20970743808.0,78487552.0,24.74,76.8,76.8,46.18,21.94,10.92,38.4
889,vlm,Norm / residual,Prefix: RMSNorm (pre-FFN),_rms_norm_kernel,vlm.prefix.step-1.layer04._rms_norm_kernel.line1499,8512.0,4242688.0,0.0,10340352.0,8176512.0,1981036544.0,7315456.0,58.0,0.0,10.39,17.03,75.44,13.04,0.0
890,vlm,FFN up,Prefix FFN: gate/up projection,triton_tem_fused_mm_0,vlm.prefix.layer04.FFN,1111712.0000000002,366904448.0,128849018880.0,0.0,3080352128.0,263209793536.0,959610880.0,38.23,97.91,97.91,44.94,32.28,9.51,48.95
891,vlm,FFN up,Prefix FFN: GELU product,triton_poi_fused_gelu_mul_split_1,vlm.prefix.layer04.FFN,77920.0,64234368.0,0.0,228204872.0,90452064.0,18343739392.0,67239936.0,95.53,0.0,30.17,25.16,88.86,30.72,0.0
892,vlm,FFN down,Prefix FFN: down + residual,ampere_bf16_s1688gemm_bf16_128x64_sliced1x2_ldg8_f2f_nn,vlm.prefix.layer04.FFN,569856.0,119767808.0,64424509440.0,29491200.0,1508252544.0,134657945600.0,491888640.0,24.35,95.69,95.69,42.99,15.91,9.83,47.84
893,vlm,Norm / residual,Prefix: RMSNorm (pre-attention),_rms_norm_kernel,vlm.prefix.step-1.layer05._rms_norm_kernel.line1429,8032.0,4241152.0,0.0,10340352.0,8174016.0,1869082624.0,6914048.0,61.34,0.0,11.01,18.06,75.08,13.75,0.0
894,vlm,QKV,Prefix: QKV projection + Gemma RoPE,_matmul_gemma_rope_qkv,vlm.prefix.step-1.layer05._matmul_gemma_rope_qkv.line1437,130144.0,17344128.0,9730785280.0,6414336.0,350930912.0,30531823616.0,112304128.0,15.44,63.74,63.74,44.0,8.33,7.19,31.87
895,vlm,QK,Prefix: Attention QKᵀ + scale,_matmul_abt_scale,vlm.prefix.step-1.layer05._matmul_abt_scale.line1455,60032.00000000001,5018240.0,3497000960.0,6830080.0,249461696.0,13830993920.0,51798016.0,9.69,50.57,50.57,68.62,39.77,15.04,25.28
896,vlm,Softmax,Prefix: Prefix masked softmax,_softmax_mask_vector,vlm.prefix.step-1.layer05._softmax_mask_vector.line1467,40416.0,31029632.0,0.0,35868096.0,42236384.0,9467299840.0,34832384.0,89.08,0.0,19.86,21.83,60.6,14.82,0.0
897,vlm,PV,Prefix: Attention P × V,_matmul_small,vlm.prefix.step-1.layer05._matmul_small.line1476,68288.00000000001,19016576.0,3617587200.0,0.0,228257088.0,13847353344.0,58884096.0,32.29,52.25,52.25,55.94,39.18,28.95,26.12
898,vlm,O projection,Prefix: Attention output + residual,_matmul_small_res,vlm.prefix.step-1.layer05._matmul_small_res.line1487,90688.00000000001,19403776.0,8053063680.0,0.0,253931488.0,20968611840.0,78249984.0,24.8,76.81,76.81,46.18,21.93,10.89,38.41
899,vlm,Norm / residual,Prefix: RMSNorm (pre-FFN),_rms_norm_kernel,vlm.prefix.step-1.layer05._rms_norm_kernel.line1499,8352.0,4244096.0,0.0,10340352.0,8201760.0,1939580928.0,7176192.0,59.14,0.0,10.61,17.39,75.84,13.38,0.0
900,vlm,FFN up,Prefix FFN: gate/up projection,triton_tem_fused_mm_0,vlm.prefix.layer05.FFN,1111520.0000000002,366800640.0,128849018880.0,0.0,3080457280.0,263184508928.0,959479808.0,38.23,97.92,97.92,44.95,32.28,9.51,48.96
901,vlm,FFN up,Prefix FFN: GELU product,triton_poi_fused_gelu_mul_split_1,vlm.prefix.layer05.FFN,78048.00000000001,64242176.0,0.0,227094224.0,90472800.0,18365206528.0,67313664.0,95.44,0.0,30.13,25.13,88.92,30.7,0.0
902,vlm,FFN down,Prefix FFN: down + residual,ampere_bf16_s1688gemm_bf16_128x64_sliced1x2_ldg8_f2f_nn,vlm.prefix.layer05.FFN,570240.0000000001,119830016.0,64424509440.0,29491200.0,1508400032.0,134665908224.0,492208128.0,24.35,95.68,95.68,42.98,15.92,9.83,47.84
903,vlm,Norm / residual,Prefix: RMSNorm (pre-attention),_rms_norm_kernel,vlm.prefix.step-1.layer06._rms_norm_kernel.line1429,8288.000000000002,4247552.0,0.0,10340352.0,8199424.0,1922449408.0,7110656.0,59.74,0.0,10.71,17.54,75.67,13.2,0.0
904,vlm,QKV,Prefix: QKV projection + Gemma RoPE,_matmul_gemma_rope_qkv,vlm.prefix.step-1.layer06._matmul_gemma_rope_qkv.line1437,129088.0,17360768.0,9730785280.0,6414336.0,350942272.0,30296512512.0,111378432.0,15.59,64.24,64.24,44.36,8.33,7.19,32.12
905,vlm,QK,Prefix: Attention QKᵀ + scale,_matmul_abt_scale,vlm.prefix.step-1.layer06._matmul_abt_scale.line1455,59712.00000000001,5024000.0,3497000960.0,6830080.0,249459616.0,13757865984.0,51511296.0,9.75,50.84,50.84,69.0,39.76,15.07,25.42
906,vlm,Softmax,Prefix: Prefix masked softmax,_softmax_mask_vector,vlm.prefix.step-1.layer06._softmax_mask_vector.line1467,40704.0,31050880.0,0.0,35878458.0,42305216.0,9545412608.0,35110912.0,88.44,0.0,19.7,21.66,60.64,14.82,0.0
907,vlm,PV,Prefix: Attention P × V,_matmul_small,vlm.prefix.step-1.layer06._matmul_small.line1476,68160.0,19003264.0,3617587200.0,0.0,228316640.0,13643882496.0,58793984.0,32.32,53.03,53.03,55.92,39.18,29.24,26.51
908,vlm,O projection,Prefix: Attention output + residual,_matmul_small_res,vlm.prefix.step-1.layer06._matmul_small_res.line1487,91232.00000000001,19387008.0,8053063680.0,0.0,253956096.0,21096736768.0,78700544.0,24.63,76.34,76.34,45.93,21.94,10.91,38.17
909,vlm,Norm / residual,Prefix: RMSNorm (pre-FFN),_rms_norm_kernel,vlm.prefix.step-1.layer06._rms_norm_kernel.line1499,8448.000000000002,4243584.0,0.0,10340352.0,8213728.0,1969893376.0,7258112.0,58.47,0.0,10.45,17.16,75.58,12.95,0.0
910,vlm,FFN up,Prefix FFN: gate/up projection,triton_tem_fused_mm_0,vlm.prefix.layer06.FFN,1111584.0,366744704.0,128849018880.0,0.0,3080318176.0,263191889920.0,959528960.0,38.22,97.91,97.91,44.94,32.28,9.51,48.96
911,vlm,FFN up,Prefix FFN: GELU product,triton_poi_fused_gelu_mul_split_1,vlm.prefix.layer06.FFN,77920.0,64237696.0,0.0,225745100.0,90416896.0,18340450304.0,67223552.0,95.56,0.0,30.15,25.16,88.78,30.68,0.0
912,vlm,FFN down,Prefix FFN: down + residual,ampere_bf16_s1688gemm_bf16_128x64_sliced1x2_ldg8_f2f_nn,vlm.prefix.layer06.FFN,569568.0,119734016.0,64424509440.0,29491200.0,1508468672.0,134551527424.0,491626496.0,24.35,95.76,95.76,43.03,15.92,9.82,47.88
913,vlm,Norm / residual,Prefix: RMSNorm (pre-attention),_rms_norm_kernel,vlm.prefix.step-1.layer07._rms_norm_kernel.line1429,8608.000000000002,4244480.0,0.0,10340352.0,8165600.0,2003974144.0,7397376.0,57.38,0.0,10.27,16.81,75.63,13.3,0.0
914,vlm,QKV,Prefix: QKV projection + Gemma RoPE,_matmul_gemma_rope_qkv,vlm.prefix.step-1.layer07._matmul_gemma_rope_qkv.line1437,130208.00000000001,17337472.0,9730785280.0,6414336.0,351021536.0,30522560512.0,112394240.0,15.43,63.76,63.76,44.02,8.33,7.16,31.88
915,vlm,QK,Prefix: Attention QKᵀ + scale,_matmul_abt_scale,vlm.prefix.step-1.layer07._matmul_abt_scale.line1455,60096.0,5022976.0,3497000960.0,6830080.0,249460928.0,13836736512.0,51838976.0,9.69,50.55,50.55,68.59,39.75,15.01,25.27
916,vlm,Softmax,Prefix: Prefix masked softmax,_softmax_mask_vector,vlm.prefix.step-1.layer07._softmax_mask_vector.line1467,40352.0,31092480.0,0.0,35868096.0,42330816.0,9450399744.0,34766848.0,89.43,0.0,19.89,21.87,60.38,14.78,0.0
917,vlm,PV,Prefix: Attention P × V,_matmul_small,vlm.prefix.step-1.layer07._matmul_small.line1476,68224.0,19010816.0,3617587200.0,0.0,228533024.0,13818525696.0,58851328.0,32.3,52.36,52.36,56.09,39.19,29.14,26.18
918,vlm,O projection,Prefix: Attention output + residual,_matmul_small_res,vlm.prefix.step-1.layer07._matmul_small_res.line1487,90784.0,19427200.0,8053063680.0,0.0,253942176.0,21017690112.0,78315520.0,24.81,76.63,76.63,46.09,21.9,10.9,38.32
919,vlm,Norm / residual,Prefix: RMSNorm (pre-FFN),_rms_norm_kernel,vlm.prefix.step-1.layer07._rms_norm_kernel.line1499,8288.000000000002,4246016.0,0.0,10340352.0,8171712.0,1924317184.0,7110656.0,59.71,0.0,10.69,17.53,75.38,13.4,0.0
920,vlm,FFN up,Prefix FFN: gate/up projection,triton_tem_fused_mm_0,vlm.prefix.layer07.FFN,1111008.0000000002,366816896.0,128849018880.0,0.0,3080426976.0,263053455360.0,959004672.0,38.25,97.96,97.96,44.97,32.28,9.51,48.98
921,vlm,FFN up,Prefix FFN: GELU product,triton_poi_fused_gelu_mul_split_1,vlm.prefix.layer07.FFN,77984.0,64236032.0,0.0,228009362.0,90453760.0,18356881408.0,67289088.0,95.46,0.0,30.15,25.14,88.96,30.7,0.0
922,vlm,FFN down,Prefix FFN: down + residual,ampere_bf16_s1688gemm_bf16_128x64_sliced1x2_ldg8_f2f_nn,vlm.prefix.layer07.FFN,570144.0000000001,119724544.0,64424509440.0,29491200.0,1508415872.0,134736893952.0,492126208.0,24.33,95.63,95.63,42.97,15.91,9.83,47.82
923,vlm,Norm / residual,Prefix: RMSNorm (pre-attention),_rms_norm_kernel,vlm.prefix.step-1.layer08._rms_norm_kernel.line1429,8288.000000000002,4246912.0,0.0,10340352.0,8160544.0,1925494784.0,7118848.0,59.66,0.0,10.69,17.48,75.97,13.24,0.0
924,vlm,QKV,Prefix: QKV projection + Gemma RoPE,_matmul_gemma_rope_qkv,vlm.prefix.step-1.layer08._matmul_gemma_rope_qkv.line1437,129696.0,17327360.0,9730785280.0,6414336.0,350921248.0,30405838848.0,111927296.0,15.48,64.01,64.01,44.17,8.33,7.18,32.0
925,vlm,QK,Prefix: Attention QKᵀ + scale,_matmul_abt_scale,vlm.prefix.step-1.layer08._matmul_abt_scale.line1455,60544.0,5020544.0,3497000960.0,6830080.0,249461408.0,13939716096.0,52215808.0,9.61,50.17,50.17,68.09,39.76,15.05,25.09
926,vlm,Softmax,Prefix: Prefix masked softmax,_softmax_mask_vector,vlm.prefix.step-1.layer08._softmax_mask_vector.line1467,40320.0,31040384.0,0.0,35868096.0,42271296.0,9449095168.0,34783232.0,89.24,0.0,19.9,21.87,60.6,14.82,0.0
927,vlm,PV,Prefix: Attention P × V,_matmul_small,vlm.prefix.step-1.layer08._matmul_small.line1476,68352.0,19019264.0,3617587200.0,0.0,228839936.0,13905436672.0,58949632.0,32.26,52.03,52.03,56.14,39.18,29.11,26.02
928,vlm,O projection,Prefix: Attention output + residual,_matmul_small_res,vlm.prefix.step-1.layer08._matmul_small_res.line1487,90912.0,19402880.0,8053063680.0,0.0,253955200.0,21059819520.0,78454784.0,24.73,76.48,76.48,46.01,21.94,10.9,38.24
929,vlm,Norm / residual,Prefix: RMSNorm (pre-FFN),_rms_norm_kernel,vlm.prefix.step-1.layer08._rms_norm_kernel.line1499,8320.0,4243712.0,0.0,10340352.0,8163072.0,1935331328.0,7159808.0,59.27,0.0,10.63,17.42,76.35,13.33,0.0
930,vlm,FFN up,Prefix FFN: gate/up projection,triton_tem_fused_mm_0,vlm.prefix.layer08.FFN,1111520.0000000002,366796800.0,128849018880.0,0.0,3080322048.0,263152658432.0,959479808.0,38.23,97.93,97.93,44.95,32.28,9.51,48.96
931,vlm,FFN up,Prefix FFN: GELU product,triton_poi_fused_gelu_mul_split_1,vlm.prefix.layer08.FFN,77984.0,64238336.0,0.0,229427086.0,90453376.0,18356957184.0,67289088.0,95.47,0.0,30.15,25.14,88.97,30.72,0.0
932,vlm,FFN down,Prefix FFN: down + residual,ampere_bf16_s1688gemm_bf16_128x64_sliced1x2_ldg8_f2f_nn,vlm.prefix.layer08.FFN,571168.0,119681664.0,64424509440.0,29491200.0,1508526432.0,134846855168.0,493002752.0,24.28,95.55,95.55,42.93,15.92,9.83,47.78
933,vlm,Norm / residual,Prefix: RMSNorm (pre-attention),_rms_norm_kernel,vlm.prefix.step-1.layer09._rms_norm_kernel.line1429,8224.000000000002,4244096.0,0.0,10340352.0,8196992.0,1908668416.0,7036928.0,60.31,0.0,10.78,17.71,75.85,13.63,0.0
934,vlm,QKV,Prefix: QKV projection + Gemma RoPE,_matmul_gemma_rope_qkv,vlm.prefix.step-1.layer09._matmul_gemma_rope_qkv.line1437,129216.0,17302272.0,9730785280.0,6414336.0,350922464.0,30305402880.0,111509504.0,15.52,64.22,64.22,44.33,8.33,7.2,32.11
935,vlm,QK,Prefix: Attention QKᵀ + scale,_matmul_abt_scale,vlm.prefix.step-1.layer09._matmul_abt_scale.line1455,59872.00000000001,5021440.0,3497000960.0,6830080.0,249461792.0,13773524992.0,51666944.0,9.72,50.78,50.78,68.91,39.73,15.03,25.39
936,vlm,Softmax,Prefix: Prefix masked softmax,_softmax_mask_vector,vlm.prefix.step-1.layer09._softmax_mask_vector.line1467,40544.0,31054080.0,0.0,35868096.0,42288992.0,9499840512.0,34947072.0,88.86,0.0,19.79,21.76,60.67,14.83,0.0
937,vlm,PV,Prefix: Attention P × V,_matmul_small,vlm.prefix.step-1.layer09._matmul_small.line1476,67392.00000000001,19013888.0,3617587200.0,0.0,228472864.0,13768849408.0,58122240.0,32.71,52.55,52.55,56.79,39.15,29.24,26.27
938,vlm,O projection,Prefix: Attention output + residual,_matmul_small_res,vlm.prefix.step-1.layer09._matmul_small_res.line1487,90624.0,19425920.0,8053063680.0,0.0,253931840.0,21011308544.0,78200832.0,24.84,76.65,76.65,46.11,21.91,10.9,38.33
939,vlm,Norm / residual,Prefix: RMSNorm (pre-FFN),_rms_norm_kernel,vlm.prefix.step-1.layer09._rms_norm_kernel.line1499,8576.0,4251520.0,0.0,10340352.0,8185600.0,1988231168.0,7323648.0,58.05,0.0,10.35,16.94,75.64,13.29,0.0
940,vlm,FFN up,Prefix FFN: gate/up projection,triton_tem_fused_mm_0,vlm.prefix.layer09.FFN,1111424.0,366768896.0,128849018880.0,0.0,3080495744.0,263162843136.0,959381504.0,38.23,97.92,97.92,44.95,32.28,9.51,48.96
941,vlm,FFN up,Prefix FFN: GELU product,triton_poi_fused_gelu_mul_split_1,vlm.prefix.layer09.FFN,77984.0,64232448.0,0.0,229942076.0,90453824.0,18355539968.0,67297280.0,95.45,0.0,30.15,25.14,89.0,30.7,0.0
942,vlm,FFN down,Prefix FFN: down + residual,ampere_bf16_s1688gemm_bf16_128x64_sliced1x2_ldg8_f2f_nn,vlm.prefix.layer09.FFN,570368.0,119794944.0,64424509440.0,29491200.0,1508217600.0,134819784704.0,492314624.0,24.33,95.57,95.57,42.94,15.92,9.83,47.79
943,vlm,Norm / residual,Prefix: RMSNorm (pre-attention),_rms_norm_kernel,vlm.prefix.step-1.layer10._rms_norm_kernel.line1429,8288.000000000002,4245120.0,0.0,10340352.0,8222976.0,1928169472.0,7110656.0,59.7,0.0,10.67,17.53,75.4,13.4,0.0
944,vlm,QKV,Prefix: QKV projection + Gemma RoPE,_matmul_gemma_rope_qkv,vlm.prefix.step-1.layer10._matmul_gemma_rope_qkv.line1437,129760.0,17362560.0,9730785280.0,6414336.0,350907136.0,30432188416.0,111992832.0,15.5,63.95,63.95,44.13,8.33,7.13,31.98
945,vlm,QK,Prefix: Attention QKᵀ + scale,_matmul_abt_scale,vlm.prefix.step-1.layer10._matmul_abt_scale.line1455,60032.00000000001,5020928.0,3497000960.0,6830080.0,249461600.0,13809553408.0,51781632.0,9.7,50.65,50.65,68.74,39.74,15.15,25.32
946,vlm,Softmax,Prefix: Prefix masked softmax,_softmax_mask_vector,vlm.prefix.step-1.layer10._softmax_mask_vector.line1467,40544.0,31070592.0,0.0,35868096.0,42293952.0,9499992064.0,34947072.0,88.91,0.0,19.79,21.76,60.44,14.78,0.0
947,vlm,PV,Prefix: Attention P × V,_matmul_small,vlm.prefix.step-1.layer10._matmul_small.line1476,68192.0,19021696.0,3617587200.0,0.0,229641600.0,13876109312.0,58834944.0,32.33,52.14,52.14,56.44,39.17,28.86,26.07
948,vlm,O projection,Prefix: Attention output + residual,_matmul_small_res,vlm.prefix.step-1.layer10._matmul_small_res.line1487,91232.00000000001,19454976.0,8053063680.0,0.0,253931392.0,21134348288.0,78725120.0,24.71,76.21,76.21,45.83,21.92,10.9,38.1
949,vlm,Norm / residual,Prefix: RMSNorm (pre-FFN),_rms_norm_kernel,vlm.prefix.step-1.layer10._rms_norm_kernel.line1499,8256.0,4244608.0,0.0,10340352.0,8188544.0,1917638656.0,7077888.0,59.97,0.0,10.73,17.62,75.79,13.89,0.0
950,vlm,FFN up,Prefix FFN: gate/up projection,triton_tem_fused_mm_0,vlm.prefix.layer10.FFN,1111552.0,366752640.0,128849018880.0,0.0,3080432096.0,263138324480.0,959496192.0,38.22,97.93,97.93,44.95,32.28,9.51,48.97
951,vlm,FFN up,Prefix FFN: GELU product,triton_poi_fused_gelu_mul_split_1,vlm.prefix.layer10.FFN,78080.00000000001,64234368.0,0.0,230880125.0,90452896.0,18372661248.0,67354624.0,95.37,0.0,30.13,25.11,88.98,30.71,0.0
952,vlm,FFN down,Prefix FFN: down + residual,ampere_bf16_s1688gemm_bf16_128x64_sliced1x2_ldg8_f2f_nn,vlm.prefix.layer10.FFN,570400.0,119755776.0,64424509440.0,29491200.0,1508696736.0,134682050560.0,492347392.0,24.32,95.67,95.67,42.99,15.92,9.82,47.83
953,vlm,Norm / residual,Prefix: RMSNorm (pre-attention),_rms_norm_kernel,vlm.prefix.step-1.layer11._rms_norm_kernel.line1429,8224.000000000002,4242432.0,0.0,10340352.0,8160320.0,1910568960.0,7045120.0,60.22,0.0,10.77,17.61,75.66,13.53,0.0
954,vlm,QKV,Prefix: QKV projection + Gemma RoPE,_matmul_gemma_rope_qkv,vlm.prefix.step-1.layer11._matmul_gemma_rope_qkv.line1437,130592.00000000001,17332864.0,9730785280.0,6414336.0,351038496.0,30652766208.0,112705536.0,15.38,63.49,63.49,43.85,8.33,7.17,31.75
955,vlm,QK,Prefix: Attention QKᵀ + scale,_matmul_abt_scale,vlm.prefix.step-1.layer11._matmul_abt_scale.line1455,60160.00000000001,5021440.0,3497000960.0,6830080.0,249460992.0,13839269888.0,51871744.0,9.68,50.54,50.54,68.58,39.76,15.05,25.27
956,vlm,Softmax,Prefix: Prefix masked softmax,_softmax_mask_vector,vlm.prefix.step-1.layer11._softmax_mask_vector.line1467,40320.0,31051648.0,0.0,35868096.0,42293728.0,9454839808.0,34791424.0,89.25,0.0,19.88,21.86,60.58,14.83,0.0
957,vlm,PV,Prefix: Attention P × V,_matmul_small,vlm.prefix.step-1.layer11._matmul_small.line1476,67712.0,19017856.0,3617587200.0,0.0,228598272.0,13853081600.0,58392576.0,32.57,52.23,52.23,56.28,39.18,29.11,26.11
958,vlm,O projection,Prefix: Attention output + residual,_matmul_small_res,vlm.prefix.step-1.layer11._matmul_small_res.line1487,91168.0,19390208.0,8053063680.0,0.0,253929664.0,21068347392.0,78643200.0,24.66,76.45,76.45,45.95,21.95,10.91,38.22
959,vlm,Norm / residual,Prefix: RMSNorm (pre-FFN),_rms_norm_kernel,vlm.prefix.step-1.layer11._rms_norm_kernel.line1499,8288.000000000002,4248320.0,0.0,10340352.0,8185088.0,1920854016.0,7077888.0,60.02,0.0,10.71,17.54,76.1,13.75,0.0
960,vlm,FFN up,Prefix FFN: gate/up projection,triton_tem_fused_mm_0,vlm.prefix.layer11.FFN,1111488.0,367370624.0,128849018880.0,0.0,3080317184.0,263191840768.0,959430656.0,38.29,97.91,97.91,44.94,32.28,9.51,48.96
961,vlm,FFN up,Prefix FFN: GELU product,triton_poi_fused_gelu_mul_split_1,vlm.prefix.layer11.FFN,77920.0,64234624.0,0.0,232572144.0,90454048.0,18337830912.0,67239936.0,95.53,0.0,30.19,25.16,89.02,30.74,0.0
962,vlm,FFN down,Prefix FFN: down + residual,ampere_bf16_s1688gemm_bf16_128x64_sliced1x2_ldg8_f2f_nn,vlm.prefix.layer11.FFN,570656.0,119673344.0,64424509440.0,29491200.0,1508255968.0,134821861376.0,492568576.0,24.3,95.57,95.57,42.93,15.91,9.82,47.78
963,vlm,Norm / residual,Prefix: RMSNorm (pre-attention),_rms_norm_kernel,vlm.prefix.step-1.layer12._rms_norm_kernel.line1429,8256.0,4243328.0,0.0,10340352.0,8175040.0,1913976832.0,7069696.0,60.02,0.0,10.75,17.63,76.16,13.27,0.0
964,vlm,QKV,Prefix: QKV projection + Gemma RoPE,_matmul_gemma_rope_qkv,vlm.prefix.step-1.layer12._matmul_gemma_rope_qkv.line1437,129856.0,17293568.0,9730785280.0,6414336.0,350930368.0,30446548992.0,112050176.0,15.43,63.92,63.92,44.12,8.33,7.18,31.96
965,vlm,QK,Prefix: Attention QKᵀ + scale,_matmul_abt_scale,vlm.prefix.step-1.layer12._matmul_abt_scale.line1455,60064.00000000001,5017728.0,3497000960.0,6830080.0,249460480.0,13845712896.0,51806208.0,9.69,50.51,50.51,68.58,39.75,15.0,25.26
966,vlm,Softmax,Prefix: Prefix masked softmax,_softmax_mask_vector,vlm.prefix.step-1.layer12._softmax_mask_vector.line1467,40608.0,31044864.0,0.0,35868096.0,42317888.0,9516109824.0,35012608.0,88.67,0.0,19.76,21.72,60.52,14.79,0.0
967,vlm,PV,Prefix: Attention P × V,_matmul_small,vlm.prefix.step-1.layer12._matmul_small.line1476,68512.00000000001,19007360.0,3617587200.0,0.0,229236480.0,13729081344.0,59097088.0,32.16,52.7,52.7,55.9,39.18,29.25,26.35
968,vlm,O projection,Prefix: Attention output + residual,_matmul_small_res,vlm.prefix.step-1.layer12._matmul_small_res.line1487,91264.0,19422720.0,8053063680.0,0.0,253931552.0,21098000384.0,78741504.0,24.67,76.34,76.34,45.89,21.91,10.89,38.17
969,vlm,Norm / residual,Prefix: RMSNorm (pre-FFN),_rms_norm_kernel,vlm.prefix.step-1.layer12._rms_norm_kernel.line1499,8448.000000000002,4244480.0,0.0,10340352.0,8172736.0,1965735936.0,7249920.0,58.55,0.0,10.47,17.18,76.36,13.23,0.0
970,vlm,FFN up,Prefix FFN: gate/up projection,triton_tem_fused_mm_0,vlm.prefix.layer12.FFN,1111424.0,367001728.0,128849018880.0,0.0,3080300032.0,263130796032.0,959406080.0,38.25,97.94,97.94,44.95,32.28,9.51,48.97
971,vlm,FFN up,Prefix FFN: GELU product,triton_poi_fused_gelu_mul_split_1,vlm.prefix.layer12.FFN,77920.0,64235392.0,0.0,233142007.0,90453696.0,18339067904.0,67223552.0,95.55,0.0,30.19,25.16,89.04,30.72,0.0
972,vlm,FFN down,Prefix FFN: down + residual,ampere_bf16_s1688gemm_bf16_128x64_sliced1x2_ldg8_f2f_nn,vlm.prefix.layer12.FFN,569856.0,119757184.0,64424509440.0,29491200.0,1508912576.0,134573254656.0,491864064.0,24.35,95.75,95.75,43.03,15.91,9.83,47.87
973,vlm,Norm / residual,Prefix: RMSNorm (pre-attention),_rms_norm_kernel,vlm.prefix.step-1.layer13._rms_norm_kernel.line1429,8384.0,4248064.0,0.0,10340352.0,8191168.0,1953202176.0,7225344.0,58.79,0.0,10.54,17.28,75.63,12.83,0.0
974,vlm,QKV,Prefix: QKV projection + Gemma RoPE,_matmul_gemma_rope_qkv,vlm.prefix.step-1.layer13._matmul_gemma_rope_qkv.line1437,130336.00000000001,17351168.0,9730785280.0,6414336.0,350933568.0,30573135872.0,112451584.0,15.43,63.66,63.66,43.95,8.33,7.17,31.83
975,vlm,QK,Prefix: Attention QKᵀ + scale,_matmul_abt_scale,vlm.prefix.step-1.layer13._matmul_abt_scale.line1455,60096.0,5024128.0,3497000960.0,6830080.0,249415264.0,13846749184.0,51847168.0,9.69,50.51,50.51,68.55,39.79,15.03,25.26
976,vlm,Softmax,Prefix: Prefix masked softmax,_softmax_mask_vector,vlm.prefix.step-1.layer13._softmax_mask_vector.line1467,40512.0,31061760.0,0.0,35868096.0,42285856.0,9491687424.0,34914304.0,88.97,0.0,19.81,21.78,60.63,14.76,0.0
977,vlm,PV,Prefix: Attention P × V,_matmul_small,vlm.prefix.step-1.layer13._matmul_small.line1476,67584.00000000001,19006976.0,3617587200.0,0.0,228612512.0,13841252352.0,58294272.0,32.61,52.27,52.27,56.58,39.18,29.28,26.14
978,vlm,O projection,Prefix: Attention output + residual,_matmul_small_res,vlm.prefix.step-1.layer13._matmul_small_res.line1487,91040.00000000001,19456896.0,8053063680.0,0.0,253954368.0,21035757568.0,78536704.0,24.77,76.57,76.57,46.03,21.92,10.88,38.28
979,vlm,Norm / residual,Prefix: RMSNorm (pre-FFN),_rms_norm_kernel,vlm.prefix.step-1.layer13._rms_norm_kernel.line1499,8448.000000000002,4247296.0,0.0,10340352.0,8209920.0,1961588736.0,7241728.0,58.65,0.0,10.49,17.2,74.69,12.91,0.0
980,vlm,FFN up,Prefix FFN: gate/up projection,triton_tem_fused_mm_0,vlm.prefix.layer13.FFN,1111584.0,366752768.0,128849018880.0,0.0,3080459456.0,263162695680.0,959520768.0,38.22,97.92,97.92,44.95,32.28,9.51,48.96
981,vlm,FFN up,Prefix FFN: GELU product,triton_poi_fused_gelu_mul_split_1,vlm.prefix.layer13.FFN,77952.0,64232704.0,0.0,232353324.0,90453696.0,18346772480.0,67256320.0,95.5,0.0,30.18,25.16,89.02,30.71,0.0
982,vlm,FFN down,Prefix FFN: down + residual,ampere_bf16_s1688gemm_bf16_128x64_sliced1x2_ldg8_f2f_nn,vlm.prefix.layer13.FFN,569952.0000000001,119880064.0,64424509440.0,29491200.0,1508720256.0,134667118592.0,491978752.0,24.37,95.68,95.68,43.0,15.92,9.83,47.84
983,vlm,Norm / residual,Prefix: RMSNorm (pre-attention),_rms_norm_kernel,vlm.prefix.step-1.layer14._rms_norm_kernel.line1429,8576.0,4244992.0,0.0,10340352.0,8205248.0,1997529088.0,7364608.0,57.64,0.0,10.3,16.87,76.17,13.33,0.0
984,vlm,QKV,Prefix: QKV projection + Gemma RoPE,_matmul_gemma_rope_qkv,vlm.prefix.step-1.layer14._matmul_gemma_rope_qkv.line1437,129632.0,17311872.0,9730785280.0,6414336.0,351078496.0,30411110400.0,111845376.0,15.48,63.99,63.99,44.19,8.33,7.23,32.0
985,vlm,QK,Prefix: Attention QKᵀ + scale,_matmul_abt_scale,vlm.prefix.step-1.layer14._matmul_abt_scale.line1455,59712.00000000001,5021952.0,3497000960.0,6830080.0,249461056.0,13734115328.0,51544064.0,9.74,50.92,50.92,69.13,39.77,15.02,25.46
986,vlm,Softmax,Prefix: Prefix masked softmax,_softmax_mask_vector,vlm.prefix.step-1.layer14._softmax_mask_vector.line1467,40576.00000000001,31047296.0,0.0,35868096.0,42304864.0,9511444480.0,34988032.0,88.74,0.0,19.77,21.73,60.67,14.84,0.0
987,vlm,PV,Prefix: Attention P × V,_matmul_small,vlm.prefix.step-1.layer14._matmul_small.line1476,67552.0,18999296.0,3617587200.0,0.0,228441632.0,13613010944.0,58294272.0,32.59,53.15,53.15,56.46,39.16,29.17,26.57
988,vlm,O projection,Prefix: Attention output + residual,_matmul_small_res,vlm.prefix.step-1.layer14._matmul_small_res.line1487,91104.0,19434624.0,8053063680.0,0.0,253994496.0,21066876928.0,78626816.0,24.72,76.45,76.45,45.97,21.95,10.91,38.23
989,vlm,Norm / residual,Prefix: RMSNorm (pre-FFN),_rms_norm_kernel,vlm.prefix.step-1.layer14._rms_norm_kernel.line1499,8352.0,4245632.0,0.0,10340352.0,8192096.0,1945470976.0,7200768.0,58.96,0.0,10.58,17.34,76.14,13.6,0.0
990,vlm,FFN up,Prefix FFN: gate/up projection,triton_tem_fused_mm_0,vlm.prefix.layer14.FFN,1111200.0000000002,366952064.0,128849018880.0,0.0,3080377120.0,263148552192.0,959184896.0,38.26,97.93,97.93,44.95,32.28,9.51,48.96
991,vlm,FFN up,Prefix FFN: GELU product,triton_poi_fused_gelu_mul_split_1,vlm.prefix.layer14.FFN,78112.0,64241664.0,0.0,234048262.0,90456192.0,18382084096.0,67387392.0,95.33,0.0,30.13,25.1,88.84,30.72,0.0
992,vlm,FFN down,Prefix FFN: down + residual,ampere_bf16_s1688gemm_bf16_128x64_sliced1x2_ldg8_f2f_nn,vlm.prefix.layer14.FFN,570272.0,119820928.0,64424509440.0,29491200.0,1508406784.0,134634354688.0,492224512.0,24.34,95.7,95.7,42.99,15.92,9.83,47.85
993,vlm,Norm / residual,Prefix: RMSNorm (pre-attention),_rms_norm_kernel,vlm.prefix.step-1.layer15._rms_norm_kernel.line1429,8480.0,4245888.0,0.0,10340352.0,8158976.0,1965699072.0,7258112.0,58.5,0.0,10.47,17.16,75.68,12.99,0.0
994,vlm,QKV,Prefix: QKV projection + Gemma RoPE,_matmul_gemma_rope_qkv,vlm.prefix.step-1.layer15._matmul_gemma_rope_qkv.line1437,129696.0,17330944.0,9730785280.0,6414336.0,350938720.0,30429351936.0,111943680.0,15.48,63.96,63.96,44.16,8.33,7.19,31.98
995,vlm,QK,Prefix: Attention QKᵀ + scale,_matmul_abt_scale,vlm.prefix.step-1.layer15._matmul_abt_scale.line1455,59904.0,5019008.0,3497000960.0,6830080.0,249458080.0,13811462144.0,51658752.0,9.72,50.64,50.64,68.77,39.74,15.03,25.32
996,vlm,Softmax,Prefix: Prefix masked softmax,_softmax_mask_vector,vlm.prefix.step-1.layer15._softmax_mask_vector.line1467,40352.0,31067520.0,0.0,35868096.0,42273312.0,9457760256.0,34766848.0,89.36,0.0,19.88,21.85,60.67,14.8,0.0
997,vlm,PV,Prefix: Attention P × V,_matmul_small,vlm.prefix.step-1.layer15._matmul_small.line1476,68032.0,19017344.0,3617587200.0,0.0,228089792.0,13757601792.0,58687488.0,32.4,52.59,52.59,56.07,39.18,29.12,26.3
998,vlm,O projection,Prefix: Attention output + residual,_matmul_small_res,vlm.prefix.step-1.layer15._matmul_small_res.line1487,91008.0,19416192.0,8053063680.0,0.0,253928128.0,21054582784.0,78536704.0,24.72,76.5,76.5,46.01,21.91,10.9,38.25
999,vlm,Norm / residual,Prefix: RMSNorm (pre-FFN),_rms_norm_kernel,vlm.prefix.step-1.layer15._rms_norm_kernel.line1499,8416.0,4249856.0,0.0,10340352.0,8171392.0,1964861440.0,7258112.0,58.55,0.0,10.49,17.14,75.6,13.78,0.0
1000,vlm,FFN up,Prefix FFN: gate/up projection,triton_tem_fused_mm_0,vlm.prefix.layer15.FFN,1111680.0,366671104.0,128849018880.0,0.0,3080426304.0,263114293248.0,959594496.0,38.21,97.94,97.94,44.96,32.28,9.51,48.97
1001,vlm,FFN up,Prefix FFN: GELU product,triton_poi_fused_gelu_mul_split_1,vlm.prefix.layer15.FFN,78048.00000000001,64234880.0,0.0,232869651.0,90467040.0,18360178688.0,67305472.0,95.44,0.0,30.16,25.13,88.93,30.71,0.0
1002,vlm,FFN down,Prefix FFN: down + residual,ampere_bf16_s1688gemm_bf16_128x64_sliced1x2_ldg8_f2f_nn,vlm.prefix.layer15.FFN,570560.0,119698304.0,64424509440.0,29491200.0,1508538784.0,134773475328.0,492470272.0,24.31,95.6,95.6,42.95,15.92,9.83,47.8
1003,vlm,Norm / residual,Prefix: RMSNorm (pre-attention),_rms_norm_kernel,vlm.prefix.step-1.layer16._rms_norm_kernel.line1429,8288.000000000002,4248064.0,0.0,10340352.0,8188128.0,1928212480.0,7127040.0,59.6,0.0,10.67,17.49,75.42,13.43,0.0
1004,vlm,QKV,Prefix: QKV projection + Gemma RoPE,_matmul_gemma_rope_qkv,vlm.prefix.step-1.layer16._matmul_gemma_rope_qkv.line1437,129216.0,17264384.0,9730785280.0,6414336.0,350904032.0,30337986560.0,111509504.0,15.48,64.15,64.15,44.31,8.33,7.19,32.07
1005,vlm,QK,Prefix: Attention QKᵀ + scale,_matmul_abt_scale,vlm.prefix.step-1.layer16._matmul_abt_scale.line1455,59840.0,5020800.0,3497000960.0,6830080.0,249460864.0,13781882880.0,51617792.0,9.73,50.75,50.75,68.89,39.76,15.14,25.37
1006,vlm,Softmax,Prefix: Prefix masked softmax,_softmax_mask_vector,vlm.prefix.step-1.layer16._softmax_mask_vector.line1467,40320.0,31070464.0,0.0,35868096.0,42272320.0,9451980800.0,34766848.0,89.37,0.0,19.89,21.87,60.78,14.8,0.0
1007,vlm,PV,Prefix: Attention P × V,_matmul_small,vlm.prefix.step-1.layer16._matmul_small.line1476,67808.0,19014912.0,3617587200.0,0.0,228166976.0,13692366848.0,58490880.0,32.51,52.84,52.84,56.25,39.18,29.21,26.42
1008,vlm,O projection,Prefix: Attention output + residual,_matmul_small_res,vlm.prefix.step-1.layer16._matmul_small_res.line1487,91072.00000000001,19418752.0,8053063680.0,0.0,253931168.0,21068511232.0,78561280.0,24.72,76.45,76.45,45.97,21.96,10.91,38.22
1009,vlm,Norm / residual,Prefix: RMSNorm (pre-FFN),_rms_norm_kernel,vlm.prefix.step-1.layer16._rms_norm_kernel.line1499,8512.0,4248832.0,0.0,10340352.0,8156896.0,1977217024.0,7299072.0,58.21,0.0,10.41,16.97,75.46,13.22,0.0
1010,vlm,FFN up,Prefix FFN: gate/up projection,triton_tem_fused_mm_0,vlm.prefix.layer16.FFN,1111616.0000000002,366718848.0,128849018880.0,0.0,3080425664.0,263190073344.0,959545344.0,38.22,97.91,97.91,44.95,32.28,9.51,48.96
1011,vlm,FFN up,Prefix FFN: GELU product,triton_poi_fused_gelu_mul_split_1,vlm.prefix.layer16.FFN,77984.0,64235520.0,0.0,231130270.0,90453632.0,18347003904.0,67280896.0,95.47,0.0,30.18,25.15,88.86,30.71,0.0
1012,vlm,FFN down,Prefix FFN: down + residual,ampere_bf16_s1688gemm_bf16_128x64_sliced1x2_ldg8_f2f_nn,vlm.prefix.layer16.FFN,571072.0,119683456.0,64424509440.0,29491200.0,1508460096.0,134873012224.0,492929024.0,24.28,95.53,95.53,42.92,15.92,9.83,47.77
1013,vlm,Norm / residual,Prefix: RMSNorm (pre-attention),_rms_norm_kernel,vlm.prefix.step-1.layer17._rms_norm_kernel.line1429,8480.0,4246144.0,0.0,10340352.0,8168448.0,1974265856.0,7299072.0,58.17,0.0,10.43,17.09,75.84,13.19,0.0
1014,vlm,QKV,Prefix: QKV projection + Gemma RoPE,_matmul_gemma_rope_qkv,vlm.prefix.step-1.layer17._matmul_gemma_rope_qkv.line1437,129728.00000000001,17322112.0,9730785280.0,6414336.0,350928320.0,30391025664.0,111935488.0,15.48,64.04,64.04,44.19,8.33,7.15,32.02
1015,action_expert,Other,Expert: integer fill,"void at::vectorized_elementwise_kernel<4, at::FillFunctor<int>, std::array<char *, 1>>(int, T2, T3)",action_expert,1664.0,4608.0,0.0,0.0,48192.0,379344896.0,1376256.0,0.33,0.0,0.01,0.49,8.3,2.58,0.0
1016,action_expert,Other,Expert: copy,"void at::unrolled_elementwise_kernel<at::direct_copy_kernel_cuda(at::TensorIteratorBase &)::[lambda() (instance 3)]::operator ()() const::[lambda() (instance 3)]::operator ()() const::[lambda(int) (instance 1)], std::array<char *, 2>, 4, TrivialOffsetCalculator<1, unsigned int>, TrivialOffsetCalculator<1, unsigned int>, memory::LoadWithCast<1>, memory::StoreWithCast<1>>(int, T1, T2, T4, T5, T6, T7)",action_expert,3520.0,37504.0,0.0,0.0,289536.0,818462720.0,2957312.0,1.27,0.0,0.05,1.36,7.96,3.46,0.0
1017,action_expert,Other,Expert: BF16 conversion,"void at::vectorized_elementwise_kernel<4, at::bfloat16_copy_kernel_cuda(at::TensorIteratorBase &)::[lambda(float) (instance 1)], std::array<char *, 2>>(int, T2, T3)",action_expert,2016.0000000000002,12416.0,0.0,0.0,66464.0,469286912.0,1695744.0,0.73,0.0,0.04,0.54,8.29,3.99,0.0
1018,action_expert,Action IO,Expert: Action input projection + bias,_matmul_small_bias,action_expert.step00.layer-1._matmul_small_bias.line1770,2528.0,84480.0,4194304.0,32768.0,477920.0,592132096.0,2154496.0,3.92,1.42,3.01,3.51,8.32,7.34,0.71
1019,action_expert,Norm / residual,Expert: AdaRMS (pre-attention),_adarms_norm_kernel,action_expert.step00.layer00._adarms_norm_kernel.line1785,2816.0000000000005,122752.0,0.0,358400.0,724480.0,658821120.0,2383872.0,5.15,0.0,1.62,4.22,8.19,4.28,0.0
1020,action_expert,QKV,Expert: QKV projection + Gemma RoPE,_matmul_gemma_rope_qkv,action_expert.step00.layer00._matmul_gemma_rope_qkv.line1794,27424.0,6127104.0,335544320.0,442368.0,12509120.0,6491179008.0,23642112.0,25.92,10.34,10.34,7.41,8.33,4.23,5.17
1021,action_expert,QK,Expert: Attention QKᵀ + scale,_matmul_abt_scale,action_expert.step00.layer00._matmul_abt_scale.line1832,6208.000000000001,833664.0,211288064.0,412672.0,14526336.0,1406296064.0,5308416.0,15.7,30.05,30.05,39.36,32.85,11.83,15.02
1022,action_expert,Softmax,Expert: Prefix/suffix masked softmax,_softmax_prefix_suffix_mask_vector,action_expert.step00.layer00._softmax_prefix_suffix_mask_vector.line1844,5504.0,1712384.0,0.0,1913600.0,2894880.0,1291063296.0,4726784.0,36.23,0.0,7.17,9.31,8.93,8.99,0.0
1023,action_expert,PV,Expert: Attention P × V,_matmul_small,action_expert.step00.layer00._matmul_small.line1854,8032.0,1662720.0,218103808.0,0.0,16236352.0,1841289216.0,6881280.0,24.16,23.69,23.69,33.66,9.44,6.82,11.85
1024,action_expert,O projection,Expert: Attention output + gated residual,_matmul_small_res_gate_oproj,action_expert.step00.layer00._matmul_small_res_gate_oproj.line1865,9472.0,5190144.0,268435456.0,131072.0,15579264.0,2181605376.0,8151040.0,63.67,24.61,24.61,27.3,8.32,6.8,12.3
1025,action_expert,Norm / residual,Expert: AdaRMS (pre-FFN),_adarms_norm_kernel,action_expert.step00.layer00._adarms_norm_kernel.line1878,2816.0000000000005,122624.0,0.0,358400.0,713952.0,663205888.0,2408448.0,5.09,0.0,1.61,4.14,8.19,4.15,0.0
1026,action_expert,FFN up,Expert: FFN gate/up + GELU product,_matmul_small_gate,action_expert.step00.layer00._matmul_small_gate.line1887,26688.000000000004,19197824.0,1073741824.0,2883584.0,24053408.0,6231646208.0,22978560.0,83.55,34.46,34.46,20.76,8.33,7.04,17.23
1027,action_expert,FFN down,Expert: FFN down + gated residual,_matmul_small_res_gate_ffn_down,action_expert.step00.layer00._matmul_small_res_gate_ffn_down.line1904,16352.000000000002,10093312.0,536870912.0,131072.0,40644096.0,3737837568.0,14049280.0,71.84,28.73,28.73,41.47,8.33,8.49,14.36
1028,action_expert,Norm / residual,Expert: AdaRMS (pre-attention),_adarms_norm_kernel,action_expert.step00.layer01._adarms_norm_kernel.line1785,2880.0000000000005,122880.0,0.0,358400.0,714496.0,672800768.0,2424832.0,5.07,0.0,1.58,4.08,8.13,4.17,0.0
1029,action_expert,QKV,Expert: QKV projection + Gemma RoPE,_matmul_gemma_rope_qkv,action_expert.step00.layer01._matmul_gemma_rope_qkv.line1794,27168.0,6135680.0,335544320.0,442368.0,12508576.0,6423754752.0,23388160.0,26.23,10.45,10.45,7.48,8.33,4.36,5.22
1030,action_expert,QK,Expert: Attention QKᵀ + scale,_matmul_abt_scale,action_expert.step00.layer01._matmul_abt_scale.line1832,6240.0,827264.0,211288064.0,412672.0,14490272.0,1421168640.0,5357568.0,15.44,29.73,29.73,38.85,32.99,11.93,14.87
1031,action_expert,Softmax,Expert: Prefix/suffix masked softmax,_softmax_prefix_suffix_mask_vector,action_expert.step00.layer01._softmax_prefix_suffix_mask_vector.line1844,5408.000000000001,1716608.0,0.0,1913600.0,2860480.0,1263669248.0,4628480.0,37.09,0.0,7.33,9.51,8.97,8.7,0.0
1032,action_expert,PV,Expert: Attention P × V,_matmul_small,action_expert.step00.layer01._matmul_small.line1854,8096.0,1673728.0,218103808.0,0.0,16234880.0,1855541248.0,6963200.0,24.04,23.51,23.51,33.37,9.44,6.94,11.75
1033,action_expert,O projection,Expert: Attention output + gated residual,_matmul_small_res_gate_oproj,action_expert.step00.layer01._matmul_small_res_gate_oproj.line1865,10400.0,5414272.0,268435456.0,131072.0,15579872.0,2403250176.0,8953856.0,60.47,22.34,22.34,24.8,8.32,6.65,11.17
1034,action_expert,Norm / residual,Expert: AdaRMS (pre-FFN),_adarms_norm_kernel,action_expert.step00.layer01._adarms_norm_kernel.line1878,2816.0000000000005,122752.0,0.0,358400.0,714272.0,654389248.0,2392064.0,5.13,0.0,1.63,4.19,8.22,4.23,0.0
1035,action_expert,FFN up,Expert: FFN gate/up + GELU product,_matmul_small_gate,action_expert.step00.layer01._matmul_small_gate.line1887,26656.0,19246464.0,1073741824.0,2883584.0,24042080.0,6230069248.0,22953984.0,83.85,34.47,34.47,20.78,8.33,7.14,17.23
1036,action_expert,FFN down,Expert: FFN down + gated residual,_matmul_small_res_gate_ffn_down,action_expert.step00.layer01._matmul_small_res_gate_ffn_down.line1904,15520.0,10102656.0,536870912.0,131072.0,40642528.0,3542591488.0,13369344.0,75.57,30.31,30.31,43.69,8.33,8.89,15.15
1037,action_expert,Norm / residual,Expert: AdaRMS (pre-attention),_adarms_norm_kernel,action_expert.step00.layer02._adarms_norm_kernel.line1785,2848.0,123008.0,0.0,358400.0,713344.0,661706752.0,2408448.0,5.11,0.0,1.61,4.14,8.12,4.07,0.0
1038,action_expert,QKV,Expert: QKV projection + Gemma RoPE,_matmul_gemma_rope_qkv,action_expert.step00.layer02._matmul_gemma_rope_qkv.line1794,27168.0,6113024.0,335544320.0,442368.0,12510720.0,6431731712.0,23429120.0,26.09,10.43,10.43,7.47,8.33,4.3,5.22
1039,action_expert,QK,Expert: Attention QKᵀ + scale,_matmul_abt_scale,action_expert.step00.layer02._matmul_abt_scale.line1832,6304.0,827392.0,211288064.0,412672.0,14511392.0,1436203008.0,5406720.0,15.3,29.42,29.42,38.5,32.89,11.53,14.71
1040,action_expert,Softmax,Expert: Prefix/suffix masked softmax,_softmax_prefix_suffix_mask_vector,action_expert.step00.layer02._softmax_prefix_suffix_mask_vector.line1844,5376.000000000001,1716352.0,0.0,1913600.0,2877376.0,1258563584.0,4587520.0,37.41,0.0,7.36,9.54,8.98,8.86,0.0
1041,action_expert,PV,Expert: Attention P × V,_matmul_small,action_expert.step00.layer02._matmul_small.line1854,7872.0,1674112.0,218103808.0,0.0,16217056.0,1794185216.0,6758400.0,24.77,24.31,24.31,34.47,9.44,7.15,12.16
1042,action_expert,O projection,Expert: Attention output + gated residual,_matmul_small_res_gate_oproj,action_expert.step00.layer02._matmul_small_res_gate_oproj.line1865,10144.000000000002,5351296.0,268435456.0,131072.0,15581792.0,2337058816.0,8732672.0,61.28,22.97,22.97,25.47,8.32,6.9,11.49
1043,action_expert,Norm / residual,Expert: AdaRMS (pre-FFN),_adarms_norm_kernel,action_expert.step00.layer02._adarms_norm_kernel.line1878,2752.0,123392.0,0.0,358400.0,716000.0,641726464.0,2342912.0,5.27,0.0,1.66,4.28,8.19,4.21,0.0
1044,action_expert,FFN up,Expert: FFN gate/up + GELU product,_matmul_small_gate,action_expert.step00.layer02._matmul_small_gate.line1887,26752.0,19220864.0,1073741824.0,2883584.0,24050944.0,6253848576.0,23052288.0,83.38,34.34,34.34,20.7,8.33,7.09,17.17
1045,action_expert,FFN down,Expert: FFN down + gated residual,_matmul_small_res_gate_ffn_down,action_expert.step00.layer02._matmul_small_res_gate_ffn_down.line1904,16448.000000000004,10150656.0,536870912.0,131072.0,40642912.0,3766558720.0,14172160.0,71.62,28.51,28.51,41.14,8.33,8.65,14.25
1046,action_expert,Norm / residual,Expert: AdaRMS (pre-attention),_adarms_norm_kernel,action_expert.step00.layer03._adarms_norm_kernel.line1785,2752.0,123136.0,0.0,358400.0,715424.0,642021376.0,2351104.0,5.24,0.0,1.66,4.28,8.24,4.37,0.0
1047,action_expert,QKV,Expert: QKV projection + Gemma RoPE,_matmul_gemma_rope_qkv,action_expert.step00.layer03._matmul_gemma_rope_qkv.line1794,27008.000000000004,6131968.0,335544320.0,442368.0,12505632.0,6388303872.0,23273472.0,26.35,10.5,10.5,7.52,8.33,4.32,5.25
1048,action_expert,QK,Expert: Attention QKᵀ + scale,_matmul_abt_scale,action_expert.step00.layer03._matmul_abt_scale.line1832,6336.0,828416.0,211288064.0,412672.0,14508864.0,1433710592.0,5414912.0,15.3,29.47,29.47,38.56,32.78,11.79,14.74
1049,action_expert,Softmax,Expert: Prefix/suffix masked softmax,_softmax_prefix_suffix_mask_vector,action_expert.step00.layer03._softmax_prefix_suffix_mask_vector.line1844,5408.000000000001,1719680.0,0.0,1913600.0,2877504.0,1261705216.0,4620288.0,37.22,0.0,7.34,9.53,8.97,8.99,0.0
1050,action_expert,PV,Expert: Attention P × V,_matmul_small,action_expert.step00.layer03._matmul_small.line1854,7968.000000000001,1662208.0,218103808.0,0.0,16206400.0,1821616128.0,6840320.0,24.3,23.95,23.95,33.91,9.43,6.91,11.97
1051,action_expert,O projection,Expert: Attention output + gated residual,_matmul_small_res_gate_oproj,action_expert.step00.layer03._matmul_small_res_gate_oproj.line1865,9440.000000000002,5264128.0,268435456.0,131072.0,15579808.0,2171564032.0,8118272.0,64.84,24.72,24.72,27.41,8.32,6.89,12.36
1052,action_expert,Norm / residual,Expert: AdaRMS (pre-FFN),_adarms_norm_kernel,action_expert.step00.layer03._adarms_norm_kernel.line1878,2848.0,123008.0,0.0,358400.0,730464.0,666720256.0,2424832.0,5.07,0.0,1.6,4.21,8.2,4.36,0.0
1053,action_expert,FFN up,Expert: FFN gate/up + GELU product,_matmul_small_gate,action_expert.step00.layer03._matmul_small_gate.line1887,26592.000000000004,19231360.0,1073741824.0,2883584.0,24050528.0,6220873728.0,22945792.0,83.81,34.52,34.52,20.81,8.33,7.05,17.26
1054,action_expert,FFN down,Expert: FFN down + gated residual,_matmul_small_res_gate_ffn_down,action_expert.step00.layer03._matmul_small_res_gate_ffn_down.line1904,16384.0,10425728.0,536870912.0,131072.0,40642656.0,3753756672.0,14106624.0,73.91,28.6,28.6,41.3,8.33,8.86,14.3
1055,action_expert,Norm / residual,Expert: AdaRMS (pre-attention),_adarms_norm_kernel,action_expert.step00.layer04._adarms_norm_kernel.line1785,2848.0,122880.0,0.0,358400.0,717312.0,658268160.0,2408448.0,5.1,0.0,1.62,4.19,8.18,4.32,0.0
1056,action_expert,QKV,Expert: QKV projection + Gemma RoPE,_matmul_gemma_rope_qkv,action_expert.step00.layer04._matmul_gemma_rope_qkv.line1794,27840.0,6114176.0,335544320.0,442368.0,12506912.0,6585931776.0,23986176.0,25.49,10.19,10.19,7.3,8.33,4.19,5.09
1057,action_expert,QK,Expert: Attention QKᵀ + scale,_matmul_abt_scale,action_expert.step00.layer04._matmul_abt_scale.line1832,6336.0,826240.0,211288064.0,412672.0,14507296.0,1442015232.0,5447680.0,15.17,29.3,29.3,38.32,32.88,11.79,14.65
1058,action_expert,Softmax,Expert: Prefix/suffix masked softmax,_softmax_prefix_suffix_mask_vector,action_expert.step00.layer04._softmax_prefix_suffix_mask_vector.line1844,5440.0,1716608.0,0.0,1913600.0,2877632.0,1270487040.0,4653056.0,36.89,0.0,7.29,9.46,8.99,9.11,0.0
1059,action_expert,PV,Expert: Attention P × V,_matmul_small,action_expert.step00.layer04._matmul_small.line1854,8128.000000000001,1665280.0,218103808.0,0.0,16218368.0,1861089280.0,6979584.0,23.86,23.44,23.44,33.26,9.45,7.13,11.72
1060,action_expert,O projection,Expert: Attention output + gated residual,_matmul_small_res_gate_oproj,action_expert.step00.layer04._matmul_small_res_gate_oproj.line1865,9408.0,5215872.0,268435456.0,131072.0,15579968.0,2158759936.0,8085504.0,64.51,24.87,24.87,27.57,8.32,6.87,12.43
1061,action_expert,Norm / residual,Expert: AdaRMS (pre-FFN),_adarms_norm_kernel,action_expert.step00.layer04._adarms_norm_kernel.line1878,2752.0,122880.0,0.0,358400.0,715936.0,639983616.0,2334720.0,5.26,0.0,1.66,4.3,7.9,4.33,0.0
1062,action_expert,FFN up,Expert: FFN gate/up + GELU product,_matmul_small_gate,action_expert.step00.layer04._matmul_small_gate.line1887,26880.0,19016320.0,1073741824.0,2883584.0,24051808.0,6282878976.0,23150592.0,82.14,34.18,34.18,20.59,8.33,7.04,17.09
1063,action_expert,FFN down,Expert: FFN down + gated residual,_matmul_small_res_gate_ffn_down,action_expert.step00.layer04._matmul_small_res_gate_ffn_down.line1904,15616.000000000002,10134784.0,536870912.0,131072.0,40643136.0,3564634112.0,13434880.0,75.44,30.12,30.12,43.46,8.33,8.97,15.06
1064,action_expert,Norm / residual,Expert: AdaRMS (pre-attention),_adarms_norm_kernel,action_expert.step00.layer05._adarms_norm_kernel.line1785,2752.0,123008.0,0.0,358400.0,715008.0,639954944.0,2342912.0,5.25,0.0,1.66,4.29,8.26,4.46,0.0
1065,action_expert,QKV,Expert: QKV projection + Gemma RoPE,_matmul_gemma_rope_qkv,action_expert.step00.layer05._matmul_gemma_rope_qkv.line1794,26880.0,6157056.0,335544320.0,442368.0,12506528.0,6364803072.0,23183360.0,26.56,10.54,10.54,7.55,8.33,4.29,5.27
1066,action_expert,QK,Expert: Attention QKᵀ + scale,_matmul_abt_scale,action_expert.step00.layer05._matmul_abt_scale.line1832,6240.0,829184.0,211288064.0,412672.0,14508672.0,1413810176.0,5341184.0,15.52,29.89,29.89,39.06,32.94,11.87,14.94
1067,action_expert,Softmax,Expert: Prefix/suffix masked softmax,_softmax_prefix_suffix_mask_vector,action_expert.step00.layer05._softmax_prefix_suffix_mask_vector.line1844,5472.0,1719552.0,0.0,1913600.0,2876896.0,1279971328.0,4669440.0,36.83,0.0,7.23,9.39,8.96,8.94,0.0
1068,action_expert,PV,Expert: Attention P × V,_matmul_small,action_expert.step00.layer05._matmul_small.line1854,8128.000000000001,1661824.0,218103808.0,0.0,16219232.0,1862283264.0,6987776.0,23.78,23.42,23.42,33.22,9.46,6.86,11.71
1069,action_expert,O projection,Expert: Attention output + gated residual,_matmul_small_res_gate_oproj,action_expert.step00.layer05._matmul_small_res_gate_oproj.line1865,9984.000000000002,5168128.0,268435456.0,131072.0,15579968.0,2293544960.0,8552448.0,60.43,23.41,23.41,25.95,8.32,6.65,11.7
1070,action_expert,Norm / residual,Expert: AdaRMS (pre-FFN),_adarms_norm_kernel,action_expert.step00.layer05._adarms_norm_kernel.line1878,2720.0,122880.0,0.0,358400.0,713632.0,638466048.0,2326528.0,5.28,0.0,1.67,4.29,8.28,4.47,0.0
1071,action_expert,FFN up,Expert: FFN gate/up + GELU product,_matmul_small_gate,action_expert.step00.layer05._matmul_small_gate.line1887,26912.000000000004,19347200.0,1073741824.0,2883584.0,24050912.0,6291212288.0,23199744.0,83.39,34.13,34.13,20.57,8.33,7.08,17.07
1072,action_expert,FFN down,Expert: FFN down + gated residual,_matmul_small_res_gate_ffn_down,action_expert.step00.layer05._matmul_small_res_gate_ffn_down.line1904,15744.0,10206336.0,536870912.0,131072.0,40642016.0,3601434624.0,13565952.0,75.23,29.81,29.81,42.99,8.33,8.92,14.91
1073,action_expert,Norm / residual,Expert: AdaRMS (pre-attention),_adarms_norm_kernel,action_expert.step00.layer06._adarms_norm_kernel.line1785,2912.0000000000005,122880.0,0.0,358400.0,713280.0,679649280.0,2473984.0,4.97,0.0,1.57,4.03,8.28,4.39,0.0
1074,action_expert,QKV,Expert: QKV projection + Gemma RoPE,_matmul_gemma_rope_qkv,action_expert.step00.layer06._matmul_gemma_rope_qkv.line1794,26912.000000000004,6161920.0,335544320.0,442368.0,12508512.0,6362324992.0,23191552.0,26.57,10.55,10.55,7.55,8.33,4.33,5.27
1075,action_expert,QK,Expert: Attention QKᵀ + scale,_matmul_abt_scale,action_expert.step00.layer06._matmul_abt_scale.line1832,6304.0,828416.0,211288064.0,412672.0,14508992.0,1430390784.0,5390336.0,15.37,29.54,29.54,38.62,32.87,11.92,14.77
1076,action_expert,Softmax,Expert: Prefix/suffix masked softmax,_softmax_prefix_suffix_mask_vector,action_expert.step00.layer06._softmax_prefix_suffix_mask_vector.line1844,5472.0,1714304.0,0.0,1913600.0,2876704.0,1282430976.0,4702208.0,36.46,0.0,7.22,9.38,8.98,8.91,0.0
1077,action_expert,PV,Expert: Attention P × V,_matmul_small,action_expert.step00.layer06._matmul_small.line1854,7840.000000000001,1647616.0,218103808.0,0.0,16217760.0,1786441728.0,6709248.0,24.56,24.42,24.42,34.62,9.45,7.15,12.21
1078,action_expert,O projection,Expert: Attention output + gated residual,_matmul_small_res_gate_oproj,action_expert.step00.layer06._matmul_small_res_gate_oproj.line1865,10112.0,5264512.0,268435456.0,131072.0,15579648.0,2330302464.0,8699904.0,60.51,23.04,23.04,25.55,8.32,6.81,11.52
1079,action_expert,Norm / residual,Expert: AdaRMS (pre-FFN),_adarms_norm_kernel,action_expert.step00.layer06._adarms_norm_kernel.line1878,2752.0,123520.0,0.0,358400.0,714208.0,636878848.0,2310144.0,5.35,0.0,1.67,4.31,8.19,4.43,0.0
1080,action_expert,FFN up,Expert: FFN gate/up + GELU product,_matmul_small_gate,action_expert.step00.layer06._matmul_small_gate.line1887,26752.0,19283456.0,1073741824.0,2883584.0,24049088.0,6246852608.0,23027712.0,83.74,34.38,34.38,20.71,8.33,7.11,17.19
1081,action_expert,FFN down,Expert: FFN down + gated residual,_matmul_small_res_gate_ffn_down,action_expert.step00.layer06._matmul_small_res_gate_ffn_down.line1904,16000.000000000002,10055936.0,536870912.0,131072.0,40643008.0,3662075904.0,13770752.0,73.02,29.32,29.32,42.31,8.33,8.71,14.66
1082,action_expert,Norm / residual,Expert: AdaRMS (pre-attention),_adarms_norm_kernel,action_expert.step00.layer07._adarms_norm_kernel.line1785,2720.0,124288.0,0.0,358400.0,712000.0,633188352.0,2301952.0,5.4,0.0,1.68,4.32,7.98,4.23,0.0
1083,action_expert,QKV,Expert: QKV projection + Gemma RoPE,_matmul_gemma_rope_qkv,action_expert.step00.layer07._matmul_gemma_rope_qkv.line1794,27520.0,6015360.0,335544320.0,442368.0,12506688.0,6513641472.0,23724032.0,25.36,10.3,10.3,7.38,8.33,4.33,5.15
1084,action_expert,QK,Expert: Attention QKᵀ + scale,_matmul_abt_scale,action_expert.step00.layer07._matmul_abt_scale.line1832,6368.000000000001,828160.0,211288064.0,412672.0,14507200.0,1444014080.0,5447680.0,15.2,29.26,29.26,38.28,32.91,11.78,14.63
1085,action_expert,Softmax,Expert: Prefix/suffix masked softmax,_softmax_prefix_suffix_mask_vector,action_expert.step00.layer07._softmax_prefix_suffix_mask_vector.line1844,5408.000000000001,1718528.0,0.0,1913600.0,2878496.0,1260365824.0,4612096.0,37.26,0.0,7.34,9.53,8.95,9.02,0.0
1086,action_expert,PV,Expert: Attention P × V,_matmul_small,action_expert.step00.layer07._matmul_small.line1854,8096.0,1653760.0,218103808.0,0.0,16234720.0,1849397248.0,6946816.0,23.81,23.59,23.59,33.48,9.45,7.04,11.79
1087,action_expert,O projection,Expert: Attention output + gated residual,_matmul_small_res_gate_oproj,action_expert.step00.layer07._matmul_small_res_gate_oproj.line1865,10080.0,5292672.0,268435456.0,131072.0,15579712.0,2326052864.0,8699904.0,60.84,23.08,23.08,25.6,8.32,6.7,11.54
1088,action_expert,Norm / residual,Expert: AdaRMS (pre-FFN),_adarms_norm_kernel,action_expert.step00.layer07._adarms_norm_kernel.line1878,2752.0,123136.0,0.0,358400.0,714944.0,642232320.0,2326528.0,5.29,0.0,1.66,4.28,7.62,4.48,0.0
1089,action_expert,FFN up,Expert: FFN gate/up + GELU product,_matmul_small_gate,action_expert.step00.layer07._matmul_small_gate.line1887,26592.000000000004,19390080.0,1073741824.0,2883584.0,24051456.0,6217914368.0,22921216.0,84.59,34.54,34.54,20.82,8.33,7.11,17.27
1090,action_expert,FFN down,Expert: FFN down + gated residual,_matmul_small_res_gate_ffn_down,action_expert.step00.layer07._matmul_small_res_gate_ffn_down.line1904,15584.000000000002,10034432.0,536870912.0,131072.0,40643584.0,3556261888.0,13402112.0,74.87,30.19,30.19,43.53,8.33,8.85,15.1
1091,action_expert,Norm / residual,Expert: AdaRMS (pre-attention),_adarms_norm_kernel,action_expert.step00.layer08._adarms_norm_kernel.line1785,2816.0000000000005,123264.0,0.0,358400.0,715552.0,651040768.0,2367488.0,5.21,0.0,1.64,4.22,8.2,4.36,0.0
1092,action_expert,QKV,Expert: QKV projection + Gemma RoPE,_matmul_gemma_rope_qkv,action_expert.step00.layer08._matmul_gemma_rope_qkv.line1794,26976.0,6087552.0,335544320.0,442368.0,12506560.0,6380423168.0,23248896.0,26.18,10.52,10.52,7.53,8.33,4.3,5.26
1093,action_expert,QK,Expert: Attention QKᵀ + scale,_matmul_abt_scale,action_expert.step00.layer08._matmul_abt_scale.line1832,6272.0,827136.0,211288064.0,412672.0,14528544.0,1418696704.0,5357568.0,15.44,29.79,29.79,39.0,32.71,11.88,14.89
1094,action_expert,Softmax,Expert: Prefix/suffix masked softmax,_softmax_prefix_suffix_mask_vector,action_expert.step00.layer08._softmax_prefix_suffix_mask_vector.line1844,5472.0,1721216.0,0.0,1913600.0,2876608.0,1280364544.0,4685824.0,36.73,0.0,7.23,9.39,8.97,9.04,0.0
1095,action_expert,PV,Expert: Attention P × V,_matmul_small,action_expert.step00.layer08._matmul_small.line1854,8416.0,1660544.0,218103808.0,0.0,16234656.0,1927460864.0,7208960.0,23.03,22.63,22.63,32.14,9.43,7.01,11.32
1096,action_expert,O projection,Expert: Attention output + gated residual,_matmul_small_res_gate_oproj,action_expert.step00.layer08._matmul_small_res_gate_oproj.line1865,10080.0,5367680.0,268435456.0,131072.0,15578336.0,2324150272.0,8683520.0,61.81,23.1,23.1,25.63,8.32,6.57,11.55
1097,action_expert,Norm / residual,Expert: AdaRMS (pre-FFN),_adarms_norm_kernel,action_expert.step00.layer08._adarms_norm_kernel.line1878,2784.0000000000005,123008.0,0.0,358400.0,714080.0,649005056.0,2359296.0,5.21,0.0,1.64,4.22,8.11,4.37,0.0
1098,action_expert,FFN up,Expert: FFN gate/up + GELU product,_matmul_small_gate,action_expert.step00.layer08._matmul_small_gate.line1887,26880.0,19099520.0,1073741824.0,2883584.0,23991520.0,6280187904.0,23150592.0,82.5,34.19,34.19,20.61,8.33,7.07,17.1
1099,action_expert,FFN down,Expert: FFN down + gated residual,_matmul_small_res_gate_ffn_down,action_expert.step00.layer08._matmul_small_res_gate_ffn_down.line1904,16192.0,10233344.0,536870912.0,131072.0,40643040.0,3708174336.0,13959168.0,73.31,28.96,28.96,41.77,8.33,9.01,14.48
1100,action_expert,Norm / residual,Expert: AdaRMS (pre-attention),_adarms_norm_kernel,action_expert.step00.layer09._adarms_norm_kernel.line1785,2784.0000000000005,123136.0,0.0,358400.0,715040.0,650899456.0,2375680.0,5.18,0.0,1.64,4.22,8.24,4.39,0.0
1101,action_expert,QKV,Expert: QKV projection + Gemma RoPE,_matmul_gemma_rope_qkv,action_expert.step00.layer09._matmul_gemma_rope_qkv.line1794,27040.000000000004,6063232.0,335544320.0,442368.0,12505664.0,6399166464.0,23298048.0,26.02,10.49,10.49,7.51,8.33,4.37,5.24
1102,action_expert,QK,Expert: Attention QKᵀ + scale,_matmul_abt_scale,action_expert.step00.layer09._matmul_abt_scale.line1832,6400.000000000001,828672.0,211288064.0,412672.0,14512192.0,1450510336.0,5455872.0,15.19,29.13,29.13,38.1,33.16,11.88,14.57
1103,action_expert,Softmax,Expert: Prefix/suffix masked softmax,_softmax_prefix_suffix_mask_vector,action_expert.step00.layer09._softmax_prefix_suffix_mask_vector.line1844,5408.000000000001,1720448.0,0.0,1913600.0,2879200.0,1261047808.0,4603904.0,37.37,0.0,7.34,9.54,8.96,8.85,0.0
1104,action_expert,PV,Expert: Attention P × V,_matmul_small,action_expert.step00.layer09._matmul_small.line1854,8256.0,1650816.0,218103808.0,0.0,16235104.0,1887143936.0,7077888.0,23.32,23.11,23.11,32.83,9.45,6.91,11.56
1105,action_expert,O projection,Expert: Attention output + gated residual,_matmul_small_res_gate_oproj,action_expert.step00.layer09._matmul_small_res_gate_oproj.line1865,9984.000000000002,5244288.0,268435456.0,131072.0,15580032.0,2297700352.0,8568832.0,61.2,23.37,23.37,25.92,8.32,6.9,11.68
1106,action_expert,Norm / residual,Expert: AdaRMS (pre-FFN),_adarms_norm_kernel,action_expert.step00.layer09._adarms_norm_kernel.line1878,2912.0000000000005,122880.0,0.0,358400.0,716896.0,680482816.0,2490368.0,4.93,0.0,1.57,4.05,8.09,4.11,0.0
1107,action_expert,FFN up,Expert: FFN gate/up + GELU product,_matmul_small_gate,action_expert.step00.layer09._matmul_small_gate.line1887,26688.000000000004,19362816.0,1073741824.0,2883584.0,24049376.0,6237147136.0,23003136.0,84.17,34.43,34.43,20.75,8.33,7.05,17.22
1108,action_expert,FFN down,Expert: FFN down + gated residual,_matmul_small_res_gate_ffn_down,action_expert.step00.layer09._matmul_small_res_gate_ffn_down.line1904,15968.0,10104704.0,536870912.0,131072.0,40643744.0,3657054208.0,13762560.0,73.42,29.36,29.36,42.38,8.33,8.83,14.68
1109,action_expert,Norm / residual,Expert: AdaRMS (pre-attention),_adarms_norm_kernel,action_expert.step00.layer10._adarms_norm_kernel.line1785,2752.0,123648.0,0.0,358400.0,713344.0,639594496.0,2326528.0,5.31,0.0,1.67,4.29,8.08,4.28,0.0
1110,action_expert,QKV,Expert: QKV projection + Gemma RoPE,_matmul_gemma_rope_qkv,action_expert.step00.layer10._matmul_gemma_rope_qkv.line1794,27392.0,6069120.0,335544320.0,442368.0,12507264.0,6486200320.0,23625728.0,25.69,10.35,10.35,7.41,8.33,4.33,5.17
1111,action_expert,QK,Expert: Attention QKᵀ + scale,_matmul_abt_scale,action_expert.step00.layer10._matmul_abt_scale.line1832,6368.000000000001,828160.0,211288064.0,412672.0,14509056.0,1448785920.0,5455872.0,15.18,29.17,29.17,38.17,32.83,11.78,14.58
1112,action_expert,Softmax,Expert: Prefix/suffix masked softmax,_softmax_prefix_suffix_mask_vector,action_expert.step00.layer10._softmax_prefix_suffix_mask_vector.line1844,5440.0,1712896.0,0.0,1913600.0,2878400.0,1267036160.0,4644864.0,36.88,0.0,7.31,9.49,8.99,9.02,0.0
1113,action_expert,PV,Expert: Attention P × V,_matmul_small,action_expert.step00.layer10._matmul_small.line1854,8352.0,1663616.0,218103808.0,0.0,16236128.0,1911652352.0,7168000.0,23.21,22.82,22.82,32.42,9.45,6.96,11.41
1114,action_expert,O projection,Expert: Attention output + gated residual,_matmul_small_res_gate_oproj,action_expert.step00.layer10._matmul_small_res_gate_oproj.line1865,9568.0,5274880.0,268435456.0,131072.0,15579392.0,2193952768.0,8208384.0,64.26,24.47,24.47,27.14,8.32,6.96,12.24
1115,action_expert,Norm / residual,Expert: AdaRMS (pre-FFN),_adarms_norm_kernel,action_expert.step00.layer10._adarms_norm_kernel.line1878,2880.0000000000005,123264.0,0.0,358400.0,715584.0,667271168.0,2424832.0,5.08,0.0,1.6,4.12,8.23,4.33,0.0
1116,action_expert,FFN up,Expert: FFN gate/up + GELU product,_matmul_small_gate,action_expert.step00.layer10._matmul_small_gate.line1887,26784.000000000004,19315968.0,1073741824.0,2883584.0,24051584.0,6255357952.0,23068672.0,83.73,34.33,34.33,20.69,8.33,7.1,17.17
1117,action_expert,FFN down,Expert: FFN down + gated residual,_matmul_small_res_gate_ffn_down,action_expert.step00.layer10._matmul_small_res_gate_ffn_down.line1904,16000.000000000002,10044672.0,536870912.0,131072.0,40642848.0,3661678592.0,13770752.0,72.94,29.32,29.32,42.31,8.33,8.68,14.66
1118,action_expert,Norm / residual,Expert: AdaRMS (pre-attention),_adarms_norm_kernel,action_expert.step00.layer11._adarms_norm_kernel.line1785,2816.0000000000005,122880.0,0.0,358400.0,714784.0,656009216.0,2392064.0,5.14,0.0,1.62,4.19,8.17,4.26,0.0
1119,action_expert,QKV,Expert: QKV projection + Gemma RoPE,_matmul_gemma_rope_qkv,action_expert.step00.layer11._matmul_gemma_rope_qkv.line1794,27104.0,6073856.0,335544320.0,442368.0,12505408.0,6408869888.0,23347200.0,26.02,10.47,10.47,7.5,8.33,4.28,5.24
1120,action_expert,QK,Expert: Attention QKᵀ + scale,_matmul_abt_scale,action_expert.step00.layer11._matmul_abt_scale.line1832,6272.0,829824.0,211288064.0,412672.0,14507488.0,1431758848.0,5398528.0,15.37,29.51,29.51,38.63,33.02,11.77,14.76
1121,action_expert,Softmax,Expert: Prefix/suffix masked softmax,_softmax_prefix_suffix_mask_vector,action_expert.step00.layer11._softmax_prefix_suffix_mask_vector.line1844,5600.000000000001,1718272.0,0.0,1913600.0,2879936.0,1315430400.0,4816896.0,35.67,0.0,7.04,9.14,8.98,8.58,0.0
1122,action_expert,PV,Expert: Attention P × V,_matmul_small,action_expert.step00.layer11._matmul_small.line1854,8000.000000000001,1673600.0,218103808.0,0.0,16221632.0,1824077824.0,6864896.0,24.38,23.91,23.91,33.92,9.45,7.12,11.96
1123,action_expert,O projection,Expert: Attention output + gated residual,_matmul_small_res_gate_oproj,action_expert.step00.layer11._matmul_small_res_gate_oproj.line1865,10336.0,5231488.0,268435456.0,131072.0,15580320.0,2373904384.0,8863744.0,59.02,22.62,22.62,25.08,8.32,6.66,11.31
1124,action_expert,Norm / residual,Expert: AdaRMS (pre-FFN),_adarms_norm_kernel,action_expert.step00.layer11._adarms_norm_kernel.line1878,2784.0000000000005,123392.0,0.0,358400.0,715360.0,642600960.0,2326528.0,5.3,0.0,1.66,4.27,7.98,4.41,0.0
1125,action_expert,FFN up,Expert: FFN gate/up + GELU product,_matmul_small_gate,action_expert.step00.layer11._matmul_small_gate.line1887,26816.000000000004,19308928.0,1073741824.0,2883584.0,24051232.0,6270328832.0,23117824.0,83.52,34.25,34.25,20.64,8.33,7.05,17.12
1126,action_expert,FFN down,Expert: FFN down + gated residual,_matmul_small_res_gate_ffn_down,action_expert.step00.layer11._matmul_small_res_gate_ffn_down.line1904,15456.000000000002,10119936.0,536870912.0,131072.0,40643808.0,3533729792.0,13320192.0,75.97,30.39,30.39,43.81,8.33,8.95,15.19
1127,action_expert,Norm / residual,Expert: AdaRMS (pre-attention),_adarms_norm_kernel,action_expert.step00.layer12._adarms_norm_kernel.line1785,2848.0,123136.0,0.0,358400.0,706752.0,661254144.0,2408448.0,5.11,0.0,1.61,4.1,8.19,4.26,0.0
1128,action_expert,QKV,Expert: QKV projection + Gemma RoPE,_matmul_gemma_rope_qkv,action_expert.step00.layer12._matmul_gemma_rope_qkv.line1794,27232.000000000004,6175744.0,335544320.0,442368.0,12506592.0,6441162752.0,23453696.0,26.33,10.42,10.42,7.46,8.33,4.35,5.21
1129,action_expert,QK,Expert: Attention QKᵀ + scale,_matmul_abt_scale,action_expert.step00.layer12._matmul_abt_scale.line1832,6272.0,827136.0,211288064.0,412672.0,14511392.0,1427068928.0,5390336.0,15.34,29.61,29.61,38.71,32.71,11.73,14.81
1130,action_expert,Softmax,Expert: Prefix/suffix masked softmax,_softmax_prefix_suffix_mask_vector,action_expert.step00.layer12._softmax_prefix_suffix_mask_vector.line1844,5440.0,1712512.0,0.0,1913600.0,2876512.0,1269833728.0,4653056.0,36.8,0.0,7.29,9.46,8.99,8.99,0.0
1131,action_expert,PV,Expert: Attention P × V,_matmul_small,action_expert.step00.layer12._matmul_small.line1854,8096.0,1680384.0,218103808.0,0.0,16236352.0,1847967744.0,6922240.0,24.28,23.6,23.6,33.54,9.45,7.05,11.8
1132,action_expert,O projection,Expert: Attention output + gated residual,_matmul_small_res_gate_oproj,action_expert.step00.layer12._matmul_small_res_gate_oproj.line1865,9376.000000000002,5215872.0,268435456.0,131072.0,15579424.0,2157365248.0,8060928.0,64.71,24.89,24.89,27.6,8.32,6.84,12.44
1133,action_expert,Norm / residual,Expert: AdaRMS (pre-FFN),_adarms_norm_kernel,action_expert.step00.layer12._adarms_norm_kernel.line1878,2816.0000000000005,123008.0,0.0,358400.0,712416.0,654069760.0,2367488.0,5.2,0.0,1.63,4.18,8.09,4.3,0.0
1134,action_expert,FFN up,Expert: FFN gate/up + GELU product,_matmul_small_gate,action_expert.step00.layer12._matmul_small_gate.line1887,26976.0,19262464.0,1073741824.0,2883584.0,24051424.0,6306164736.0,23248896.0,82.85,34.05,34.05,20.52,8.33,7.04,17.03
1135,action_expert,FFN down,Expert: FFN down + gated residual,_matmul_small_res_gate_ffn_down,action_expert.step00.layer12._matmul_small_res_gate_ffn_down.line1904,15584.000000000002,10031360.0,536870912.0,131072.0,40642720.0,3560796160.0,13402112.0,74.85,30.15,30.15,43.5,8.33,8.83,15.08
1136,action_expert,Norm / residual,Expert: AdaRMS (pre-attention),_adarms_norm_kernel,action_expert.step00.layer13._adarms_norm_kernel.line1785,2912.0000000000005,122880.0,0.0,358400.0,715424.0,680552448.0,2482176.0,4.95,0.0,1.56,4.04,8.16,4.39,0.0
1137,action_expert,QKV,Expert: QKV projection + Gemma RoPE,_matmul_gemma_rope_qkv,action_expert.step00.layer13._matmul_gemma_rope_qkv.line1794,26912.000000000004,6080256.0,335544320.0,442368.0,12505344.0,6366398464.0,23183360.0,26.23,10.54,10.54,7.55,8.33,4.36,5.27
1138,action_expert,QK,Expert: Attention QKᵀ + scale,_matmul_abt_scale,action_expert.step00.layer13._matmul_abt_scale.line1832,6336.0,832000.0,211288064.0,412672.0,14513568.0,1447200768.0,5455872.0,15.25,29.2,29.2,38.22,32.84,11.76,14.6
1139,action_expert,Softmax,Expert: Prefix/suffix masked softmax,_softmax_prefix_suffix_mask_vector,action_expert.step00.layer13._softmax_prefix_suffix_mask_vector.line1844,5568.000000000001,1720704.0,0.0,1913600.0,2881184.0,1301307392.0,4767744.0,36.09,0.0,7.11,9.24,8.97,8.78,0.0
1140,action_expert,PV,Expert: Attention P × V,_matmul_small,action_expert.step00.layer13._matmul_small.line1854,8000.000000000001,1653760.0,218103808.0,0.0,16234592.0,1833525248.0,6881280.0,24.03,23.79,23.79,33.79,9.44,6.99,11.9
1141,action_expert,O projection,Expert: Attention output + gated residual,_matmul_small_res_gate_oproj,action_expert.step00.layer13._matmul_small_res_gate_oproj.line1865,10112.0,5310080.0,268435456.0,131072.0,15579936.0,2327949312.0,8683520.0,61.15,23.06,23.06,25.58,8.32,6.92,11.53
1142,action_expert,Norm / residual,Expert: AdaRMS (pre-FFN),_adarms_norm_kernel,action_expert.step00.layer13._adarms_norm_kernel.line1878,2752.0,122752.0,0.0,358400.0,715488.0,639975424.0,2326528.0,5.28,0.0,1.66,4.29,8.28,4.34,0.0
1143,action_expert,FFN up,Expert: FFN gate/up + GELU product,_matmul_small_gate,action_expert.step00.layer13._matmul_small_gate.line1887,26464.000000000004,19294464.0,1073741824.0,2883584.0,24052992.0,6190495744.0,22814720.0,84.57,34.69,34.69,20.91,8.33,7.11,17.35
1144,action_expert,FFN down,Expert: FFN down + gated residual,_matmul_small_res_gate_ffn_down,action_expert.step00.layer13._matmul_small_res_gate_ffn_down.line1904,15936.000000000002,10262144.0,536870912.0,131072.0,40642592.0,3639056384.0,13697024.0,74.92,29.51,29.51,42.53,8.33,8.86,14.75
1145,action_expert,Norm / residual,Expert: AdaRMS (pre-attention),_adarms_norm_kernel,action_expert.step00.layer14._adarms_norm_kernel.line1785,2784.0000000000005,122752.0,0.0,358400.0,712416.0,653987840.0,2367488.0,5.18,0.0,1.63,4.18,7.87,4.34,0.0
1146,action_expert,QKV,Expert: QKV projection + Gemma RoPE,_matmul_gemma_rope_qkv,action_expert.step00.layer14._matmul_gemma_rope_qkv.line1794,27104.0,6101376.0,335544320.0,442368.0,12506560.0,6417545216.0,23379968.0,26.1,10.46,10.46,7.49,8.33,4.35,5.23
1147,action_expert,QK,Expert: Attention QKᵀ + scale,_matmul_abt_scale,action_expert.step00.layer14._matmul_abt_scale.line1832,6336.0,830592.0,211288064.0,412672.0,14490880.0,1439168512.0,5414912.0,15.34,29.36,29.36,38.38,32.91,11.91,14.68
1148,action_expert,Softmax,Expert: Prefix/suffix masked softmax,_softmax_prefix_suffix_mask_vector,action_expert.step00.layer14._softmax_prefix_suffix_mask_vector.line1844,5408.000000000001,1710336.0,0.0,1913600.0,2877088.0,1264031744.0,4620288.0,37.02,0.0,7.32,9.51,8.98,9.07,0.0
1149,action_expert,PV,Expert: Attention P × V,_matmul_small,action_expert.step00.layer14._matmul_small.line1854,8032.0,1648640.0,218103808.0,0.0,16234368.0,1843783680.0,6914048.0,23.84,23.66,23.66,33.6,9.44,7.12,11.83
1150,action_expert,O projection,Expert: Attention output + gated residual,_matmul_small_res_gate_oproj,action_expert.step00.layer14._matmul_small_res_gate_oproj.line1865,10144.000000000002,5363328.0,268435456.0,131072.0,15580224.0,2332020736.0,8708096.0,61.59,23.02,23.02,25.54,8.32,6.68,11.51
1151,action_expert,Norm / residual,Expert: AdaRMS (pre-FFN),_adarms_norm_kernel,action_expert.step00.layer14._adarms_norm_kernel.line1878,2880.0000000000005,123648.0,0.0,358400.0,715584.0,671995904.0,2449408.0,5.05,0.0,1.58,4.09,8.14,4.31,0.0
1152,action_expert,FFN up,Expert: FFN gate/up + GELU product,_matmul_small_gate,action_expert.step00.layer14._matmul_small_gate.line1887,26560.000000000004,19258624.0,1073741824.0,2883584.0,24050624.0,6207256576.0,22896640.0,84.11,34.6,34.6,20.85,8.33,7.12,17.3
1153,action_expert,FFN down,Expert: FFN down + gated residual,_matmul_small_res_gate_ffn_down,action_expert.step00.layer14._matmul_small_res_gate_ffn_down.line1904,16320.0,10017920.0,536870912.0,131072.0,40648544.0,3743289344.0,14073856.0,71.18,28.68,28.68,41.41,8.33,8.69,14.34
1154,action_expert,Norm / residual,Expert: AdaRMS (pre-attention),_adarms_norm_kernel,action_expert.step00.layer15._adarms_norm_kernel.line1785,2720.0,123264.0,0.0,358400.0,714912.0,633325568.0,2285568.0,5.39,0.0,1.68,4.34,8.23,4.48,0.0
1155,action_expert,QKV,Expert: QKV projection + Gemma RoPE,_matmul_gemma_rope_qkv,action_expert.step00.layer15._matmul_gemma_rope_qkv.line1794,26912.000000000004,6111744.0,335544320.0,442368.0,12506528.0,6366816256.0,23191552.0,26.35,10.54,10.54,7.55,8.33,4.27,5.27
1156,action_expert,QK,Expert: Attention QKᵀ + scale,_matmul_abt_scale,action_expert.step00.layer15._matmul_abt_scale.line1832,6336.0,824576.0,211288064.0,412672.0,14507104.0,1443274752.0,5439488.0,15.16,29.28,29.28,38.3,33.03,12.0,14.64
1157,action_expert,Softmax,Expert: Prefix/suffix masked softmax,_softmax_prefix_suffix_mask_vector,action_expert.step00.layer15._softmax_prefix_suffix_mask_vector.line1844,5440.0,1717504.0,0.0,1913600.0,2879264.0,1271787520.0,4661248.0,36.85,0.0,7.28,9.45,8.96,8.8,0.0
1158,action_expert,PV,Expert: Attention P × V,_matmul_small,action_expert.step00.layer15._matmul_small.line1854,8128.000000000001,1660032.0,218103808.0,0.0,16236416.0,1857009664.0,6963200.0,23.84,23.49,23.49,33.36,9.44,7.15,11.74
1159,action_expert,O projection,Expert: Attention output + gated residual,_matmul_small_res_gate_oproj,action_expert.step00.layer15._matmul_small_res_gate_oproj.line1865,10176.0,5467648.0,268435456.0,131072.0,15579808.0,2342909952.0,8740864.0,62.55,22.91,22.91,25.42,8.32,6.83,11.46
1160,action_expert,Norm / residual,Expert: AdaRMS (pre-FFN),_adarms_norm_kernel,action_expert.step00.layer15._adarms_norm_kernel.line1878,2752.0,123008.0,0.0,358400.0,712992.0,637872128.0,2310144.0,5.32,0.0,1.67,4.3,8.19,4.46,0.0
1161,action_expert,FFN up,Expert: FFN gate/up + GELU product,_matmul_small_gate,action_expert.step00.layer15._matmul_small_gate.line1887,26624.0,19306240.0,1073741824.0,2883584.0,24049600.0,6218866688.0,22953984.0,84.11,34.53,34.53,20.81,8.33,7.11,17.27
1162,action_expert,FFN down,Expert: FFN down + gated residual,_matmul_small_res_gate_ffn_down,action_expert.step00.layer15._matmul_small_res_gate_ffn_down.line1904,15680.000000000002,10078592.0,536870912.0,131072.0,40639936.0,3589144576.0,13516800.0,74.56,29.92,29.92,43.15,8.33,8.93,14.96
1163,action_expert,Norm / residual,Expert: AdaRMS (pre-attention),_adarms_norm_kernel,action_expert.step00.layer16._adarms_norm_kernel.line1785,2720.0,123648.0,0.0,358400.0,715264.0,638058496.0,2326528.0,5.31,0.0,1.67,4.31,8.21,4.4,0.0
1164,action_expert,QKV,Expert: QKV projection + Gemma RoPE,_matmul_gemma_rope_qkv,action_expert.step00.layer16._matmul_gemma_rope_qkv.line1794,27456.000000000004,6083072.0,335544320.0,442368.0,12506112.0,6505250816.0,23683072.0,25.69,10.32,10.32,7.39,8.33,4.33,5.16
1165,action_expert,QK,Expert: Attention QKᵀ + scale,_matmul_abt_scale,action_expert.step00.layer16._matmul_abt_scale.line1832,6304.0,829440.0,211288064.0,412672.0,14508000.0,1427705856.0,5390336.0,15.39,29.6,29.6,38.72,32.72,11.56,14.8
1166,action_expert,Softmax,Expert: Prefix/suffix masked softmax,_softmax_prefix_suffix_mask_vector,action_expert.step00.layer16._softmax_prefix_suffix_mask_vector.line1844,5632.000000000001,1709952.0,0.0,1913600.0,2879616.0,1317642240.0,4816896.0,35.5,0.0,7.03,9.12,8.96,8.47,0.0
1167,action_expert,PV,Expert: Attention P × V,_matmul_small,action_expert.step00.layer16._matmul_small.line1854,8096.0,1662336.0,218103808.0,0.0,16236320.0,1846112256.0,6930432.0,23.99,23.63,23.63,33.58,9.44,7.04,11.81
1168,action_expert,O projection,Expert: Attention output + gated residual,_matmul_small_res_gate_oproj,action_expert.step00.layer16._matmul_small_res_gate_oproj.line1865,9504.0,5241984.0,268435456.0,131072.0,15579584.0,2191597568.0,8175616.0,64.12,24.5,24.5,27.17,8.32,6.91,12.25
1169,action_expert,Norm / residual,Expert: AdaRMS (pre-FFN),_adarms_norm_kernel,action_expert.step00.layer16._adarms_norm_kernel.line1878,2848.0,123136.0,0.0,358400.0,711008.0,663521280.0,2408448.0,5.11,0.0,1.61,4.12,8.13,4.14,0.0
1170,action_expert,FFN up,Expert: FFN gate/up + GELU product,_matmul_small_gate,action_expert.step00.layer16._matmul_small_gate.line1887,27904.000000000004,19386752.0,1073741824.0,2883584.0,24051104.0,6525474816.0,24043520.0,80.63,32.91,32.91,19.84,8.33,7.0,16.45
1171,action_expert,FFN down,Expert: FFN down + gated residual,_matmul_small_res_gate_ffn_down,action_expert.step00.layer16._matmul_small_res_gate_ffn_down.line1904,15648.0,10066176.0,536870912.0,131072.0,40642720.0,3573284864.0,13451264.0,74.83,30.05,30.05,43.36,8.33,8.98,15.02
1172,action_expert,Norm / residual,Expert: AdaRMS (pre-attention),_adarms_norm_kernel,action_expert.step00.layer17._adarms_norm_kernel.line1785,2848.0,123392.0,0.0,358400.0,712736.0,661256192.0,2408448.0,5.12,0.0,1.61,4.14,8.12,4.38,0.0
1173,action_expert,QKV,Expert: QKV projection + Gemma RoPE,_matmul_gemma_rope_qkv,action_expert.step00.layer17._matmul_gemma_rope_qkv.line1794,27424.0,6081664.0,335544320.0,442368.0,12510464.0,6488721408.0,23633920.0,25.73,10.34,10.34,7.41,8.33,4.3,5.17
1174,action_expert,QK,Expert: Attention QKᵀ + scale,_matmul_abt_scale,action_expert.step00.layer17._matmul_abt_scale.line1832,6272.0,831488.0,211288064.0,412672.0,14507264.0,1418975232.0,5357568.0,15.52,29.78,29.78,38.97,33.09,11.96,14.89
1175,action_expert,Softmax,Expert: Prefix/suffix masked softmax,_softmax_prefix_suffix_mask_vector,action_expert.step00.layer17._softmax_prefix_suffix_mask_vector.line1844,5568.000000000001,1712384.0,0.0,1913600.0,2878528.0,1299163136.0,4767744.0,35.92,0.0,7.13,9.26,8.99,8.81,0.0
1176,action_expert,PV,Expert: Attention P × V,_matmul_small,action_expert.step00.layer17._matmul_small.line1854,8032.0,1675392.0,218103808.0,0.0,16233248.0,1842749440.0,6893568.0,24.3,23.67,23.67,33.63,9.44,6.95,11.84
1177,action_expert,O projection,Expert: Attention output + gated residual,_matmul_small_res_gate_oproj,action_expert.step00.layer17._matmul_small_res_gate_oproj.line1865,9440.000000000002,5168128.0,268435456.0,131072.0,15558560.0,2161618944.0,8093696.0,63.85,24.84,24.84,27.48,8.32,6.89,12.42
1178,action_expert,Norm / residual,Expert: AdaRMS (pre-FFN),_adarms_norm_kernel,action_expert.step00.layer17._adarms_norm_kernel.line1878,2816.0000000000005,123008.0,0.0,358400.0,711936.0,657760256.0,2408448.0,5.11,0.0,1.62,4.16,8.17,4.29,0.0
1179,action_expert,FFN up,Expert: FFN gate/up + GELU product,_matmul_small_gate,action_expert.step00.layer17._matmul_small_gate.line1887,26688.000000000004,19301248.0,1073741824.0,2883584.0,24049632.0,6237474816.0,23003136.0,83.91,34.43,34.43,20.74,8.33,7.09,17.21
1180,action_expert,FFN down,Expert: FFN down + gated residual,_matmul_small_res_gate_ffn_down,action_expert.step00.layer17._matmul_small_res_gate_ffn_down.line1904,16288.0,10157056.0,536870912.0,131072.0,40641792.0,3722254336.0,14000128.0,72.55,28.85,28.85,41.65,8.33,8.97,14.42
1181,action_expert,Norm / residual,Expert: AdaRMS (final),_adarms_norm_kernel,action_expert.step00.layer-1._adarms_norm_kernel.line1922,2848.0,123136.0,0.0,358400.0,713504.0,663459840.0,2408448.0,5.11,0.0,1.61,4.13,8.18,4.18,0.0
1182,action_expert,Action IO,Expert: Action head + Euler update,_matmul_small_bias_res,action_expert.step00.layer-1._matmul_small_bias_res.line1931,3904.0000000000005,212736.0,8388608.0,4096.0,601408.0,919728128.0,3350528.0,6.35,1.82,1.82,3.09,8.32,8.56,0.91
1183,action_expert,Action IO,Expert: Action input projection + bias,_matmul_small_bias,action_expert.step01.layer-1._matmul_small_bias.line1770,2464.0,84352.0,4194304.0,32768.0,463904.0,577081344.0,2105344.0,4.01,1.45,3.09,3.53,8.32,7.2,0.73
1184,action_expert,Norm / residual,Expert: AdaRMS (pre-attention),_adarms_norm_kernel,action_expert.step01.layer00._adarms_norm_kernel.line1785,2816.0000000000005,122880.0,0.0,358400.0,712576.0,661522432.0,2408448.0,5.1,0.0,1.61,4.14,8.16,4.32,0.0
1185,action_expert,QKV,Expert: QKV projection + Gemma RoPE,_matmul_gemma_rope_qkv,action_expert.step01.layer00._matmul_gemma_rope_qkv.line1794,27328.000000000004,6038272.0,335544320.0,442368.0,12506432.0,6463342592.0,23527424.0,25.66,10.38,10.38,7.44,8.33,4.22,5.19
1186,action_expert,QK,Expert: Attention QKᵀ + scale,_matmul_abt_scale,action_expert.step01.layer00._matmul_abt_scale.line1832,6304.0,832640.0,211288064.0,412672.0,14507680.0,1434853376.0,5406720.0,15.4,29.45,29.45,38.53,32.81,11.85,14.73
1187,action_expert,Softmax,Expert: Prefix/suffix masked softmax,_softmax_prefix_suffix_mask_vector,action_expert.step01.layer00._softmax_prefix_suffix_mask_vector.line1844,5408.000000000001,1717248.0,0.0,1913600.0,2876576.0,1259524096.0,4603904.0,37.3,0.0,7.35,9.54,8.95,8.84,0.0
1188,action_expert,PV,Expert: Attention P × V,_matmul_small,action_expert.step01.layer00._matmul_small.line1854,7968.000000000001,1669760.0,218103808.0,0.0,16232544.0,1824520192.0,6840320.0,24.41,23.91,23.91,33.95,9.45,7.17,11.95
1189,action_expert,O projection,Expert: Attention output + gated residual,_matmul_small_res_gate_oproj,action_expert.step01.layer00._matmul_small_res_gate_oproj.line1865,9856.0,5201920.0,268435456.0,131072.0,15579488.0,2264209408.0,8445952.0,61.59,23.71,23.71,26.3,8.32,6.72,11.86
1190,action_expert,Norm / residual,Expert: AdaRMS (pre-FFN),_adarms_norm_kernel,action_expert.step01.layer00._adarms_norm_kernel.line1878,2848.0,123136.0,0.0,358400.0,714272.0,660668416.0,2408448.0,5.11,0.0,1.61,4.15,8.17,4.3,0.0
1191,action_expert,FFN up,Expert: FFN gate/up + GELU product,_matmul_small_gate,action_expert.step01.layer00._matmul_small_gate.line1887,26464.000000000004,19234176.0,1073741824.0,2883584.0,24048736.0,6183897088.0,22822912.0,84.28,34.73,34.73,20.92,8.33,7.16,17.36
1192,action_expert,FFN down,Expert: FFN down + gated residual,_matmul_small_res_gate_ffn_down,action_expert.step01.layer00._matmul_small_res_gate_ffn_down.line1904,15488.000000000002,10172160.0,536870912.0,131072.0,40642432.0,3537305600.0,13336576.0,76.27,30.35,30.35,43.77,8.33,9.01,15.18
1193,action_expert,Norm / residual,Expert: AdaRMS (pre-attention),_adarms_norm_kernel,action_expert.step01.layer01._adarms_norm_kernel.line1785,2816.0000000000005,123008.0,0.0,358400.0,712768.0,660357120.0,2400256.0,5.12,0.0,1.61,4.15,8.14,4.24,0.0
1194,action_expert,QKV,Expert: QKV projection + Gemma RoPE,_matmul_gemma_rope_qkv,action_expert.step01.layer01._matmul_gemma_rope_qkv.line1794,26880.0,6188288.0,335544320.0,442368.0,12506048.0,6364661760.0,23183360.0,26.69,10.54,10.54,7.55,8.33,4.26,5.27
1195,action_expert,QK,Expert: Attention QKᵀ + scale,_matmul_abt_scale,action_expert.step01.layer01._matmul_abt_scale.line1832,6336.0,824320.0,211288064.0,412672.0,14507488.0,1444577280.0,5423104.0,15.2,29.25,29.25,38.25,32.95,11.69,14.63
1196,action_expert,Softmax,Expert: Prefix/suffix masked softmax,_softmax_prefix_suffix_mask_vector,action_expert.step01.layer01._softmax_prefix_suffix_mask_vector.line1844,5408.000000000001,1713920.0,0.0,1913600.0,2876448.0,1265246208.0,4644864.0,36.9,0.0,7.32,9.5,8.97,8.81,0.0
1197,action_expert,PV,Expert: Attention P × V,_matmul_small,action_expert.step01.layer01._matmul_small.line1854,8224.000000000002,1651200.0,218103808.0,0.0,16233440.0,1878159360.0,7028736.0,23.49,23.23,23.23,32.98,9.46,7.03,11.61
1198,action_expert,O projection,Expert: Attention output + gated residual,_matmul_small_res_gate_oproj,action_expert.step01.layer01._matmul_small_res_gate_oproj.line1865,9792.0,5306496.0,268435456.0,131072.0,15579520.0,2255833088.0,8404992.0,63.14,23.8,23.8,26.38,8.32,6.84,11.9
1199,action_expert,Norm / residual,Expert: AdaRMS (pre-FFN),_adarms_norm_kernel,action_expert.step01.layer01._adarms_norm_kernel.line1878,2848.0,123392.0,0.0,358400.0,712704.0,665837568.0,2424832.0,5.09,0.0,1.6,4.11,8.13,4.34,0.0
1200,action_expert,FFN up,Expert: FFN gate/up + GELU product,_matmul_small_gate,action_expert.step01.layer01._matmul_small_gate.line1887,26752.0,19210496.0,1073741824.0,2883584.0,24049920.0,6249269248.0,23035904.0,83.39,34.36,34.36,20.71,8.33,7.16,17.18
1201,action_expert,FFN down,Expert: FFN down + gated residual,_matmul_small_res_gate_ffn_down,action_expert.step01.layer01._matmul_small_res_gate_ffn_down.line1904,15552.0,10102272.0,536870912.0,131072.0,40641888.0,3547160576.0,13377536.0,75.52,30.27,30.27,43.63,8.33,9.01,15.14
1202,action_expert,Norm / residual,Expert: AdaRMS (pre-attention),_adarms_norm_kernel,action_expert.step01.layer02._adarms_norm_kernel.line1785,2880.0000000000005,125312.0,0.0,358400.0,715712.0,673562624.0,2449408.0,5.12,0.0,1.58,4.08,8.07,4.1,0.0
1203,action_expert,QKV,Expert: QKV projection + Gemma RoPE,_matmul_gemma_rope_qkv,action_expert.step01.layer02._matmul_gemma_rope_qkv.line1794,27456.000000000004,6066816.0,335544320.0,442368.0,12506944.0,6495451136.0,23650304.0,25.65,10.33,10.33,7.4,8.33,4.31,5.17
1204,action_expert,QK,Expert: Attention QKᵀ + scale,_matmul_abt_scale,action_expert.step01.layer02._matmul_abt_scale.line1832,6272.0,828032.0,211288064.0,412672.0,14507872.0,1425272832.0,5390336.0,15.36,29.65,29.65,38.81,32.91,11.94,14.82
1205,action_expert,Softmax,Expert: Prefix/suffix masked softmax,_softmax_prefix_suffix_mask_vector,action_expert.step01.layer02._softmax_prefix_suffix_mask_vector.line1844,5440.0,1722496.0,0.0,1913600.0,2877440.0,1273636864.0,4653056.0,37.02,0.0,7.27,9.44,8.93,9.03,0.0
1206,action_expert,PV,Expert: Attention P × V,_matmul_small,action_expert.step01.layer02._matmul_small.line1854,7872.0,1667712.0,218103808.0,0.0,16235360.0,1793525760.0,6742016.0,24.74,24.32,24.32,34.53,9.44,7.03,12.16
1207,action_expert,O projection,Expert: Attention output + gated residual,_matmul_small_res_gate_oproj,action_expert.step01.layer02._matmul_small_res_gate_oproj.line1865,10240.0,5234176.0,268435456.0,131072.0,15579936.0,2350264320.0,8749056.0,59.83,22.84,22.84,25.34,8.32,6.76,11.42
1208,action_expert,Norm / residual,Expert: AdaRMS (pre-FFN),_adarms_norm_kernel,action_expert.step01.layer02._adarms_norm_kernel.line1878,2816.0000000000005,122624.0,0.0,358400.0,713440.0,657911808.0,2383872.0,5.14,0.0,1.62,4.16,8.13,4.19,0.0
1209,action_expert,FFN up,Expert: FFN gate/up + GELU product,_matmul_small_gate,action_expert.step01.layer02._matmul_small_gate.line1887,26880.0,19342720.0,1073741824.0,2883584.0,24049920.0,6284865536.0,23158784.0,83.52,34.17,34.17,20.59,8.33,7.1,17.08
1210,action_expert,FFN down,Expert: FFN down + gated residual,_matmul_small_res_gate_ffn_down,action_expert.step01.layer02._matmul_small_res_gate_ffn_down.line1904,15680.000000000002,10146688.0,536870912.0,131072.0,40642432.0,3580901376.0,13492224.0,75.2,29.99,29.99,43.26,8.33,8.9,14.99
1211,action_expert,Norm / residual,Expert: AdaRMS (pre-attention),_adarms_norm_kernel,action_expert.step01.layer03._adarms_norm_kernel.line1785,2880.0000000000005,122880.0,0.0,358400.0,713664.0,670367744.0,2449408.0,5.02,0.0,1.59,4.09,8.11,4.31,0.0
1212,action_expert,QKV,Expert: QKV projection + Gemma RoPE,_matmul_gemma_rope_qkv,action_expert.step01.layer03._matmul_gemma_rope_qkv.line1794,26944.0,6152832.0,335544320.0,442368.0,12506272.0,6376089600.0,23232512.0,26.48,10.53,10.53,7.53,8.33,4.31,5.26
1213,action_expert,QK,Expert: Attention QKᵀ + scale,_matmul_abt_scale,action_expert.step01.layer03._matmul_abt_scale.line1832,6272.0,826496.0,211288064.0,412672.0,14510976.0,1427181568.0,5398528.0,15.31,29.61,29.61,38.76,32.91,11.83,14.8
1214,action_expert,Softmax,Expert: Prefix/suffix masked softmax,_softmax_prefix_suffix_mask_vector,action_expert.step01.layer03._softmax_prefix_suffix_mask_vector.line1844,5600.000000000001,1711360.0,0.0,1913600.0,2878592.0,1301450752.0,4767744.0,35.89,0.0,7.11,9.23,8.98,9.1,0.0
1215,action_expert,PV,Expert: Attention P × V,_matmul_small,action_expert.step01.layer03._matmul_small.line1854,7936.0,1671808.0,218103808.0,0.0,16236448.0,1812557824.0,6815744.0,24.53,24.07,24.07,34.18,9.44,6.83,12.03
1216,action_expert,O projection,Expert: Attention output + gated residual,_matmul_small_res_gate_oproj,action_expert.step01.layer03._matmul_small_res_gate_oproj.line1865,9696.0,5266560.0,268435456.0,131072.0,15576800.0,2234169344.0,8323072.0,63.28,24.03,24.03,26.65,8.32,6.89,12.02
1217,action_expert,Norm / residual,Expert: AdaRMS (pre-FFN),_adarms_norm_kernel,action_expert.step01.layer03._adarms_norm_kernel.line1878,2880.0000000000005,122624.0,0.0,358400.0,714592.0,665057280.0,2416640.0,5.07,0.0,1.6,4.13,8.1,4.21,0.0
1218,action_expert,FFN up,Expert: FFN gate/up + GELU product,_matmul_small_gate,action_expert.step01.layer03._matmul_small_gate.line1887,26752.0,19267712.0,1073741824.0,2883584.0,24058400.0,6258675712.0,23060480.0,83.55,34.31,34.31,20.67,8.33,7.12,17.16
1219,action_expert,FFN down,Expert: FFN down + gated residual,_matmul_small_res_gate_ffn_down,action_expert.step01.layer03._matmul_small_res_gate_ffn_down.line1904,16192.0,10092672.0,536870912.0,131072.0,40642592.0,3708497920.0,13942784.0,72.39,28.95,28.95,41.8,8.33,8.93,14.48
1220,action_expert,Norm / residual,Expert: AdaRMS (pre-attention),_adarms_norm_kernel,action_expert.step01.layer04._adarms_norm_kernel.line1785,2976.0000000000005,122752.0,0.0,358400.0,714304.0,696803328.0,2523136.0,4.87,0.0,1.53,3.94,8.13,4.33,0.0
1221,action_expert,QKV,Expert: QKV projection + Gemma RoPE,_matmul_gemma_rope_qkv,action_expert.step01.layer04._matmul_gemma_rope_qkv.line1794,26944.0,6090112.0,335544320.0,442368.0,12484160.0,6377224192.0,23224320.0,26.22,10.52,10.52,7.52,8.33,4.26,5.26
1222,action_expert,QK,Expert: Attention QKᵀ + scale,_matmul_abt_scale,action_expert.step01.layer04._matmul_abt_scale.line1832,6368.000000000001,826240.0,211288064.0,412672.0,14526656.0,1442273280.0,5447680.0,15.17,29.3,29.3,38.36,32.78,11.85,14.65
1223,action_expert,Softmax,Expert: Prefix/suffix masked softmax,_softmax_prefix_suffix_mask_vector,action_expert.step01.layer04._softmax_prefix_suffix_mask_vector.line1844,5376.000000000001,1716992.0,0.0,1913600.0,2878432.0,1248544768.0,4579328.0,37.49,0.0,7.41,9.63,8.98,8.7,0.0
1224,action_expert,PV,Expert: Attention P × V,_matmul_small,action_expert.step01.layer04._matmul_small.line1854,8000.000000000001,1669376.0,218103808.0,0.0,16218592.0,1822855168.0,6840320.0,24.4,23.93,23.93,33.94,9.45,7.12,11.96
1225,action_expert,O projection,Expert: Attention output + gated residual,_matmul_small_res_gate_oproj,action_expert.step01.layer04._matmul_small_res_gate_oproj.line1865,9952.0,5393152.0,268435456.0,131072.0,15579520.0,2289887232.0,8560640.0,63.0,23.45,23.45,26.0,8.32,6.79,11.72
1226,action_expert,Norm / residual,Expert: AdaRMS (pre-FFN),_adarms_norm_kernel,action_expert.step01.layer04._adarms_norm_kernel.line1878,2816.0000000000005,122880.0,0.0,358400.0,712800.0,655738880.0,2375680.0,5.17,0.0,1.62,4.17,8.19,4.33,0.0
1227,action_expert,FFN up,Expert: FFN gate/up + GELU product,_matmul_small_gate,action_expert.step01.layer04._matmul_small_gate.line1887,26848.0,19305088.0,1073741824.0,2883584.0,24050016.0,6277670912.0,23142400.0,83.42,34.21,34.21,20.62,8.33,7.04,17.1
1228,action_expert,FFN down,Expert: FFN down + gated residual,_matmul_small_res_gate_ffn_down,action_expert.step01.layer04._matmul_small_res_gate_ffn_down.line1904,15584.000000000002,10081920.0,536870912.0,131072.0,40641664.0,3562643456.0,13426688.0,75.09,30.14,30.14,43.45,8.33,8.82,15.07
1229,action_expert,Norm / residual,Expert: AdaRMS (pre-attention),_adarms_norm_kernel,action_expert.step01.layer05._adarms_norm_kernel.line1785,2816.0000000000005,123264.0,0.0,358400.0,712960.0,657559552.0,2408448.0,5.12,0.0,1.62,4.16,8.16,4.04,0.0
1230,action_expert,QKV,Expert: QKV projection + Gemma RoPE,_matmul_gemma_rope_qkv,action_expert.step01.layer05._matmul_gemma_rope_qkv.line1794,26944.0,6140928.0,335544320.0,442368.0,12510464.0,6377385984.0,23240704.0,26.42,10.52,10.52,7.54,8.33,4.35,5.26
1231,action_expert,QK,Expert: Attention QKᵀ + scale,_matmul_abt_scale,action_expert.step01.layer05._matmul_abt_scale.line1832,6304.0,828416.0,211288064.0,412672.0,14509088.0,1431283712.0,5398528.0,15.35,29.52,29.52,38.61,32.95,11.71,14.76
1232,action_expert,Softmax,Expert: Prefix/suffix masked softmax,_softmax_prefix_suffix_mask_vector,action_expert.step01.layer05._softmax_prefix_suffix_mask_vector.line1844,5696.0,1719040.0,0.0,1913600.0,2879616.0,1331519488.0,4866048.0,35.33,0.0,6.95,9.03,9.01,8.88,0.0
1233,action_expert,PV,Expert: Attention P × V,_matmul_small,action_expert.step01.layer05._matmul_small.line1854,7968.000000000001,1667328.0,218103808.0,0.0,16235264.0,1820248064.0,6832128.0,24.4,23.96,23.96,34.02,9.45,6.88,11.98
1234,action_expert,O projection,Expert: Attention output + gated residual,_matmul_small_res_gate_oproj,action_expert.step01.layer05._matmul_small_res_gate_oproj.line1865,9792.0,5281280.0,268435456.0,131072.0,15579392.0,2257289216.0,8421376.0,62.71,23.78,23.78,26.38,8.32,6.7,11.89
1235,action_expert,Norm / residual,Expert: AdaRMS (pre-FFN),_adarms_norm_kernel,action_expert.step01.layer05._adarms_norm_kernel.line1878,2816.0000000000005,123392.0,0.0,358400.0,712800.0,655810560.0,2392064.0,5.16,0.0,1.62,4.17,8.2,4.28,0.0
1236,action_expert,FFN up,Expert: FFN gate/up + GELU product,_matmul_small_gate,action_expert.step01.layer05._matmul_small_gate.line1887,26560.000000000004,19155200.0,1073741824.0,2883584.0,24051360.0,6202812416.0,22872064.0,83.75,34.62,34.62,20.85,8.33,7.12,17.31
1237,action_expert,FFN down,Expert: FFN down + gated residual,_matmul_small_res_gate_ffn_down,action_expert.step01.layer05._matmul_small_res_gate_ffn_down.line1904,16064.0,10195584.0,536870912.0,131072.0,40640224.0,3667970048.0,13795328.0,73.91,29.27,29.27,42.23,8.33,8.8,14.64
1238,action_expert,Norm / residual,Expert: AdaRMS (pre-attention),_adarms_norm_kernel,action_expert.step01.layer06._adarms_norm_kernel.line1785,3072.0000000000005,123136.0,0.0,358400.0,709792.0,715364352.0,2596864.0,4.74,0.0,1.49,3.81,8.1,4.08,0.0
1239,action_expert,QKV,Expert: QKV projection + Gemma RoPE,_matmul_gemma_rope_qkv,action_expert.step01.layer06._matmul_gemma_rope_qkv.line1794,27104.0,6071680.0,335544320.0,442368.0,12506880.0,6412455936.0,23355392.0,26.0,10.47,10.47,7.49,8.33,4.31,5.23
1240,action_expert,QK,Expert: Attention QKᵀ + scale,_matmul_abt_scale,action_expert.step01.layer06._matmul_abt_scale.line1832,6272.0,825856.0,211288064.0,412672.0,14510112.0,1419284480.0,5357568.0,15.41,29.77,29.77,38.93,32.82,11.92,14.89
1241,action_expert,Softmax,Expert: Prefix/suffix masked softmax,_softmax_prefix_suffix_mask_vector,action_expert.step01.layer06._softmax_prefix_suffix_mask_vector.line1844,5632.000000000001,1719424.0,0.0,1913600.0,2881344.0,1312425984.0,4816896.0,35.7,0.0,7.05,9.15,9.0,8.55,0.0
1242,action_expert,PV,Expert: Attention P × V,_matmul_small,action_expert.step01.layer06._matmul_small.line1854,7872.0,1663872.0,218103808.0,0.0,16233024.0,1803345920.0,6774784.0,24.56,24.19,24.19,34.33,9.45,7.12,12.09
1243,action_expert,O projection,Expert: Attention output + gated residual,_matmul_small_res_gate_oproj,action_expert.step01.layer06._matmul_small_res_gate_oproj.line1865,9952.0,5251328.0,268435456.0,131072.0,15579520.0,2283466752.0,8519680.0,61.64,23.51,23.51,26.07,8.32,6.71,11.76
1244,action_expert,Norm / residual,Expert: AdaRMS (pre-FFN),_adarms_norm_kernel,action_expert.step01.layer06._adarms_norm_kernel.line1878,2912.0000000000005,123008.0,0.0,358400.0,712384.0,674209792.0,2449408.0,5.02,0.0,1.58,4.06,8.14,4.32,0.0
1245,action_expert,FFN up,Expert: FFN gate/up + GELU product,_matmul_small_gate,action_expert.step01.layer06._matmul_small_gate.line1887,26752.0,19355648.0,1073741824.0,2883584.0,24052416.0,6243815424.0,23011328.0,84.11,34.39,34.39,20.72,8.33,7.08,17.2
1246,action_expert,FFN down,Expert: FFN down + gated residual,_matmul_small_res_gate_ffn_down,action_expert.step01.layer06._matmul_small_res_gate_ffn_down.line1904,15872.0,10098944.0,536870912.0,131072.0,40641792.0,3626565632.0,13656064.0,73.95,29.61,29.61,42.72,8.33,8.62,14.8
1247,action_expert,Norm / residual,Expert: AdaRMS (pre-attention),_adarms_norm_kernel,action_expert.step01.layer07._adarms_norm_kernel.line1785,2848.0,122880.0,0.0,358400.0,714528.0,662577152.0,2408448.0,5.1,0.0,1.61,4.14,8.17,4.25,0.0
1248,action_expert,QKV,Expert: QKV projection + Gemma RoPE,_matmul_gemma_rope_qkv,action_expert.step01.layer07._matmul_gemma_rope_qkv.line1794,27392.0,6083968.0,335544320.0,442368.0,12511040.0,6479550464.0,23592960.0,25.79,10.36,10.36,7.42,8.33,4.27,5.18
1249,action_expert,QK,Expert: Attention QKᵀ + scale,_matmul_abt_scale,action_expert.step01.layer07._matmul_abt_scale.line1832,6368.000000000001,828160.0,211288064.0,412672.0,14510560.0,1447303168.0,5455872.0,15.18,29.2,29.2,38.18,32.96,11.81,14.6
1250,action_expert,Softmax,Expert: Prefix/suffix masked softmax,_softmax_prefix_suffix_mask_vector,action_expert.step01.layer07._softmax_prefix_suffix_mask_vector.line1844,5408.000000000001,1718656.0,0.0,1913600.0,2878464.0,1261916160.0,4620288.0,37.2,0.0,7.34,9.53,8.97,8.99,0.0
1251,action_expert,PV,Expert: Attention P × V,_matmul_small,action_expert.step01.layer07._matmul_small.line1854,7936.0,1670912.0,218103808.0,0.0,16236064.0,1816764416.0,6815744.0,24.52,24.01,24.01,34.08,9.44,6.99,12.01
1252,action_expert,O projection,Expert: Attention output + gated residual,_matmul_small_res_gate_oproj,action_expert.step01.layer07._matmul_small_res_gate_oproj.line1865,9440.000000000002,5220224.0,268435456.0,131072.0,15579424.0,2165733376.0,8101888.0,64.43,24.79,24.79,27.48,8.32,6.7,12.39
1253,action_expert,Norm / residual,Expert: AdaRMS (pre-FFN),_adarms_norm_kernel,action_expert.step01.layer07._adarms_norm_kernel.line1878,3072.0000000000005,124032.0,0.0,358400.0,706464.0,717037568.0,2613248.0,4.75,0.0,1.49,3.79,8.08,3.98,0.0
1254,action_expert,FFN up,Expert: FFN gate/up + GELU product,_matmul_small_gate,action_expert.step01.layer07._matmul_small_gate.line1887,26784.000000000004,19328256.0,1073741824.0,2883584.0,24051168.0,6255241216.0,23052288.0,83.85,34.33,34.33,20.68,8.33,7.1,17.17
1255,action_expert,FFN down,Expert: FFN down + gated residual,_matmul_small_res_gate_ffn_down,action_expert.step01.layer07._matmul_small_res_gate_ffn_down.line1904,15616.000000000002,10105216.0,536870912.0,131072.0,40644640.0,3566444544.0,13418496.0,75.31,30.11,30.11,43.42,8.33,8.96,15.05
1256,action_expert,Norm / residual,Expert: AdaRMS (pre-attention),_adarms_norm_kernel,action_expert.step01.layer08._adarms_norm_kernel.line1785,2816.0000000000005,123264.0,0.0,358400.0,712608.0,661547008.0,2400256.0,5.14,0.0,1.61,4.14,8.18,4.04,0.0
1257,action_expert,QKV,Expert: QKV projection + Gemma RoPE,_matmul_gemma_rope_qkv,action_expert.step01.layer08._matmul_gemma_rope_qkv.line1794,27520.0,6071808.0,335544320.0,442368.0,12507264.0,6517901312.0,23740416.0,25.58,10.3,10.3,7.37,8.33,4.33,5.15
1258,action_expert,QK,Expert: Attention QKᵀ + scale,_matmul_abt_scale,action_expert.step01.layer08._matmul_abt_scale.line1832,6272.0,826368.0,211288064.0,412672.0,14507808.0,1423736832.0,5357568.0,15.42,29.68,29.68,38.82,32.92,11.88,14.84
1259,action_expert,Softmax,Expert: Prefix/suffix masked softmax,_softmax_prefix_suffix_mask_vector,action_expert.step01.layer08._softmax_prefix_suffix_mask_vector.line1844,5536.0,1719808.0,0.0,1913600.0,2879648.0,1297915904.0,4751360.0,36.2,0.0,7.13,9.27,8.95,8.82,0.0
1260,action_expert,PV,Expert: Attention P × V,_matmul_small,action_expert.step01.layer08._matmul_small.line1854,8032.0,1663744.0,218103808.0,0.0,16219392.0,1832828928.0,6881280.0,24.18,23.8,23.8,33.77,9.44,7.03,11.9
1261,action_expert,O projection,Expert: Attention output + gated residual,_matmul_small_res_gate_oproj,action_expert.step01.layer08._matmul_small_res_gate_oproj.line1865,10272.000000000002,5315072.0,268435456.0,131072.0,15579648.0,2368520192.0,8822784.0,60.24,22.67,22.67,25.16,8.32,6.63,11.33
1262,action_expert,Norm / residual,Expert: AdaRMS (pre-FFN),_adarms_norm_kernel,action_expert.step01.layer08._adarms_norm_kernel.line1878,2880.0000000000005,123008.0,0.0,358400.0,713472.0,669442048.0,2424832.0,5.07,0.0,1.59,4.09,8.14,4.37,0.0
1263,action_expert,FFN up,Expert: FFN gate/up + GELU product,_matmul_small_gate,action_expert.step01.layer08._matmul_small_gate.line1887,26848.0,19272064.0,1073741824.0,2883584.0,24053216.0,6275260416.0,23142400.0,83.28,34.22,34.22,20.63,8.33,7.11,17.11
1264,action_expert,FFN down,Expert: FFN down + gated residual,_matmul_small_res_gate_ffn_down,action_expert.step01.layer08._matmul_small_res_gate_ffn_down.line1904,16224.000000000002,10212352.0,536870912.0,131072.0,40642560.0,3710572544.0,13959168.0,73.16,28.94,28.94,41.79,8.33,8.92,14.47
1265,action_expert,Norm / residual,Expert: AdaRMS (pre-attention),_adarms_norm_kernel,action_expert.step01.layer09._adarms_norm_kernel.line1785,2880.0000000000005,122752.0,0.0,358400.0,713984.0,664485888.0,2408448.0,5.1,0.0,1.6,4.13,8.14,4.21,0.0
1266,action_expert,QKV,Expert: QKV projection + Gemma RoPE,_matmul_gemma_rope_qkv,action_expert.step01.layer09._matmul_gemma_rope_qkv.line1794,27232.000000000004,6083712.0,335544320.0,442368.0,12497344.0,6446073856.0,23461888.0,25.93,10.41,10.41,7.45,8.33,4.34,5.21
1267,action_expert,QK,Expert: Attention QKᵀ + scale,_matmul_abt_scale,action_expert.step01.layer09._matmul_abt_scale.line1832,6272.0,830464.0,211288064.0,412672.0,14510976.0,1422596096.0,5382144.0,15.43,29.7,29.7,38.89,33.17,11.87,14.85
1268,action_expert,Softmax,Expert: Prefix/suffix masked softmax,_softmax_prefix_suffix_mask_vector,action_expert.step01.layer09._softmax_prefix_suffix_mask_vector.line1844,5440.0,1714432.0,0.0,1913600.0,2876640.0,1271019520.0,4644864.0,36.91,0.0,7.28,9.46,8.94,9.09,0.0
1269,action_expert,PV,Expert: Attention P × V,_matmul_small,action_expert.step01.layer09._matmul_small.line1854,8160.0,1667456.0,218103808.0,0.0,16192224.0,1859356672.0,6963200.0,23.95,23.46,23.46,33.22,9.45,7.02,11.73
1270,action_expert,O projection,Expert: Attention output + gated residual,_matmul_small_res_gate_oproj,action_expert.step01.layer09._matmul_small_res_gate_oproj.line1865,9856.0,5257344.0,268435456.0,131072.0,15579840.0,2267858944.0,8470528.0,62.07,23.67,23.67,26.25,8.32,6.83,11.84
1271,action_expert,Norm / residual,Expert: AdaRMS (pre-FFN),_adarms_norm_kernel,action_expert.step01.layer09._adarms_norm_kernel.line1878,2944.0,122752.0,0.0,358400.0,713920.0,688250880.0,2506752.0,4.9,0.0,1.55,3.99,8.18,4.2,0.0
1272,action_expert,FFN up,Expert: FFN gate/up + GELU product,_matmul_small_gate,action_expert.step01.layer09._matmul_small_gate.line1887,27008.000000000004,19376512.0,1073741824.0,2883584.0,24051072.0,6308800512.0,23248896.0,83.34,34.04,34.04,20.51,8.33,7.13,17.02
1273,action_expert,FFN down,Expert: FFN down + gated residual,_matmul_small_res_gate_ffn_down,action_expert.step01.layer09._matmul_small_res_gate_ffn_down.line1904,16544.0,10154624.0,536870912.0,131072.0,40644064.0,3793494016.0,14245888.0,71.28,28.3,28.3,40.87,8.33,8.85,14.15
1274,action_expert,Norm / residual,Expert: AdaRMS (pre-attention),_adarms_norm_kernel,action_expert.step01.layer10._adarms_norm_kernel.line1785,3008.0000000000005,123008.0,0.0,358400.0,710784.0,706482176.0,2572288.0,4.78,0.0,1.51,3.86,8.15,4.08,0.0
1275,action_expert,QKV,Expert: QKV projection + Gemma RoPE,_matmul_gemma_rope_qkv,action_expert.step01.layer10._matmul_gemma_rope_qkv.line1794,27392.0,6057344.0,335544320.0,442368.0,12506752.0,6482774016.0,23609344.0,25.66,10.35,10.35,7.41,8.33,4.34,5.18
1276,action_expert,QK,Expert: Attention QKᵀ + scale,_matmul_abt_scale,action_expert.step01.layer10._matmul_abt_scale.line1832,6272.0,826624.0,211288064.0,412672.0,14511328.0,1427689472.0,5406720.0,15.29,29.6,29.6,38.72,32.7,11.87,14.8
1277,action_expert,Softmax,Expert: Prefix/suffix masked softmax,_softmax_prefix_suffix_mask_vector,action_expert.step01.layer10._softmax_prefix_suffix_mask_vector.line1844,5536.0,1719552.0,0.0,1913600.0,2879776.0,1296357376.0,4751360.0,36.19,0.0,7.14,9.27,9.01,8.81,0.0
1278,action_expert,PV,Expert: Attention P × V,_matmul_small,action_expert.step01.layer10._matmul_small.line1854,8224.000000000002,1671936.0,218103808.0,0.0,16233216.0,1882667008.0,7045120.0,23.73,23.17,23.17,32.88,9.44,6.93,11.58
1279,action_expert,O projection,Expert: Attention output + gated residual,_matmul_small_res_gate_oproj,action_expert.step01.layer10._matmul_small_res_gate_oproj.line1865,9504.0,5274496.0,268435456.0,131072.0,15579392.0,2186643456.0,8167424.0,64.58,24.55,24.55,27.21,8.32,6.94,12.28
1280,action_expert,Norm / residual,Expert: AdaRMS (pre-FFN),_adarms_norm_kernel,action_expert.step01.layer10._adarms_norm_kernel.line1878,2944.0,122624.0,0.0,358400.0,713728.0,687054848.0,2506752.0,4.89,0.0,1.55,3.99,8.19,4.21,0.0
1281,action_expert,FFN up,Expert: FFN gate/up + GELU product,_matmul_small_gate,action_expert.step01.layer10._matmul_small_gate.line1887,26848.0,19363584.0,1073741824.0,2883584.0,24052288.0,6270937088.0,23117824.0,83.76,34.25,34.25,20.64,8.33,7.06,17.12
1282,action_expert,FFN down,Expert: FFN down + gated residual,_matmul_small_res_gate_ffn_down,action_expert.step01.layer10._matmul_small_res_gate_ffn_down.line1904,16128.000000000002,10164224.0,536870912.0,131072.0,40643616.0,3684644864.0,13869056.0,73.29,29.14,29.14,42.06,8.33,8.89,14.57
1283,action_expert,Norm / residual,Expert: AdaRMS (pre-attention),_adarms_norm_kernel,action_expert.step01.layer11._adarms_norm_kernel.line1785,2976.0000000000005,122880.0,0.0,358400.0,713056.0,695105536.0,2523136.0,4.87,0.0,1.53,3.94,8.19,4.07,0.0
1284,action_expert,QKV,Expert: QKV projection + Gemma RoPE,_matmul_gemma_rope_qkv,action_expert.step01.layer11._matmul_gemma_rope_qkv.line1794,27712.0,6030336.0,335544320.0,442368.0,12511392.0,6560034816.0,23887872.0,25.24,10.23,10.23,7.33,8.33,4.34,5.11
1285,action_expert,QK,Expert: Attention QKᵀ + scale,_matmul_abt_scale,action_expert.step01.layer11._matmul_abt_scale.line1832,6240.0,829440.0,211288064.0,412672.0,14485952.0,1425573888.0,5382144.0,15.41,29.64,29.64,38.71,32.98,11.8,14.82
1286,action_expert,Softmax,Expert: Prefix/suffix masked softmax,_softmax_prefix_suffix_mask_vector,action_expert.step01.layer11._softmax_prefix_suffix_mask_vector.line1844,5600.000000000001,1722496.0,0.0,1913600.0,2878624.0,1305337856.0,4800512.0,35.88,0.0,7.09,9.21,9.01,8.85,0.0
1287,action_expert,PV,Expert: Attention P × V,_matmul_small,action_expert.step01.layer11._matmul_small.line1854,8128.000000000001,1666432.0,218103808.0,0.0,16217984.0,1859643392.0,6979584.0,23.88,23.46,23.46,33.29,9.44,7.06,11.73
1288,action_expert,O projection,Expert: Attention output + gated residual,_matmul_small_res_gate_oproj,action_expert.step01.layer11._matmul_small_res_gate_oproj.line1865,10144.000000000002,5358336.0,268435456.0,131072.0,15578496.0,2338197504.0,8716288.0,61.47,22.96,22.96,25.47,8.32,6.83,11.48
1289,action_expert,Norm / residual,Expert: AdaRMS (pre-FFN),_adarms_norm_kernel,action_expert.step01.layer11._adarms_norm_kernel.line1878,3072.0000000000005,122752.0,0.0,358400.0,709856.0,715546624.0,2605056.0,4.71,0.0,1.49,3.81,8.05,3.9,0.0
1290,action_expert,FFN up,Expert: FFN gate/up + GELU product,_matmul_small_gate,action_expert.step01.layer11._matmul_small_gate.line1887,26752.0,19207424.0,1073741824.0,2883584.0,24049312.0,6252345344.0,23044096.0,83.35,34.35,34.35,20.69,8.33,7.08,17.17
1291,action_expert,FFN down,Expert: FFN down + gated residual,_matmul_small_res_gate_ffn_down,action_expert.step01.layer11._matmul_small_res_gate_ffn_down.line1904,15648.0,10063360.0,536870912.0,131072.0,40642528.0,3572619264.0,13459456.0,74.77,30.05,30.05,43.37,8.33,8.93,15.03
1292,action_expert,Norm / residual,Expert: AdaRMS (pre-attention),_adarms_norm_kernel,action_expert.step01.layer12._adarms_norm_kernel.line1785,2976.0000000000005,123008.0,0.0,358400.0,713504.0,692594688.0,2506752.0,4.91,0.0,1.54,3.96,8.14,4.33,0.0
1293,action_expert,QKV,Expert: QKV projection + Gemma RoPE,_matmul_gemma_rope_qkv,action_expert.step01.layer12._matmul_gemma_rope_qkv.line1794,26720.0,6213632.0,335544320.0,442368.0,12506752.0,6319263744.0,23003136.0,27.01,10.62,10.62,7.61,8.33,4.32,5.31
1294,action_expert,QK,Expert: Attention QKᵀ + scale,_matmul_abt_scale,action_expert.step01.layer12._matmul_abt_scale.line1832,6336.0,826624.0,211288064.0,412672.0,14509056.0,1442508800.0,5423104.0,15.24,29.29,29.29,38.31,32.78,11.76,14.65
1295,action_expert,Softmax,Expert: Prefix/suffix masked softmax,_softmax_prefix_suffix_mask_vector,action_expert.step01.layer12._softmax_prefix_suffix_mask_vector.line1844,5536.0,1717120.0,0.0,1913600.0,2877472.0,1295992832.0,4751360.0,36.14,0.0,7.14,9.28,8.98,8.92,0.0
1296,action_expert,PV,Expert: Attention P × V,_matmul_small,action_expert.step01.layer12._matmul_small.line1854,8064.000000000001,1664000.0,218103808.0,0.0,16218304.0,1845925888.0,6897664.0,24.12,23.63,23.63,33.52,9.47,7.15,11.82
1297,action_expert,O projection,Expert: Attention output + gated residual,_matmul_small_res_gate_oproj,action_expert.step01.layer12._matmul_small_res_gate_oproj.line1865,10144.000000000002,5413632.0,268435456.0,131072.0,15578624.0,2335213568.0,8724480.0,62.05,22.99,22.99,25.53,8.32,6.89,11.5
1298,action_expert,Norm / residual,Expert: AdaRMS (pre-FFN),_adarms_norm_kernel,action_expert.step01.layer12._adarms_norm_kernel.line1878,3040.0,123008.0,0.0,358400.0,714208.0,712214528.0,2605056.0,4.72,0.0,1.5,3.85,8.17,4.14,0.0
1299,action_expert,FFN up,Expert: FFN gate/up + GELU product,_matmul_small_gate,action_expert.step01.layer12._matmul_small_gate.line1887,26848.0,19483520.0,1073741824.0,2883584.0,24054048.0,6276618240.0,23126016.0,84.25,34.21,34.21,20.62,8.33,7.1,17.11
1300,action_expert,FFN down,Expert: FFN down + gated residual,_matmul_small_res_gate_ffn_down,action_expert.step01.layer12._matmul_small_res_gate_ffn_down.line1904,15616.000000000002,10013568.0,536870912.0,131072.0,40642176.0,3567955968.0,13434880.0,74.53,30.09,30.09,43.42,8.33,8.63,15.05
1301,action_expert,Norm / residual,Expert: AdaRMS (pre-attention),_adarms_norm_kernel,action_expert.step01.layer13._adarms_norm_kernel.line1785,2880.0000000000005,125312.0,0.0,358400.0,716608.0,675454976.0,2465792.0,5.08,0.0,1.58,4.07,8.21,4.14,0.0
1302,action_expert,QKV,Expert: QKV projection + Gemma RoPE,_matmul_gemma_rope_qkv,action_expert.step01.layer13._matmul_gemma_rope_qkv.line1794,27584.000000000004,6124800.0,335544320.0,442368.0,12511328.0,6530787328.0,23781376.0,25.75,10.28,10.28,7.36,8.33,4.33,5.14
1303,action_expert,QK,Expert: Attention QKᵀ + scale,_matmul_abt_scale,action_expert.step01.layer13._matmul_abt_scale.line1832,6304.0,830720.0,211288064.0,412672.0,14511392.0,1427101696.0,5357568.0,15.51,29.61,29.61,38.72,32.9,11.69,14.81
1304,action_expert,Softmax,Expert: Prefix/suffix masked softmax,_softmax_prefix_suffix_mask_vector,action_expert.step01.layer13._softmax_prefix_suffix_mask_vector.line1844,5504.0,1710720.0,0.0,1913600.0,2878528.0,1289558016.0,4718592.0,36.25,0.0,7.18,9.32,8.97,9.11,0.0
1305,action_expert,PV,Expert: Attention P × V,_matmul_small,action_expert.step01.layer13._matmul_small.line1854,7904.000000000001,1654400.0,218103808.0,0.0,16235168.0,1810401280.0,6782976.0,24.39,24.09,24.09,34.2,9.45,6.94,12.05
1306,action_expert,O projection,Expert: Attention output + gated residual,_matmul_small_res_gate_oproj,action_expert.step01.layer13._matmul_small_res_gate_oproj.line1865,9824.000000000002,5249536.0,268435456.0,131072.0,15579872.0,2254508032.0,8404992.0,62.46,23.81,23.81,26.42,8.32,6.83,11.91
1307,action_expert,Norm / residual,Expert: AdaRMS (pre-FFN),_adarms_norm_kernel,action_expert.step01.layer13._adarms_norm_kernel.line1878,2944.0,123008.0,0.0,358400.0,713088.0,686987264.0,2490368.0,4.94,0.0,1.55,3.99,8.16,4.22,0.0
1308,action_expert,FFN up,Expert: FFN gate/up + GELU product,_matmul_small_gate,action_expert.step01.layer13._matmul_small_gate.line1887,26784.000000000004,19230720.0,1073741824.0,2883584.0,24053120.0,6263226368.0,23093248.0,83.27,34.29,34.29,20.66,8.33,7.17,17.14
1309,action_expert,FFN down,Expert: FFN down + gated residual,_matmul_small_res_gate_ffn_down,action_expert.step01.layer13._matmul_small_res_gate_ffn_down.line1904,16032.000000000002,10187392.0,536870912.0,131072.0,40642272.0,3668824064.0,13778944.0,73.93,29.27,29.27,42.23,8.33,8.85,14.63
1310,action_expert,Norm / residual,Expert: AdaRMS (pre-attention),_adarms_norm_kernel,action_expert.step01.layer14._adarms_norm_kernel.line1785,3072.0000000000005,122880.0,0.0,358400.0,710080.0,714223616.0,2605056.0,4.72,0.0,1.49,3.82,8.12,4.12,0.0
1311,action_expert,QKV,Expert: QKV projection + Gemma RoPE,_matmul_gemma_rope_qkv,action_expert.step01.layer14._matmul_gemma_rope_qkv.line1794,27008.000000000004,6085632.0,335544320.0,442368.0,12510432.0,6390298624.0,23265280.0,26.16,10.5,10.5,7.52,8.33,4.32,5.25
1312,action_expert,QK,Expert: Attention QKᵀ + scale,_matmul_abt_scale,action_expert.step01.layer14._matmul_abt_scale.line1832,6304.0,830592.0,211288064.0,412672.0,14526272.0,1432965120.0,5398528.0,15.39,29.49,29.49,38.65,33.17,11.71,14.74
1313,action_expert,Softmax,Expert: Prefix/suffix masked softmax,_softmax_prefix_suffix_mask_vector,action_expert.step01.layer14._softmax_prefix_suffix_mask_vector.line1844,5440.0,1712128.0,0.0,1913600.0,2879264.0,1273733120.0,4661248.0,36.73,0.0,7.27,9.44,8.96,8.99,0.0
1314,action_expert,PV,Expert: Attention P × V,_matmul_small,action_expert.step01.layer14._matmul_small.line1854,7840.000000000001,1662848.0,218103808.0,0.0,16232960.0,1799528448.0,6733824.0,24.69,24.24,24.24,34.4,9.43,7.23,12.12
1315,action_expert,O projection,Expert: Attention output + gated residual,_matmul_small_res_gate_oproj,action_expert.step01.layer14._matmul_small_res_gate_oproj.line1865,9632.0,5298944.0,268435456.0,131072.0,15579296.0,2219042816.0,8290304.0,63.92,24.19,24.19,26.83,8.32,6.76,12.1
1316,action_expert,Norm / residual,Expert: AdaRMS (pre-FFN),_adarms_norm_kernel,action_expert.step01.layer14._adarms_norm_kernel.line1878,3040.0,123392.0,0.0,358400.0,713600.0,706672640.0,2572288.0,4.8,0.0,1.51,3.88,8.15,4.29,0.0
1317,action_expert,FFN up,Expert: FFN gate/up + GELU product,_matmul_small_gate,action_expert.step01.layer14._matmul_small_gate.line1887,26400.0,19194240.0,1073741824.0,2883584.0,24050784.0,6170918912.0,22749184.0,84.37,34.8,34.8,20.97,8.33,7.14,17.4
1318,action_expert,FFN down,Expert: FFN down + gated residual,_matmul_small_res_gate_ffn_down,action_expert.step01.layer14._matmul_small_res_gate_ffn_down.line1904,15616.000000000002,10053888.0,536870912.0,131072.0,40624384.0,3563116544.0,13418496.0,74.93,30.13,30.13,43.41,8.33,9.03,15.07
1319,action_expert,Norm / residual,Expert: AdaRMS (pre-attention),_adarms_norm_kernel,action_expert.step01.layer15._adarms_norm_kernel.line1785,2848.0,122496.0,0.0,358400.0,712864.0,664340480.0,2408448.0,5.09,0.0,1.6,4.12,8.22,4.22,0.0
1320,action_expert,QKV,Expert: QKV projection + Gemma RoPE,_matmul_gemma_rope_qkv,action_expert.step01.layer15._matmul_gemma_rope_qkv.line1794,27008.000000000004,6157824.0,335544320.0,442368.0,12506752.0,6389673984.0,23281664.0,26.45,10.5,10.5,7.52,8.33,4.34,5.25
1321,action_expert,QK,Expert: Attention QKᵀ + scale,_matmul_abt_scale,action_expert.step01.layer15._matmul_abt_scale.line1832,6272.0,824960.0,211288064.0,412672.0,14508544.0,1425833984.0,5365760.0,15.37,29.64,29.64,38.76,32.87,11.94,14.82
1322,action_expert,Softmax,Expert: Prefix/suffix masked softmax,_softmax_prefix_suffix_mask_vector,action_expert.step01.layer15._softmax_prefix_suffix_mask_vector.line1844,5472.0,1716224.0,0.0,1913600.0,2874816.0,1279410176.0,4702208.0,36.5,0.0,7.24,9.39,8.96,8.96,0.0
1323,action_expert,PV,Expert: Attention P × V,_matmul_small,action_expert.step01.layer15._matmul_small.line1854,8000.000000000001,1659392.0,218103808.0,0.0,16234688.0,1828255744.0,6848512.0,24.23,23.86,23.86,33.87,9.44,7.08,11.93
1324,action_expert,O projection,Expert: Attention output + gated residual,_matmul_small_res_gate_oproj,action_expert.step01.layer15._matmul_small_res_gate_oproj.line1865,9440.000000000002,5207040.0,268435456.0,131072.0,15576672.0,2169749504.0,8126464.0,64.08,24.74,24.74,27.42,8.32,6.7,12.37
1325,action_expert,Norm / residual,Expert: AdaRMS (pre-FFN),_adarms_norm_kernel,action_expert.step01.layer15._adarms_norm_kernel.line1878,2848.0,122880.0,0.0,358400.0,713536.0,669216768.0,2424832.0,5.07,0.0,1.59,4.09,8.13,4.28,0.0
1326,action_expert,FFN up,Expert: FFN gate/up + GELU product,_matmul_small_gate,action_expert.step01.layer15._matmul_small_gate.line1887,26624.0,19315456.0,1073741824.0,2883584.0,24050656.0,6223593472.0,22945792.0,84.18,34.51,34.51,20.79,8.33,7.11,17.25
1327,action_expert,FFN down,Expert: FFN down + gated residual,_matmul_small_res_gate_ffn_down,action_expert.step01.layer15._matmul_small_res_gate_ffn_down.line1904,16224.000000000002,10134912.0,536870912.0,131072.0,40642880.0,3717701632.0,13975552.0,72.52,28.88,28.88,41.69,8.33,8.88,14.44
1328,action_expert,Norm / residual,Expert: AdaRMS (pre-attention),_adarms_norm_kernel,action_expert.step01.layer16._adarms_norm_kernel.line1785,2848.0,123008.0,0.0,358400.0,712768.0,661829632.0,2408448.0,5.11,0.0,1.61,4.14,8.15,4.2,0.0
1329,action_expert,QKV,Expert: QKV projection + Gemma RoPE,_matmul_gemma_rope_qkv,action_expert.step01.layer16._matmul_gemma_rope_qkv.line1794,26944.0,6140672.0,335544320.0,442368.0,12506304.0,6372052992.0,23207936.0,26.46,10.53,10.53,7.54,8.33,4.34,5.27
1330,action_expert,QK,Expert: Attention QKᵀ + scale,_matmul_abt_scale,action_expert.step01.layer16._matmul_abt_scale.line1832,6368.000000000001,827520.0,211288064.0,412672.0,14510720.0,1445974016.0,5455872.0,15.17,29.22,29.22,38.22,32.69,11.86,14.61
1331,action_expert,Softmax,Expert: Prefix/suffix masked softmax,_softmax_prefix_suffix_mask_vector,action_expert.step01.layer16._softmax_prefix_suffix_mask_vector.line1844,5568.000000000001,1723904.0,0.0,1913600.0,2876768.0,1305040896.0,4775936.0,36.1,0.0,7.09,9.21,8.98,8.97,0.0
1332,action_expert,PV,Expert: Attention P × V,_matmul_small,action_expert.step01.layer16._matmul_small.line1854,7840.000000000001,1658496.0,218103808.0,0.0,16217952.0,1785174016.0,6717440.0,24.69,24.44,24.44,34.65,9.44,7.01,12.22
1333,action_expert,O projection,Expert: Attention output + gated residual,_matmul_small_res_gate_oproj,action_expert.step01.layer16._matmul_small_res_gate_oproj.line1865,9408.0,5215616.0,268435456.0,131072.0,15579168.0,2162939904.0,8101888.0,64.38,24.82,24.82,27.51,8.32,6.82,12.41
1334,action_expert,Norm / residual,Expert: AdaRMS (pre-FFN),_adarms_norm_kernel,action_expert.step01.layer16._adarms_norm_kernel.line1878,2816.0000000000005,122880.0,0.0,358400.0,714144.0,658837504.0,2392064.0,5.14,0.0,1.62,4.17,8.16,4.33,0.0
1335,action_expert,FFN up,Expert: FFN gate/up + GELU product,_matmul_small_gate,action_expert.step01.layer16._matmul_small_gate.line1887,26688.000000000004,19271424.0,1073741824.0,2883584.0,24050496.0,6235150336.0,22978560.0,83.87,34.44,34.44,20.76,8.33,7.02,17.22
1336,action_expert,FFN down,Expert: FFN down + gated residual,_matmul_small_res_gate_ffn_down,action_expert.step01.layer16._matmul_small_res_gate_ffn_down.line1904,15520.0,10152960.0,536870912.0,131072.0,40642496.0,3547443200.0,13369344.0,75.94,30.27,30.27,43.67,8.33,8.9,15.13
1337,action_expert,Norm / residual,Expert: AdaRMS (pre-attention),_adarms_norm_kernel,action_expert.step01.layer17._adarms_norm_kernel.line1785,2848.0,123136.0,0.0,358400.0,713408.0,663691264.0,2424832.0,5.08,0.0,1.6,4.13,8.18,4.21,0.0
1338,action_expert,QKV,Expert: QKV projection + Gemma RoPE,_matmul_gemma_rope_qkv,action_expert.step01.layer17._matmul_gemma_rope_qkv.line1794,27392.0,6137984.0,335544320.0,442368.0,12506496.0,6481895424.0,23601152.0,26.01,10.35,10.35,7.41,8.33,4.33,5.18
1339,action_expert,QK,Expert: Attention QKᵀ + scale,_matmul_abt_scale,action_expert.step01.layer17._matmul_abt_scale.line1832,6240.0,828928.0,211288064.0,412672.0,14508832.0,1414174720.0,5341184.0,15.52,29.88,29.88,39.06,33.02,11.72,14.94
1340,action_expert,Softmax,Expert: Prefix/suffix masked softmax,_softmax_prefix_suffix_mask_vector,action_expert.step01.layer17._softmax_prefix_suffix_mask_vector.line1844,5344.0,1710976.0,0.0,1913600.0,2864992.0,1252186112.0,4587520.0,37.3,0.0,7.39,9.6,8.96,8.87,0.0
1341,action_expert,PV,Expert: Attention P × V,_matmul_small,action_expert.step01.layer17._matmul_small.line1854,7936.0,1673856.0,218103808.0,0.0,16220512.0,1820790784.0,6832128.0,24.5,23.96,23.96,33.98,9.45,7.08,11.98
1342,action_expert,O projection,Expert: Attention output + gated residual,_matmul_small_res_gate_oproj,action_expert.step01.layer17._matmul_small_res_gate_oproj.line1865,9472.0,5193344.0,268435456.0,131072.0,15579264.0,2176026624.0,8151040.0,63.71,24.67,24.67,27.37,8.32,6.99,12.34
1343,action_expert,Norm / residual,Expert: AdaRMS (pre-FFN),_adarms_norm_kernel,action_expert.step01.layer17._adarms_norm_kernel.line1878,2784.0000000000005,122880.0,0.0,358400.0,713280.0,655534080.0,2375680.0,5.17,0.0,1.62,4.18,8.11,4.23,0.0
1344,action_expert,FFN up,Expert: FFN gate/up + GELU product,_matmul_small_gate,action_expert.step01.layer17._matmul_small_gate.line1887,26976.0,19296512.0,1073741824.0,2883584.0,24050912.0,6306658304.0,23248896.0,83.0,34.05,34.05,20.51,8.33,7.05,17.03
1345,action_expert,FFN down,Expert: FFN down + gated residual,_matmul_small_res_gate_ffn_down,action_expert.step01.layer17._matmul_small_res_gate_ffn_down.line1904,16480.0,10136704.0,536870912.0,131072.0,40642752.0,3771748352.0,14188544.0,71.44,28.47,28.47,41.08,8.33,8.79,14.23
1346,action_expert,Norm / residual,Expert: AdaRMS (final),_adarms_norm_kernel,action_expert.step01.layer-1._adarms_norm_kernel.line1922,2912.0000000000005,122624.0,0.0,358400.0,713280.0,684879872.0,2506752.0,4.89,0.0,1.55,4.0,8.17,4.1,0.0
1347,action_expert,Action IO,Expert: Action head + Euler update,_matmul_small_bias_res,action_expert.step01.layer-1._matmul_small_bias_res.line1931,3936.0,211200.0,8388608.0,4096.0,601632.0,917864448.0,3342336.0,6.32,1.83,1.83,3.09,8.32,8.51,0.91
1348,action_expert,Action IO,Expert: Action input projection + bias,_matmul_small_bias,action_expert.step02.layer-1._matmul_small_bias.line1770,2464.0,84608.0,4194304.0,32768.0,463296.0,574793728.0,2080768.0,4.07,1.46,3.1,3.53,8.32,7.09,0.73
1349,action_expert,Norm / residual,Expert: AdaRMS (pre-attention),_adarms_norm_kernel,action_expert.step02.layer00._adarms_norm_kernel.line1785,2848.0,123136.0,0.0,358400.0,712192.0,661299200.0,2400256.0,5.13,0.0,1.61,4.14,8.18,4.25,0.0
1350,action_expert,QKV,Expert: QKV projection + Gemma RoPE,_matmul_gemma_rope_qkv,action_expert.step02.layer00._matmul_gemma_rope_qkv.line1794,27360.000000000004,6060288.0,335544320.0,442368.0,12506528.0,6470879232.0,23552000.0,25.73,10.37,10.37,7.43,8.33,4.32,5.19
1351,action_expert,QK,Expert: Attention QKᵀ + scale,_matmul_abt_scale,action_expert.step02.layer00._matmul_abt_scale.line1832,6304.0,832640.0,211288064.0,412672.0,14527040.0,1431089152.0,5406720.0,15.4,29.53,29.53,38.68,32.93,11.88,14.76
1352,action_expert,Softmax,Expert: Prefix/suffix masked softmax,_softmax_prefix_suffix_mask_vector,action_expert.step02.layer00._softmax_prefix_suffix_mask_vector.line1844,5440.0,1726336.0,0.0,1913600.0,2863136.0,1273999360.0,4653056.0,37.1,0.0,7.27,9.44,9.0,8.86,0.0
1353,action_expert,PV,Expert: Attention P × V,_matmul_small,action_expert.step02.layer00._matmul_small.line1854,8000.000000000001,1670528.0,218103808.0,0.0,16220640.0,1835210752.0,6873088.0,24.31,23.77,23.77,33.74,9.44,6.76,11.88
1354,action_expert,O projection,Expert: Attention output + gated residual,_matmul_small_res_gate_oproj,action_expert.step02.layer00._matmul_small_res_gate_oproj.line1865,9664.000000000002,5219968.0,268435456.0,131072.0,15581536.0,2225651712.0,8306688.0,62.84,24.12,24.12,26.74,8.32,6.71,12.06
1355,action_expert,Norm / residual,Expert: AdaRMS (pre-FFN),_adarms_norm_kernel,action_expert.step02.layer00._adarms_norm_kernel.line1878,2816.0000000000005,123520.0,0.0,358400.0,710400.0,655167488.0,2383872.0,5.18,0.0,1.63,4.16,8.11,4.3,0.0
1356,action_expert,FFN up,Expert: FFN gate/up + GELU product,_matmul_small_gate,action_expert.step02.layer00._matmul_small_gate.line1887,26496.0,19153024.0,1073741824.0,2883584.0,24049920.0,6183565312.0,22806528.0,83.98,34.73,34.73,20.92,8.33,7.16,17.36
1357,action_expert,FFN down,Expert: FFN down + gated residual,_matmul_small_res_gate_ffn_down,action_expert.step02.layer00._matmul_small_res_gate_ffn_down.line1904,15872.0,10138880.0,536870912.0,131072.0,40642784.0,3626721280.0,13664256.0,74.2,29.61,29.61,42.69,8.33,8.87,14.8
1358,action_expert,Norm / residual,Expert: AdaRMS (pre-attention),_adarms_norm_kernel,action_expert.step02.layer01._adarms_norm_kernel.line1785,2816.0000000000005,122624.0,0.0,358400.0,714272.0,661000192.0,2408448.0,5.09,0.0,1.61,4.15,8.13,4.03,0.0
1359,action_expert,QKV,Expert: QKV projection + Gemma RoPE,_matmul_gemma_rope_qkv,action_expert.step02.layer01._matmul_gemma_rope_qkv.line1794,26976.0,6065792.0,335544320.0,442368.0,12506432.0,6384687104.0,23248896.0,26.09,10.51,10.51,7.53,8.33,4.32,5.26
1360,action_expert,QK,Expert: Attention QKᵀ + scale,_matmul_abt_scale,action_expert.step02.layer01._matmul_abt_scale.line1832,6304.0,825472.0,211288064.0,412672.0,14507360.0,1431883776.0,5406720.0,15.27,29.51,29.51,38.59,32.88,11.96,14.76
1361,action_expert,Softmax,Expert: Prefix/suffix masked softmax,_softmax_prefix_suffix_mask_vector,action_expert.step02.layer01._softmax_prefix_suffix_mask_vector.line1844,5632.000000000001,1720192.0,0.0,1913600.0,2862048.0,1316911104.0,4816896.0,35.71,0.0,7.03,9.13,8.95,8.93,0.0
1362,action_expert,PV,Expert: Attention P × V,_matmul_small,action_expert.step02.layer01._matmul_small.line1854,8032.0,1670144.0,218103808.0,0.0,16234144.0,1839241216.0,6897664.0,24.21,23.72,23.72,33.67,9.43,6.95,11.86
1363,action_expert,O projection,Expert: Attention output + gated residual,_matmul_small_res_gate_oproj,action_expert.step02.layer01._matmul_small_res_gate_oproj.line1865,10432.000000000002,5442048.0,268435456.0,131072.0,15579712.0,2411216896.0,8994816.0,60.5,22.27,22.27,24.71,8.32,6.75,11.13
1364,action_expert,Norm / residual,Expert: AdaRMS (pre-FFN),_adarms_norm_kernel,action_expert.step02.layer01._adarms_norm_kernel.line1878,2848.0,123392.0,0.0,358400.0,714080.0,661223424.0,2408448.0,5.12,0.0,1.61,4.15,8.15,4.32,0.0
1365,action_expert,FFN up,Expert: FFN gate/up + GELU product,_matmul_small_gate,action_expert.step02.layer01._matmul_small_gate.line1887,26976.0,19269888.0,1073741824.0,2883584.0,24050592.0,6309416960.0,23257088.0,82.86,34.04,34.04,20.52,8.33,7.14,17.02
1366,action_expert,FFN down,Expert: FFN down + gated residual,_matmul_small_res_gate_ffn_down,action_expert.step02.layer01._matmul_small_res_gate_ffn_down.line1904,15552.0,10090368.0,536870912.0,131072.0,40642944.0,3554375680.0,13377536.0,75.43,30.21,30.21,43.58,8.33,8.92,15.1
1367,action_expert,Norm / residual,Expert: AdaRMS (pre-attention),_adarms_norm_kernel,action_expert.step02.layer02._adarms_norm_kernel.line1785,2848.0,125312.0,0.0,358400.0,730944.0,664373248.0,2433024.0,5.15,0.0,1.6,4.22,8.17,4.18,0.0
1368,action_expert,QKV,Expert: QKV projection + Gemma RoPE,_matmul_gemma_rope_qkv,action_expert.step02.layer02._matmul_gemma_rope_qkv.line1794,27264.000000000004,6061568.0,335544320.0,442368.0,12505024.0,6451179520.0,23478272.0,25.82,10.4,10.4,7.45,8.33,4.35,5.2
1369,action_expert,QK,Expert: Attention QKᵀ + scale,_matmul_abt_scale,action_expert.step02.layer02._matmul_abt_scale.line1832,6272.0,827776.0,211288064.0,412672.0,14511424.0,1427689472.0,5373952.0,15.4,29.6,29.6,38.74,32.95,11.7,14.8
1370,action_expert,Softmax,Expert: Prefix/suffix masked softmax,_softmax_prefix_suffix_mask_vector,action_expert.step02.layer02._softmax_prefix_suffix_mask_vector.line1844,5536.0,1715712.0,0.0,1913600.0,2876640.0,1291950080.0,4726784.0,36.3,0.0,7.17,9.31,8.91,9.14,0.0
1371,action_expert,PV,Expert: Attention P × V,_matmul_small,action_expert.step02.layer02._matmul_small.line1854,7904.000000000001,1672448.0,218103808.0,0.0,16197408.0,1810206720.0,6799360.0,24.6,24.1,24.1,34.12,9.44,6.95,12.05
1372,action_expert,O projection,Expert: Attention output + gated residual,_matmul_small_res_gate_oproj,action_expert.step02.layer02._matmul_small_res_gate_oproj.line1865,10048.000000000002,5333248.0,268435456.0,131072.0,15577472.0,2314960896.0,8642560.0,61.71,23.19,23.19,25.73,8.32,6.78,11.6
1373,action_expert,Norm / residual,Expert: AdaRMS (pre-FFN),_adarms_norm_kernel,action_expert.step02.layer02._adarms_norm_kernel.line1878,2848.0,122752.0,0.0,358400.0,714176.0,659884032.0,2383872.0,5.15,0.0,1.61,4.16,8.16,4.25,0.0
1374,action_expert,FFN up,Expert: FFN gate/up + GELU product,_matmul_small_gate,action_expert.step02.layer02._matmul_small_gate.line1887,26464.000000000004,19150080.0,1073741824.0,2883584.0,24052160.0,6185564160.0,22822912.0,83.91,34.72,34.72,20.91,8.33,7.06,17.36
1375,action_expert,FFN down,Expert: FFN down + gated residual,_matmul_small_res_gate_ffn_down,action_expert.step02.layer02._matmul_small_res_gate_ffn_down.line1904,15712.000000000002,10151552.0,536870912.0,131072.0,40643936.0,3592314880.0,13524992.0,75.06,29.89,29.89,43.11,8.33,8.92,14.94
1376,action_expert,Norm / residual,Expert: AdaRMS (pre-attention),_adarms_norm_kernel,action_expert.step02.layer03._adarms_norm_kernel.line1785,2880.0000000000005,123136.0,0.0,358400.0,714048.0,670537728.0,2441216.0,5.04,0.0,1.59,4.09,8.13,4.11,0.0
1377,action_expert,QKV,Expert: QKV projection + Gemma RoPE,_matmul_gemma_rope_qkv,action_expert.step02.layer03._matmul_gemma_rope_qkv.line1794,26816.000000000004,6070272.0,335544320.0,442368.0,12506400.0,6341138432.0,23085056.0,26.3,10.58,10.58,7.58,8.33,4.26,5.29
1378,action_expert,QK,Expert: Attention QKᵀ + scale,_matmul_abt_scale,action_expert.step02.layer03._matmul_abt_scale.line1832,6400.000000000001,826752.0,211288064.0,412672.0,14511136.0,1452849152.0,5464064.0,15.13,29.09,29.09,38.05,33.01,11.88,14.54
1379,action_expert,Softmax,Expert: Prefix/suffix masked softmax,_softmax_prefix_suffix_mask_vector,action_expert.step02.layer03._softmax_prefix_suffix_mask_vector.line1844,5408.000000000001,1716736.0,0.0,1913600.0,2878880.0,1259659264.0,4612096.0,37.22,0.0,7.35,9.54,8.96,8.82,0.0
1380,action_expert,PV,Expert: Attention P × V,_matmul_small,action_expert.step02.layer03._matmul_small.line1854,7968.000000000001,1670016.0,218103808.0,0.0,16235168.0,1828759552.0,6856704.0,24.36,23.85,23.85,33.87,9.46,7.04,11.93
1381,action_expert,O projection,Expert: Attention output + gated residual,_matmul_small_res_gate_oproj,action_expert.step02.layer03._matmul_small_res_gate_oproj.line1865,9568.0,5166848.0,268435456.0,131072.0,15579808.0,2204829696.0,8224768.0,62.82,24.35,24.35,27.02,8.32,6.89,12.17
1382,action_expert,Norm / residual,Expert: AdaRMS (pre-FFN),_adarms_norm_kernel,action_expert.step02.layer03._adarms_norm_kernel.line1878,3008.0000000000005,123392.0,0.0,358400.0,724448.0,706066432.0,2572288.0,4.8,0.0,1.51,3.94,8.2,3.96,0.0
1383,action_expert,FFN up,Expert: FFN gate/up + GELU product,_matmul_small_gate,action_expert.step02.layer03._matmul_small_gate.line1887,26880.0,19271424.0,1073741824.0,2883584.0,24054400.0,6281000960.0,23150592.0,83.24,34.19,34.19,20.62,8.33,7.07,17.1
1384,action_expert,FFN down,Expert: FFN down + gated residual,_matmul_small_res_gate_ffn_down,action_expert.step02.layer03._matmul_small_res_gate_ffn_down.line1904,15520.0,10058880.0,536870912.0,131072.0,40642560.0,3544633344.0,13352960.0,75.33,30.29,30.29,43.68,8.33,9.03,15.15
1385,action_expert,Norm / residual,Expert: AdaRMS (pre-attention),_adarms_norm_kernel,action_expert.step02.layer04._adarms_norm_kernel.line1785,2880.0000000000005,123136.0,0.0,358400.0,713504.0,672081920.0,2449408.0,5.03,0.0,1.58,4.08,8.13,4.19,0.0
1386,action_expert,QKV,Expert: QKV projection + Gemma RoPE,_matmul_gemma_rope_qkv,action_expert.step02.layer04._matmul_gemma_rope_qkv.line1794,27072.0,6151552.0,335544320.0,442368.0,12506816.0,6400122880.0,23314432.0,26.39,10.49,10.49,7.51,8.33,4.31,5.24
1387,action_expert,QK,Expert: Attention QKᵀ + scale,_matmul_abt_scale,action_expert.step02.layer04._matmul_abt_scale.line1832,6272.0,826624.0,211288064.0,412672.0,14512096.0,1428426752.0,5373952.0,15.38,29.58,29.58,38.71,32.92,11.78,14.79
1388,action_expert,Softmax,Expert: Prefix/suffix masked softmax,_softmax_prefix_suffix_mask_vector,action_expert.step02.layer04._softmax_prefix_suffix_mask_vector.line1844,5536.0,1713536.0,0.0,1913600.0,2878464.0,1291694080.0,4718592.0,36.31,0.0,7.17,9.31,8.97,9.02,0.0
1389,action_expert,PV,Expert: Attention P × V,_matmul_small,action_expert.step02.layer04._matmul_small.line1854,8064.000000000001,1683712.0,218103808.0,0.0,16218496.0,1846534144.0,6930432.0,24.29,23.62,23.62,33.49,9.44,6.96,11.81
1390,action_expert,O projection,Expert: Attention output + gated residual,_matmul_small_res_gate_oproj,action_expert.step02.layer04._matmul_small_res_gate_oproj.line1865,9408.0,5234944.0,268435456.0,131072.0,15578528.0,2162884608.0,8093696.0,64.68,24.82,24.82,27.51,8.32,6.88,12.41
1391,action_expert,Norm / residual,Expert: AdaRMS (pre-FFN),_adarms_norm_kernel,action_expert.step02.layer04._adarms_norm_kernel.line1878,2912.0000000000005,123264.0,0.0,358400.0,714112.0,679131136.0,2465792.0,5.0,0.0,1.57,4.04,8.16,4.24,0.0
1392,action_expert,FFN up,Expert: FFN gate/up + GELU product,_matmul_small_gate,action_expert.step02.layer04._matmul_small_gate.line1887,26816.000000000004,19303040.0,1073741824.0,2883584.0,24050080.0,6269331456.0,23101440.0,83.56,34.25,34.25,20.65,8.33,7.09,17.13
1393,action_expert,FFN down,Expert: FFN down + gated residual,_matmul_small_res_gate_ffn_down,action_expert.step02.layer04._matmul_small_res_gate_ffn_down.line1904,16128.000000000002,10196736.0,536870912.0,131072.0,40641376.0,3692058624.0,13877248.0,73.48,29.08,29.08,41.96,8.33,8.95,14.54
1394,action_expert,Norm / residual,Expert: AdaRMS (pre-attention),_adarms_norm_kernel,action_expert.step02.layer05._adarms_norm_kernel.line1785,3008.0000000000005,123136.0,0.0,358400.0,725888.0,710928384.0,2596864.0,4.74,0.0,1.5,3.92,8.08,3.84,0.0
1395,action_expert,QKV,Expert: QKV projection + Gemma RoPE,_matmul_gemma_rope_qkv,action_expert.step02.layer05._matmul_gemma_rope_qkv.line1794,27328.000000000004,6158848.0,335544320.0,442368.0,12506880.0,6466957312.0,23568384.0,26.13,10.38,10.38,7.43,8.33,4.33,5.19
1396,action_expert,QK,Expert: Attention QKᵀ + scale,_matmul_abt_scale,action_expert.step02.layer05._matmul_abt_scale.line1832,6336.0,826240.0,211288064.0,412672.0,14511616.0,1436577792.0,5423104.0,15.24,29.42,29.42,38.49,32.87,11.79,14.71
1397,action_expert,Softmax,Expert: Prefix/suffix masked softmax,_softmax_prefix_suffix_mask_vector,action_expert.step02.layer05._softmax_prefix_suffix_mask_vector.line1844,5408.000000000001,1716608.0,0.0,1913600.0,2878304.0,1261692928.0,4612096.0,37.22,0.0,7.34,9.53,8.99,8.77,0.0
1398,action_expert,PV,Expert: Attention P × V,_matmul_small,action_expert.step02.layer05._matmul_small.line1854,8000.000000000001,1673856.0,218103808.0,0.0,16234176.0,1827395584.0,6864896.0,24.38,23.87,23.87,33.9,9.44,7.08,11.94
1399,action_expert,O projection,Expert: Attention output + gated residual,_matmul_small_res_gate_oproj,action_expert.step02.layer05._matmul_small_res_gate_oproj.line1865,9632.0,5175168.0,268435456.0,131072.0,15578240.0,2212638720.0,8249344.0,62.73,24.26,24.26,26.93,8.32,6.73,12.13
1400,action_expert,Norm / residual,Expert: AdaRMS (pre-FFN),_adarms_norm_kernel,action_expert.step02.layer05._adarms_norm_kernel.line1878,2944.0,122752.0,0.0,358400.0,713984.0,685907968.0,2498560.0,4.91,0.0,1.55,4.0,8.18,4.29,0.0
1401,action_expert,FFN up,Expert: FFN gate/up + GELU product,_matmul_small_gate,action_expert.step02.layer05._matmul_small_gate.line1887,26752.0,19284224.0,1073741824.0,2883584.0,24050880.0,6258286592.0,23060480.0,83.62,34.31,34.31,20.68,8.33,7.14,17.16
1402,action_expert,FFN down,Expert: FFN down + gated residual,_matmul_small_res_gate_ffn_down,action_expert.step02.layer05._matmul_small_res_gate_ffn_down.line1904,15648.0,10092672.0,536870912.0,131072.0,40644000.0,3571572736.0,13451264.0,75.03,30.06,30.06,43.35,8.33,8.9,15.03
1403,action_expert,Norm / residual,Expert: AdaRMS (pre-attention),_adarms_norm_kernel,action_expert.step02.layer06._adarms_norm_kernel.line1785,2848.0,123264.0,0.0,358400.0,713792.0,662386688.0,2408448.0,5.12,0.0,1.61,4.14,8.14,4.01,0.0
1404,action_expert,QKV,Expert: QKV projection + Gemma RoPE,_matmul_gemma_rope_qkv,action_expert.step02.layer06._matmul_gemma_rope_qkv.line1794,27488.0,6023424.0,335544320.0,442368.0,12509888.0,6511443968.0,23699456.0,25.42,10.31,10.31,7.38,8.33,4.27,5.15
1405,action_expert,QK,Expert: Attention QKᵀ + scale,_matmul_abt_scale,action_expert.step02.layer06._matmul_abt_scale.line1832,6368.000000000001,825600.0,211288064.0,412672.0,14525280.0,1446524928.0,5455872.0,15.13,29.21,29.21,38.25,32.82,11.79,14.61
1406,action_expert,Softmax,Expert: Prefix/suffix masked softmax,_softmax_prefix_suffix_mask_vector,action_expert.step02.layer06._softmax_prefix_suffix_mask_vector.line1844,5408.000000000001,1714176.0,0.0,1913600.0,2878624.0,1264852992.0,4636672.0,36.97,0.0,7.32,9.51,8.95,8.78,0.0
1407,action_expert,PV,Expert: Attention P × V,_matmul_small,action_expert.step02.layer06._matmul_small.line1854,7936.0,1654656.0,218103808.0,0.0,16234720.0,1811054592.0,6815744.0,24.28,24.09,24.09,34.21,9.45,6.95,12.04
1408,action_expert,O projection,Expert: Attention output + gated residual,_matmul_small_res_gate_oproj,action_expert.step02.layer06._matmul_small_res_gate_oproj.line1865,9920.0,5255424.0,268435456.0,131072.0,15578080.0,2278500352.0,8503296.0,61.8,23.56,23.56,26.14,8.32,6.91,11.78
1409,action_expert,Norm / residual,Expert: AdaRMS (pre-FFN),_adarms_norm_kernel,action_expert.step02.layer06._adarms_norm_kernel.line1878,2848.0,123136.0,0.0,358400.0,714080.0,660529152.0,2400256.0,5.13,0.0,1.61,4.15,8.15,4.22,0.0
1410,action_expert,FFN up,Expert: FFN gate/up + GELU product,_matmul_small_gate,action_expert.step02.layer06._matmul_small_gate.line1887,27040.000000000004,19275008.0,1073741824.0,2883584.0,24049088.0,6314498048.0,23289856.0,82.76,34.01,34.01,20.49,8.33,7.13,17.0
1411,action_expert,FFN down,Expert: FFN down + gated residual,_matmul_small_res_gate_ffn_down,action_expert.step02.layer06._matmul_small_res_gate_ffn_down.line1904,16544.0,10301312.0,536870912.0,131072.0,40642816.0,3796731904.0,14254080.0,72.27,28.28,28.28,40.84,8.33,9.02,14.14
1412,action_expert,Norm / residual,Expert: AdaRMS (pre-attention),_adarms_norm_kernel,action_expert.step02.layer07._adarms_norm_kernel.line1785,2880.0000000000005,123008.0,0.0,358400.0,706368.0,669550592.0,2449408.0,5.02,0.0,1.59,4.05,8.2,4.25,0.0
1413,action_expert,QKV,Expert: QKV projection + Gemma RoPE,_matmul_gemma_rope_qkv,action_expert.step02.layer07._matmul_gemma_rope_qkv.line1794,27040.000000000004,6115072.0,335544320.0,442368.0,12506560.0,6398951424.0,23298048.0,26.25,10.49,10.49,7.51,8.33,4.32,5.24
1414,action_expert,QK,Expert: Attention QKᵀ + scale,_matmul_abt_scale,action_expert.step02.layer07._matmul_abt_scale.line1832,6432.0,830080.0,211288064.0,412672.0,14526816.0,1468733440.0,5545984.0,14.97,28.77,28.77,37.67,32.9,11.86,14.39
1415,action_expert,Softmax,Expert: Prefix/suffix masked softmax,_softmax_prefix_suffix_mask_vector,action_expert.step02.layer07._softmax_prefix_suffix_mask_vector.line1844,5408.000000000001,1716736.0,0.0,1913600.0,2880512.0,1266458624.0,4628480.0,37.09,0.0,7.31,9.5,8.96,8.97,0.0
1416,action_expert,PV,Expert: Attention P × V,_matmul_small,action_expert.step02.layer07._matmul_small.line1854,8000.000000000001,1654912.0,218103808.0,0.0,16235584.0,1832769536.0,6881280.0,24.05,23.8,23.8,33.78,9.44,7.04,11.9
1417,action_expert,O projection,Expert: Attention output + gated residual,_matmul_small_res_gate_oproj,action_expert.step02.layer07._matmul_small_res_gate_oproj.line1865,9728.0,5193216.0,268435456.0,131072.0,15579584.0,2235252736.0,8339456.0,62.27,24.02,24.02,26.66,8.32,6.72,12.01
1418,action_expert,Norm / residual,Expert: AdaRMS (pre-FFN),_adarms_norm_kernel,action_expert.step02.layer07._adarms_norm_kernel.line1878,2976.0000000000005,123008.0,0.0,358400.0,728576.0,697534464.0,2531328.0,4.86,0.0,1.53,4.01,8.21,4.27,0.0
1419,action_expert,FFN up,Expert: FFN gate/up + GELU product,_matmul_small_gate,action_expert.step02.layer07._matmul_small_gate.line1887,26688.000000000004,19194368.0,1073741824.0,2883584.0,24052160.0,6234955776.0,23003136.0,83.44,34.44,34.44,20.76,8.33,7.13,17.22
1420,action_expert,FFN down,Expert: FFN down + gated residual,_matmul_small_res_gate_ffn_down,action_expert.step02.layer07._matmul_small_res_gate_ffn_down.line1904,15744.0,10071808.0,536870912.0,131072.0,40642496.0,3603003392.0,13565952.0,74.24,29.8,29.8,42.99,8.33,8.89,14.9
1421,action_expert,Norm / residual,Expert: AdaRMS (pre-attention),_adarms_norm_kernel,action_expert.step02.layer08._adarms_norm_kernel.line1785,2848.0,123008.0,0.0,358400.0,714464.0,659079168.0,2383872.0,5.16,0.0,1.62,4.16,8.11,4.29,0.0
1422,action_expert,QKV,Expert: QKV projection + Gemma RoPE,_matmul_gemma_rope_qkv,action_expert.step02.layer08._matmul_gemma_rope_qkv.line1794,27232.000000000004,6142592.0,335544320.0,442368.0,12514720.0,6449168384.0,23478272.0,26.16,10.41,10.41,7.46,8.33,4.25,5.2
1423,action_expert,QK,Expert: Attention QKᵀ + scale,_matmul_abt_scale,action_expert.step02.layer08._matmul_abt_scale.line1832,6304.0,825984.0,211288064.0,412672.0,14511328.0,1430556672.0,5406720.0,15.28,29.54,29.54,38.65,32.96,11.88,14.77
1424,action_expert,Softmax,Expert: Prefix/suffix masked softmax,_softmax_prefix_suffix_mask_vector,action_expert.step02.layer08._softmax_prefix_suffix_mask_vector.line1844,5504.0,1714176.0,0.0,1913600.0,2879392.0,1290500096.0,4718592.0,36.33,0.0,7.17,9.32,8.99,8.74,0.0
1425,action_expert,PV,Expert: Attention P × V,_matmul_small,action_expert.step02.layer08._matmul_small.line1854,8032.0,1663104.0,218103808.0,0.0,16218624.0,1839546368.0,6914048.0,24.05,23.71,23.71,33.64,9.44,7.09,11.86
1426,action_expert,O projection,Expert: Attention output + gated residual,_matmul_small_res_gate_oproj,action_expert.step02.layer08._matmul_small_res_gate_oproj.line1865,10272.000000000002,5391104.0,268435456.0,131072.0,15579872.0,2364280832.0,8830976.0,61.05,22.71,22.71,25.18,8.32,6.85,11.35
1427,action_expert,Norm / residual,Expert: AdaRMS (pre-FFN),_adarms_norm_kernel,action_expert.step02.layer08._adarms_norm_kernel.line1878,2880.0000000000005,122880.0,0.0,358400.0,714816.0,665595904.0,2424832.0,5.07,0.0,1.6,4.13,8.14,4.04,0.0
1428,action_expert,FFN up,Expert: FFN gate/up + GELU product,_matmul_small_gate,action_expert.step02.layer08._matmul_small_gate.line1887,26624.0,19222784.0,1073741824.0,2883584.0,24051328.0,6221647872.0,22937600.0,83.8,34.52,34.52,20.8,8.33,7.16,17.26
1429,action_expert,FFN down,Expert: FFN down + gated residual,_matmul_small_res_gate_ffn_down,action_expert.step02.layer08._matmul_small_res_gate_ffn_down.line1904,15808.000000000002,10140416.0,536870912.0,131072.0,40641760.0,3609354240.0,13606912.0,74.52,29.75,29.75,42.91,8.33,8.86,14.87
1430,action_expert,Norm / residual,Expert: AdaRMS (pre-attention),_adarms_norm_kernel,action_expert.step02.layer09._adarms_norm_kernel.line1785,2848.0,123392.0,0.0,358400.0,714528.0,664688640.0,2416640.0,5.11,0.0,1.6,4.13,8.12,4.24,0.0
1431,action_expert,QKV,Expert: QKV projection + Gemma RoPE,_matmul_gemma_rope_qkv,action_expert.step02.layer09._matmul_gemma_rope_qkv.line1794,27520.0,6035840.0,335544320.0,442368.0,12506432.0,6512703488.0,23732224.0,25.43,10.3,10.3,7.38,8.33,4.31,5.15
1432,action_expert,QK,Expert: Attention QKᵀ + scale,_matmul_abt_scale,action_expert.step02.layer09._matmul_abt_scale.line1832,6336.0,827264.0,211288064.0,412672.0,14507904.0,1443686400.0,5439488.0,15.21,29.27,29.27,38.26,33.07,11.84,14.64
1433,action_expert,Softmax,Expert: Prefix/suffix masked softmax,_softmax_prefix_suffix_mask_vector,action_expert.step02.layer09._softmax_prefix_suffix_mask_vector.line1844,5408.000000000001,1715584.0,0.0,1913600.0,2878496.0,1263347712.0,4620288.0,37.13,0.0,7.33,9.52,8.99,9.03,0.0
1434,action_expert,PV,Expert: Attention P × V,_matmul_small,action_expert.step02.layer09._matmul_small.line1854,8256.0,1674240.0,218103808.0,0.0,16236160.0,1890928640.0,7086080.0,23.63,23.07,23.07,32.76,9.44,7.05,11.53
1435,action_expert,O projection,Expert: Attention output + gated residual,_matmul_small_res_gate_oproj,action_expert.step02.layer09._matmul_small_res_gate_oproj.line1865,10272.000000000002,5239296.0,268435456.0,131072.0,15580256.0,2366265344.0,8814592.0,59.44,22.69,22.69,25.15,8.32,6.79,11.34
1436,action_expert,Norm / residual,Expert: AdaRMS (pre-FFN),_adarms_norm_kernel,action_expert.step02.layer09._adarms_norm_kernel.line1878,2816.0000000000005,123392.0,0.0,358400.0,713952.0,649809920.0,2367488.0,5.21,0.0,1.64,4.22,8.11,4.2,0.0
1437,action_expert,FFN up,Expert: FFN gate/up + GELU product,_matmul_small_gate,action_expert.step02.layer09._matmul_small_gate.line1887,26848.0,19336064.0,1073741824.0,2883584.0,24051200.0,6275842048.0,23134208.0,83.58,34.22,34.22,20.62,8.33,7.03,17.11
1438,action_expert,FFN down,Expert: FFN down + gated residual,_matmul_small_res_gate_ffn_down,action_expert.step02.layer09._matmul_small_res_gate_ffn_down.line1904,15648.0,10066176.0,536870912.0,131072.0,40642368.0,3572111360.0,13451264.0,74.83,30.06,30.06,43.33,8.33,8.83,15.03
1439,action_expert,Norm / residual,Expert: AdaRMS (pre-attention),_adarms_norm_kernel,action_expert.step02.layer10._adarms_norm_kernel.line1785,2848.0,122624.0,0.0,358400.0,713504.0,657893376.0,2383872.0,5.14,0.0,1.62,4.17,8.11,4.28,0.0
1440,action_expert,QKV,Expert: QKV projection + Gemma RoPE,_matmul_gemma_rope_qkv,action_expert.step02.layer10._matmul_gemma_rope_qkv.line1794,27296.0,6033152.0,335544320.0,442368.0,12506688.0,6461040640.0,23535616.0,25.63,10.39,10.39,7.44,8.33,4.29,5.19
1441,action_expert,QK,Expert: Attention QKᵀ + scale,_matmul_abt_scale,action_expert.step02.layer10._matmul_abt_scale.line1832,6208.000000000001,828416.0,211288064.0,412672.0,14511328.0,1409843200.0,5332992.0,15.53,29.97,29.97,39.2,32.86,11.82,14.99
1442,action_expert,Softmax,Expert: Prefix/suffix masked softmax,_softmax_prefix_suffix_mask_vector,action_expert.step02.layer10._softmax_prefix_suffix_mask_vector.line1844,5536.0,1708544.0,0.0,1913600.0,2879648.0,1299728384.0,4751360.0,35.96,0.0,7.12,9.25,8.95,9.12,0.0
1443,action_expert,PV,Expert: Attention P × V,_matmul_small,action_expert.step02.layer10._matmul_small.line1854,7968.000000000001,1667200.0,218103808.0,0.0,16219360.0,1825783808.0,6864896.0,24.29,23.89,23.89,33.9,9.44,6.84,11.95
1444,action_expert,O projection,Expert: Attention output + gated residual,_matmul_small_res_gate_oproj,action_expert.step02.layer10._matmul_small_res_gate_oproj.line1865,9408.0,5251456.0,268435456.0,131072.0,15579584.0,2158786560.0,8093696.0,64.88,24.87,24.87,27.59,8.32,6.9,12.43
1445,action_expert,Norm / residual,Expert: AdaRMS (pre-FFN),_adarms_norm_kernel,action_expert.step02.layer10._adarms_norm_kernel.line1878,2816.0000000000005,123136.0,0.0,358400.0,713376.0,654950400.0,2392064.0,5.15,0.0,1.63,4.18,8.12,4.36,0.0
1446,action_expert,FFN up,Expert: FFN gate/up + GELU product,_matmul_small_gate,action_expert.step02.layer10._matmul_small_gate.line1887,26752.0,19181056.0,1073741824.0,2883584.0,24050560.0,6257166336.0,23052288.0,83.21,34.32,34.32,20.68,8.33,7.17,17.16
1447,action_expert,FFN down,Expert: FFN down + gated residual,_matmul_small_res_gate_ffn_down,action_expert.step02.layer10._matmul_small_res_gate_ffn_down.line1904,15840.0,10164352.0,536870912.0,131072.0,40644192.0,3623880704.0,13647872.0,74.48,29.63,29.63,42.77,8.33,8.83,14.81
1448,action_expert,Norm / residual,Expert: AdaRMS (pre-attention),_adarms_norm_kernel,action_expert.step02.layer11._adarms_norm_kernel.line1785,2848.0,123264.0,0.0,358400.0,714048.0,663345152.0,2408448.0,5.12,0.0,1.61,4.13,8.12,4.0,0.0
1449,action_expert,QKV,Expert: QKV projection + Gemma RoPE,_matmul_gemma_rope_qkv,action_expert.step02.layer11._matmul_gemma_rope_qkv.line1794,27456.000000000004,6090880.0,335544320.0,442368.0,12506752.0,6499297280.0,23674880.0,25.73,10.33,10.33,7.39,8.33,4.25,5.16
1450,action_expert,QK,Expert: Attention QKᵀ + scale,_matmul_abt_scale,action_expert.step02.layer11._matmul_abt_scale.line1832,6272.0,830080.0,211288064.0,412672.0,14516736.0,1421088768.0,5357568.0,15.49,29.74,29.74,38.92,32.94,11.83,14.87
1451,action_expert,Softmax,Expert: Prefix/suffix masked softmax,_softmax_prefix_suffix_mask_vector,action_expert.step02.layer11._softmax_prefix_suffix_mask_vector.line1844,5536.0,1715712.0,0.0,1913600.0,2877568.0,1297397760.0,4751360.0,36.11,0.0,7.14,9.26,8.97,8.75,0.0
1452,action_expert,PV,Expert: Attention P × V,_matmul_small,action_expert.step02.layer11._matmul_small.line1854,8000.000000000001,1658752.0,218103808.0,0.0,16236384.0,1835786240.0,6881280.0,24.11,23.76,23.76,33.74,9.46,6.99,11.88
1453,action_expert,O projection,Expert: Attention output + gated residual,_matmul_small_res_gate_oproj,action_expert.step02.layer11._matmul_small_res_gate_oproj.line1865,9504.0,5134336.0,268435456.0,131072.0,15578720.0,2184357888.0,8167424.0,62.86,24.58,24.58,27.24,8.32,6.85,12.29
1454,action_expert,Norm / residual,Expert: AdaRMS (pre-FFN),_adarms_norm_kernel,action_expert.step02.layer11._adarms_norm_kernel.line1878,2880.0000000000005,123136.0,0.0,358400.0,714336.0,674801664.0,2449408.0,5.03,0.0,1.58,4.07,8.13,4.3,0.0
1455,action_expert,FFN up,Expert: FFN gate/up + GELU product,_matmul_small_gate,action_expert.step02.layer11._matmul_small_gate.line1887,26400.0,19229568.0,1073741824.0,2883584.0,24056608.0,6169235456.0,22732800.0,84.59,34.81,34.81,20.99,8.33,7.07,17.4
1456,action_expert,FFN down,Expert: FFN down + gated residual,_matmul_small_res_gate_ffn_down,action_expert.step02.layer11._matmul_small_res_gate_ffn_down.line1904,15936.000000000002,10061952.0,536870912.0,131072.0,40642560.0,3646949376.0,13729792.0,73.29,29.44,29.44,42.51,8.33,8.9,14.72
1457,action_expert,Norm / residual,Expert: AdaRMS (pre-attention),_adarms_norm_kernel,action_expert.step02.layer12._adarms_norm_kernel.line1785,3008.0000000000005,123136.0,0.0,358400.0,714080.0,698894336.0,2547712.0,4.83,0.0,1.52,3.93,8.15,4.27,0.0
1458,action_expert,QKV,Expert: QKV projection + Gemma RoPE,_matmul_gemma_rope_qkv,action_expert.step02.layer12._matmul_gemma_rope_qkv.line1794,27680.000000000004,6071808.0,335544320.0,442368.0,12506784.0,6553397248.0,23855104.0,25.45,10.24,10.24,7.33,8.33,4.25,5.12
1459,action_expert,QK,Expert: Attention QKᵀ + scale,_matmul_abt_scale,action_expert.step02.layer12._matmul_abt_scale.line1832,6272.0,825088.0,211288064.0,412672.0,14508992.0,1423099904.0,5365760.0,15.38,29.69,29.69,38.84,32.8,11.88,14.85
1460,action_expert,Softmax,Expert: Prefix/suffix masked softmax,_softmax_prefix_suffix_mask_vector,action_expert.step02.layer12._softmax_prefix_suffix_mask_vector.line1844,5408.000000000001,1713664.0,0.0,1913600.0,2876768.0,1264822272.0,4636672.0,36.96,0.0,7.32,9.5,9.0,8.98,0.0
1461,action_expert,PV,Expert: Attention P × V,_matmul_small,action_expert.step02.layer12._matmul_small.line1854,8160.0,1673472.0,218103808.0,0.0,16218688.0,1868312576.0,7012352.0,23.86,23.35,23.35,33.11,9.45,6.99,11.67
1462,action_expert,O projection,Expert: Attention output + gated residual,_matmul_small_res_gate_oproj,action_expert.step02.layer12._matmul_small_res_gate_oproj.line1865,9696.0,5224576.0,268435456.0,131072.0,15578816.0,2229200896.0,8314880.0,62.83,24.08,24.08,26.72,8.32,6.88,12.04
1463,action_expert,Norm / residual,Expert: AdaRMS (pre-FFN),_adarms_norm_kernel,action_expert.step02.layer12._adarms_norm_kernel.line1878,3072.0000000000005,122752.0,0.0,358400.0,729408.0,716054528.0,2605056.0,4.71,0.0,1.49,3.92,8.1,4.23,0.0
1464,action_expert,FFN up,Expert: FFN gate/up + GELU product,_matmul_small_gate,action_expert.step02.layer12._matmul_small_gate.line1887,26752.0,19274112.0,1073741824.0,2883584.0,24050464.0,6252077056.0,23044096.0,83.64,34.35,34.35,20.7,8.33,7.09,17.17
1465,action_expert,FFN down,Expert: FFN down + gated residual,_matmul_small_res_gate_ffn_down,action_expert.step02.layer12._matmul_small_res_gate_ffn_down.line1904,15552.0,10091008.0,536870912.0,131072.0,40642624.0,3547856896.0,13369344.0,75.48,30.26,30.26,43.63,8.33,8.94,15.13
1466,action_expert,Norm / residual,Expert: AdaRMS (pre-attention),_adarms_norm_kernel,action_expert.step02.layer13._adarms_norm_kernel.line1785,2848.0,122880.0,0.0,358400.0,713504.0,666427392.0,2416640.0,5.08,0.0,1.6,4.11,8.18,4.28,0.0
1467,action_expert,QKV,Expert: QKV projection + Gemma RoPE,_matmul_gemma_rope_qkv,action_expert.step02.layer13._matmul_gemma_rope_qkv.line1794,26976.0,6141184.0,335544320.0,442368.0,12506624.0,6386864128.0,23248896.0,26.41,10.51,10.51,7.53,8.33,4.29,5.25
1468,action_expert,QK,Expert: Attention QKᵀ + scale,_matmul_abt_scale,action_expert.step02.layer13._matmul_abt_scale.line1832,6208.000000000001,830464.0,211288064.0,412672.0,14507520.0,1414246400.0,5324800.0,15.6,29.88,29.88,39.03,32.92,11.91,14.94
1469,action_expert,Softmax,Expert: Prefix/suffix masked softmax,_softmax_prefix_suffix_mask_vector,action_expert.step02.layer13._softmax_prefix_suffix_mask_vector.line1844,5504.0,1718912.0,0.0,1913600.0,2876864.0,1290395648.0,4718592.0,36.43,0.0,7.17,9.31,8.97,8.86,0.0
1470,action_expert,PV,Expert: Attention P × V,_matmul_small,action_expert.step02.layer13._matmul_small.line1854,8096.0,1652224.0,218103808.0,0.0,16218976.0,1849991168.0,6930432.0,23.84,23.58,23.58,33.46,9.43,7.09,11.79
1471,action_expert,O projection,Expert: Attention output + gated residual,_matmul_small_res_gate_oproj,action_expert.step02.layer13._matmul_small_res_gate_oproj.line1865,10048.000000000002,5322112.0,268435456.0,131072.0,15580064.0,2313216000.0,8626176.0,61.7,23.21,23.21,25.76,8.32,6.77,11.6
1472,action_expert,Norm / residual,Expert: AdaRMS (pre-FFN),_adarms_norm_kernel,action_expert.step02.layer13._adarms_norm_kernel.line1878,2848.0,122624.0,0.0,358400.0,712928.0,664780800.0,2424832.0,5.06,0.0,1.6,4.12,8.14,4.28,0.0
1473,action_expert,FFN up,Expert: FFN gate/up + GELU product,_matmul_small_gate,action_expert.step02.layer13._matmul_small_gate.line1887,26432.0,19232896.0,1073741824.0,2883584.0,24049824.0,6180468736.0,22790144.0,84.39,34.75,34.75,20.95,8.33,7.1,17.37
1474,action_expert,FFN down,Expert: FFN down + gated residual,_matmul_small_res_gate_ffn_down,action_expert.step02.layer13._matmul_small_res_gate_ffn_down.line1904,15712.000000000002,10054912.0,536870912.0,131072.0,40641760.0,3591641088.0,13541376.0,74.25,29.9,29.9,43.14,8.33,8.99,14.95
1475,action_expert,Norm / residual,Expert: AdaRMS (pre-attention),_adarms_norm_kernel,action_expert.step02.layer14._adarms_norm_kernel.line1785,2816.0000000000005,122624.0,0.0,358400.0,714432.0,660314112.0,2408448.0,5.09,0.0,1.61,4.16,8.18,4.21,0.0
1476,action_expert,QKV,Expert: QKV projection + Gemma RoPE,_matmul_gemma_rope_qkv,action_expert.step02.layer14._matmul_gemma_rope_qkv.line1794,27072.0,6105728.0,335544320.0,442368.0,12506240.0,6404511744.0,23306240.0,26.2,10.48,10.48,7.5,8.33,4.31,5.24
1477,action_expert,QK,Expert: Attention QKᵀ + scale,_matmul_abt_scale,action_expert.step02.layer14._matmul_abt_scale.line1832,6368.000000000001,830208.0,211288064.0,412672.0,14507392.0,1447516160.0,5455872.0,15.22,29.19,29.19,38.22,33.09,11.72,14.6
1478,action_expert,Softmax,Expert: Prefix/suffix masked softmax,_softmax_prefix_suffix_mask_vector,action_expert.step02.layer14._softmax_prefix_suffix_mask_vector.line1844,5408.000000000001,1712384.0,0.0,1913600.0,2876480.0,1262815232.0,4620288.0,37.06,0.0,7.33,9.52,8.98,9.14,0.0
1479,action_expert,PV,Expert: Attention P × V,_matmul_small,action_expert.step02.layer14._matmul_small.line1854,8032.0,1645056.0,218103808.0,0.0,16236320.0,1842049024.0,6914048.0,23.79,23.68,23.68,33.62,9.43,6.8,11.84
1480,action_expert,O projection,Expert: Attention output + gated residual,_matmul_small_res_gate_oproj,action_expert.step02.layer14._matmul_small_res_gate_oproj.line1865,10144.000000000002,5414400.0,268435456.0,131072.0,15579808.0,2335399936.0,8732672.0,62.0,22.99,22.99,25.51,8.32,6.78,11.49
1481,action_expert,Norm / residual,Expert: AdaRMS (pre-FFN),_adarms_norm_kernel,action_expert.step02.layer14._adarms_norm_kernel.line1878,2912.0000000000005,123008.0,0.0,358400.0,727296.0,679770112.0,2457600.0,5.01,0.0,1.57,4.11,8.18,3.95,0.0
1482,action_expert,FFN up,Expert: FFN gate/up + GELU product,_matmul_small_gate,action_expert.step02.layer14._matmul_small_gate.line1887,26528.0,19181824.0,1073741824.0,2883584.0,24052384.0,6200377344.0,22863872.0,83.9,34.63,34.63,20.88,8.33,7.15,17.32
1483,action_expert,FFN down,Expert: FFN down + gated residual,_matmul_small_res_gate_ffn_down,action_expert.step02.layer14._matmul_small_res_gate_ffn_down.line1904,15392.000000000002,10056960.0,536870912.0,131072.0,40703904.0,3515056128.0,13230080.0,76.02,30.55,30.55,44.15,8.33,8.95,15.27
1484,action_expert,Norm / residual,Expert: AdaRMS (pre-attention),_adarms_norm_kernel,action_expert.step02.layer15._adarms_norm_kernel.line1785,2912.0000000000005,122880.0,0.0,358400.0,713888.0,672731136.0,2449408.0,5.02,0.0,1.58,4.08,8.18,4.28,0.0
1485,action_expert,QKV,Expert: QKV projection + Gemma RoPE,_matmul_gemma_rope_qkv,action_expert.step02.layer15._matmul_gemma_rope_qkv.line1794,27744.0,6098944.0,335544320.0,442368.0,12510592.0,6566877184.0,23912448.0,25.51,10.22,10.22,7.32,8.33,4.32,5.11
1486,action_expert,QK,Expert: Attention QKᵀ + scale,_matmul_abt_scale,action_expert.step02.layer15._matmul_abt_scale.line1832,6208.000000000001,824704.0,211288064.0,412672.0,14509344.0,1409183744.0,5308416.0,15.54,29.99,29.99,39.23,33.13,11.83,14.99
1487,action_expert,Softmax,Expert: Prefix/suffix masked softmax,_softmax_prefix_suffix_mask_vector,action_expert.step02.layer15._softmax_prefix_suffix_mask_vector.line1844,5504.0,1715200.0,0.0,1913600.0,2876608.0,1289420800.0,4718592.0,36.35,0.0,7.18,9.32,8.98,8.67,0.0
1488,action_expert,PV,Expert: Attention P × V,_matmul_small,action_expert.step02.layer15._matmul_small.line1854,8064.000000000001,1658112.0,218103808.0,0.0,16233184.0,1839267840.0,6889472.0,24.07,23.72,23.72,33.68,9.44,7.05,11.86
1489,action_expert,O projection,Expert: Attention output + gated residual,_matmul_small_res_gate_oproj,action_expert.step02.layer15._matmul_small_res_gate_oproj.line1865,10144.000000000002,5355392.0,268435456.0,131072.0,15580032.0,2331406336.0,8691712.0,61.61,23.03,23.03,25.54,8.32,6.9,11.51
1490,action_expert,Norm / residual,Expert: AdaRMS (pre-FFN),_adarms_norm_kernel,action_expert.step02.layer15._adarms_norm_kernel.line1878,2976.0000000000005,122880.0,0.0,358400.0,713216.0,694130688.0,2539520.0,4.84,0.0,1.53,3.95,8.18,4.14,0.0
1491,action_expert,FFN up,Expert: FFN gate/up + GELU product,_matmul_small_gate,action_expert.step02.layer15._matmul_small_gate.line1887,26528.0,19277568.0,1073741824.0,2883584.0,24049696.0,6198206464.0,22855680.0,84.34,34.65,34.65,20.88,8.33,7.08,17.32
1492,action_expert,FFN down,Expert: FFN down + gated residual,_matmul_small_res_gate_ffn_down,action_expert.step02.layer15._matmul_small_res_gate_ffn_down.line1904,15872.0,10108544.0,536870912.0,131072.0,40642208.0,3631857664.0,13664256.0,73.98,29.56,29.56,42.65,8.33,8.82,14.78
1493,action_expert,Norm / residual,Expert: AdaRMS (pre-attention),_adarms_norm_kernel,action_expert.step02.layer16._adarms_norm_kernel.line1785,2816.0000000000005,122752.0,0.0,358400.0,713120.0,656025600.0,2392064.0,5.13,0.0,1.62,4.18,8.11,3.77,0.0
1494,action_expert,QKV,Expert: QKV projection + Gemma RoPE,_matmul_gemma_rope_qkv,action_expert.step02.layer16._matmul_gemma_rope_qkv.line1794,27136.000000000004,6143616.0,335544320.0,442368.0,12506720.0,6421018624.0,23363584.0,26.3,10.45,10.45,7.48,8.33,4.34,5.23
1495,action_expert,QK,Expert: Attention QKᵀ + scale,_matmul_abt_scale,action_expert.step02.layer16._matmul_abt_scale.line1832,6272.0,829952.0,211288064.0,412672.0,14507456.0,1425709056.0,5373952.0,15.44,29.64,29.64,38.76,32.73,11.81,14.82
1496,action_expert,Softmax,Expert: Prefix/suffix masked softmax,_softmax_prefix_suffix_mask_vector,action_expert.step02.layer16._softmax_prefix_suffix_mask_vector.line1844,5472.0,1709312.0,0.0,1913600.0,2876544.0,1276012544.0,4669440.0,36.61,0.0,7.25,9.42,8.93,8.97,0.0
1497,action_expert,PV,Expert: Attention P × V,_matmul_small,action_expert.step02.layer16._matmul_small.line1854,8160.0,1658240.0,218103808.0,0.0,16233312.0,1867175936.0,7012352.0,23.65,23.36,23.36,33.21,9.43,6.98,11.68
1498,action_expert,O projection,Expert: Attention output + gated residual,_matmul_small_res_gate_oproj,action_expert.step02.layer16._matmul_small_res_gate_oproj.line1865,9984.000000000002,5456768.0,268435456.0,131072.0,15579840.0,2294704128.0,8577024.0,63.62,23.4,23.4,25.95,8.32,6.89,11.7
1499,action_expert,Norm / residual,Expert: AdaRMS (pre-FFN),_adarms_norm_kernel,action_expert.step02.layer16._adarms_norm_kernel.line1878,2848.0,122752.0,0.0,358400.0,712640.0,666333184.0,2433024.0,5.05,0.0,1.6,4.11,8.17,4.26,0.0
1500,action_expert,FFN up,Expert: FFN gate/up + GELU product,_matmul_small_gate,action_expert.step02.layer16._matmul_small_gate.line1887,26688.000000000004,19215744.0,1073741824.0,2883584.0,24049888.0,6243620864.0,23011328.0,83.51,34.39,34.39,20.74,8.33,7.07,17.2
1501,action_expert,FFN down,Expert: FFN down + gated residual,_matmul_small_res_gate_ffn_down,action_expert.step02.layer16._matmul_small_res_gate_ffn_down.line1904,15808.000000000002,10172288.0,536870912.0,131072.0,40647776.0,3608068096.0,13598720.0,74.8,29.76,29.76,42.94,8.33,8.88,14.88
1502,action_expert,Norm / residual,Expert: AdaRMS (pre-attention),_adarms_norm_kernel,action_expert.step02.layer17._adarms_norm_kernel.line1785,2848.0,123136.0,0.0,358400.0,714240.0,663105536.0,2408448.0,5.11,0.0,1.61,4.14,8.17,4.2,0.0
1503,action_expert,QKV,Expert: QKV projection + Gemma RoPE,_matmul_gemma_rope_qkv,action_expert.step02.layer17._matmul_gemma_rope_qkv.line1794,27456.000000000004,6120064.0,335544320.0,442368.0,12510720.0,6493808640.0,23650304.0,25.88,10.33,10.33,7.4,8.33,4.29,5.17
1504,action_expert,QK,Expert: Attention QKᵀ + scale,_matmul_abt_scale,action_expert.step02.layer17._matmul_abt_scale.line1832,6240.0,831616.0,211288064.0,412672.0,14509120.0,1419444224.0,5357568.0,15.52,29.77,29.77,38.92,33.12,11.84,14.89
1505,action_expert,Softmax,Expert: Prefix/suffix masked softmax,_softmax_prefix_suffix_mask_vector,action_expert.step02.layer17._softmax_prefix_suffix_mask_vector.line1844,5568.000000000001,1719424.0,0.0,1913600.0,2878720.0,1305090048.0,4767744.0,36.06,0.0,7.09,9.21,8.99,8.68,0.0
1506,action_expert,PV,Expert: Attention P × V,_matmul_small,action_expert.step02.layer17._matmul_small.line1854,8064.000000000001,1665920.0,218103808.0,0.0,16236096.0,1842735104.0,6897664.0,24.15,23.67,23.67,33.61,9.46,7.04,11.84
1507,action_expert,O projection,Expert: Attention output + gated residual,_matmul_small_res_gate_oproj,action_expert.step02.layer17._matmul_small_res_gate_oproj.line1865,9440.000000000002,5169152.0,268435456.0,131072.0,15579360.0,2173333504.0,8126464.0,63.61,24.7,24.7,27.37,8.32,6.76,12.35
1508,action_expert,Norm / residual,Expert: AdaRMS (pre-FFN),_adarms_norm_kernel,action_expert.step02.layer17._adarms_norm_kernel.line1878,2784.0000000000005,122880.0,0.0,358400.0,710464.0,652949504.0,2392064.0,5.14,0.0,1.63,4.18,8.17,4.38,0.0
1509,action_expert,FFN up,Expert: FFN gate/up + GELU product,_matmul_small_gate,action_expert.step02.layer17._matmul_small_gate.line1887,26528.0,19351040.0,1073741824.0,2883584.0,24050720.0,6204008448.0,22872064.0,84.61,34.61,34.61,20.86,8.33,7.06,17.31
1510,action_expert,FFN down,Expert: FFN down + gated residual,_matmul_small_res_gate_ffn_down,action_expert.step02.layer17._matmul_small_res_gate_ffn_down.line1904,16480.0,10374912.0,536870912.0,131072.0,40643936.0,3767943168.0,14155776.0,73.29,28.5,28.5,41.11,8.33,8.95,14.25
1511,action_expert,Norm / residual,Expert: AdaRMS (final),_adarms_norm_kernel,action_expert.step02.layer-1._adarms_norm_kernel.line1922,2880.0000000000005,123136.0,0.0,358400.0,714336.0,673792000.0,2457600.0,5.01,0.0,1.58,4.07,8.17,4.22,0.0
1512,action_expert,Action IO,Expert: Action head + Euler update,_matmul_small_bias_res,action_expert.step02.layer-1._matmul_small_bias_res.line1931,3936.0,211200.0,8388608.0,4096.0,601408.0,923600896.0,3375104.0,6.26,1.82,1.82,3.08,8.32,8.59,0.91
1513,action_expert,Action IO,Expert: Action input projection + bias,_matmul_small_bias,action_expert.step03.layer-1._matmul_small_bias.line1770,2464.0,84096.0,4194304.0,32768.0,464096.0,572530688.0,2105344.0,3.99,1.47,3.11,3.57,8.32,7.21,0.73
1514,action_expert,Norm / residual,Expert: AdaRMS (pre-attention),_adarms_norm_kernel,action_expert.step03.layer00._adarms_norm_kernel.line1785,2944.0,123008.0,0.0,358400.0,714080.0,693227520.0,2523136.0,4.88,0.0,1.54,3.96,8.17,4.14,0.0
1515,action_expert,QKV,Expert: QKV projection + Gemma RoPE,_matmul_gemma_rope_qkv,action_expert.step03.layer00._matmul_gemma_rope_qkv.line1794,27136.000000000004,6101504.0,335544320.0,442368.0,12502752.0,6417387520.0,23379968.0,26.1,10.46,10.46,7.49,8.33,4.33,5.23
1516,action_expert,QK,Expert: Attention QKᵀ + scale,_matmul_abt_scale,action_expert.step03.layer00._matmul_abt_scale.line1832,6304.0,833664.0,211288064.0,412672.0,14507264.0,1433141248.0,5406720.0,15.42,29.49,29.49,38.57,32.91,11.98,14.74
1517,action_expert,Softmax,Expert: Prefix/suffix masked softmax,_softmax_prefix_suffix_mask_vector,action_expert.step03.layer00._softmax_prefix_suffix_mask_vector.line1844,5504.0,1713792.0,0.0,1913600.0,2879616.0,1290405888.0,4718592.0,36.32,0.0,7.17,9.31,8.99,8.8,0.0
1518,action_expert,PV,Expert: Attention P × V,_matmul_small,action_expert.step03.layer00._matmul_small.line1854,8000.000000000001,1662208.0,218103808.0,0.0,16233856.0,1832601600.0,6864896.0,24.21,23.8,23.8,33.81,9.45,7.1,11.9
1519,action_expert,O projection,Expert: Attention output + gated residual,_matmul_small_res_gate_oproj,action_expert.step03.layer00._matmul_small_res_gate_oproj.line1865,10048.000000000002,5260544.0,268435456.0,131072.0,15578976.0,2310340608.0,8601600.0,61.16,23.24,23.24,25.78,8.32,6.78,11.62
1520,action_expert,Norm / residual,Expert: AdaRMS (pre-FFN),_adarms_norm_kernel,action_expert.step03.layer00._adarms_norm_kernel.line1878,2880.0000000000005,123392.0,0.0,358400.0,714048.0,670685184.0,2441216.0,5.05,0.0,1.59,4.09,8.14,4.33,0.0
1521,action_expert,FFN up,Expert: FFN gate/up + GELU product,_matmul_small_gate,action_expert.step03.layer00._matmul_small_gate.line1887,26624.0,19280896.0,1073741824.0,2883584.0,24050784.0,6222200832.0,22945792.0,84.03,34.51,34.51,20.8,8.33,7.16,17.26
1522,action_expert,FFN down,Expert: FFN down + gated residual,_matmul_small_res_gate_ffn_down,action_expert.step03.layer00._matmul_small_res_gate_ffn_down.line1904,15712.000000000002,10149248.0,536870912.0,131072.0,40642720.0,3593697280.0,13533184.0,75.0,29.88,29.88,43.11,8.33,8.91,14.94
1523,action_expert,Norm / residual,Expert: AdaRMS (pre-attention),_adarms_norm_kernel,action_expert.step03.layer01._adarms_norm_kernel.line1785,3040.0,123008.0,0.0,358400.0,709344.0,713234432.0,2588672.0,4.75,0.0,1.49,3.82,8.14,3.86,0.0
1524,action_expert,QKV,Expert: QKV projection + Gemma RoPE,_matmul_gemma_rope_qkv,action_expert.step03.layer01._matmul_gemma_rope_qkv.line1794,27200.0,6053760.0,335544320.0,442368.0,12511904.0,6433357824.0,23429120.0,25.84,10.43,10.43,7.47,8.33,4.33,5.22
1525,action_expert,QK,Expert: Attention QKᵀ + scale,_matmul_abt_scale,action_expert.step03.layer01._matmul_abt_scale.line1832,6208.000000000001,827904.0,211288064.0,412672.0,14508992.0,1409157120.0,5332992.0,15.52,29.99,29.99,39.21,33.04,11.9,14.99
1526,action_expert,Softmax,Expert: Prefix/suffix masked softmax,_softmax_prefix_suffix_mask_vector,action_expert.step03.layer01._softmax_prefix_suffix_mask_vector.line1844,5376.000000000001,1714176.0,0.0,1913600.0,2861920.0,1256097792.0,4579328.0,37.43,0.0,7.37,9.57,8.94,8.82,0.0
1527,action_expert,PV,Expert: Attention P × V,_matmul_small,action_expert.step03.layer01._matmul_small.line1854,8192.0,1663360.0,218103808.0,0.0,16236320.0,1877063680.0,7028736.0,23.67,23.24,23.24,32.98,9.45,6.83,11.62
1528,action_expert,O projection,Expert: Attention output + gated residual,_matmul_small_res_gate_oproj,action_expert.step03.layer01._matmul_small_res_gate_oproj.line1865,10208.000000000002,5320192.0,268435456.0,131072.0,15579840.0,2354380800.0,8765440.0,60.7,22.8,22.8,25.29,8.32,6.72,11.4
1529,action_expert,Norm / residual,Expert: AdaRMS (pre-FFN),_adarms_norm_kernel,action_expert.step03.layer01._adarms_norm_kernel.line1878,2912.0000000000005,123264.0,0.0,358400.0,713184.0,682725376.0,2506752.0,4.92,0.0,1.56,4.01,8.04,4.23,0.0
1530,action_expert,FFN up,Expert: FFN gate/up + GELU product,_matmul_small_gate,action_expert.step03.layer01._matmul_small_gate.line1887,26944.0,19319296.0,1073741824.0,2883584.0,24050592.0,6301282304.0,23232512.0,83.16,34.08,34.08,20.54,8.33,7.09,17.04
1531,action_expert,FFN down,Expert: FFN down + gated residual,_matmul_small_res_gate_ffn_down,action_expert.step03.layer01._matmul_small_res_gate_ffn_down.line1904,15520.0,10077312.0,536870912.0,131072.0,40828736.0,3536934912.0,13328384.0,75.61,30.36,30.36,43.98,8.33,8.96,15.18
1532,action_expert,Norm / residual,Expert: AdaRMS (pre-attention),_adarms_norm_kernel,action_expert.step03.layer02._adarms_norm_kernel.line1785,2944.0,123008.0,0.0,358400.0,714336.0,679045120.0,2457600.0,5.01,0.0,1.57,4.04,8.22,4.01,0.0
1533,action_expert,QKV,Expert: QKV projection + Gemma RoPE,_matmul_gemma_rope_qkv,action_expert.step03.layer02._matmul_gemma_rope_qkv.line1794,27008.000000000004,6093440.0,335544320.0,442368.0,12506336.0,6392195072.0,23273472.0,26.18,10.5,10.5,7.52,8.33,4.38,5.25
1534,action_expert,QK,Expert: Attention QKᵀ + scale,_matmul_abt_scale,action_expert.step03.layer02._matmul_abt_scale.line1832,6208.000000000001,829952.0,211288064.0,412672.0,14527392.0,1405493248.0,5300224.0,15.66,30.07,30.07,39.38,32.88,11.9,15.03
1535,action_expert,Softmax,Expert: Prefix/suffix masked softmax,_softmax_prefix_suffix_mask_vector,action_expert.step03.layer02._softmax_prefix_suffix_mask_vector.line1844,5504.0,1715200.0,0.0,1913600.0,2876992.0,1284812800.0,4702208.0,36.48,0.0,7.2,9.36,8.96,8.69,0.0
1536,action_expert,PV,Expert: Attention P × V,_matmul_small,action_expert.step03.layer02._matmul_small.line1854,7840.000000000001,1671168.0,218103808.0,0.0,16236288.0,1796253696.0,6742016.0,24.79,24.28,24.28,34.45,9.44,7.04,12.14
1537,action_expert,O projection,Expert: Attention output + gated residual,_matmul_small_res_gate_oproj,action_expert.step03.layer02._matmul_small_res_gate_oproj.line1865,9504.0,5185664.0,268435456.0,131072.0,15579776.0,2183032832.0,8159232.0,63.56,24.59,24.59,27.27,8.32,6.67,12.3
1538,action_expert,Norm / residual,Expert: AdaRMS (pre-FFN),_adarms_norm_kernel,action_expert.step03.layer02._adarms_norm_kernel.line1878,3040.0,123520.0,0.0,358400.0,710432.0,703772672.0,2555904.0,4.83,0.0,1.51,3.88,8.14,4.04,0.0
1539,action_expert,FFN up,Expert: FFN gate/up + GELU product,_matmul_small_gate,action_expert.step03.layer02._matmul_small_gate.line1887,27136.000000000004,19347584.0,1073741824.0,2883584.0,24050592.0,6343036928.0,23379968.0,82.75,33.86,33.86,20.4,8.33,7.09,16.93
1540,action_expert,FFN down,Expert: FFN down + gated residual,_matmul_small_res_gate_ffn_down,action_expert.step03.layer02._matmul_small_res_gate_ffn_down.line1904,15488.000000000002,10082176.0,536870912.0,131072.0,40641472.0,3536404480.0,13320192.0,75.69,30.36,30.36,43.78,8.33,8.73,15.18
1541,action_expert,Norm / residual,Expert: AdaRMS (pre-attention),_adarms_norm_kernel,action_expert.step03.layer03._adarms_norm_kernel.line1785,2880.0000000000005,123136.0,0.0,358400.0,713312.0,670935040.0,2441216.0,5.04,0.0,1.59,4.08,8.15,4.23,0.0
1542,action_expert,QKV,Expert: QKV projection + Gemma RoPE,_matmul_gemma_rope_qkv,action_expert.step03.layer03._matmul_gemma_rope_qkv.line1794,27200.0,6124160.0,335544320.0,442368.0,12506496.0,6434041856.0,23429120.0,26.14,10.43,10.43,7.47,8.33,4.29,5.22
1543,action_expert,QK,Expert: Attention QKᵀ + scale,_matmul_abt_scale,action_expert.step03.layer03._matmul_abt_scale.line1832,6304.0,829312.0,211288064.0,412672.0,14507424.0,1426905088.0,5373952.0,15.43,29.61,29.61,38.7,32.88,11.74,14.81
1544,action_expert,Softmax,Expert: Prefix/suffix masked softmax,_softmax_prefix_suffix_mask_vector,action_expert.step03.layer03._softmax_prefix_suffix_mask_vector.line1844,5536.0,1711616.0,0.0,1913600.0,2880768.0,1292296192.0,4718592.0,36.27,0.0,7.16,9.3,8.94,8.74,0.0
1545,action_expert,PV,Expert: Attention P × V,_matmul_small,action_expert.step03.layer03._matmul_small.line1854,8192.0,1670656.0,218103808.0,0.0,16236416.0,1880727552.0,7061504.0,23.66,23.19,23.19,32.97,9.46,6.82,11.6
1546,action_expert,O projection,Expert: Attention output + gated residual,_matmul_small_res_gate_oproj,action_expert.step03.layer03._matmul_small_res_gate_oproj.line1865,9856.0,5250048.0,268435456.0,131072.0,15579616.0,2270738432.0,8454144.0,62.1,23.64,23.64,26.24,8.32,6.92,11.82
1547,action_expert,Norm / residual,Expert: AdaRMS (pre-FFN),_adarms_norm_kernel,action_expert.step03.layer03._adarms_norm_kernel.line1878,2816.0000000000005,123008.0,0.0,358400.0,712416.0,661323776.0,2408448.0,5.11,0.0,1.61,4.14,8.18,4.27,0.0
1548,action_expert,FFN up,Expert: FFN gate/up + GELU product,_matmul_small_gate,action_expert.step03.layer03._matmul_small_gate.line1887,26912.000000000004,19254016.0,1073741824.0,2883584.0,24051200.0,6290892800.0,23183360.0,83.05,34.14,34.14,20.58,8.33,7.16,17.07
1549,action_expert,FFN down,Expert: FFN down + gated residual,_matmul_small_res_gate_ffn_down,action_expert.step03.layer03._matmul_small_res_gate_ffn_down.line1904,15520.0,10107136.0,536870912.0,131072.0,40641984.0,3543617536.0,13361152.0,75.65,30.3,30.3,43.69,8.33,8.92,15.15
1550,action_expert,Norm / residual,Expert: AdaRMS (pre-attention),_adarms_norm_kernel,action_expert.step03.layer04._adarms_norm_kernel.line1785,2848.0,123008.0,0.0,358400.0,713184.0,665923584.0,2416640.0,5.09,0.0,1.6,4.11,8.12,3.92,0.0
1551,action_expert,QKV,Expert: QKV projection + Gemma RoPE,_matmul_gemma_rope_qkv,action_expert.step03.layer04._matmul_gemma_rope_qkv.line1794,27168.0,6116480.0,335544320.0,442368.0,12506976.0,6424948736.0,23412736.0,26.12,10.45,10.45,7.48,8.33,4.32,5.22
1552,action_expert,QK,Expert: Attention QKᵀ + scale,_matmul_abt_scale,action_expert.step03.layer04._matmul_abt_scale.line1832,6432.0,826624.0,211288064.0,412672.0,14507616.0,1457960960.0,5505024.0,15.02,28.98,28.98,37.9,32.9,11.8,14.49
1553,action_expert,Softmax,Expert: Prefix/suffix masked softmax,_softmax_prefix_suffix_mask_vector,action_expert.step03.layer04._softmax_prefix_suffix_mask_vector.line1844,5536.0,1718912.0,0.0,1913600.0,2879584.0,1292240896.0,4734976.0,36.3,0.0,7.16,9.3,8.96,8.97,0.0
1554,action_expert,PV,Expert: Attention P × V,_matmul_small,action_expert.step03.layer04._matmul_small.line1854,7968.000000000001,1665152.0,218103808.0,0.0,16218048.0,1824983040.0,6832128.0,24.37,23.9,23.9,33.91,9.45,7.19,11.95
1555,action_expert,O projection,Expert: Attention output + gated residual,_matmul_small_res_gate_oproj,action_expert.step03.layer04._matmul_small_res_gate_oproj.line1865,9600.000000000002,5207680.0,268435456.0,131072.0,15579488.0,2207866880.0,8241152.0,63.19,24.32,24.32,26.97,8.32,6.73,12.16
1556,action_expert,Norm / residual,Expert: AdaRMS (pre-FFN),_adarms_norm_kernel,action_expert.step03.layer04._adarms_norm_kernel.line1878,2848.0,123264.0,0.0,358400.0,713248.0,659603456.0,2400256.0,5.14,0.0,1.61,4.15,8.14,4.28,0.0
1557,action_expert,FFN up,Expert: FFN gate/up + GELU product,_matmul_small_gate,action_expert.step03.layer04._matmul_small_gate.line1887,27072.0,19249152.0,1073741824.0,2883584.0,24050720.0,6324701184.0,23298048.0,82.62,33.95,33.95,20.48,8.33,7.07,16.98
1558,action_expert,FFN down,Expert: FFN down + gated residual,_matmul_small_res_gate_ffn_down,action_expert.step03.layer04._matmul_small_res_gate_ffn_down.line1904,15712.000000000002,10098560.0,536870912.0,131072.0,40642016.0,3588718592.0,13508608.0,74.76,29.92,29.92,43.14,8.33,8.87,14.96
1559,action_expert,Norm / residual,Expert: AdaRMS (pre-attention),_adarms_norm_kernel,action_expert.step03.layer05._adarms_norm_kernel.line1785,3040.0,122752.0,0.0,358400.0,724576.0,712767488.0,2605056.0,4.71,0.0,1.49,3.9,8.17,3.76,0.0
1560,action_expert,QKV,Expert: QKV projection + Gemma RoPE,_matmul_gemma_rope_qkv,action_expert.step03.layer05._matmul_gemma_rope_qkv.line1794,26944.0,6151808.0,335544320.0,442368.0,12506656.0,6377353216.0,23232512.0,26.48,10.52,10.52,7.53,8.33,4.3,5.26
1561,action_expert,QK,Expert: Attention QKᵀ + scale,_matmul_abt_scale,action_expert.step03.layer05._matmul_abt_scale.line1832,6368.000000000001,828928.0,211288064.0,412672.0,14510112.0,1449484288.0,5480448.0,15.13,29.15,29.15,38.12,32.88,11.83,14.58
1562,action_expert,Softmax,Expert: Prefix/suffix masked softmax,_softmax_prefix_suffix_mask_vector,action_expert.step03.layer05._softmax_prefix_suffix_mask_vector.line1844,5440.0,1714176.0,0.0,1913600.0,2878496.0,1268180992.0,4653056.0,36.84,0.0,7.3,9.48,8.99,8.92,0.0
1563,action_expert,PV,Expert: Attention P × V,_matmul_small,action_expert.step03.layer05._matmul_small.line1854,8096.0,1675776.0,218103808.0,0.0,16234176.0,1850531840.0,6946816.0,24.12,23.57,23.57,33.48,9.45,7.04,11.79
1564,action_expert,O projection,Expert: Attention output + gated residual,_matmul_small_res_gate_oproj,action_expert.step03.layer05._matmul_small_res_gate_oproj.line1865,10048.000000000002,5244416.0,268435456.0,131072.0,15579968.0,2316072960.0,8617984.0,60.85,23.18,23.18,25.72,8.32,6.96,11.59
1565,action_expert,Norm / residual,Expert: AdaRMS (pre-FFN),_adarms_norm_kernel,action_expert.step03.layer05._adarms_norm_kernel.line1878,2816.0000000000005,123008.0,0.0,358400.0,713024.0,662130688.0,2408448.0,5.11,0.0,1.61,4.14,7.78,4.23,0.0
1566,action_expert,FFN up,Expert: FFN gate/up + GELU product,_matmul_small_gate,action_expert.step03.layer05._matmul_small_gate.line1887,26592.000000000004,19146624.0,1073741824.0,2883584.0,24050304.0,6213924864.0,22904832.0,83.59,34.56,34.56,20.82,8.33,7.06,17.28
1567,action_expert,FFN down,Expert: FFN down + gated residual,_matmul_small_res_gate_ffn_down,action_expert.step03.layer05._matmul_small_res_gate_ffn_down.line1904,16384.0,10217728.0,536870912.0,131072.0,40646720.0,3749466112.0,14090240.0,72.52,28.64,28.64,41.32,8.33,8.96,14.32
1568,action_expert,Norm / residual,Expert: AdaRMS (pre-attention),_adarms_norm_kernel,action_expert.step03.layer06._adarms_norm_kernel.line1785,2816.0000000000005,122880.0,0.0,358400.0,714048.0,654856192.0,2392064.0,5.14,0.0,1.63,4.19,8.12,4.38,0.0
1569,action_expert,QKV,Expert: QKV projection + Gemma RoPE,_matmul_gemma_rope_qkv,action_expert.step03.layer06._matmul_gemma_rope_qkv.line1794,26976.0,6123520.0,335544320.0,442368.0,12506368.0,6385459200.0,23248896.0,26.34,10.51,10.51,7.53,8.33,4.37,5.25
1570,action_expert,QK,Expert: Attention QKᵀ + scale,_matmul_abt_scale,action_expert.step03.layer06._matmul_abt_scale.line1832,6272.0,827904.0,211288064.0,412672.0,14508832.0,1422522368.0,5382144.0,15.38,29.71,29.71,38.85,32.84,11.95,14.85
1571,action_expert,Softmax,Expert: Prefix/suffix masked softmax,_softmax_prefix_suffix_mask_vector,action_expert.step03.layer06._softmax_prefix_suffix_mask_vector.line1844,5408.000000000001,1713152.0,0.0,1913600.0,2879552.0,1263263744.0,4620288.0,37.08,0.0,7.33,9.51,8.93,8.72,0.0
1572,action_expert,PV,Expert: Attention P × V,_matmul_small,action_expert.step03.layer06._matmul_small.line1854,8128.000000000001,1665408.0,218103808.0,0.0,16236320.0,1866399744.0,6995968.0,23.81,23.37,23.37,33.18,9.44,7.27,11.69
1573,action_expert,O projection,Expert: Attention output + gated residual,_matmul_small_res_gate_oproj,action_expert.step03.layer06._matmul_small_res_gate_oproj.line1865,9504.0,5163008.0,268435456.0,131072.0,15579936.0,2185469952.0,8159232.0,63.28,24.57,24.57,27.24,8.32,6.74,12.28
1574,action_expert,Norm / residual,Expert: AdaRMS (pre-FFN),_adarms_norm_kernel,action_expert.step03.layer06._adarms_norm_kernel.line1878,3040.0,123392.0,0.0,358400.0,711744.0,707997696.0,2572288.0,4.8,0.0,1.5,3.86,7.89,3.82,0.0
1575,action_expert,FFN up,Expert: FFN gate/up + GELU product,_matmul_small_gate,action_expert.step03.layer06._matmul_small_gate.line1887,26816.000000000004,19351808.0,1073741824.0,2883584.0,24050784.0,6269829120.0,23109632.0,83.74,34.25,34.25,20.65,8.33,7.03,17.13
1576,action_expert,FFN down,Expert: FFN down + gated residual,_matmul_small_res_gate_ffn_down,action_expert.step03.layer06._matmul_small_res_gate_ffn_down.line1904,15616.000000000002,10150272.0,536870912.0,131072.0,40641568.0,3562782720.0,13434880.0,75.55,30.14,30.14,43.46,8.33,8.8,15.07
1577,action_expert,Norm / residual,Expert: AdaRMS (pre-attention),_adarms_norm_kernel,action_expert.step03.layer07._adarms_norm_kernel.line1785,2848.0,123392.0,0.0,358400.0,712992.0,666589184.0,2424832.0,5.09,0.0,1.6,4.11,8.09,4.24,0.0
1578,action_expert,QKV,Expert: QKV projection + Gemma RoPE,_matmul_gemma_rope_qkv,action_expert.step03.layer07._matmul_gemma_rope_qkv.line1794,27008.000000000004,6118400.0,335544320.0,442368.0,12505984.0,6394734592.0,23281664.0,26.28,10.49,10.49,7.52,8.33,4.3,5.25
1579,action_expert,QK,Expert: Attention QKᵀ + scale,_matmul_abt_scale,action_expert.step03.layer07._matmul_abt_scale.line1832,6240.0,828416.0,211288064.0,412672.0,14510560.0,1421598720.0,5373952.0,15.42,29.73,29.73,38.86,33.0,11.83,14.86
1580,action_expert,Softmax,Expert: Prefix/suffix masked softmax,_softmax_prefix_suffix_mask_vector,action_expert.step03.layer07._softmax_prefix_suffix_mask_vector.line1844,5472.0,1716352.0,0.0,1913600.0,2879584.0,1279473664.0,4694016.0,36.56,0.0,7.23,9.4,8.97,9.07,0.0
1581,action_expert,PV,Expert: Attention P × V,_matmul_small,action_expert.step03.layer07._matmul_small.line1854,8128.000000000001,1648384.0,218103808.0,0.0,16233152.0,1863667712.0,6987776.0,23.59,23.41,23.41,33.25,9.43,6.85,11.7
1582,action_expert,O projection,Expert: Attention output + gated residual,_matmul_small_res_gate_oproj,action_expert.step03.layer07._matmul_small_res_gate_oproj.line1865,9568.0,5254144.0,268435456.0,131072.0,15579360.0,2196742144.0,8208384.0,64.01,24.44,24.44,27.1,8.32,6.78,12.22
1583,action_expert,Norm / residual,Expert: AdaRMS (pre-FFN),_adarms_norm_kernel,action_expert.step03.layer07._adarms_norm_kernel.line1878,2816.0000000000005,123008.0,0.0,358400.0,714016.0,658944000.0,2400256.0,5.12,0.0,1.62,4.17,8.22,4.23,0.0
1584,action_expert,FFN up,Expert: FFN gate/up + GELU product,_matmul_small_gate,action_expert.step03.layer07._matmul_small_gate.line1887,26784.000000000004,19243264.0,1073741824.0,2883584.0,24051264.0,6258067456.0,23085056.0,83.36,34.32,34.32,20.67,8.33,7.07,17.16
1585,action_expert,FFN down,Expert: FFN down + gated residual,_matmul_small_res_gate_ffn_down,action_expert.step03.layer07._matmul_small_res_gate_ffn_down.line1904,15616.000000000002,10111872.0,536870912.0,131072.0,40641824.0,3573417984.0,13459456.0,75.13,30.05,30.05,43.34,8.33,8.88,15.02
1586,action_expert,Norm / residual,Expert: AdaRMS (pre-attention),_adarms_norm_kernel,action_expert.step03.layer08._adarms_norm_kernel.line1785,2816.0000000000005,123392.0,0.0,358400.0,712512.0,657422336.0,2400256.0,5.14,0.0,1.62,4.16,8.11,4.34,0.0
1587,action_expert,QKV,Expert: QKV projection + Gemma RoPE,_matmul_gemma_rope_qkv,action_expert.step03.layer08._matmul_gemma_rope_qkv.line1794,27296.0,6152320.0,335544320.0,442368.0,12505440.0,6455760896.0,23527424.0,26.15,10.4,10.4,7.45,8.33,4.29,5.2
1588,action_expert,QK,Expert: Attention QKᵀ + scale,_matmul_abt_scale,action_expert.step03.layer08._matmul_abt_scale.line1832,6368.000000000001,825984.0,211288064.0,412672.0,14520672.0,1441218560.0,5423104.0,15.23,29.32,29.32,38.38,32.82,11.95,14.66
1589,action_expert,Softmax,Expert: Prefix/suffix masked softmax,_softmax_prefix_suffix_mask_vector,action_expert.step03.layer08._softmax_prefix_suffix_mask_vector.line1844,5440.0,1711488.0,0.0,1913600.0,2881504.0,1273567232.0,4653056.0,36.78,0.0,7.27,9.44,8.93,9.02,0.0
1590,action_expert,PV,Expert: Attention P × V,_matmul_small,action_expert.step03.layer08._matmul_small.line1854,8032.0,1659392.0,218103808.0,0.0,16233088.0,1837391872.0,6881280.0,24.11,23.74,23.74,33.71,9.44,6.97,11.87
1591,action_expert,O projection,Expert: Attention output + gated residual,_matmul_small_res_gate_oproj,action_expert.step03.layer08._matmul_small_res_gate_oproj.line1865,10144.000000000002,5329280.0,268435456.0,131072.0,15561792.0,2337914880.0,8724480.0,61.08,22.96,22.96,25.45,8.32,6.71,11.48
1592,action_expert,Norm / residual,Expert: AdaRMS (pre-FFN),_adarms_norm_kernel,action_expert.step03.layer08._adarms_norm_kernel.line1878,2816.0000000000005,122880.0,0.0,358400.0,730368.0,662853632.0,2408448.0,5.1,0.0,1.61,4.23,8.14,4.12,0.0
1593,action_expert,FFN up,Expert: FFN gate/up + GELU product,_matmul_small_gate,action_expert.step03.layer08._matmul_small_gate.line1887,26336.000000000004,19148800.0,1073741824.0,2883584.0,24048416.0,6151536640.0,22708224.0,84.33,34.91,34.91,21.03,8.33,7.15,17.45
1594,action_expert,FFN down,Expert: FFN down + gated residual,_matmul_small_res_gate_ffn_down,action_expert.step03.layer08._matmul_small_res_gate_ffn_down.line1904,15584.000000000002,10108544.0,536870912.0,131072.0,40643648.0,3559411712.0,13418496.0,75.33,30.17,30.17,43.53,8.33,8.96,15.08
1595,action_expert,Norm / residual,Expert: AdaRMS (pre-attention),_adarms_norm_kernel,action_expert.step03.layer09._adarms_norm_kernel.line1785,3008.0000000000005,123136.0,0.0,358400.0,723552.0,704843776.0,2555904.0,4.82,0.0,1.51,3.94,8.09,4.02,0.0
1596,action_expert,QKV,Expert: QKV projection + Gemma RoPE,_matmul_gemma_rope_qkv,action_expert.step03.layer09._matmul_gemma_rope_qkv.line1794,27040.000000000004,6143360.0,335544320.0,442368.0,12496832.0,6399090688.0,23298048.0,26.37,10.49,10.49,7.5,8.33,4.38,5.24
1597,action_expert,QK,Expert: Attention QKᵀ + scale,_matmul_abt_scale,action_expert.step03.layer09._matmul_abt_scale.line1832,6240.0,828160.0,211288064.0,412672.0,14524960.0,1420756992.0,5365760.0,15.43,29.74,29.74,38.94,33.08,11.81,14.87
1598,action_expert,Softmax,Expert: Prefix/suffix masked softmax,_softmax_prefix_suffix_mask_vector,action_expert.step03.layer09._softmax_prefix_suffix_mask_vector.line1844,5344.0,1709568.0,0.0,1913600.0,2875616.0,1245659136.0,4571136.0,37.4,0.0,7.43,9.65,8.96,8.79,0.0
1599,action_expert,PV,Expert: Attention P × V,_matmul_small,action_expert.step03.layer09._matmul_small.line1854,7968.000000000001,1661184.0,218103808.0,0.0,16231104.0,1819523072.0,6832128.0,24.31,23.97,23.97,34.02,9.45,6.96,11.99
1600,action_expert,O projection,Expert: Attention output + gated residual,_matmul_small_res_gate_oproj,action_expert.step03.layer09._matmul_small_res_gate_oproj.line1865,10144.000000000002,5237888.0,268435456.0,131072.0,15577216.0,2337382400.0,8732672.0,59.98,22.97,22.97,25.47,8.32,6.74,11.48
1601,action_expert,Norm / residual,Expert: AdaRMS (pre-FFN),_adarms_norm_kernel,action_expert.step03.layer09._adarms_norm_kernel.line1878,2912.0000000000005,123008.0,0.0,358400.0,729312.0,678668288.0,2473984.0,4.97,0.0,1.57,4.13,8.14,4.26,0.0
1602,action_expert,FFN up,Expert: FFN gate/up + GELU product,_matmul_small_gate,action_expert.step03.layer09._matmul_small_gate.line1887,26720.0,19363328.0,1073741824.0,2883584.0,24048576.0,6241738752.0,23019520.0,84.12,34.41,34.41,20.72,8.33,7.1,17.2
1603,action_expert,FFN down,Expert: FFN down + gated residual,_matmul_small_res_gate_ffn_down,action_expert.step03.layer09._matmul_small_res_gate_ffn_down.line1904,15520.0,10086912.0,536870912.0,131072.0,40640256.0,3549581312.0,13352960.0,75.54,30.25,30.25,43.61,8.33,8.9,15.12
1604,action_expert,Norm / residual,Expert: AdaRMS (pre-attention),_adarms_norm_kernel,action_expert.step03.layer10._adarms_norm_kernel.line1785,2912.0000000000005,122880.0,0.0,358400.0,730080.0,674893824.0,2449408.0,5.02,0.0,1.58,4.15,8.15,4.31,0.0
1605,action_expert,QKV,Expert: QKV projection + Gemma RoPE,_matmul_gemma_rope_qkv,action_expert.step03.layer10._matmul_gemma_rope_qkv.line1794,27232.000000000004,6037376.0,335544320.0,442368.0,12509792.0,6441830400.0,23445504.0,25.75,10.42,10.42,7.46,8.33,4.32,5.21
1606,action_expert,QK,Expert: Attention QKᵀ + scale,_matmul_abt_scale,action_expert.step03.layer10._matmul_abt_scale.line1832,6400.000000000001,827136.0,211288064.0,412672.0,14526912.0,1455554560.0,5488640.0,15.07,29.03,29.03,38.04,32.92,11.89,14.52
1607,action_expert,Softmax,Expert: Prefix/suffix masked softmax,_softmax_prefix_suffix_mask_vector,action_expert.step03.layer10._softmax_prefix_suffix_mask_vector.line1844,5536.0,1714944.0,0.0,1913600.0,2894784.0,1295572992.0,4751360.0,36.09,0.0,7.15,9.28,8.98,8.71,0.0
1608,action_expert,PV,Expert: Attention P × V,_matmul_small,action_expert.step03.layer10._matmul_small.line1854,8288.000000000002,1671808.0,218103808.0,0.0,16233664.0,1900625920.0,7102464.0,23.54,22.95,22.95,32.61,9.44,6.98,11.48
1609,action_expert,O projection,Expert: Attention output + gated residual,_matmul_small_res_gate_oproj,action_expert.step03.layer10._matmul_small_res_gate_oproj.line1865,10144.000000000002,5452928.0,268435456.0,131072.0,15579968.0,2338414592.0,8732672.0,62.44,22.96,22.96,25.47,8.32,6.94,11.48
1610,action_expert,Norm / residual,Expert: AdaRMS (pre-FFN),_adarms_norm_kernel,action_expert.step03.layer10._adarms_norm_kernel.line1878,2816.0000000000005,122624.0,0.0,358400.0,713248.0,659384320.0,2408448.0,5.09,0.0,1.62,4.15,8.17,4.21,0.0
1611,action_expert,FFN up,Expert: FFN gate/up + GELU product,_matmul_small_gate,action_expert.step03.layer10._matmul_small_gate.line1887,26656.0,19299712.0,1073741824.0,2883584.0,24049952.0,6230001664.0,22970368.0,84.02,34.47,34.47,20.76,8.33,7.12,17.24
1612,action_expert,FFN down,Expert: FFN down + gated residual,_matmul_small_res_gate_ffn_down,action_expert.step03.layer10._matmul_small_res_gate_ffn_down.line1904,16000.000000000002,10221312.0,536870912.0,131072.0,40625152.0,3660562432.0,13762560.0,74.27,29.33,29.33,42.32,8.33,8.94,14.67
1613,action_expert,Norm / residual,Expert: AdaRMS (pre-attention),_adarms_norm_kernel,action_expert.step03.layer11._adarms_norm_kernel.line1785,2912.0000000000005,122880.0,0.0,358400.0,728832.0,677957632.0,2490368.0,4.93,0.0,1.57,4.13,8.17,4.21,0.0
1614,action_expert,QKV,Expert: QKV projection + Gemma RoPE,_matmul_gemma_rope_qkv,action_expert.step03.layer11._matmul_gemma_rope_qkv.line1794,26912.000000000004,6088192.0,335544320.0,442368.0,12509504.0,6374070272.0,23199744.0,26.24,10.53,10.53,7.54,8.33,4.33,5.26
1615,action_expert,QK,Expert: Attention QKᵀ + scale,_matmul_abt_scale,action_expert.step03.layer11._matmul_abt_scale.line1832,6400.000000000001,829056.0,211288064.0,412672.0,14527296.0,1453535232.0,5488640.0,15.1,29.07,29.07,38.06,33.03,11.81,14.54
1616,action_expert,Softmax,Expert: Prefix/suffix masked softmax,_softmax_prefix_suffix_mask_vector,action_expert.step03.layer11._softmax_prefix_suffix_mask_vector.line1844,5408.000000000001,1716608.0,0.0,1913600.0,2880000.0,1262934016.0,4628480.0,37.09,0.0,7.33,9.52,8.99,9.08,0.0
1617,action_expert,PV,Expert: Attention P × V,_matmul_small,action_expert.step03.layer11._matmul_small.line1854,7968.000000000001,1663488.0,218103808.0,0.0,16215424.0,1822846976.0,6848512.0,24.29,23.93,23.93,33.91,9.45,7.04,11.97
1618,action_expert,O projection,Expert: Attention output + gated residual,_matmul_small_res_gate_oproj,action_expert.step03.layer11._matmul_small_res_gate_oproj.line1865,9984.000000000002,5402752.0,268435456.0,131072.0,15561568.0,2297053184.0,8585216.0,62.93,23.37,23.37,25.89,8.32,6.77,11.69
1619,action_expert,Norm / residual,Expert: AdaRMS (pre-FFN),_adarms_norm_kernel,action_expert.step03.layer11._adarms_norm_kernel.line1878,3072.0000000000005,122624.0,0.0,358400.0,729408.0,714014720.0,2588672.0,4.74,0.0,1.49,3.92,8.18,4.17,0.0
1620,action_expert,FFN up,Expert: FFN gate/up + GELU product,_matmul_small_gate,action_expert.step03.layer11._matmul_small_gate.line1887,26912.000000000004,19272448.0,1073741824.0,2883584.0,24046208.0,6291425280.0,23199744.0,83.07,34.13,34.13,20.58,8.33,7.19,17.07
1621,action_expert,FFN down,Expert: FFN down + gated residual,_matmul_small_res_gate_ffn_down,action_expert.step03.layer11._matmul_small_res_gate_ffn_down.line1904,16288.0,10184576.0,536870912.0,131072.0,40640704.0,3727747072.0,14008320.0,72.7,28.8,28.8,41.58,8.33,9.0,14.4
1622,action_expert,Norm / residual,Expert: AdaRMS (pre-attention),_adarms_norm_kernel,action_expert.step03.layer12._adarms_norm_kernel.line1785,3008.0000000000005,122240.0,0.0,358400.0,726528.0,698853376.0,2555904.0,4.78,0.0,1.52,3.99,8.2,4.32,0.0
1623,action_expert,QKV,Expert: QKV projection + Gemma RoPE,_matmul_gemma_rope_qkv,action_expert.step03.layer12._matmul_gemma_rope_qkv.line1794,26784.000000000004,6175616.0,335544320.0,442368.0,12509696.0,6333845504.0,23085056.0,26.75,10.6,10.6,7.59,8.33,4.34,5.3
1624,action_expert,QK,Expert: Attention QKᵀ + scale,_matmul_abt_scale,action_expert.step03.layer12._matmul_abt_scale.line1832,6336.0,824576.0,211288064.0,412672.0,14526688.0,1434320896.0,5406720.0,15.25,29.46,29.46,38.61,32.8,11.78,14.73
1625,action_expert,Softmax,Expert: Prefix/suffix masked softmax,_softmax_prefix_suffix_mask_vector,action_expert.step03.layer12._softmax_prefix_suffix_mask_vector.line1844,5632.000000000001,1720064.0,0.0,1913600.0,2894880.0,1315878912.0,4816896.0,35.71,0.0,7.03,9.13,8.97,8.98,0.0
1626,action_expert,PV,Expert: Attention P × V,_matmul_small,action_expert.step03.layer12._matmul_small.line1854,7968.000000000001,1658752.0,218103808.0,0.0,16232416.0,1820534784.0,6840320.0,24.25,23.96,23.96,34.02,9.46,7.08,11.98
1627,action_expert,O projection,Expert: Attention output + gated residual,_matmul_small_res_gate_oproj,action_expert.step03.layer12._matmul_small_res_gate_oproj.line1865,9760.000000000002,5213568.0,268435456.0,131072.0,15577952.0,2243911680.0,8388608.0,62.15,23.93,23.93,26.54,8.32,6.77,11.96
1628,action_expert,Norm / residual,Expert: AdaRMS (pre-FFN),_adarms_norm_kernel,action_expert.step03.layer12._adarms_norm_kernel.line1878,2880.0000000000005,122880.0,0.0,358400.0,730944.0,679313408.0,2473984.0,4.97,0.0,1.57,4.13,8.11,3.95,0.0
1629,action_expert,FFN up,Expert: FFN gate/up + GELU product,_matmul_small_gate,action_expert.step03.layer12._matmul_small_gate.line1887,26560.000000000004,19304832.0,1073741824.0,2883584.0,24038528.0,6207494144.0,22888448.0,84.34,34.6,34.6,20.85,8.33,7.06,17.3
1630,action_expert,FFN down,Expert: FFN down + gated residual,_matmul_small_res_gate_ffn_down,action_expert.step03.layer12._matmul_small_res_gate_ffn_down.line1904,16096.0,10170240.0,536870912.0,131072.0,40639232.0,3683278848.0,13828096.0,73.55,29.15,29.15,42.08,8.33,8.94,14.58
1631,action_expert,Norm / residual,Expert: AdaRMS (pre-attention),_adarms_norm_kernel,action_expert.step03.layer13._adarms_norm_kernel.line1785,2848.0,123136.0,0.0,358400.0,719584.0,664971264.0,2424832.0,5.08,0.0,1.6,4.16,8.14,4.2,0.0
1632,action_expert,QKV,Expert: QKV projection + Gemma RoPE,_matmul_gemma_rope_qkv,action_expert.step03.layer13._matmul_gemma_rope_qkv.line1794,27648.0,6103296.0,335544320.0,442368.0,12516384.0,6545862656.0,23830528.0,25.61,10.25,10.25,7.35,8.33,4.31,5.13
1633,action_expert,QK,Expert: Attention QKᵀ + scale,_matmul_abt_scale,action_expert.step03.layer13._matmul_abt_scale.line1832,6304.0,830464.0,211288064.0,412672.0,14524256.0,1429915648.0,5406720.0,15.36,29.55,29.55,38.68,32.87,11.78,14.78
1634,action_expert,Softmax,Expert: Prefix/suffix masked softmax,_softmax_prefix_suffix_mask_vector,action_expert.step03.layer13._softmax_prefix_suffix_mask_vector.line1844,5408.000000000001,1712000.0,0.0,1913600.0,2896928.0,1261690880.0,4612096.0,37.12,0.0,7.34,9.53,8.96,8.71,0.0
1635,action_expert,PV,Expert: Attention P × V,_matmul_small,action_expert.step03.layer13._matmul_small.line1854,8128.000000000001,1675776.0,218103808.0,0.0,16236320.0,1859430400.0,6955008.0,24.09,23.46,23.46,33.3,9.44,7.01,11.73
1636,action_expert,O projection,Expert: Attention output + gated residual,_matmul_small_res_gate_oproj,action_expert.step03.layer13._matmul_small_res_gate_oproj.line1865,9664.000000000002,5247616.0,268435456.0,131072.0,15561504.0,2225993728.0,8306688.0,63.17,24.12,24.12,26.73,8.32,6.95,12.06
1637,action_expert,Norm / residual,Expert: AdaRMS (pre-FFN),_adarms_norm_kernel,action_expert.step03.layer13._adarms_norm_kernel.line1878,2816.0000000000005,123392.0,0.0,358400.0,730656.0,659296256.0,2392064.0,5.16,0.0,1.62,4.26,8.15,4.22,0.0
1638,action_expert,FFN up,Expert: FFN gate/up + GELU product,_matmul_small_gate,action_expert.step03.layer13._matmul_small_gate.line1887,26624.0,19241600.0,1073741824.0,2883584.0,24053888.0,6223951872.0,22953984.0,83.83,34.5,34.5,20.79,8.33,7.18,17.25
1639,action_expert,FFN down,Expert: FFN down + gated residual,_matmul_small_res_gate_ffn_down,action_expert.step03.layer13._matmul_small_res_gate_ffn_down.line1904,16384.0,10215040.0,536870912.0,131072.0,40640672.0,3752581120.0,14114816.0,72.37,28.61,28.61,41.28,8.33,8.74,14.31
1640,action_expert,Norm / residual,Expert: AdaRMS (pre-attention),_adarms_norm_kernel,action_expert.step03.layer14._adarms_norm_kernel.line1785,2848.0,122880.0,0.0,358400.0,712928.0,664178688.0,2408448.0,5.1,0.0,1.6,4.12,8.16,4.1,0.0
1641,action_expert,QKV,Expert: QKV projection + Gemma RoPE,_matmul_gemma_rope_qkv,action_expert.step03.layer14._matmul_gemma_rope_qkv.line1794,27040.000000000004,6098176.0,335544320.0,442368.0,12509696.0,6402605056.0,23314432.0,26.16,10.48,10.48,7.51,8.33,4.31,5.24
1642,action_expert,QK,Expert: Attention QKᵀ + scale,_matmul_abt_scale,action_expert.step03.layer14._matmul_abt_scale.line1832,6272.0,830080.0,211288064.0,412672.0,14525728.0,1425614848.0,5390336.0,15.4,29.64,29.64,38.83,33.0,11.68,14.82
1643,action_expert,Softmax,Expert: Prefix/suffix masked softmax,_softmax_prefix_suffix_mask_vector,action_expert.step03.layer14._softmax_prefix_suffix_mask_vector.line1844,5408.000000000001,1719552.0,0.0,1913600.0,2893152.0,1263167488.0,4620288.0,37.22,0.0,7.33,9.52,8.97,8.91,0.0
1644,action_expert,PV,Expert: Attention P × V,_matmul_small,action_expert.step03.layer14._matmul_small.line1854,7936.0,1656064.0,218103808.0,0.0,16236000.0,1812178944.0,6791168.0,24.39,24.07,24.07,34.19,9.45,7.18,12.04
1645,action_expert,O projection,Expert: Attention output + gated residual,_matmul_small_res_gate_oproj,action_expert.step03.layer14._matmul_small_res_gate_oproj.line1865,9600.000000000002,5244672.0,268435456.0,131072.0,15578240.0,2209257472.0,8257536.0,63.51,24.3,24.3,26.95,8.32,6.7,12.15
1646,action_expert,Norm / residual,Expert: AdaRMS (pre-FFN),_adarms_norm_kernel,action_expert.step03.layer14._adarms_norm_kernel.line1878,2880.0000000000005,123520.0,0.0,358400.0,712576.0,669933568.0,2449408.0,5.04,0.0,1.59,4.08,8.17,4.16,0.0
1647,action_expert,FFN up,Expert: FFN gate/up + GELU product,_matmul_small_gate,action_expert.step03.layer14._matmul_small_gate.line1887,26688.000000000004,19277952.0,1073741824.0,2883584.0,24050400.0,6241869824.0,23003136.0,83.81,34.4,34.4,20.73,8.33,7.13,17.2
1648,action_expert,FFN down,Expert: FFN down + gated residual,_matmul_small_res_gate_ffn_down,action_expert.step03.layer14._matmul_small_res_gate_ffn_down.line1904,15488.000000000002,10114944.0,536870912.0,131072.0,40641696.0,3539066880.0,13328384.0,75.89,30.34,30.34,43.73,8.33,8.99,15.17
1649,action_expert,Norm / residual,Expert: AdaRMS (pre-attention),_adarms_norm_kernel,action_expert.step03.layer15._adarms_norm_kernel.line1785,2944.0,122880.0,0.0,358400.0,712352.0,681482240.0,2465792.0,4.98,0.0,1.56,4.01,8.21,4.17,0.0
1650,action_expert,QKV,Expert: QKV projection + Gemma RoPE,_matmul_gemma_rope_qkv,action_expert.step03.layer15._matmul_gemma_rope_qkv.line1794,27040.000000000004,6057216.0,335544320.0,442368.0,12505568.0,6396411904.0,23281664.0,26.02,10.49,10.49,7.51,8.33,4.32,5.25
1651,action_expert,QK,Expert: Attention QKᵀ + scale,_matmul_abt_scale,action_expert.step03.layer15._matmul_abt_scale.line1832,6272.0,823808.0,211288064.0,412672.0,14526656.0,1427384320.0,5373952.0,15.33,29.6,29.6,38.8,33.02,11.99,14.8
1652,action_expert,Softmax,Expert: Prefix/suffix masked softmax,_softmax_prefix_suffix_mask_vector,action_expert.step03.layer15._softmax_prefix_suffix_mask_vector.line1844,5536.0,1712640.0,0.0,1913600.0,2893856.0,1295970304.0,4751360.0,36.05,0.0,7.14,9.28,9.02,8.95,0.0
1653,action_expert,PV,Expert: Attention P × V,_matmul_small,action_expert.step03.layer15._matmul_small.line1854,8128.000000000001,1655680.0,218103808.0,0.0,16235488.0,1861066752.0,6979584.0,23.72,23.44,23.44,33.29,9.45,6.95,11.72
1654,action_expert,O projection,Expert: Attention output + gated residual,_matmul_small_res_gate_oproj,action_expert.step03.layer15._matmul_small_res_gate_oproj.line1865,10272.000000000002,5372032.0,268435456.0,131072.0,15580160.0,2363113472.0,8798208.0,61.06,22.72,22.72,25.2,8.32,6.92,11.36
1655,action_expert,Norm / residual,Expert: AdaRMS (pre-FFN),_adarms_norm_kernel,action_expert.step03.layer15._adarms_norm_kernel.line1878,2816.0000000000005,123008.0,0.0,358400.0,713600.0,655757312.0,2392064.0,5.14,0.0,1.62,4.18,8.22,4.15,0.0
1656,action_expert,FFN up,Expert: FFN gate/up + GELU product,_matmul_small_gate,action_expert.step03.layer15._matmul_small_gate.line1887,26848.0,19239680.0,1073741824.0,2883584.0,24051840.0,6273622016.0,23126016.0,83.19,34.23,34.23,20.63,8.33,7.15,17.12
1657,action_expert,FFN down,Expert: FFN down + gated residual,_matmul_small_res_gate_ffn_down,action_expert.step03.layer15._matmul_small_res_gate_ffn_down.line1904,15680.000000000002,10093824.0,536870912.0,131072.0,40643552.0,3585753088.0,13508608.0,74.72,29.94,29.94,43.22,8.33,8.89,14.97
1658,action_expert,Norm / residual,Expert: AdaRMS (pre-attention),_adarms_norm_kernel,action_expert.step03.layer16._adarms_norm_kernel.line1785,2816.0000000000005,122880.0,0.0,358400.0,714144.0,657588224.0,2408448.0,5.1,0.0,1.62,4.17,8.01,4.32,0.0
1659,action_expert,QKV,Expert: QKV projection + Gemma RoPE,_matmul_gemma_rope_qkv,action_expert.step03.layer16._matmul_gemma_rope_qkv.line1794,27552.000000000004,6080256.0,335544320.0,442368.0,12507904.0,6520227840.0,23740416.0,25.61,10.29,10.29,7.37,8.33,4.33,5.15
1660,action_expert,QK,Expert: Attention QKᵀ + scale,_matmul_abt_scale,action_expert.step03.layer16._matmul_abt_scale.line1832,6208.000000000001,830464.0,211288064.0,412672.0,14509984.0,1409642496.0,5316608.0,15.62,29.98,29.98,39.25,32.89,11.85,14.99
1661,action_expert,Softmax,Expert: Prefix/suffix masked softmax,_softmax_prefix_suffix_mask_vector,action_expert.step03.layer16._softmax_prefix_suffix_mask_vector.line1844,5568.000000000001,1719168.0,0.0,1913600.0,2895872.0,1296197632.0,4734976.0,36.31,0.0,7.14,9.27,8.99,8.92,0.0
1662,action_expert,PV,Expert: Attention P × V,_matmul_small,action_expert.step03.layer16._matmul_small.line1854,8288.000000000002,1651968.0,218103808.0,0.0,16233504.0,1896417280.0,7118848.0,23.21,23.0,23.0,32.69,9.45,7.05,11.5
1663,action_expert,O projection,Expert: Attention output + gated residual,_matmul_small_res_gate_oproj,action_expert.step03.layer16._matmul_small_res_gate_oproj.line1865,9600.000000000002,5212032.0,268435456.0,131072.0,15581792.0,2211622912.0,8265728.0,63.06,24.27,24.27,26.93,8.32,6.84,12.14
1664,action_expert,Norm / residual,Expert: AdaRMS (pre-FFN),_adarms_norm_kernel,action_expert.step03.layer16._adarms_norm_kernel.line1878,2976.0000000000005,122880.0,0.0,358400.0,714752.0,691126272.0,2514944.0,4.89,0.0,1.54,3.97,8.16,4.19,0.0
1665,action_expert,FFN up,Expert: FFN gate/up + GELU product,_matmul_small_gate,action_expert.step03.layer16._matmul_small_gate.line1887,26496.0,19256960.0,1073741824.0,2883584.0,24046688.0,6189725696.0,22839296.0,84.32,34.69,34.69,20.9,8.33,7.1,17.35
1666,action_expert,FFN down,Expert: FFN down + gated residual,_matmul_small_res_gate_ffn_down,action_expert.step03.layer16._matmul_small_res_gate_ffn_down.line1904,16096.0,10164992.0,536870912.0,131072.0,40640640.0,3682826240.0,13844480.0,73.42,29.16,29.16,42.08,8.33,8.73,14.58
1667,action_expert,Norm / residual,Expert: AdaRMS (pre-attention),_adarms_norm_kernel,action_expert.step03.layer17._adarms_norm_kernel.line1785,2848.0,122752.0,0.0,358400.0,726560.0,665133056.0,2408448.0,5.1,0.0,1.6,4.2,8.08,4.28,0.0
1668,action_expert,QKV,Expert: QKV projection + Gemma RoPE,_matmul_gemma_rope_qkv,action_expert.step03.layer17._matmul_gemma_rope_qkv.line1794,27072.0,6157312.0,335544320.0,442368.0,12510080.0,6404814848.0,23314432.0,26.41,10.48,10.48,7.51,8.33,4.28,5.24
1669,action_expert,QK,Expert: Attention QKᵀ + scale,_matmul_abt_scale,action_expert.step03.layer17._matmul_abt_scale.line1832,6272.0,829824.0,211288064.0,412672.0,14526176.0,1423982592.0,5365760.0,15.47,29.68,29.68,38.87,33.07,11.79,14.84
1670,action_expert,Softmax,Expert: Prefix/suffix masked softmax,_softmax_prefix_suffix_mask_vector,action_expert.step03.layer17._softmax_prefix_suffix_mask_vector.line1844,5504.0,1712896.0,0.0,1913600.0,2894816.0,1287344128.0,4694016.0,36.49,0.0,7.19,9.34,8.99,8.81,0.0
1671,action_expert,PV,Expert: Attention P × V,_matmul_small,action_expert.step03.layer17._matmul_small.line1854,8032.0,1670784.0,218103808.0,0.0,16234336.0,1841389568.0,6897664.0,24.22,23.69,23.69,33.65,9.45,7.03,11.84
1672,action_expert,O projection,Expert: Attention output + gated residual,_matmul_small_res_gate_oproj,action_expert.step03.layer17._matmul_small_res_gate_oproj.line1865,9984.000000000002,5373568.0,268435456.0,131072.0,15580000.0,2295789568.0,8560640.0,62.77,23.39,23.39,25.96,8.32,6.94,11.69
1673,action_expert,Norm / residual,Expert: AdaRMS (pre-FFN),_adarms_norm_kernel,action_expert.step03.layer17._adarms_norm_kernel.line1878,2848.0,122752.0,0.0,358400.0,714144.0,662669312.0,2408448.0,5.1,0.0,1.61,4.14,8.11,4.24,0.0
1674,action_expert,FFN up,Expert: FFN gate/up + GELU product,_matmul_small_gate,action_expert.step03.layer17._matmul_small_gate.line1887,26624.0,19313792.0,1073741824.0,2883584.0,24049920.0,6220306432.0,22921216.0,84.26,34.52,34.52,20.8,8.33,7.08,17.26
1675,action_expert,FFN down,Expert: FFN down + gated residual,_matmul_small_res_gate_ffn_down,action_expert.step03.layer17._matmul_small_res_gate_ffn_down.line1904,15424.0,10112128.0,536870912.0,131072.0,40640576.0,3522842624.0,13295616.0,76.06,30.48,30.48,43.95,8.33,8.85,15.24
1676,action_expert,Norm / residual,Expert: AdaRMS (final),_adarms_norm_kernel,action_expert.step03.layer-1._adarms_norm_kernel.line1922,2912.0000000000005,122880.0,0.0,358400.0,728992.0,679024640.0,2482176.0,4.95,0.0,1.57,4.13,8.17,4.32,0.0
1677,action_expert,Action IO,Expert: Action head + Euler update,_matmul_small_bias_res,action_expert.step03.layer-1._matmul_small_bias_res.line1931,3904.0000000000005,212608.0,8388608.0,4096.0,620448.0,919506944.0,3342336.0,6.36,1.82,1.82,3.09,8.33,8.55,0.91
1678,action_expert,Action IO,Expert: Action input projection + bias,_matmul_small_bias,action_expert.step04.layer-1._matmul_small_bias.line1770,2528.0,84352.0,4194304.0,32768.0,477792.0,587708416.0,2154496.0,3.92,1.43,3.03,3.54,8.32,7.4,0.71
1679,action_expert,Norm / residual,Expert: AdaRMS (pre-attention),_adarms_norm_kernel,action_expert.step04.layer00._adarms_norm_kernel.line1785,2848.0,122880.0,0.0,358400.0,714272.0,664143872.0,2424832.0,5.07,0.0,1.6,4.13,8.14,4.18,0.0
1680,action_expert,QKV,Expert: QKV projection + Gemma RoPE,_matmul_gemma_rope_qkv,action_expert.step04.layer00._matmul_gemma_rope_qkv.line1794,27328.000000000004,6076544.0,335544320.0,442368.0,12505312.0,6467368960.0,23543808.0,25.81,10.38,10.38,7.43,8.33,4.3,5.19
1681,action_expert,QK,Expert: Attention QKᵀ + scale,_matmul_abt_scale,action_expert.step04.layer00._matmul_abt_scale.line1832,6304.0,833664.0,211288064.0,412672.0,14526816.0,1432109056.0,5398528.0,15.44,29.51,29.51,38.65,32.92,11.59,14.75
1682,action_expert,Softmax,Expert: Prefix/suffix masked softmax,_softmax_prefix_suffix_mask_vector,action_expert.step04.layer00._softmax_prefix_suffix_mask_vector.line1844,5440.0,1712512.0,0.0,1913600.0,2878528.0,1272408064.0,4636672.0,36.93,0.0,7.28,9.44,9.01,9.07,0.0
1683,action_expert,PV,Expert: Attention P × V,_matmul_small,action_expert.step04.layer00._matmul_small.line1854,8192.0,1670272.0,218103808.0,0.0,16235232.0,1876252672.0,7020544.0,23.79,23.25,23.25,33.02,9.45,7.1,11.62
1684,action_expert,O projection,Expert: Attention output + gated residual,_matmul_small_res_gate_oproj,action_expert.step04.layer00._matmul_small_res_gate_oproj.line1865,9888.0,5242880.0,268435456.0,131072.0,15578368.0,2273634304.0,8503296.0,61.66,23.61,23.61,26.19,8.32,6.75,11.81
1685,action_expert,Norm / residual,Expert: AdaRMS (pre-FFN),_adarms_norm_kernel,action_expert.step04.layer00._adarms_norm_kernel.line1878,3008.0000000000005,123136.0,0.0,358400.0,713760.0,700266496.0,2531328.0,4.86,0.0,1.52,3.92,8.13,4.23,0.0
1686,action_expert,FFN up,Expert: FFN gate/up + GELU product,_matmul_small_gate,action_expert.step04.layer00._matmul_small_gate.line1887,26528.0,19106432.0,1073741824.0,2883584.0,24045920.0,6201798656.0,22855680.0,83.6,34.63,34.63,20.87,8.33,7.15,17.31
1687,action_expert,FFN down,Expert: FFN down + gated residual,_matmul_small_res_gate_ffn_down,action_expert.step04.layer00._matmul_small_res_gate_ffn_down.line1904,15744.0,10142976.0,536870912.0,131072.0,40640672.0,3594823680.0,13565952.0,74.77,29.87,29.87,43.07,8.33,8.9,14.93
1688,action_expert,Norm / residual,Expert: AdaRMS (pre-attention),_adarms_norm_kernel,action_expert.step04.layer01._adarms_norm_kernel.line1785,2848.0,123136.0,0.0,358400.0,708992.0,662056960.0,2408448.0,5.11,0.0,1.61,4.11,8.2,4.28,0.0
1689,action_expert,QKV,Expert: QKV projection + Gemma RoPE,_matmul_gemma_rope_qkv,action_expert.step04.layer01._matmul_gemma_rope_qkv.line1794,27296.0,6072320.0,335544320.0,442368.0,12508096.0,6458900480.0,23527424.0,25.81,10.39,10.39,7.44,8.33,4.29,5.2
1690,action_expert,QK,Expert: Attention QKᵀ + scale,_matmul_abt_scale,action_expert.step04.layer01._matmul_abt_scale.line1832,6208.000000000001,826496.0,211288064.0,412672.0,14511008.0,1405603840.0,5283840.0,15.64,30.06,30.06,39.29,32.91,11.98,15.03
1691,action_expert,Softmax,Expert: Prefix/suffix masked softmax,_softmax_prefix_suffix_mask_vector,action_expert.step04.layer01._softmax_prefix_suffix_mask_vector.line1844,5408.000000000001,1717888.0,0.0,1913600.0,2878432.0,1264156672.0,4644864.0,36.98,0.0,7.32,9.51,8.93,8.68,0.0
1692,action_expert,PV,Expert: Attention P × V,_matmul_small,action_expert.step04.layer01._matmul_small.line1854,8064.000000000001,1671296.0,218103808.0,0.0,16233920.0,1842860032.0,6922240.0,24.14,23.67,23.67,33.62,9.44,7.01,11.84
1693,action_expert,O projection,Expert: Attention output + gated residual,_matmul_small_res_gate_oproj,action_expert.step04.layer01._matmul_small_res_gate_oproj.line1865,9984.000000000002,5292032.0,268435456.0,131072.0,15580000.0,2300217344.0,8568832.0,61.76,23.34,23.34,25.9,8.32,6.78,11.67
1694,action_expert,Norm / residual,Expert: AdaRMS (pre-FFN),_adarms_norm_kernel,action_expert.step04.layer01._adarms_norm_kernel.line1878,2816.0000000000005,123008.0,0.0,358400.0,712672.0,658714624.0,2400256.0,5.12,0.0,1.62,4.15,8.16,4.32,0.0
1695,action_expert,FFN up,Expert: FFN gate/up + GELU product,_matmul_small_gate,action_expert.step04.layer01._matmul_small_gate.line1887,26624.0,19259520.0,1073741824.0,2883584.0,24056064.0,6220840960.0,22953984.0,83.9,34.52,34.52,20.8,8.33,7.06,17.26
1696,action_expert,FFN down,Expert: FFN down + gated residual,_matmul_small_res_gate_ffn_down,action_expert.step04.layer01._matmul_small_res_gate_ffn_down.line1904,16096.0,10097664.0,536870912.0,131072.0,40642240.0,3679094784.0,13860864.0,72.85,29.18,29.18,42.1,8.33,9.02,14.59
1697,action_expert,Norm / residual,Expert: AdaRMS (pre-attention),_adarms_norm_kernel,action_expert.step04.layer02._adarms_norm_kernel.line1785,2816.0000000000005,123136.0,0.0,358400.0,709344.0,658597888.0,2408448.0,5.11,0.0,1.62,4.14,8.1,4.1,0.0
1698,action_expert,QKV,Expert: QKV projection + Gemma RoPE,_matmul_gemma_rope_qkv,action_expert.step04.layer02._matmul_gemma_rope_qkv.line1794,27296.0,6063616.0,335544320.0,442368.0,12509536.0,6457399296.0,23511040.0,25.79,10.39,10.39,7.44,8.33,4.35,5.2
1699,action_expert,QK,Expert: Attention QKᵀ + scale,_matmul_abt_scale,action_expert.step04.layer02._matmul_abt_scale.line1832,6336.0,828416.0,211288064.0,412672.0,14524960.0,1432473600.0,5406720.0,15.32,29.5,29.5,38.62,32.92,11.75,14.75
1700,action_expert,Softmax,Expert: Prefix/suffix masked softmax,_softmax_prefix_suffix_mask_vector,action_expert.step04.layer02._softmax_prefix_suffix_mask_vector.line1844,5568.000000000001,1713792.0,0.0,1913600.0,2896000.0,1293410304.0,4734976.0,36.19,0.0,7.16,9.29,8.98,9.0,0.0
1701,action_expert,PV,Expert: Attention P × V,_matmul_small,action_expert.step04.layer02._matmul_small.line1854,8096.0,1659392.0,218103808.0,0.0,16233056.0,1854261248.0,6938624.0,23.92,23.52,23.52,33.4,9.44,7.03,11.76
1702,action_expert,O projection,Expert: Attention output + gated residual,_matmul_small_res_gate_oproj,action_expert.step04.layer02._matmul_small_res_gate_oproj.line1865,10144.000000000002,5310464.0,268435456.0,131072.0,15579872.0,2331166720.0,8683520.0,61.16,23.03,23.03,25.57,8.32,6.83,11.52
1703,action_expert,Norm / residual,Expert: AdaRMS (pre-FFN),_adarms_norm_kernel,action_expert.step04.layer02._adarms_norm_kernel.line1878,3040.0,123008.0,0.0,358400.0,709760.0,710369280.0,2588672.0,4.75,0.0,1.5,3.84,8.11,4.0,0.0
1704,action_expert,FFN up,Expert: FFN gate/up + GELU product,_matmul_small_gate,action_expert.step04.layer02._matmul_small_gate.line1887,26688.000000000004,19211392.0,1073741824.0,2883584.0,24048704.0,6243854336.0,23003136.0,83.52,34.39,34.39,20.73,8.33,7.07,17.2
1705,action_expert,FFN down,Expert: FFN down + gated residual,_matmul_small_res_gate_ffn_down,action_expert.step04.layer02._matmul_small_res_gate_ffn_down.line1904,15552.0,10109696.0,536870912.0,131072.0,40642656.0,3545085952.0,13369344.0,75.62,30.29,30.29,43.7,8.33,8.96,15.14
1706,action_expert,Norm / residual,Expert: AdaRMS (pre-attention),_adarms_norm_kernel,action_expert.step04.layer03._adarms_norm_kernel.line1785,2848.0,123392.0,0.0,358400.0,713024.0,659763200.0,2408448.0,5.12,0.0,1.61,4.15,8.2,4.32,0.0
1707,action_expert,QKV,Expert: QKV projection + Gemma RoPE,_matmul_gemma_rope_qkv,action_expert.step04.layer03._matmul_gemma_rope_qkv.line1794,26976.0,6102400.0,335544320.0,442368.0,12510528.0,6380904448.0,23216128.0,26.29,10.52,10.52,7.53,8.33,4.29,5.26
1708,action_expert,QK,Expert: Attention QKᵀ + scale,_matmul_abt_scale,action_expert.step04.layer03._matmul_abt_scale.line1832,6272.0,827904.0,211288064.0,412672.0,14510752.0,1428041728.0,5406720.0,15.31,29.59,29.59,38.71,32.88,11.86,14.8
1709,action_expert,Softmax,Expert: Prefix/suffix masked softmax,_softmax_prefix_suffix_mask_vector,action_expert.step04.layer03._softmax_prefix_suffix_mask_vector.line1844,5568.000000000001,1721088.0,0.0,1913600.0,2855328.0,1303134208.0,4775936.0,36.04,0.0,7.1,9.22,8.99,8.64,0.0
1710,action_expert,PV,Expert: Attention P × V,_matmul_small,action_expert.step04.layer03._matmul_small.line1854,8224.000000000002,1669504.0,218103808.0,0.0,16236448.0,1884409856.0,7069696.0,23.61,23.15,23.15,32.88,9.44,7.01,11.57
1711,action_expert,O projection,Expert: Attention output + gated residual,_matmul_small_res_gate_oproj,action_expert.step04.layer03._matmul_small_res_gate_oproj.line1865,9472.0,5186816.0,268435456.0,131072.0,15579744.0,2176569344.0,8151040.0,63.63,24.67,24.67,27.34,8.32,6.76,12.33
1712,action_expert,Norm / residual,Expert: AdaRMS (pre-FFN),_adarms_norm_kernel,action_expert.step04.layer03._adarms_norm_kernel.line1878,2944.0,122880.0,0.0,358400.0,713888.0,678817792.0,2465792.0,4.98,0.0,1.57,4.04,8.21,4.36,0.0
1713,action_expert,FFN up,Expert: FFN gate/up + GELU product,_matmul_small_gate,action_expert.step04.layer03._matmul_small_gate.line1887,26560.000000000004,19302144.0,1073741824.0,2883584.0,24052448.0,6210889728.0,22896640.0,84.3,34.58,34.58,20.84,8.33,7.12,17.29
1714,action_expert,FFN down,Expert: FFN down + gated residual,_matmul_small_res_gate_ffn_down,action_expert.step04.layer03._matmul_small_res_gate_ffn_down.line1904,16064.0,10058240.0,536870912.0,131072.0,40642496.0,3673792512.0,13811712.0,72.82,29.23,29.23,42.18,8.33,8.96,14.61
1715,action_expert,Norm / residual,Expert: AdaRMS (pre-attention),_adarms_norm_kernel,action_expert.step04.layer04._adarms_norm_kernel.line1785,3168.0,123136.0,0.0,358400.0,710592.0,736436224.0,2686976.0,4.58,0.0,1.45,3.71,8.08,3.98,0.0
1716,action_expert,QKV,Expert: QKV projection + Gemma RoPE,_matmul_gemma_rope_qkv,action_expert.step04.layer04._matmul_gemma_rope_qkv.line1794,27072.0,6141952.0,335544320.0,442368.0,12508992.0,6403088384.0,23322624.0,26.33,10.48,10.48,7.51,8.33,4.29,5.24
1717,action_expert,QK,Expert: Attention QKᵀ + scale,_matmul_abt_scale,action_expert.step04.layer04._matmul_abt_scale.line1832,6464.0,826368.0,211288064.0,412672.0,14512000.0,1465888768.0,5525504.0,14.96,28.83,28.83,37.71,32.82,11.8,14.41
1718,action_expert,Softmax,Expert: Prefix/suffix masked softmax,_softmax_prefix_suffix_mask_vector,action_expert.step04.layer04._softmax_prefix_suffix_mask_vector.line1844,5504.0,1715200.0,0.0,1913600.0,2879072.0,1285365760.0,4702208.0,36.48,0.0,7.2,9.35,8.99,8.76,0.0
1719,action_expert,PV,Expert: Attention P × V,_matmul_small,action_expert.step04.layer04._matmul_small.line1854,8160.0,1670272.0,218103808.0,0.0,16236128.0,1860141056.0,6971392.0,23.96,23.45,23.45,33.31,9.44,7.04,11.73
1720,action_expert,O projection,Expert: Attention output + gated residual,_matmul_small_res_gate_oproj,action_expert.step04.layer04._matmul_small_res_gate_oproj.line1865,9568.0,5254784.0,268435456.0,131072.0,15577600.0,2195324928.0,8200192.0,64.08,24.46,24.46,27.13,8.32,6.81,12.23
1721,action_expert,Norm / residual,Expert: AdaRMS (pre-FFN),_adarms_norm_kernel,action_expert.step04.layer04._adarms_norm_kernel.line1878,2848.0,123136.0,0.0,358400.0,714464.0,665737216.0,2408448.0,5.11,0.0,1.6,4.12,8.19,4.14,0.0
1722,action_expert,FFN up,Expert: FFN gate/up + GELU product,_matmul_small_gate,action_expert.step04.layer04._matmul_small_gate.line1887,26752.0,19216000.0,1073741824.0,2883584.0,24049536.0,6250516480.0,23052288.0,83.36,34.36,34.36,20.71,8.33,7.06,17.18
1723,action_expert,FFN down,Expert: FFN down + gated residual,_matmul_small_res_gate_ffn_down,action_expert.step04.layer04._matmul_small_res_gate_ffn_down.line1904,16704.0,10261760.0,536870912.0,131072.0,40642272.0,3827886080.0,14385152.0,71.34,28.05,28.05,40.5,8.33,8.64,14.03
1724,action_expert,Norm / residual,Expert: AdaRMS (pre-attention),_adarms_norm_kernel,action_expert.step04.layer05._adarms_norm_kernel.line1785,2816.0000000000005,123008.0,0.0,358400.0,713600.0,656760832.0,2392064.0,5.14,0.0,1.62,4.18,8.14,4.4,0.0
1725,action_expert,QKV,Expert: QKV projection + Gemma RoPE,_matmul_gemma_rope_qkv,action_expert.step04.layer05._matmul_gemma_rope_qkv.line1794,26880.0,6122240.0,335544320.0,442368.0,12514880.0,6365071360.0,23191552.0,26.4,10.54,10.54,7.55,8.33,4.29,5.27
1726,action_expert,QK,Expert: Attention QKᵀ + scale,_matmul_abt_scale,action_expert.step04.layer05._matmul_abt_scale.line1832,6272.0,829056.0,211288064.0,412672.0,14511328.0,1429997568.0,5398528.0,15.36,29.55,29.55,38.66,32.88,11.75,14.78
1727,action_expert,Softmax,Expert: Prefix/suffix masked softmax,_softmax_prefix_suffix_mask_vector,action_expert.step04.layer05._softmax_prefix_suffix_mask_vector.line1844,5440.0,1718400.0,0.0,1913600.0,2878400.0,1269981184.0,4636672.0,37.06,0.0,7.29,9.46,8.96,8.86,0.0
1728,action_expert,PV,Expert: Attention P × V,_matmul_small,action_expert.step04.layer05._matmul_small.line1854,8000.000000000001,1648640.0,218103808.0,0.0,16218464.0,1829079040.0,6864896.0,24.02,23.85,23.85,33.82,9.44,6.96,11.92
1729,action_expert,O projection,Expert: Attention output + gated residual,_matmul_small_res_gate_oproj,action_expert.step04.layer05._matmul_small_res_gate_oproj.line1865,10080.0,5308288.0,268435456.0,131072.0,15561952.0,2321813504.0,8650752.0,61.36,23.12,23.12,25.61,8.32,6.8,11.56
1730,action_expert,Norm / residual,Expert: AdaRMS (pre-FFN),_adarms_norm_kernel,action_expert.step04.layer05._adarms_norm_kernel.line1878,3040.0,123008.0,0.0,358400.0,712960.0,703643648.0,2572288.0,4.78,0.0,1.51,3.89,8.17,4.3,0.0
1731,action_expert,FFN up,Expert: FFN gate/up + GELU product,_matmul_small_gate,action_expert.step04.layer05._matmul_small_gate.line1887,26816.000000000004,19211008.0,1073741824.0,2883584.0,24052992.0,6263310336.0,23101440.0,83.16,34.29,34.29,20.66,8.33,7.03,17.14
1732,action_expert,FFN down,Expert: FFN down + gated residual,_matmul_small_res_gate_ffn_down,action_expert.step04.layer05._matmul_small_res_gate_ffn_down.line1904,15456.000000000002,10140928.0,536870912.0,131072.0,40641568.0,3532197888.0,13320192.0,76.13,30.4,30.4,43.84,8.33,8.93,15.2
1733,action_expert,Norm / residual,Expert: AdaRMS (pre-attention),_adarms_norm_kernel,action_expert.step04.layer06._adarms_norm_kernel.line1785,2944.0,123008.0,0.0,358400.0,713760.0,685187072.0,2473984.0,4.97,0.0,1.55,4.0,8.21,3.88,0.0
1734,action_expert,QKV,Expert: QKV projection + Gemma RoPE,_matmul_gemma_rope_qkv,action_expert.step04.layer06._matmul_gemma_rope_qkv.line1794,26976.0,6138752.0,335544320.0,442368.0,12506816.0,6383941632.0,23232512.0,26.42,10.51,10.51,7.53,8.33,4.28,5.26
1735,action_expert,QK,Expert: Attention QKᵀ + scale,_matmul_abt_scale,action_expert.step04.layer06._matmul_abt_scale.line1832,6336.0,827264.0,211288064.0,412672.0,14525408.0,1438758912.0,5423104.0,15.25,29.37,29.37,38.5,32.9,11.85,14.69
1736,action_expert,Softmax,Expert: Prefix/suffix masked softmax,_softmax_prefix_suffix_mask_vector,action_expert.step04.layer06._softmax_prefix_suffix_mask_vector.line1844,5504.0,1711488.0,0.0,1913600.0,2876736.0,1289414656.0,4710400.0,36.33,0.0,7.18,9.32,8.97,8.99,0.0
1737,action_expert,PV,Expert: Attention P × V,_matmul_small,action_expert.step04.layer06._matmul_small.line1854,8160.0,1656448.0,218103808.0,0.0,16236384.0,1873004544.0,7016448.0,23.61,23.29,23.29,33.07,9.45,6.98,11.64
1738,action_expert,O projection,Expert: Attention output + gated residual,_matmul_small_res_gate_oproj,action_expert.step04.layer06._matmul_small_res_gate_oproj.line1865,9824.000000000002,5217408.0,268435456.0,131072.0,15577696.0,2258626560.0,8445952.0,61.77,23.77,23.77,26.36,8.32,6.76,11.88
1739,action_expert,Norm / residual,Expert: AdaRMS (pre-FFN),_adarms_norm_kernel,action_expert.step04.layer06._adarms_norm_kernel.line1878,3008.0000000000005,122624.0,0.0,358400.0,711264.0,706248704.0,2572288.0,4.77,0.0,1.51,3.87,8.11,3.93,0.0
1740,action_expert,FFN up,Expert: FFN gate/up + GELU product,_matmul_small_gate,action_expert.step04.layer06._matmul_small_gate.line1887,26752.0,19271296.0,1073741824.0,2883584.0,24051296.0,6251053056.0,23044096.0,83.63,34.35,34.35,20.71,8.33,7.12,17.18
1741,action_expert,FFN down,Expert: FFN down + gated residual,_matmul_small_res_gate_ffn_down,action_expert.step04.layer06._matmul_small_res_gate_ffn_down.line1904,15584.000000000002,10161536.0,536870912.0,131072.0,40607392.0,3561224192.0,13393920.0,75.87,30.15,30.15,43.47,8.33,8.91,15.08
1742,action_expert,Norm / residual,Expert: AdaRMS (pre-attention),_adarms_norm_kernel,action_expert.step04.layer07._adarms_norm_kernel.line1785,3008.0000000000005,122496.0,0.0,358400.0,714368.0,702726144.0,2555904.0,4.79,0.0,1.52,3.91,8.15,4.31,0.0
1743,action_expert,QKV,Expert: QKV projection + Gemma RoPE,_matmul_gemma_rope_qkv,action_expert.step04.layer07._matmul_gemma_rope_qkv.line1794,27488.0,6045824.0,335544320.0,442368.0,12506848.0,6502023168.0,23666688.0,25.55,10.32,10.32,7.39,8.33,4.3,5.16
1744,action_expert,QK,Expert: Attention QKᵀ + scale,_matmul_abt_scale,action_expert.step04.layer07._matmul_abt_scale.line1832,6272.0,829952.0,211288064.0,412672.0,14510176.0,1421600768.0,5373952.0,15.44,29.73,29.73,38.89,32.96,11.9,14.86
1745,action_expert,Softmax,Expert: Prefix/suffix masked softmax,_softmax_prefix_suffix_mask_vector,action_expert.step04.layer07._softmax_prefix_suffix_mask_vector.line1844,5472.0,1713792.0,0.0,1913600.0,2876800.0,1277222912.0,4669440.0,36.7,0.0,7.25,9.41,8.96,9.0,0.0
1746,action_expert,PV,Expert: Attention P × V,_matmul_small,action_expert.step04.layer07._matmul_small.line1854,7968.000000000001,1659264.0,218103808.0,0.0,16236288.0,1823891456.0,6848512.0,24.23,23.92,23.92,33.94,9.44,7.11,11.96
1747,action_expert,O projection,Expert: Attention output + gated residual,_matmul_small_res_gate_oproj,action_expert.step04.layer07._matmul_small_res_gate_oproj.line1865,10208.000000000002,5271552.0,268435456.0,131072.0,15577536.0,2350114816.0,8765440.0,60.14,22.84,22.84,25.35,8.32,6.59,11.42
1748,action_expert,Norm / residual,Expert: AdaRMS (pre-FFN),_adarms_norm_kernel,action_expert.step04.layer07._adarms_norm_kernel.line1878,2816.0000000000005,124544.0,0.0,358400.0,715552.0,656128000.0,2392064.0,5.21,0.0,1.62,4.19,8.11,4.03,0.0
1749,action_expert,FFN up,Expert: FFN gate/up + GELU product,_matmul_small_gate,action_expert.step04.layer07._matmul_small_gate.line1887,26720.0,19331072.0,1073741824.0,2883584.0,24050368.0,6244282368.0,23011328.0,84.01,34.39,34.39,20.73,8.33,7.05,17.2
1750,action_expert,FFN down,Expert: FFN down + gated residual,_matmul_small_res_gate_ffn_down,action_expert.step04.layer07._matmul_small_res_gate_ffn_down.line1904,15680.000000000002,10131072.0,536870912.0,131072.0,40628000.0,3578621952.0,13467648.0,75.23,30.0,30.0,43.27,8.33,8.82,15.0
1751,action_expert,Norm / residual,Expert: AdaRMS (pre-attention),_adarms_norm_kernel,action_expert.step04.layer08._adarms_norm_kernel.line1785,2912.0000000000005,125056.0,0.0,358400.0,715936.0,679680000.0,2457600.0,5.09,0.0,1.57,4.05,8.16,4.24,0.0
1752,action_expert,QKV,Expert: QKV projection + Gemma RoPE,_matmul_gemma_rope_qkv,action_expert.step04.layer08._matmul_gemma_rope_qkv.line1794,26944.0,6114304.0,335544320.0,442368.0,12506496.0,6380017664.0,23240704.0,26.31,10.52,10.52,7.53,8.33,4.33,5.26
1753,action_expert,QK,Expert: Attention QKᵀ + scale,_matmul_abt_scale,action_expert.step04.layer08._matmul_abt_scale.line1832,6240.0,826496.0,211288064.0,412672.0,14509056.0,1420105728.0,5373952.0,15.38,29.76,29.76,38.92,32.86,11.79,14.88
1754,action_expert,Softmax,Expert: Prefix/suffix masked softmax,_softmax_prefix_suffix_mask_vector,action_expert.step04.layer08._softmax_prefix_suffix_mask_vector.line1844,5504.0,1714944.0,0.0,1913600.0,2878400.0,1287905280.0,4718592.0,36.34,0.0,7.19,9.33,8.98,9.1,0.0
1755,action_expert,PV,Expert: Attention P × V,_matmul_small,action_expert.step04.layer08._matmul_small.line1854,7968.000000000001,1662976.0,218103808.0,0.0,16236064.0,1823152128.0,6864896.0,24.22,23.93,23.93,33.97,9.44,7.05,11.96
1756,action_expert,O projection,Expert: Attention output + gated residual,_matmul_small_res_gate_oproj,action_expert.step04.layer08._matmul_small_res_gate_oproj.line1865,9952.0,5352832.0,268435456.0,131072.0,15580096.0,2293909504.0,8552448.0,62.59,23.4,23.4,25.97,8.32,6.6,11.7
1757,action_expert,Norm / residual,Expert: AdaRMS (pre-FFN),_adarms_norm_kernel,action_expert.step04.layer08._adarms_norm_kernel.line1878,2848.0,122624.0,0.0,358400.0,713632.0,666185728.0,2416640.0,5.07,0.0,1.6,4.12,8.19,4.06,0.0
1758,action_expert,FFN up,Expert: FFN gate/up + GELU product,_matmul_small_gate,action_expert.step04.layer08._matmul_small_gate.line1887,26528.0,19192320.0,1073741824.0,2883584.0,24050368.0,6199631872.0,22880256.0,83.88,34.64,34.64,20.87,8.33,7.17,17.32
1759,action_expert,FFN down,Expert: FFN down + gated residual,_matmul_small_res_gate_ffn_down,action_expert.step04.layer08._matmul_small_res_gate_ffn_down.line1904,16448.000000000004,10129664.0,536870912.0,131072.0,40642848.0,3768981504.0,14147584.0,71.6,28.49,28.49,41.12,8.33,8.33,14.24
1760,action_expert,Norm / residual,Expert: AdaRMS (pre-attention),_adarms_norm_kernel,action_expert.step04.layer09._adarms_norm_kernel.line1785,2944.0,123264.0,0.0,358400.0,712256.0,689065984.0,2506752.0,4.92,0.0,1.55,3.97,8.16,4.31,0.0
1761,action_expert,QKV,Expert: QKV projection + Gemma RoPE,_matmul_gemma_rope_qkv,action_expert.step04.layer09._matmul_gemma_rope_qkv.line1794,27360.000000000004,6100480.0,335544320.0,442368.0,12506400.0,6471843840.0,23568384.0,25.88,10.37,10.37,7.42,8.33,4.29,5.18
1762,action_expert,QK,Expert: Attention QKᵀ + scale,_matmul_abt_scale,action_expert.step04.layer09._matmul_abt_scale.line1832,6304.0,829312.0,211288064.0,412672.0,14509056.0,1427613696.0,5390336.0,15.39,29.6,29.6,38.7,33.06,11.76,14.8
1763,action_expert,Softmax,Expert: Prefix/suffix masked softmax,_softmax_prefix_suffix_mask_vector,action_expert.step04.layer09._softmax_prefix_suffix_mask_vector.line1844,5408.000000000001,1716608.0,0.0,1913600.0,2876512.0,1259614208.0,4612096.0,37.22,0.0,7.35,9.54,8.98,8.9,0.0
1764,action_expert,PV,Expert: Attention P × V,_matmul_small,action_expert.step04.layer09._matmul_small.line1854,8192.0,1660544.0,218103808.0,0.0,16236512.0,1867411456.0,7004160.0,23.71,23.36,23.36,33.18,9.43,7.02,11.68
1765,action_expert,O projection,Expert: Attention output + gated residual,_matmul_small_res_gate_oproj,action_expert.step04.layer09._matmul_small_res_gate_oproj.line1865,10080.0,5233152.0,268435456.0,131072.0,15579584.0,2325524480.0,8667136.0,60.38,23.09,23.09,25.6,8.32,6.9,11.54
1766,action_expert,Norm / residual,Expert: AdaRMS (pre-FFN),_adarms_norm_kernel,action_expert.step04.layer09._adarms_norm_kernel.line1878,2816.0000000000005,123264.0,0.0,358400.0,713120.0,662861824.0,2416640.0,5.1,0.0,1.61,4.13,8.13,4.08,0.0
1767,action_expert,FFN up,Expert: FFN gate/up + GELU product,_matmul_small_gate,action_expert.step04.layer09._matmul_small_gate.line1887,26816.000000000004,19338752.0,1073741824.0,2883584.0,24052832.0,6270781440.0,23101440.0,83.71,34.25,34.25,20.64,8.33,7.15,17.12
1768,action_expert,FFN down,Expert: FFN down + gated residual,_matmul_small_res_gate_ffn_down,action_expert.step04.layer09._matmul_small_res_gate_ffn_down.line1904,15552.0,10076544.0,536870912.0,131072.0,40625216.0,3558510592.0,13402112.0,75.19,30.17,30.17,43.51,8.33,8.93,15.09
1769,action_expert,Norm / residual,Expert: AdaRMS (pre-attention),_adarms_norm_kernel,action_expert.step04.layer10._adarms_norm_kernel.line1785,2880.0000000000005,123008.0,0.0,358400.0,714112.0,671563776.0,2449408.0,5.02,0.0,1.59,4.09,8.13,4.27,0.0
1770,action_expert,QKV,Expert: QKV projection + Gemma RoPE,_matmul_gemma_rope_qkv,action_expert.step04.layer10._matmul_gemma_rope_qkv.line1794,27136.000000000004,6033408.0,335544320.0,442368.0,12506592.0,6421962752.0,23379968.0,25.81,10.45,10.45,7.48,8.33,4.35,5.22
1771,action_expert,QK,Expert: Attention QKᵀ + scale,_matmul_abt_scale,action_expert.step04.layer10._matmul_abt_scale.line1832,6176.000000000001,828544.0,211288064.0,412672.0,14506912.0,1401825280.0,5292032.0,15.66,30.14,30.14,39.41,32.82,11.74,15.07
1772,action_expert,Softmax,Expert: Prefix/suffix masked softmax,_softmax_prefix_suffix_mask_vector,action_expert.step04.layer10._softmax_prefix_suffix_mask_vector.line1844,5408.000000000001,1713792.0,0.0,1913600.0,2864928.0,1261711360.0,4620288.0,37.09,0.0,7.34,9.52,8.96,9.09,0.0
1773,action_expert,PV,Expert: Attention P × V,_matmul_small,action_expert.step04.layer10._matmul_small.line1854,8224.000000000002,1662848.0,218103808.0,0.0,16236480.0,1890236416.0,7069696.0,23.52,23.08,23.08,32.8,9.44,7.01,11.54
1774,action_expert,O projection,Expert: Attention output + gated residual,_matmul_small_res_gate_oproj,action_expert.step04.layer10._matmul_small_res_gate_oproj.line1865,9472.0,5290752.0,268435456.0,131072.0,15579488.0,2178793472.0,8151040.0,64.91,24.64,24.64,27.34,8.32,7.01,12.32
1775,action_expert,Norm / residual,Expert: AdaRMS (pre-FFN),_adarms_norm_kernel,action_expert.step04.layer10._adarms_norm_kernel.line1878,2976.0000000000005,122880.0,0.0,358400.0,714304.0,694843392.0,2531328.0,4.85,0.0,1.53,3.95,8.13,4.03,0.0
1776,action_expert,FFN up,Expert: FFN gate/up + GELU product,_matmul_small_gate,action_expert.step04.layer10._matmul_small_gate.line1887,26496.0,19293184.0,1073741824.0,2883584.0,24049888.0,6192687104.0,22839296.0,84.47,34.68,34.68,20.9,8.33,7.06,17.34
1777,action_expert,FFN down,Expert: FFN down + gated residual,_matmul_small_res_gate_ffn_down,action_expert.step04.layer10._matmul_small_res_gate_ffn_down.line1904,16064.0,10361856.0,536870912.0,131072.0,40642720.0,3674464256.0,13819904.0,74.98,29.22,29.22,42.17,8.33,8.91,14.61
1778,action_expert,Norm / residual,Expert: AdaRMS (pre-attention),_adarms_norm_kernel,action_expert.step04.layer11._adarms_norm_kernel.line1785,2848.0,123136.0,0.0,358400.0,712960.0,664827904.0,2416640.0,5.1,0.0,1.6,4.12,8.2,4.22,0.0
1779,action_expert,QKV,Expert: QKV projection + Gemma RoPE,_matmul_gemma_rope_qkv,action_expert.step04.layer11._matmul_gemma_rope_qkv.line1794,27072.0,6104960.0,335544320.0,442368.0,12506528.0,6407680000.0,23330816.0,26.17,10.47,10.47,7.5,8.33,4.32,5.24
1780,action_expert,QK,Expert: Attention QKᵀ + scale,_matmul_abt_scale,action_expert.step04.layer11._matmul_abt_scale.line1832,6272.0,827776.0,211288064.0,412672.0,14491616.0,1425696768.0,5373952.0,15.4,29.64,29.64,38.74,33.03,11.87,14.82
1781,action_expert,Softmax,Expert: Prefix/suffix masked softmax,_softmax_prefix_suffix_mask_vector,action_expert.step04.layer11._softmax_prefix_suffix_mask_vector.line1844,5632.000000000001,1720064.0,0.0,1913600.0,2876672.0,1311416320.0,4800512.0,35.83,0.0,7.06,9.18,8.93,9.03,0.0
1782,action_expert,PV,Expert: Attention P × V,_matmul_small,action_expert.step04.layer11._matmul_small.line1854,8096.0,1674624.0,218103808.0,0.0,16233152.0,1855193088.0,6946816.0,24.11,23.51,23.51,33.39,9.45,7.02,11.76
1783,action_expert,O projection,Expert: Attention output + gated residual,_matmul_small_res_gate_oproj,action_expert.step04.layer11._matmul_small_res_gate_oproj.line1865,9568.0,5139968.0,268435456.0,131072.0,15579744.0,2192693248.0,8183808.0,62.81,24.48,24.48,27.15,8.32,6.84,12.24
1784,action_expert,Norm / residual,Expert: AdaRMS (pre-FFN),_adarms_norm_kernel,action_expert.step04.layer11._adarms_norm_kernel.line1878,2848.0,123520.0,0.0,358400.0,713184.0,666392576.0,2441216.0,5.06,0.0,1.6,4.11,8.24,4.31,0.0
1785,action_expert,FFN up,Expert: FFN gate/up + GELU product,_matmul_small_gate,action_expert.step04.layer11._matmul_small_gate.line1887,26624.0,19256832.0,1073741824.0,2883584.0,24049376.0,6224472064.0,22953984.0,83.89,34.5,34.5,20.79,8.33,7.13,17.25
1786,action_expert,FFN down,Expert: FFN down + gated residual,_matmul_small_res_gate_ffn_down,action_expert.step04.layer11._matmul_small_res_gate_ffn_down.line1904,15936.000000000002,10086784.0,536870912.0,131072.0,40643104.0,3642585088.0,13713408.0,73.55,29.48,29.48,42.55,8.33,8.8,14.74
1787,action_expert,Norm / residual,Expert: AdaRMS (pre-attention),_adarms_norm_kernel,action_expert.step04.layer12._adarms_norm_kernel.line1785,2880.0000000000005,123136.0,0.0,358400.0,728512.0,667953152.0,2441216.0,5.04,0.0,1.59,4.19,8.16,4.19,0.0
1788,action_expert,QKV,Expert: QKV projection + Gemma RoPE,_matmul_gemma_rope_qkv,action_expert.step04.layer12._matmul_gemma_rope_qkv.line1794,26880.0,6141696.0,335544320.0,442368.0,12477184.0,6364618752.0,23183360.0,26.49,10.54,10.54,7.53,8.33,4.32,5.27
1789,action_expert,QK,Expert: Attention QKᵀ + scale,_matmul_abt_scale,action_expert.step04.layer12._matmul_abt_scale.line1832,6240.0,826624.0,211288064.0,412672.0,14526592.0,1416534016.0,5341184.0,15.48,29.83,29.83,39.07,32.92,11.86,14.92
1790,action_expert,Softmax,Expert: Prefix/suffix masked softmax,_softmax_prefix_suffix_mask_vector,action_expert.step04.layer12._softmax_prefix_suffix_mask_vector.line1844,5568.000000000001,1720192.0,0.0,1913600.0,2894720.0,1304938496.0,4784128.0,35.96,0.0,7.09,9.21,8.99,9.09,0.0
1791,action_expert,PV,Expert: Attention P × V,_matmul_small,action_expert.step04.layer12._matmul_small.line1854,8000.000000000001,1660928.0,218103808.0,0.0,16233216.0,1838284800.0,6897664.0,24.08,23.73,23.73,33.69,9.44,7.03,11.86
1792,action_expert,O projection,Expert: Attention output + gated residual,_matmul_small_res_gate_oproj,action_expert.step04.layer12._matmul_small_res_gate_oproj.line1865,10144.000000000002,5304448.0,268435456.0,131072.0,15578080.0,2341056512.0,8749056.0,60.63,22.93,22.93,25.44,8.32,6.97,11.47
1793,action_expert,Norm / residual,Expert: AdaRMS (pre-FFN),_adarms_norm_kernel,action_expert.step04.layer12._adarms_norm_kernel.line1878,2816.0000000000005,123008.0,0.0,358400.0,709472.0,657364992.0,2392064.0,5.14,0.0,1.62,4.14,8.12,4.23,0.0
1794,action_expert,FFN up,Expert: FFN gate/up + GELU product,_matmul_small_gate,action_expert.step04.layer12._matmul_small_gate.line1887,26720.0,19289728.0,1073741824.0,2883584.0,24048416.0,6241314816.0,23035904.0,83.74,34.41,34.41,20.73,8.33,7.15,17.2
1795,action_expert,FFN down,Expert: FFN down + gated residual,_matmul_small_res_gate_ffn_down,action_expert.step04.layer12._matmul_small_res_gate_ffn_down.line1904,15584.000000000002,10085760.0,536870912.0,131072.0,40642592.0,3560863744.0,13410304.0,75.21,30.15,30.15,43.51,8.33,8.72,15.08
1796,action_expert,Norm / residual,Expert: AdaRMS (pre-attention),_adarms_norm_kernel,action_expert.step04.layer13._adarms_norm_kernel.line1785,2816.0000000000005,123264.0,0.0,358400.0,713280.0,663779328.0,2408448.0,5.12,0.0,1.6,4.13,8.22,4.22,0.0
1797,action_expert,QKV,Expert: QKV projection + Gemma RoPE,_matmul_gemma_rope_qkv,action_expert.step04.layer13._matmul_gemma_rope_qkv.line1794,26720.0,6137088.0,335544320.0,442368.0,12509920.0,6323927040.0,23044096.0,26.63,10.61,10.61,7.6,8.33,4.32,5.31
1798,action_expert,QK,Expert: Attention QKᵀ + scale,_matmul_abt_scale,action_expert.step04.layer13._matmul_abt_scale.line1832,6336.0,829568.0,211288064.0,412672.0,14526592.0,1436637184.0,5414912.0,15.32,29.41,29.41,38.54,32.94,11.79,14.71
1799,action_expert,Softmax,Expert: Prefix/suffix masked softmax,_softmax_prefix_suffix_mask_vector,action_expert.step04.layer13._softmax_prefix_suffix_mask_vector.line1844,5440.0,1716224.0,0.0,1913600.0,2880256.0,1267537920.0,4636672.0,37.01,0.0,7.3,9.48,9.02,8.8,0.0
1800,action_expert,PV,Expert: Attention P × V,_matmul_small,action_expert.step04.layer13._matmul_small.line1854,8000.000000000001,1660032.0,218103808.0,0.0,16233504.0,1827352576.0,6873088.0,24.15,23.87,23.87,33.89,9.45,6.88,11.94
1801,action_expert,O projection,Expert: Attention output + gated residual,_matmul_small_res_gate_oproj,action_expert.step04.layer13._matmul_small_res_gate_oproj.line1865,9536.0,5225088.0,268435456.0,131072.0,15543776.0,2193303552.0,8208384.0,63.66,24.48,24.48,27.09,8.32,6.91,12.24
1802,action_expert,Norm / residual,Expert: AdaRMS (pre-FFN),_adarms_norm_kernel,action_expert.step04.layer13._adarms_norm_kernel.line1878,2848.0,123136.0,0.0,358400.0,727232.0,662970368.0,2408448.0,5.11,0.0,1.61,4.21,8.22,4.31,0.0
1803,action_expert,FFN up,Expert: FFN gate/up + GELU product,_matmul_small_gate,action_expert.step04.layer13._matmul_small_gate.line1887,26656.0,19279232.0,1073741824.0,2883584.0,24041824.0,6227949568.0,22953984.0,83.99,34.48,34.48,20.78,8.33,7.19,17.24
1804,action_expert,FFN down,Expert: FFN down + gated residual,_matmul_small_res_gate_ffn_down,action_expert.step04.layer13._matmul_small_res_gate_ffn_down.line1904,16288.0,10124160.0,536870912.0,131072.0,40641888.0,3723784192.0,14000128.0,72.31,28.83,28.83,41.62,8.33,8.83,14.42
1805,action_expert,Norm / residual,Expert: AdaRMS (pre-attention),_adarms_norm_kernel,action_expert.step04.layer14._adarms_norm_kernel.line1785,2880.0000000000005,123264.0,0.0,358400.0,729120.0,673562624.0,2441216.0,5.05,0.0,1.58,4.16,8.15,4.27,0.0
1806,action_expert,QKV,Expert: QKV projection + Gemma RoPE,_matmul_gemma_rope_qkv,action_expert.step04.layer14._matmul_gemma_rope_qkv.line1794,27136.000000000004,6068352.0,335544320.0,442368.0,12506176.0,6421389312.0,23371776.0,25.96,10.45,10.45,7.48,8.33,4.19,5.23
1807,action_expert,QK,Expert: Attention QKᵀ + scale,_matmul_abt_scale,action_expert.step04.layer14._matmul_abt_scale.line1832,6240.0,830848.0,211288064.0,412672.0,14526240.0,1412810752.0,5316608.0,15.63,29.91,29.91,39.2,33.06,11.92,14.96
1808,action_expert,Softmax,Expert: Prefix/suffix masked softmax,_softmax_prefix_suffix_mask_vector,action_expert.step04.layer14._softmax_prefix_suffix_mask_vector.line1844,5568.000000000001,1712512.0,0.0,1913600.0,2879584.0,1303906304.0,4759552.0,35.98,0.0,7.1,9.22,8.94,9.09,0.0
1809,action_expert,PV,Expert: Attention P × V,_matmul_small,action_expert.step04.layer14._matmul_small.line1854,8000.000000000001,1641216.0,218103808.0,0.0,16236160.0,1833132032.0,6873088.0,23.88,23.8,23.8,33.81,9.44,7.11,11.9
1810,action_expert,O projection,Expert: Attention output + gated residual,_matmul_small_res_gate_oproj,action_expert.step04.layer14._matmul_small_res_gate_oproj.line1865,10240.0,5389696.0,268435456.0,131072.0,15577664.0,2360348672.0,8806400.0,61.2,22.75,22.75,25.25,8.32,6.75,11.37
1811,action_expert,Norm / residual,Expert: AdaRMS (pre-FFN),_adarms_norm_kernel,action_expert.step04.layer14._adarms_norm_kernel.line1878,3040.0,122752.0,0.0,358400.0,725152.0,708139008.0,2572288.0,4.77,0.0,1.5,3.93,8.11,4.0,0.0
1812,action_expert,FFN up,Expert: FFN gate/up + GELU product,_matmul_small_gate,action_expert.step04.layer14._matmul_small_gate.line1887,26656.0,19330944.0,1073741824.0,2883584.0,24049472.0,6224562176.0,22953984.0,84.22,34.5,34.5,20.79,8.33,7.17,17.25
1813,action_expert,FFN down,Expert: FFN down + gated residual,_matmul_small_res_gate_ffn_down,action_expert.step04.layer14._matmul_small_res_gate_ffn_down.line1904,15616.000000000002,10155520.0,536870912.0,131072.0,40642400.0,3575533568.0,13459456.0,75.45,30.03,30.03,43.35,8.33,8.89,15.02
1814,action_expert,Norm / residual,Expert: AdaRMS (pre-attention),_adarms_norm_kernel,action_expert.step04.layer15._adarms_norm_kernel.line1785,2880.0000000000005,122880.0,0.0,358400.0,713824.0,679110656.0,2465792.0,4.98,0.0,1.57,4.04,8.16,4.26,0.0
1815,action_expert,QKV,Expert: QKV projection + Gemma RoPE,_matmul_gemma_rope_qkv,action_expert.step04.layer15._matmul_gemma_rope_qkv.line1794,26976.0,6125952.0,335544320.0,442368.0,12505184.0,6385084416.0,23248896.0,26.35,10.51,10.51,7.52,8.33,4.32,5.26
1816,action_expert,QK,Expert: Attention QKᵀ + scale,_matmul_abt_scale,action_expert.step04.layer15._matmul_abt_scale.line1832,6272.0,821888.0,211288064.0,412672.0,14526528.0,1427628032.0,5365760.0,15.32,29.6,29.6,38.81,32.97,11.96,14.8
1817,action_expert,Softmax,Expert: Prefix/suffix masked softmax,_softmax_prefix_suffix_mask_vector,action_expert.step04.layer15._softmax_prefix_suffix_mask_vector.line1844,5440.0,1722368.0,0.0,1913600.0,2894944.0,1272283136.0,4636672.0,37.15,0.0,7.28,9.45,9.0,8.93,0.0
1818,action_expert,PV,Expert: Attention P × V,_matmul_small,action_expert.step04.layer15._matmul_small.line1854,7968.000000000001,1656064.0,218103808.0,0.0,16198144.0,1816100864.0,6815744.0,24.3,24.02,24.02,34.03,9.45,7.13,12.01
1819,action_expert,O projection,Expert: Attention output + gated residual,_matmul_small_res_gate_oproj,action_expert.step04.layer15._matmul_small_res_gate_oproj.line1865,9664.000000000002,5223296.0,268435456.0,131072.0,15576992.0,2224437248.0,8306688.0,62.88,24.14,24.14,26.78,8.32,6.68,12.07
1820,action_expert,Norm / residual,Expert: AdaRMS (pre-FFN),_adarms_norm_kernel,action_expert.step04.layer15._adarms_norm_kernel.line1878,2848.0,123136.0,0.0,358400.0,710016.0,664504320.0,2433024.0,5.06,0.0,1.6,4.1,8.16,3.9,0.0
1821,action_expert,FFN up,Expert: FFN gate/up + GELU product,_matmul_small_gate,action_expert.step04.layer15._matmul_small_gate.line1887,26528.0,19286528.0,1073741824.0,2883584.0,24050464.0,6200598528.0,22855680.0,84.38,34.63,34.63,20.87,8.33,7.07,17.32
1822,action_expert,FFN down,Expert: FFN down + gated residual,_matmul_small_res_gate_ffn_down,action_expert.step04.layer15._matmul_small_res_gate_ffn_down.line1904,15776.0,10039552.0,536870912.0,131072.0,40640960.0,3604080640.0,13557760.0,74.05,29.79,29.79,43.01,8.33,8.98,14.9
1823,action_expert,Norm / residual,Expert: AdaRMS (pre-attention),_adarms_norm_kernel,action_expert.step04.layer16._adarms_norm_kernel.line1785,3104.0000000000005,122368.0,0.0,358400.0,726432.0,725090304.0,2621440.0,4.67,0.0,1.47,3.85,8.11,3.87,0.0
1824,action_expert,QKV,Expert: QKV projection + Gemma RoPE,_matmul_gemma_rope_qkv,action_expert.step04.layer16._matmul_gemma_rope_qkv.line1794,27200.0,6098816.0,335544320.0,442368.0,12488832.0,6442706944.0,23461888.0,25.99,10.42,10.42,7.45,8.33,4.31,5.21
1825,action_expert,QK,Expert: Attention QKᵀ + scale,_matmul_abt_scale,action_expert.step04.layer16._matmul_abt_scale.line1832,6400.000000000001,829312.0,211288064.0,412672.0,14510816.0,1449914368.0,5459968.0,15.19,29.14,29.14,38.11,32.63,11.85,14.57
1826,action_expert,Softmax,Expert: Prefix/suffix masked softmax,_softmax_prefix_suffix_mask_vector,action_expert.step04.layer16._softmax_prefix_suffix_mask_vector.line1844,5760.000000000001,1719040.0,0.0,1913600.0,2879872.0,1346648064.0,4931584.0,34.86,0.0,6.87,8.93,9.01,8.96,0.0
1827,action_expert,PV,Expert: Attention P × V,_matmul_small,action_expert.step04.layer16._matmul_small.line1854,7968.000000000001,1666816.0,218103808.0,0.0,16235168.0,1821382656.0,6832128.0,24.4,23.95,23.95,34.0,9.44,6.94,11.97
1828,action_expert,O projection,Expert: Attention output + gated residual,_matmul_small_res_gate_oproj,action_expert.step04.layer16._matmul_small_res_gate_oproj.line1865,9568.0,5251328.0,268435456.0,131072.0,15577984.0,2191722496.0,8192000.0,64.1,24.5,24.5,27.17,8.32,6.84,12.25
1829,action_expert,Norm / residual,Expert: AdaRMS (pre-FFN),_adarms_norm_kernel,action_expert.step04.layer16._adarms_norm_kernel.line1878,2848.0,123264.0,0.0,358400.0,709760.0,658280448.0,2400256.0,5.14,0.0,1.62,4.14,8.22,4.24,0.0
1830,action_expert,FFN up,Expert: FFN gate/up + GELU product,_matmul_small_gate,action_expert.step04.layer16._matmul_small_gate.line1887,26752.0,19106048.0,1073741824.0,2883584.0,24047936.0,6248568832.0,23019520.0,83.0,34.37,34.37,20.72,8.33,7.08,17.18
1831,action_expert,FFN down,Expert: FFN down + gated residual,_matmul_small_res_gate_ffn_down,action_expert.step04.layer16._matmul_small_res_gate_ffn_down.line1904,15808.000000000002,10209536.0,536870912.0,131072.0,40640512.0,3620761600.0,13598720.0,75.08,29.66,29.66,42.81,8.33,9.03,14.83
1832,action_expert,Norm / residual,Expert: AdaRMS (pre-attention),_adarms_norm_kernel,action_expert.step04.layer17._adarms_norm_kernel.line1785,2816.0000000000005,123264.0,0.0,358400.0,727456.0,658653184.0,2408448.0,5.12,0.0,1.62,4.24,8.0,4.35,0.0
1833,action_expert,QKV,Expert: QKV projection + Gemma RoPE,_matmul_gemma_rope_qkv,action_expert.step04.layer17._matmul_gemma_rope_qkv.line1794,27008.000000000004,6097664.0,335544320.0,442368.0,12508384.0,6396690432.0,23289856.0,26.18,10.49,10.49,7.51,8.33,4.3,5.25
1834,action_expert,QK,Expert: Attention QKᵀ + scale,_matmul_abt_scale,action_expert.step04.layer17._matmul_abt_scale.line1832,6144.000000000001,831232.0,211288064.0,412672.0,14508928.0,1400193024.0,5275648.0,15.76,30.18,30.18,39.48,33.09,11.97,15.09
1835,action_expert,Softmax,Expert: Prefix/suffix masked softmax,_softmax_prefix_suffix_mask_vector,action_expert.step04.layer17._softmax_prefix_suffix_mask_vector.line1844,5408.000000000001,1713920.0,0.0,1913600.0,2879072.0,1265428480.0,4620288.0,37.1,0.0,7.32,9.49,9.02,9.0,0.0
1836,action_expert,PV,Expert: Attention P × V,_matmul_small,action_expert.step04.layer17._matmul_small.line1854,8384.0,1671936.0,218103808.0,0.0,16235424.0,1915752448.0,7168000.0,23.32,22.77,22.77,32.32,9.45,7.13,11.38
1837,action_expert,O projection,Expert: Attention output + gated residual,_matmul_small_res_gate_oproj,action_expert.step04.layer17._matmul_small_res_gate_oproj.line1865,9632.0,5165184.0,268435456.0,131072.0,15576928.0,2210916352.0,8257536.0,62.55,24.28,24.28,26.95,8.32,6.72,12.14
1838,action_expert,Norm / residual,Expert: AdaRMS (pre-FFN),_adarms_norm_kernel,action_expert.step04.layer17._adarms_norm_kernel.line1878,2880.0000000000005,123136.0,0.0,358400.0,714112.0,673228800.0,2457600.0,5.01,0.0,1.58,4.07,8.13,4.35,0.0
1839,action_expert,FFN up,Expert: FFN gate/up + GELU product,_matmul_small_gate,action_expert.step04.layer17._matmul_small_gate.line1887,26848.0,19287936.0,1073741824.0,2883584.0,24052992.0,6271643648.0,23101440.0,83.49,34.24,34.24,20.64,8.33,7.07,17.12
1840,action_expert,FFN down,Expert: FFN down + gated residual,_matmul_small_res_gate_ffn_down,action_expert.step04.layer17._matmul_small_res_gate_ffn_down.line1904,16192.0,10206592.0,536870912.0,131072.0,40640928.0,3704522752.0,13942784.0,73.2,28.98,28.98,41.84,8.33,9.02,14.49
1841,action_expert,Norm / residual,Expert: AdaRMS (final),_adarms_norm_kernel,action_expert.step04.layer-1._adarms_norm_kernel.line1922,2944.0,123136.0,0.0,358400.0,712768.0,683513856.0,2473984.0,4.98,0.0,1.56,4.01,8.17,3.9,0.0
1842,action_expert,Action IO,Expert: Action head + Euler update,_matmul_small_bias_res,action_expert.step04.layer-1._matmul_small_bias_res.line1931,4096.0,211584.0,8388608.0,4096.0,618208.0,961011712.0,3506176.0,6.03,1.75,1.75,2.97,8.32,8.42,0.87
1843,action_expert,Action IO,Expert: Action input projection + bias,_matmul_small_bias,action_expert.step05.layer-1._matmul_small_bias.line1770,2464.0,84352.0,4194304.0,32768.0,464992.0,576284672.0,2105344.0,4.01,1.46,3.09,3.56,8.32,7.02,0.73
1844,action_expert,Norm / residual,Expert: AdaRMS (pre-attention),_adarms_norm_kernel,action_expert.step05.layer00._adarms_norm_kernel.line1785,3072.0000000000005,123264.0,0.0,358400.0,710720.0,715728896.0,2605056.0,4.73,0.0,1.49,3.81,8.18,3.76,0.0
1845,action_expert,QKV,Expert: QKV projection + Gemma RoPE,_matmul_gemma_rope_qkv,action_expert.step05.layer00._matmul_gemma_rope_qkv.line1794,26816.000000000004,6154368.0,335544320.0,442368.0,12506368.0,6352168960.0,23126016.0,26.61,10.56,10.56,7.56,8.33,4.34,5.28
1846,action_expert,QK,Expert: Attention QKᵀ + scale,_matmul_abt_scale,action_expert.step05.layer00._matmul_abt_scale.line1832,6304.0,831872.0,211288064.0,412672.0,14511392.0,1434241024.0,5406720.0,15.39,29.46,29.46,38.55,32.8,11.94,14.73
1847,action_expert,Softmax,Expert: Prefix/suffix masked softmax,_softmax_prefix_suffix_mask_vector,action_expert.step05.layer00._softmax_prefix_suffix_mask_vector.line1844,5408.000000000001,1713664.0,0.0,1913600.0,2879744.0,1267695616.0,4653056.0,36.83,0.0,7.3,9.49,8.98,8.84,0.0
1848,action_expert,PV,Expert: Attention P × V,_matmul_small,action_expert.step05.layer00._matmul_small.line1854,8000.000000000001,1667200.0,218103808.0,0.0,16219456.0,1832050688.0,6873088.0,24.26,23.81,23.81,33.78,9.44,7.09,11.9
1849,action_expert,O projection,Expert: Attention output + gated residual,_matmul_small_res_gate_oproj,action_expert.step05.layer00._matmul_small_res_gate_oproj.line1865,9600.000000000002,5192832.0,268435456.0,131072.0,15578528.0,2213251072.0,8265728.0,62.82,24.26,24.26,26.9,8.32,6.96,12.13
1850,action_expert,Norm / residual,Expert: AdaRMS (pre-FFN),_adarms_norm_kernel,action_expert.step05.layer00._adarms_norm_kernel.line1878,2880.0000000000005,123264.0,0.0,358400.0,713440.0,671903744.0,2457600.0,5.02,0.0,1.58,4.08,8.11,4.09,0.0
1851,action_expert,FFN up,Expert: FFN gate/up + GELU product,_matmul_small_gate,action_expert.step05.layer00._matmul_small_gate.line1887,26368.000000000004,19151488.0,1073741824.0,2883584.0,24049696.0,6160467968.0,22708224.0,84.34,34.86,34.86,21.01,8.33,7.12,17.43
1852,action_expert,FFN down,Expert: FFN down + gated residual,_matmul_small_res_gate_ffn_down,action_expert.step05.layer00._matmul_small_res_gate_ffn_down.line1904,15712.000000000002,10088960.0,536870912.0,131072.0,40641984.0,3587123200.0,13516800.0,74.64,29.93,29.93,43.18,8.33,8.91,14.97
1853,action_expert,Norm / residual,Expert: AdaRMS (pre-attention),_adarms_norm_kernel,action_expert.step05.layer01._adarms_norm_kernel.line1785,2816.0000000000005,123264.0,0.0,358400.0,714816.0,657985536.0,2408448.0,5.12,0.0,1.62,4.17,8.17,4.26,0.0
1854,action_expert,QKV,Expert: QKV projection + Gemma RoPE,_matmul_gemma_rope_qkv,action_expert.step05.layer01._matmul_gemma_rope_qkv.line1794,26944.0,6114432.0,335544320.0,442368.0,12506336.0,6379005952.0,23232512.0,26.32,10.52,10.52,7.53,8.33,4.34,5.26
1855,action_expert,QK,Expert: Attention QKᵀ + scale,_matmul_abt_scale,action_expert.step05.layer01._matmul_abt_scale.line1832,6304.0,828160.0,211288064.0,412672.0,14508832.0,1433204736.0,5406720.0,15.32,29.48,29.48,38.56,32.93,11.77,14.74
1856,action_expert,Softmax,Expert: Prefix/suffix masked softmax,_softmax_prefix_suffix_mask_vector,action_expert.step05.layer01._softmax_prefix_suffix_mask_vector.line1844,5568.000000000001,1713792.0,0.0,1913600.0,2879744.0,1306122240.0,4775936.0,35.88,0.0,7.09,9.21,8.98,8.88,0.0
1857,action_expert,PV,Expert: Attention P × V,_matmul_small,action_expert.step05.layer01._matmul_small.line1854,8096.0,1658112.0,218103808.0,0.0,16236320.0,1853454336.0,6938624.0,23.9,23.53,23.53,33.43,9.44,6.68,11.77
1858,action_expert,O projection,Expert: Attention output + gated residual,_matmul_small_res_gate_oproj,action_expert.step05.layer01._matmul_small_res_gate_oproj.line1865,10144.000000000002,5370880.0,268435456.0,131072.0,15579872.0,2341959680.0,8740864.0,61.45,22.92,22.92,25.45,8.32,6.92,11.46
1859,action_expert,Norm / residual,Expert: AdaRMS (pre-FFN),_adarms_norm_kernel,action_expert.step05.layer01._adarms_norm_kernel.line1878,3072.0000000000005,122880.0,0.0,358400.0,710208.0,713797632.0,2580480.0,4.76,0.0,1.49,3.82,8.09,3.97,0.0
1860,action_expert,FFN up,Expert: FFN gate/up + GELU product,_matmul_small_gate,action_expert.step05.layer01._matmul_small_gate.line1887,26656.0,19149056.0,1073741824.0,2883584.0,24050720.0,6222323712.0,22929408.0,83.51,34.51,34.51,20.79,8.33,7.08,17.26
1861,action_expert,FFN down,Expert: FFN down + gated residual,_matmul_small_res_gate_ffn_down,action_expert.step05.layer01._matmul_small_res_gate_ffn_down.line1904,15520.0,10100736.0,536870912.0,131072.0,40640384.0,3542558720.0,13344768.0,75.69,30.31,30.31,43.7,8.33,8.91,15.15
1862,action_expert,Norm / residual,Expert: AdaRMS (pre-attention),_adarms_norm_kernel,action_expert.step05.layer02._adarms_norm_kernel.line1785,2880.0000000000005,122880.0,0.0,358400.0,713600.0,673021952.0,2457600.0,5.0,0.0,1.58,4.08,8.21,4.19,0.0
1863,action_expert,QKV,Expert: QKV projection + Gemma RoPE,_matmul_gemma_rope_qkv,action_expert.step05.layer02._matmul_gemma_rope_qkv.line1794,27296.0,6138880.0,335544320.0,442368.0,12505440.0,6461507584.0,23519232.0,26.1,10.39,10.39,7.44,8.33,4.25,5.19
1864,action_expert,QK,Expert: Attention QKᵀ + scale,_matmul_abt_scale,action_expert.step05.layer02._matmul_abt_scale.line1832,6304.0,827392.0,211288064.0,412672.0,14507008.0,1432985600.0,5406720.0,15.3,29.49,29.49,38.6,32.87,11.8,14.74
1865,action_expert,Softmax,Expert: Prefix/suffix masked softmax,_softmax_prefix_suffix_mask_vector,action_expert.step05.layer02._softmax_prefix_suffix_mask_vector.line1844,5536.0,1716352.0,0.0,1913600.0,2876416.0,1293692928.0,4743168.0,36.19,0.0,7.16,9.29,8.97,9.01,0.0
1866,action_expert,PV,Expert: Attention P × V,_matmul_small,action_expert.step05.layer02._matmul_small.line1854,8032.0,1682816.0,218103808.0,0.0,16236320.0,1840328704.0,6914048.0,24.34,23.7,23.7,33.66,9.44,7.04,11.85
1867,action_expert,O projection,Expert: Attention output + gated residual,_matmul_small_res_gate_oproj,action_expert.step05.layer02._matmul_small_res_gate_oproj.line1865,10208.000000000002,5250816.0,268435456.0,131072.0,15560224.0,2350409728.0,8773632.0,59.85,22.84,22.84,25.3,8.32,6.88,11.42
1868,action_expert,Norm / residual,Expert: AdaRMS (pre-FFN),_adarms_norm_kernel,action_expert.step05.layer02._adarms_norm_kernel.line1878,3008.0000000000005,123008.0,0.0,358400.0,713536.0,704352256.0,2555904.0,4.81,0.0,1.51,3.89,8.22,4.32,0.0
1869,action_expert,FFN up,Expert: FFN gate/up + GELU product,_matmul_small_gate,action_expert.step05.layer02._matmul_small_gate.line1887,26496.0,19296768.0,1073741824.0,2883584.0,24052864.0,6191679488.0,22847488.0,84.46,34.68,34.68,20.9,8.33,7.06,17.34
1870,action_expert,FFN down,Expert: FFN down + gated residual,_matmul_small_res_gate_ffn_down,action_expert.step05.layer02._matmul_small_res_gate_ffn_down.line1904,15488.000000000002,10090624.0,536870912.0,131072.0,40641824.0,3532185600.0,13320192.0,75.75,30.4,30.4,43.85,8.33,9.0,15.2
1871,action_expert,Norm / residual,Expert: AdaRMS (pre-attention),_adarms_norm_kernel,action_expert.step05.layer03._adarms_norm_kernel.line1785,2848.0,123264.0,0.0,358400.0,730688.0,664076288.0,2408448.0,5.12,0.0,1.6,4.23,8.15,4.3,0.0
1872,action_expert,QKV,Expert: QKV projection + Gemma RoPE,_matmul_gemma_rope_qkv,action_expert.step05.layer03._matmul_gemma_rope_qkv.line1794,27168.0,6146048.0,335544320.0,442368.0,12498080.0,6427672576.0,23396352.0,26.27,10.44,10.44,7.47,8.33,4.34,5.22
1873,action_expert,QK,Expert: Attention QKᵀ + scale,_matmul_abt_scale,action_expert.step05.layer03._matmul_abt_scale.line1832,6304.0,829568.0,211288064.0,412672.0,14511744.0,1431808000.0,5406720.0,15.34,29.51,29.51,38.61,32.89,11.82,14.76
1874,action_expert,Softmax,Expert: Prefix/suffix masked softmax,_softmax_prefix_suffix_mask_vector,action_expert.step05.layer03._softmax_prefix_suffix_mask_vector.line1844,5408.000000000001,1711872.0,0.0,1913600.0,2876576.0,1264443392.0,4620288.0,37.05,0.0,7.32,9.5,8.95,9.11,0.0
1875,action_expert,PV,Expert: Attention P × V,_matmul_small,action_expert.step05.layer03._matmul_small.line1854,8064.000000000001,1677312.0,218103808.0,0.0,16235104.0,1841035264.0,6889472.0,24.35,23.69,23.69,33.65,9.45,6.98,11.85
1876,action_expert,O projection,Expert: Attention output + gated residual,_matmul_small_res_gate_oproj,action_expert.step05.layer03._matmul_small_res_gate_oproj.line1865,9344.0,5172224.0,268435456.0,131072.0,15576128.0,2148134912.0,8044544.0,64.29,24.99,24.99,27.73,8.32,6.95,12.5
1877,action_expert,Norm / residual,Expert: AdaRMS (pre-FFN),_adarms_norm_kernel,action_expert.step05.layer03._adarms_norm_kernel.line1878,2880.0000000000005,122752.0,0.0,358400.0,710656.0,674652160.0,2457600.0,4.99,0.0,1.58,4.05,8.16,4.2,0.0
1878,action_expert,FFN up,Expert: FFN gate/up + GELU product,_matmul_small_gate,action_expert.step05.layer03._matmul_small_gate.line1887,26624.0,19263104.0,1073741824.0,2883584.0,24050272.0,6217361408.0,22921216.0,84.04,34.54,34.54,20.82,8.33,7.01,17.27
1879,action_expert,FFN down,Expert: FFN down + gated residual,_matmul_small_res_gate_ffn_down,action_expert.step05.layer03._matmul_small_res_gate_ffn_down.line1904,15840.0,10207488.0,536870912.0,131072.0,40644096.0,3625224192.0,13631488.0,74.88,29.62,29.62,42.73,8.33,8.96,14.81
1880,action_expert,Norm / residual,Expert: AdaRMS (pre-attention),_adarms_norm_kernel,action_expert.step05.layer04._adarms_norm_kernel.line1785,3040.0,123136.0,0.0,358400.0,710272.0,709552128.0,2572288.0,4.79,0.0,1.5,3.85,8.1,3.66,0.0
1881,action_expert,QKV,Expert: QKV projection + Gemma RoPE,_matmul_gemma_rope_qkv,action_expert.step05.layer04._matmul_gemma_rope_qkv.line1794,27040.000000000004,6104320.0,335544320.0,442368.0,12506400.0,6394327040.0,23281664.0,26.22,10.5,10.5,7.51,8.33,4.34,5.25
1882,action_expert,QK,Expert: Attention QKᵀ + scale,_matmul_abt_scale,action_expert.step05.layer04._matmul_abt_scale.line1832,6304.0,826752.0,211288064.0,412672.0,14512704.0,1435901952.0,5431296.0,15.22,29.43,29.43,38.5,32.83,11.88,14.71
1883,action_expert,Softmax,Expert: Prefix/suffix masked softmax,_softmax_prefix_suffix_mask_vector,action_expert.step05.layer04._softmax_prefix_suffix_mask_vector.line1844,5408.000000000001,1725056.0,0.0,1913600.0,2877088.0,1266456576.0,4620288.0,37.34,0.0,7.31,9.49,8.99,9.03,0.0
1884,action_expert,PV,Expert: Attention P × V,_matmul_small,action_expert.step05.layer04._matmul_small.line1854,8192.0,1655040.0,218103808.0,0.0,16234848.0,1875101696.0,7028736.0,23.55,23.26,23.26,33.04,9.46,7.1,11.63
1885,action_expert,O projection,Expert: Attention output + gated residual,_matmul_small_res_gate_oproj,action_expert.step05.layer04._matmul_small_res_gate_oproj.line1865,9600.000000000002,5294976.0,268435456.0,131072.0,15579584.0,2204297216.0,8249344.0,64.19,24.36,24.36,27.01,8.32,6.84,12.18
1886,action_expert,Norm / residual,Expert: AdaRMS (pre-FFN),_adarms_norm_kernel,action_expert.step05.layer04._adarms_norm_kernel.line1878,2880.0000000000005,122624.0,0.0,358400.0,714720.0,673341440.0,2441216.0,5.02,0.0,1.58,4.08,8.13,4.22,0.0
1887,action_expert,FFN up,Expert: FFN gate/up + GELU product,_matmul_small_gate,action_expert.step05.layer04._matmul_small_gate.line1887,27008.000000000004,19313280.0,1073741824.0,2883584.0,24050400.0,6316734464.0,23298048.0,82.9,34.0,34.0,20.48,8.33,7.05,17.0
1888,action_expert,FFN down,Expert: FFN down + gated residual,_matmul_small_res_gate_ffn_down,action_expert.step05.layer04._matmul_small_res_gate_ffn_down.line1904,16352.000000000002,10111616.0,536870912.0,131072.0,40642720.0,3739181056.0,14057472.0,71.93,28.72,28.72,41.43,8.33,8.91,14.36
1889,action_expert,Norm / residual,Expert: AdaRMS (pre-attention),_adarms_norm_kernel,action_expert.step05.layer05._adarms_norm_kernel.line1785,2848.0,123136.0,0.0,358400.0,714240.0,666374144.0,2416640.0,5.1,0.0,1.6,4.12,8.21,4.16,0.0
1890,action_expert,QKV,Expert: QKV projection + Gemma RoPE,_matmul_gemma_rope_qkv,action_expert.step05.layer05._matmul_gemma_rope_qkv.line1794,27104.0,6079232.0,335544320.0,442368.0,12506432.0,6415595520.0,23363584.0,26.02,10.46,10.46,7.49,8.33,4.19,5.23
1891,action_expert,QK,Expert: Attention QKᵀ + scale,_matmul_abt_scale,action_expert.step05.layer05._matmul_abt_scale.line1832,6272.0,828032.0,211288064.0,412672.0,14509120.0,1426745344.0,5373952.0,15.41,29.62,29.62,38.73,33.02,11.79,14.81
1892,action_expert,Softmax,Expert: Prefix/suffix masked softmax,_softmax_prefix_suffix_mask_vector,action_expert.step05.layer05._softmax_prefix_suffix_mask_vector.line1844,5536.0,1716480.0,0.0,1913600.0,2877184.0,1287288832.0,4718592.0,36.38,0.0,7.19,9.34,8.95,9.07,0.0
1893,action_expert,PV,Expert: Attention P × V,_matmul_small,action_expert.step05.layer05._matmul_small.line1854,7872.0,1672576.0,218103808.0,0.0,16236384.0,1801105408.0,6774784.0,24.69,24.22,24.22,34.38,9.44,6.89,12.11
1894,action_expert,O projection,Expert: Attention output + gated residual,_matmul_small_res_gate_oproj,action_expert.step05.layer05._matmul_small_res_gate_oproj.line1865,9664.000000000002,5224320.0,268435456.0,131072.0,15578208.0,2224807936.0,8306688.0,62.89,24.13,24.13,26.76,8.32,6.75,12.07
1895,action_expert,Norm / residual,Expert: AdaRMS (pre-FFN),_adarms_norm_kernel,action_expert.step05.layer05._adarms_norm_kernel.line1878,2944.0,122880.0,0.0,358400.0,714080.0,693997568.0,2531328.0,4.85,0.0,1.53,3.95,8.11,3.8,0.0
1896,action_expert,FFN up,Expert: FFN gate/up + GELU product,_matmul_small_gate,action_expert.step05.layer05._matmul_small_gate.line1887,26528.0,19130880.0,1073741824.0,2883584.0,24051584.0,6199465984.0,22855680.0,83.7,34.64,34.64,20.87,8.33,7.14,17.32
1897,action_expert,FFN down,Expert: FFN down + gated residual,_matmul_small_res_gate_ffn_down,action_expert.step05.layer05._matmul_small_res_gate_ffn_down.line1904,15840.0,10158208.0,536870912.0,131072.0,40643296.0,3621416960.0,13639680.0,74.48,29.65,29.65,42.77,8.33,8.93,14.82
1898,action_expert,Norm / residual,Expert: AdaRMS (pre-attention),_adarms_norm_kernel,action_expert.step05.layer06._adarms_norm_kernel.line1785,2912.0000000000005,123008.0,0.0,358400.0,714112.0,676632576.0,2457600.0,5.01,0.0,1.57,4.05,8.17,4.18,0.0
1899,action_expert,QKV,Expert: QKV projection + Gemma RoPE,_matmul_gemma_rope_qkv,action_expert.step05.layer06._matmul_gemma_rope_qkv.line1794,27136.000000000004,6149632.0,335544320.0,442368.0,12492768.0,6420967424.0,23363584.0,26.32,10.45,10.45,7.48,8.33,4.31,5.23
1900,action_expert,QK,Expert: Attention QKᵀ + scale,_matmul_abt_scale,action_expert.step05.layer06._matmul_abt_scale.line1832,6368.000000000001,827648.0,211288064.0,412672.0,14507328.0,1448482816.0,5472256.0,15.12,29.17,29.17,38.15,32.86,11.96,14.59
1901,action_expert,Softmax,Expert: Prefix/suffix masked softmax,_softmax_prefix_suffix_mask_vector,action_expert.step05.layer06._softmax_prefix_suffix_mask_vector.line1844,5504.0,1718656.0,0.0,1913600.0,2878464.0,1282863104.0,4685824.0,36.68,0.0,7.22,9.37,9.04,8.8,0.0
1902,action_expert,PV,Expert: Attention P × V,_matmul_small,action_expert.step05.layer06._matmul_small.line1854,8064.000000000001,1645312.0,218103808.0,0.0,16217920.0,1847306240.0,6922240.0,23.77,23.61,23.61,33.46,9.43,7.16,11.81
1903,action_expert,O projection,Expert: Attention output + gated residual,_matmul_small_res_gate_oproj,action_expert.step05.layer06._matmul_small_res_gate_oproj.line1865,10080.0,5239296.0,268435456.0,131072.0,15580032.0,2321596416.0,8650752.0,60.56,23.13,23.13,25.67,8.32,6.79,11.56
1904,action_expert,Norm / residual,Expert: AdaRMS (pre-FFN),_adarms_norm_kernel,action_expert.step05.layer06._adarms_norm_kernel.line1878,2848.0,123008.0,0.0,358400.0,712000.0,662292480.0,2408448.0,5.11,0.0,1.61,4.13,8.19,4.28,0.0
1905,action_expert,FFN up,Expert: FFN gate/up + GELU product,_matmul_small_gate,action_expert.step05.layer06._matmul_small_gate.line1887,26592.000000000004,19333248.0,1073741824.0,2883584.0,24051488.0,6216325120.0,22921216.0,84.35,34.55,34.55,20.81,8.33,7.1,17.27
1906,action_expert,FFN down,Expert: FFN down + gated residual,_matmul_small_res_gate_ffn_down,action_expert.step05.layer06._matmul_small_res_gate_ffn_down.line1904,16384.0,10178432.0,536870912.0,131072.0,40640768.0,3758686208.0,14114816.0,72.11,28.57,28.57,41.24,8.33,8.87,14.28
1907,action_expert,Norm / residual,Expert: AdaRMS (pre-attention),_adarms_norm_kernel,action_expert.step05.layer07._adarms_norm_kernel.line1785,2816.0000000000005,123008.0,0.0,358400.0,713248.0,658595840.0,2392064.0,5.14,0.0,1.62,4.16,8.2,4.0,0.0
1908,action_expert,QKV,Expert: QKV projection + Gemma RoPE,_matmul_gemma_rope_qkv,action_expert.step05.layer07._matmul_gemma_rope_qkv.line1794,27712.0,6086272.0,335544320.0,442368.0,12506720.0,6562308096.0,23887872.0,25.48,10.23,10.23,7.32,8.33,4.31,5.11
1909,action_expert,QK,Expert: Attention QKᵀ + scale,_matmul_abt_scale,action_expert.step05.layer07._matmul_abt_scale.line1832,6304.0,828288.0,211288064.0,412672.0,14507296.0,1435789312.0,5410816.0,15.31,29.43,29.43,38.5,32.91,11.74,14.72
1910,action_expert,Softmax,Expert: Prefix/suffix masked softmax,_softmax_prefix_suffix_mask_vector,action_expert.step05.layer07._softmax_prefix_suffix_mask_vector.line1844,5440.0,1715456.0,0.0,1913600.0,2877248.0,1270888448.0,4653056.0,36.87,0.0,7.28,9.46,8.95,8.86,0.0
1911,action_expert,PV,Expert: Attention P × V,_matmul_small,action_expert.step05.layer07._matmul_small.line1854,7968.000000000001,1654400.0,218103808.0,0.0,16218272.0,1826357248.0,6864896.0,24.1,23.88,23.88,33.87,9.44,7.01,11.94
1912,action_expert,O projection,Expert: Attention output + gated residual,_matmul_small_res_gate_oproj,action_expert.step05.layer07._matmul_small_res_gate_oproj.line1865,9696.0,5227904.0,268435456.0,131072.0,15579552.0,2226065408.0,8306688.0,62.94,24.12,24.12,26.74,8.32,6.89,12.06
1913,action_expert,Norm / residual,Expert: AdaRMS (pre-FFN),_adarms_norm_kernel,action_expert.step05.layer07._adarms_norm_kernel.line1878,2880.0000000000005,123520.0,0.0,358400.0,713056.0,667957248.0,2433024.0,5.08,0.0,1.59,4.1,8.16,3.99,0.0
1914,action_expert,FFN up,Expert: FFN gate/up + GELU product,_matmul_small_gate,action_expert.step05.layer07._matmul_small_gate.line1887,26464.000000000004,19267712.0,1073741824.0,2883584.0,24051296.0,6188427264.0,22822912.0,84.42,34.7,34.7,20.9,8.33,7.13,17.35
1915,action_expert,FFN down,Expert: FFN down + gated residual,_matmul_small_res_gate_ffn_down,action_expert.step05.layer07._matmul_small_res_gate_ffn_down.line1904,15936.000000000002,10166400.0,536870912.0,131072.0,40642912.0,3644956672.0,13721600.0,74.09,29.46,29.46,42.5,8.33,8.85,14.73
1916,action_expert,Norm / residual,Expert: AdaRMS (pre-attention),_adarms_norm_kernel,action_expert.step05.layer08._adarms_norm_kernel.line1785,2912.0000000000005,123392.0,0.0,358400.0,714240.0,674211840.0,2457600.0,5.02,0.0,1.58,4.07,8.17,4.14,0.0
1917,action_expert,QKV,Expert: QKV projection + Gemma RoPE,_matmul_gemma_rope_qkv,action_expert.step05.layer08._matmul_gemma_rope_qkv.line1794,27104.0,6061184.0,335544320.0,442368.0,12506432.0,6414405632.0,23363584.0,25.94,10.46,10.46,7.49,8.33,4.34,5.23
1918,action_expert,QK,Expert: Attention QKᵀ + scale,_matmul_abt_scale,action_expert.step05.layer08._matmul_abt_scale.line1832,6272.0,828416.0,211288064.0,412672.0,14507264.0,1418598400.0,5357568.0,15.46,29.79,29.79,38.96,32.85,11.95,14.89
1919,action_expert,Softmax,Expert: Prefix/suffix masked softmax,_softmax_prefix_suffix_mask_vector,action_expert.step05.layer08._softmax_prefix_suffix_mask_vector.line1844,5568.000000000001,1713920.0,0.0,1913600.0,2895904.0,1301440512.0,4751360.0,36.07,0.0,7.11,9.24,8.98,9.03,0.0
1920,action_expert,PV,Expert: Attention P × V,_matmul_small,action_expert.step05.layer08._matmul_small.line1854,8000.000000000001,1673984.0,218103808.0,0.0,16235392.0,1828065280.0,6864896.0,24.38,23.86,23.86,33.89,9.45,7.16,11.93
1921,action_expert,O projection,Expert: Attention output + gated residual,_matmul_small_res_gate_oproj,action_expert.step05.layer08._matmul_small_res_gate_oproj.line1865,10080.0,5374592.0,268435456.0,131072.0,15579712.0,2320494592.0,8683520.0,61.89,23.14,23.14,25.67,8.32,6.58,11.57
1922,action_expert,Norm / residual,Expert: AdaRMS (pre-FFN),_adarms_norm_kernel,action_expert.step05.layer08._adarms_norm_kernel.line1878,2816.0000000000005,122880.0,0.0,358400.0,712800.0,656537600.0,2375680.0,5.17,0.0,1.62,4.17,8.15,4.42,0.0
1923,action_expert,FFN up,Expert: FFN gate/up + GELU product,_matmul_small_gate,action_expert.step05.layer08._matmul_small_gate.line1887,26528.0,19209088.0,1073741824.0,2883584.0,24051072.0,6202126336.0,22855680.0,84.05,34.62,34.62,20.86,8.33,7.1,17.31
1924,action_expert,FFN down,Expert: FFN down + gated residual,_matmul_small_res_gate_ffn_down,action_expert.step05.layer08._matmul_small_res_gate_ffn_down.line1904,16064.0,10047616.0,536870912.0,131072.0,40642624.0,3683874816.0,13852672.0,72.53,29.15,29.15,42.06,8.33,8.93,14.57
1925,action_expert,Norm / residual,Expert: AdaRMS (pre-attention),_adarms_norm_kernel,action_expert.step05.layer09._adarms_norm_kernel.line1785,2880.0000000000005,122880.0,0.0,358400.0,713152.0,671555584.0,2449408.0,5.02,0.0,1.59,4.08,8.17,4.24,0.0
1926,action_expert,QKV,Expert: QKV projection + Gemma RoPE,_matmul_gemma_rope_qkv,action_expert.step05.layer09._matmul_gemma_rope_qkv.line1794,27264.000000000004,6109312.0,335544320.0,442368.0,12506560.0,6448658432.0,23494656.0,26.0,10.41,10.41,7.45,8.33,4.25,5.2
1927,action_expert,QK,Expert: Attention QKᵀ + scale,_matmul_abt_scale,action_expert.step05.layer09._matmul_abt_scale.line1832,6240.0,829312.0,211288064.0,412672.0,14507520.0,1417166848.0,5357568.0,15.48,29.82,29.82,38.98,33.24,11.83,14.91
1928,action_expert,Softmax,Expert: Prefix/suffix masked softmax,_softmax_prefix_suffix_mask_vector,action_expert.step05.layer09._softmax_prefix_suffix_mask_vector.line1844,5536.0,1714176.0,0.0,1913600.0,2877696.0,1295269888.0,4734976.0,36.2,0.0,7.15,9.28,8.96,8.78,0.0
1929,action_expert,PV,Expert: Attention P × V,_matmul_small,action_expert.step05.layer09._matmul_small.line1854,8192.0,1670400.0,218103808.0,0.0,16236128.0,1875738624.0,7028736.0,23.77,23.26,23.26,33.04,9.44,7.02,11.63
1930,action_expert,O projection,Expert: Attention output + gated residual,_matmul_small_res_gate_oproj,action_expert.step05.layer09._matmul_small_res_gate_oproj.line1865,9504.0,5138048.0,268435456.0,131072.0,15579648.0,2182924288.0,8142848.0,63.1,24.59,24.59,27.29,8.32,6.92,12.3
1931,action_expert,Norm / residual,Expert: AdaRMS (pre-FFN),_adarms_norm_kernel,action_expert.step05.layer09._adarms_norm_kernel.line1878,2848.0,122880.0,0.0,358400.0,713248.0,661407744.0,2408448.0,5.1,0.0,1.61,4.14,8.18,4.06,0.0
1932,action_expert,FFN up,Expert: FFN gate/up + GELU product,_matmul_small_gate,action_expert.step05.layer09._matmul_small_gate.line1887,26688.000000000004,19340416.0,1073741824.0,2883584.0,24049664.0,6239279104.0,23003136.0,84.08,34.42,34.42,20.74,8.33,7.12,17.21
1933,action_expert,FFN down,Expert: FFN down + gated residual,_matmul_small_res_gate_ffn_down,action_expert.step05.layer09._matmul_small_res_gate_ffn_down.line1904,15680.000000000002,10107264.0,536870912.0,131072.0,40642432.0,3584094208.0,13500416.0,74.87,29.96,29.96,43.23,8.33,8.89,14.98
1934,action_expert,Norm / residual,Expert: AdaRMS (pre-attention),_adarms_norm_kernel,action_expert.step05.layer10._adarms_norm_kernel.line1785,2816.0000000000005,122880.0,0.0,358400.0,713568.0,658257920.0,2392064.0,5.14,0.0,1.62,4.16,8.17,4.34,0.0
1935,action_expert,QKV,Expert: QKV projection + Gemma RoPE,_matmul_gemma_rope_qkv,action_expert.step05.layer10._matmul_gemma_rope_qkv.line1794,27040.000000000004,6087296.0,335544320.0,442368.0,12506400.0,6398543872.0,23298048.0,26.13,10.49,10.49,7.51,8.33,4.37,5.24
1936,action_expert,QK,Expert: Attention QKᵀ + scale,_matmul_abt_scale,action_expert.step05.layer10._matmul_abt_scale.line1832,6400.000000000001,827008.0,211288064.0,412672.0,14507296.0,1456314368.0,5505024.0,15.02,29.02,29.02,37.96,32.81,11.56,14.51
1937,action_expert,Softmax,Expert: Prefix/suffix masked softmax,_softmax_prefix_suffix_mask_vector,action_expert.step05.layer10._softmax_prefix_suffix_mask_vector.line1844,5472.0,1713280.0,0.0,1913600.0,2863040.0,1277548544.0,4677632.0,36.63,0.0,7.25,9.41,8.96,8.89,0.0
1938,action_expert,PV,Expert: Attention P × V,_matmul_small,action_expert.step05.layer10._matmul_small.line1854,8064.000000000001,1665664.0,218103808.0,0.0,16234912.0,1840994304.0,6897664.0,24.15,23.69,23.69,33.65,9.43,6.98,11.85
1939,action_expert,O projection,Expert: Attention output + gated residual,_matmul_small_res_gate_oproj,action_expert.step05.layer10._matmul_small_res_gate_oproj.line1865,9536.0,5288832.0,268435456.0,131072.0,15579232.0,2193819648.0,8200192.0,64.5,24.47,24.47,27.15,8.32,6.94,12.24
1940,action_expert,Norm / residual,Expert: AdaRMS (pre-FFN),_adarms_norm_kernel,action_expert.step05.layer10._adarms_norm_kernel.line1878,2816.0000000000005,123008.0,0.0,358400.0,714208.0,656115712.0,2392064.0,5.14,0.0,1.62,4.18,8.11,4.38,0.0
1941,action_expert,FFN up,Expert: FFN gate/up + GELU product,_matmul_small_gate,action_expert.step05.layer10._matmul_small_gate.line1887,26624.0,19275904.0,1073741824.0,2883584.0,24050080.0,6218850304.0,22921216.0,84.1,34.53,34.53,20.8,8.33,7.14,17.27
1942,action_expert,FFN down,Expert: FFN down + gated residual,_matmul_small_res_gate_ffn_down,action_expert.step05.layer10._matmul_small_res_gate_ffn_down.line1904,15712.000000000002,10153728.0,536870912.0,131072.0,40642656.0,3598759936.0,13541376.0,74.98,29.84,29.84,43.05,8.33,8.99,14.92
1943,action_expert,Norm / residual,Expert: AdaRMS (pre-attention),_adarms_norm_kernel,action_expert.step05.layer11._adarms_norm_kernel.line1785,2848.0,122496.0,0.0,358400.0,714304.0,665114624.0,2424832.0,5.05,0.0,1.6,4.13,8.14,4.16,0.0
1944,action_expert,QKV,Expert: QKV projection + Gemma RoPE,_matmul_gemma_rope_qkv,action_expert.step05.layer11._matmul_gemma_rope_qkv.line1794,26944.0,6119808.0,335544320.0,442368.0,12506464.0,6377043968.0,23240704.0,26.33,10.52,10.52,7.53,8.33,4.34,5.26
1945,action_expert,QK,Expert: Attention QKᵀ + scale,_matmul_abt_scale,action_expert.step05.layer11._matmul_abt_scale.line1832,6208.000000000001,829440.0,211288064.0,412672.0,14508992.0,1407762432.0,5300224.0,15.65,30.02,30.02,39.26,33.1,11.83,15.01
1946,action_expert,Softmax,Expert: Prefix/suffix masked softmax,_softmax_prefix_suffix_mask_vector,action_expert.step05.layer11._softmax_prefix_suffix_mask_vector.line1844,5376.000000000001,1715328.0,0.0,1913600.0,2862880.0,1259286528.0,4612096.0,37.19,0.0,7.35,9.54,8.97,8.88,0.0
1947,action_expert,PV,Expert: Attention P × V,_matmul_small,action_expert.step05.layer11._matmul_small.line1854,8032.0,1663616.0,218103808.0,0.0,16231040.0,1838800896.0,6905856.0,24.09,23.72,23.72,33.66,9.44,6.9,11.86
1948,action_expert,O projection,Expert: Attention output + gated residual,_matmul_small_res_gate_oproj,action_expert.step05.layer11._matmul_small_res_gate_oproj.line1865,9632.0,5180800.0,268435456.0,131072.0,15578848.0,2208073728.0,8249344.0,62.8,24.31,24.31,26.96,8.32,6.89,12.16
1949,action_expert,Norm / residual,Expert: AdaRMS (pre-FFN),_adarms_norm_kernel,action_expert.step05.layer11._adarms_norm_kernel.line1878,2848.0,122880.0,0.0,358400.0,713536.0,660350976.0,2408448.0,5.1,0.0,1.61,4.15,8.2,4.12,0.0
1950,action_expert,FFN up,Expert: FFN gate/up + GELU product,_matmul_small_gate,action_expert.step05.layer11._matmul_small_gate.line1887,26560.000000000004,19158400.0,1073741824.0,2883584.0,24050112.0,6205507584.0,22896640.0,83.67,34.61,34.61,20.85,8.33,7.14,17.3
1951,action_expert,FFN down,Expert: FFN down + gated residual,_matmul_small_res_gate_ffn_down,action_expert.step05.layer11._matmul_small_res_gate_ffn_down.line1904,16544.0,10245504.0,536870912.0,131072.0,40624192.0,3789006848.0,14237696.0,71.96,28.34,28.34,40.91,8.33,9.01,14.17
1952,action_expert,Norm / residual,Expert: AdaRMS (pre-attention),_adarms_norm_kernel,action_expert.step05.layer12._adarms_norm_kernel.line1785,2912.0000000000005,123008.0,0.0,358400.0,712032.0,676757504.0,2461696.0,5.0,0.0,1.57,4.04,8.21,3.79,0.0
1953,action_expert,QKV,Expert: QKV projection + Gemma RoPE,_matmul_gemma_rope_qkv,action_expert.step05.layer12._matmul_gemma_rope_qkv.line1794,27008.000000000004,6080384.0,335544320.0,442368.0,12532992.0,6389532672.0,23265280.0,26.14,10.5,10.5,7.54,8.33,4.33,5.25
1954,action_expert,QK,Expert: Attention QKᵀ + scale,_matmul_abt_scale,action_expert.step05.layer12._matmul_abt_scale.line1832,6240.0,826496.0,211288064.0,412672.0,14497888.0,1418346496.0,5357568.0,15.43,29.79,29.79,38.96,32.94,11.84,14.9
1955,action_expert,Softmax,Expert: Prefix/suffix masked softmax,_softmax_prefix_suffix_mask_vector,action_expert.step05.layer12._softmax_prefix_suffix_mask_vector.line1844,5472.0,1716480.0,0.0,1913600.0,2876704.0,1281193984.0,4677632.0,36.7,0.0,7.23,9.39,8.96,8.76,0.0
1956,action_expert,PV,Expert: Attention P × V,_matmul_small,action_expert.step05.layer12._matmul_small.line1854,8224.000000000002,1681280.0,218103808.0,0.0,16236448.0,1882853376.0,7077888.0,23.75,23.17,23.17,32.9,9.45,7.08,11.58
1957,action_expert,O projection,Expert: Attention output + gated residual,_matmul_small_res_gate_oproj,action_expert.step05.layer12._matmul_small_res_gate_oproj.line1865,9568.0,5206144.0,268435456.0,131072.0,15578176.0,2205030400.0,8241152.0,63.17,24.35,24.35,27.0,8.32,6.91,12.17
1958,action_expert,Norm / residual,Expert: AdaRMS (pre-FFN),_adarms_norm_kernel,action_expert.step05.layer12._adarms_norm_kernel.line1878,2816.0000000000005,123008.0,0.0,358400.0,713440.0,657078272.0,2400256.0,5.12,0.0,1.62,4.17,8.19,4.41,0.0
1959,action_expert,FFN up,Expert: FFN gate/up + GELU product,_matmul_small_gate,action_expert.step05.layer12._matmul_small_gate.line1887,26976.0,19352704.0,1073741824.0,2883584.0,24049024.0,6302177280.0,23224320.0,83.33,34.08,34.08,20.54,8.33,7.13,17.04
1960,action_expert,FFN down,Expert: FFN down + gated residual,_matmul_small_res_gate_ffn_down,action_expert.step05.layer12._matmul_small_res_gate_ffn_down.line1904,16128.000000000002,10160000.0,536870912.0,131072.0,40642496.0,3688652800.0,13869056.0,73.26,29.11,29.11,42.0,8.33,8.93,14.55
1961,action_expert,Norm / residual,Expert: AdaRMS (pre-attention),_adarms_norm_kernel,action_expert.step05.layer13._adarms_norm_kernel.line1785,2816.0000000000005,123008.0,0.0,358400.0,714336.0,658526208.0,2392064.0,5.14,0.0,1.62,4.17,8.14,4.04,0.0
1962,action_expert,QKV,Expert: QKV projection + Gemma RoPE,_matmul_gemma_rope_qkv,action_expert.step05.layer13._matmul_gemma_rope_qkv.line1794,27072.0,6094848.0,335544320.0,442368.0,12506464.0,6407620608.0,23330816.0,26.12,10.47,10.47,7.5,8.33,4.31,5.24
1963,action_expert,QK,Expert: Attention QKᵀ + scale,_matmul_abt_scale,action_expert.step05.layer13._matmul_abt_scale.line1832,6272.0,829696.0,211288064.0,412672.0,14511968.0,1423034368.0,5373952.0,15.44,29.7,29.7,38.85,32.88,11.78,14.85
1964,action_expert,Softmax,Expert: Prefix/suffix masked softmax,_softmax_prefix_suffix_mask_vector,action_expert.step05.layer13._softmax_prefix_suffix_mask_vector.line1844,5600.000000000001,1715840.0,0.0,1913600.0,2879392.0,1312438272.0,4784128.0,35.87,0.0,7.05,9.16,8.98,9.11,0.0
1965,action_expert,PV,Expert: Attention P × V,_matmul_small,action_expert.step05.layer13._matmul_small.line1854,8096.0,1661952.0,218103808.0,0.0,16233088.0,1856208896.0,6979584.0,23.81,23.5,23.5,33.36,9.45,7.02,11.75
1966,action_expert,O projection,Expert: Attention output + gated residual,_matmul_small_res_gate_oproj,action_expert.step05.layer13._matmul_small_res_gate_oproj.line1865,9888.0,5264256.0,268435456.0,131072.0,15578432.0,2274031616.0,8503296.0,61.91,23.61,23.61,26.18,8.32,6.82,11.8
1967,action_expert,Norm / residual,Expert: AdaRMS (pre-FFN),_adarms_norm_kernel,action_expert.step05.layer13._adarms_norm_kernel.line1878,2848.0,122880.0,0.0,358400.0,713472.0,666533888.0,2424832.0,5.07,0.0,1.6,4.11,8.14,4.25,0.0
1968,action_expert,FFN up,Expert: FFN gate/up + GELU product,_matmul_small_gate,action_expert.step05.layer13._matmul_small_gate.line1887,26624.0,19261184.0,1073741824.0,2883584.0,24050048.0,6219988992.0,22937600.0,83.97,34.53,34.53,20.81,8.33,7.09,17.26
1969,action_expert,FFN down,Expert: FFN down + gated residual,_matmul_small_res_gate_ffn_down,action_expert.step05.layer13._matmul_small_res_gate_ffn_down.line1904,15648.0,10076672.0,536870912.0,131072.0,40695584.0,3575195648.0,13467648.0,74.82,30.03,30.03,43.36,8.33,8.93,15.02
1970,action_expert,Norm / residual,Expert: AdaRMS (pre-attention),_adarms_norm_kernel,action_expert.step05.layer14._adarms_norm_kernel.line1785,2816.0000000000005,123008.0,0.0,358400.0,713568.0,660201472.0,2408448.0,5.11,0.0,1.61,4.15,8.18,4.3,0.0
1971,action_expert,QKV,Expert: QKV projection + Gemma RoPE,_matmul_gemma_rope_qkv,action_expert.step05.layer14._matmul_gemma_rope_qkv.line1794,27104.0,6086144.0,335544320.0,442368.0,12506560.0,6415179776.0,23379968.0,26.03,10.46,10.46,7.49,8.33,4.35,5.23
1972,action_expert,QK,Expert: Attention QKᵀ + scale,_matmul_abt_scale,action_expert.step05.layer14._matmul_abt_scale.line1832,6304.0,829312.0,211288064.0,412672.0,14511872.0,1434877952.0,5398528.0,15.36,29.45,29.45,38.56,33.02,11.91,14.73
1973,action_expert,Softmax,Expert: Prefix/suffix masked softmax,_softmax_prefix_suffix_mask_vector,action_expert.step05.layer14._softmax_prefix_suffix_mask_vector.line1844,5344.0,1720064.0,0.0,1913600.0,2863616.0,1257166848.0,4595712.0,37.43,0.0,7.36,9.56,8.96,9.0,0.0
1974,action_expert,PV,Expert: Attention P × V,_matmul_small,action_expert.step05.layer14._matmul_small.line1854,7904.000000000001,1652480.0,218103808.0,0.0,16234752.0,1810356224.0,6782976.0,24.36,24.1,24.1,34.22,9.44,7.15,12.05
1975,action_expert,O projection,Expert: Attention output + gated residual,_matmul_small_res_gate_oproj,action_expert.step05.layer14._matmul_small_res_gate_oproj.line1865,10144.000000000002,5362944.0,268435456.0,131072.0,15579712.0,2333091840.0,8699904.0,61.64,23.01,23.01,25.53,8.32,6.39,11.51
1976,action_expert,Norm / residual,Expert: AdaRMS (pre-FFN),_adarms_norm_kernel,action_expert.step05.layer14._adarms_norm_kernel.line1878,2848.0,123264.0,0.0,358400.0,712800.0,663934976.0,2441216.0,5.05,0.0,1.6,4.12,8.12,4.07,0.0
1977,action_expert,FFN up,Expert: FFN gate/up + GELU product,_matmul_small_gate,action_expert.step05.layer14._matmul_small_gate.line1887,26624.0,19227392.0,1073741824.0,2883584.0,24050624.0,6227206144.0,22953984.0,83.76,34.49,34.49,20.77,8.33,7.12,17.24
1978,action_expert,FFN down,Expert: FFN down + gated residual,_matmul_small_res_gate_ffn_down,action_expert.step05.layer14._matmul_small_res_gate_ffn_down.line1904,15744.0,10218880.0,536870912.0,131072.0,40642016.0,3605682176.0,13549568.0,75.42,29.78,29.78,42.97,8.33,8.98,14.89
1979,action_expert,Norm / residual,Expert: AdaRMS (pre-attention),_adarms_norm_kernel,action_expert.step05.layer15._adarms_norm_kernel.line1785,2816.0000000000005,123264.0,0.0,358400.0,712480.0,658305024.0,2383872.0,5.17,0.0,1.62,4.16,8.14,4.22,0.0
1980,action_expert,QKV,Expert: QKV projection + Gemma RoPE,_matmul_gemma_rope_qkv,action_expert.step05.layer15._matmul_gemma_rope_qkv.line1794,27168.0,6068992.0,335544320.0,442368.0,12512128.0,6426552320.0,23404544.0,25.93,10.44,10.44,7.48,8.33,4.24,5.22
1981,action_expert,QK,Expert: Attention QKᵀ + scale,_matmul_abt_scale,action_expert.step05.layer15._matmul_abt_scale.line1832,6336.0,824064.0,211288064.0,412672.0,14507776.0,1445062656.0,5455872.0,15.1,29.24,29.24,38.26,32.98,11.9,14.62
1982,action_expert,Softmax,Expert: Prefix/suffix masked softmax,_softmax_prefix_suffix_mask_vector,action_expert.step05.layer15._softmax_prefix_suffix_mask_vector.line1844,5440.0,1712000.0,0.0,1913600.0,2876896.0,1266786304.0,4620288.0,37.05,0.0,7.31,9.49,9.01,8.73,0.0
1983,action_expert,PV,Expert: Attention P × V,_matmul_small,action_expert.step05.layer15._matmul_small.line1854,8096.0,1666176.0,218103808.0,0.0,16219584.0,1851129856.0,6946816.0,23.98,23.56,23.56,33.43,9.44,6.94,11.78
1984,action_expert,O projection,Expert: Attention output + gated residual,_matmul_small_res_gate_oproj,action_expert.step05.layer15._matmul_small_res_gate_oproj.line1865,10080.0,5329280.0,268435456.0,131072.0,15580256.0,2316943360.0,8650752.0,61.6,23.17,23.17,25.7,8.32,6.81,11.59
1985,action_expert,Norm / residual,Expert: AdaRMS (pre-FFN),_adarms_norm_kernel,action_expert.step05.layer15._adarms_norm_kernel.line1878,2784.0000000000005,123904.0,0.0,358400.0,705952.0,653920256.0,2392064.0,5.18,0.0,1.63,4.15,8.06,4.35,0.0
1986,action_expert,FFN up,Expert: FFN gate/up + GELU product,_matmul_small_gate,action_expert.step05.layer15._matmul_small_gate.line1887,26688.000000000004,19226368.0,1073741824.0,2883584.0,24050624.0,6238535680.0,22994944.0,83.61,34.42,34.42,20.74,8.33,7.08,17.21
1987,action_expert,FFN down,Expert: FFN down + gated residual,_matmul_small_res_gate_ffn_down,action_expert.step05.layer15._matmul_small_res_gate_ffn_down.line1904,16320.0,10232576.0,536870912.0,131072.0,40642304.0,3740966912.0,14049280.0,72.83,28.7,28.7,41.42,8.33,8.96,14.35
1988,action_expert,Norm / residual,Expert: AdaRMS (pre-attention),_adarms_norm_kernel,action_expert.step05.layer16._adarms_norm_kernel.line1785,3104.0000000000005,123008.0,0.0,358400.0,709792.0,727095296.0,2654208.0,4.63,0.0,1.46,3.75,8.04,4.13,0.0
1989,action_expert,QKV,Expert: QKV projection + Gemma RoPE,_matmul_gemma_rope_qkv,action_expert.step05.layer16._matmul_gemma_rope_qkv.line1794,26944.0,6108928.0,335544320.0,442368.0,12506400.0,6373988352.0,23224320.0,26.3,10.53,10.53,7.54,8.33,4.32,5.26
1990,action_expert,QK,Expert: Attention QKᵀ + scale,_matmul_abt_scale,action_expert.step05.layer16._matmul_abt_scale.line1832,6400.000000000001,827648.0,211288064.0,412672.0,14512096.0,1453443072.0,5472256.0,15.12,29.07,29.07,38.02,32.72,11.88,14.54
1991,action_expert,Softmax,Expert: Prefix/suffix masked softmax,_softmax_prefix_suffix_mask_vector,action_expert.step05.layer16._softmax_prefix_suffix_mask_vector.line1844,5568.000000000001,1721600.0,0.0,1913600.0,2880448.0,1300590592.0,4767744.0,36.11,0.0,7.12,9.24,8.96,8.75,0.0
1992,action_expert,PV,Expert: Attention P × V,_matmul_small,action_expert.step05.layer16._matmul_small.line1854,8192.0,1655168.0,218103808.0,0.0,16236640.0,1876422656.0,7045120.0,23.49,23.25,23.25,33.05,9.45,7.08,11.62
1993,action_expert,O projection,Expert: Attention output + gated residual,_matmul_small_res_gate_oproj,action_expert.step05.layer16._matmul_small_res_gate_oproj.line1865,9600.000000000002,5206016.0,268435456.0,131072.0,15578336.0,2206349312.0,8224768.0,63.3,24.33,24.33,26.98,8.32,6.78,12.17
1994,action_expert,Norm / residual,Expert: AdaRMS (pre-FFN),_adarms_norm_kernel,action_expert.step05.layer16._adarms_norm_kernel.line1878,2912.0000000000005,123008.0,0.0,358400.0,713024.0,679434240.0,2473984.0,4.97,0.0,1.57,4.03,8.16,4.3,0.0
1995,action_expert,FFN up,Expert: FFN gate/up + GELU product,_matmul_small_gate,action_expert.step05.layer16._matmul_small_gate.line1887,26688.000000000004,19263232.0,1073741824.0,2883584.0,24042592.0,6237112320.0,23003136.0,83.74,34.43,34.43,20.75,8.33,7.06,17.22
1996,action_expert,FFN down,Expert: FFN down + gated residual,_matmul_small_res_gate_ffn_down,action_expert.step05.layer16._matmul_small_res_gate_ffn_down.line1904,15776.0,10191488.0,536870912.0,131072.0,40642656.0,3605684224.0,13574144.0,75.08,29.78,29.78,42.96,8.33,8.86,14.89
1997,action_expert,Norm / residual,Expert: AdaRMS (pre-attention),_adarms_norm_kernel,action_expert.step05.layer17._adarms_norm_kernel.line1785,2816.0000000000005,122624.0,0.0,358400.0,714080.0,656064512.0,2375680.0,5.16,0.0,1.62,4.18,8.17,4.19,0.0
1998,action_expert,QKV,Expert: QKV projection + Gemma RoPE,_matmul_gemma_rope_qkv,action_expert.step05.layer17._matmul_gemma_rope_qkv.line1794,27296.0,6045312.0,335544320.0,442368.0,12506592.0,6461818880.0,23511040.0,25.71,10.39,10.39,7.44,8.33,4.33,5.19
1999,action_expert,QK,Expert: Attention QKᵀ + scale,_matmul_abt_scale,action_expert.step05.layer17._matmul_abt_scale.line1832,6176.000000000001,831872.0,211288064.0,412672.0,14511328.0,1404618752.0,5300224.0,15.7,30.08,30.08,39.34,33.12,11.85,15.04
2000,action_expert,Softmax,Expert: Prefix/suffix masked softmax,_softmax_prefix_suffix_mask_vector,action_expert.step05.layer17._softmax_prefix_suffix_mask_vector.line1844,5440.0,1713408.0,0.0,1913600.0,2893600.0,1277710336.0,4685824.0,36.57,0.0,7.24,9.41,8.94,8.95,0.0
2001,action_expert,PV,Expert: Attention P × V,_matmul_small,action_expert.step05.layer17._matmul_small.line1854,8320.0,1666304.0,218103808.0,0.0,16236480.0,1906681856.0,7143424.0,23.33,22.88,22.88,32.5,9.46,7.03,11.44
2002,action_expert,O projection,Expert: Attention output + gated residual,_matmul_small_res_gate_oproj,action_expert.step05.layer17._matmul_small_res_gate_oproj.line1865,10208.000000000002,5215104.0,268435456.0,131072.0,15579872.0,2352259072.0,8757248.0,59.55,22.82,22.82,25.32,8.32,6.85,11.41
2003,action_expert,Norm / residual,Expert: AdaRMS (pre-FFN),_adarms_norm_kernel,action_expert.step05.layer17._adarms_norm_kernel.line1878,3040.0,123136.0,0.0,358400.0,710528.0,711528448.0,2588672.0,4.76,0.0,1.5,3.84,8.09,3.98,0.0
2004,action_expert,FFN up,Expert: FFN gate/up + GELU product,_matmul_small_gate,action_expert.step05.layer17._matmul_small_gate.line1887,26688.000000000004,19291264.0,1073741824.0,2883584.0,24051584.0,6238447616.0,23003136.0,83.86,34.42,34.42,20.75,8.33,7.04,17.21
2005,action_expert,FFN down,Expert: FFN down + gated residual,_matmul_small_res_gate_ffn_down,action_expert.step05.layer17._matmul_small_res_gate_ffn_down.line1904,15744.0,10203392.0,536870912.0,131072.0,40643200.0,3603701760.0,13565952.0,75.21,29.8,29.8,42.99,8.33,8.78,14.9
2006,action_expert,Norm / residual,Expert: AdaRMS (final),_adarms_norm_kernel,action_expert.step05.layer-1._adarms_norm_kernel.line1922,2848.0,122240.0,0.0,358400.0,714368.0,662558720.0,2408448.0,5.08,0.0,1.61,4.14,8.23,4.32,0.0
2007,action_expert,Action IO,Expert: Action head + Euler update,_matmul_small_bias_res,action_expert.step05.layer-1._matmul_small_bias_res.line1931,3936.0,211072.0,8388608.0,4096.0,602144.0,919250944.0,3342336.0,6.32,1.83,1.83,3.09,8.32,8.43,0.91
2008,action_expert,Action IO,Expert: Action input projection + bias,_matmul_small_bias,action_expert.step06.layer-1._matmul_small_bias.line1770,2528.0,84224.0,4194304.0,32768.0,464800.0,584556544.0,2146304.0,3.92,1.44,3.05,3.51,8.32,7.32,0.72
2009,action_expert,Norm / residual,Expert: AdaRMS (pre-attention),_adarms_norm_kernel,action_expert.step06.layer00._adarms_norm_kernel.line1785,2816.0000000000005,122880.0,0.0,358400.0,712096.0,657334272.0,2383872.0,5.15,0.0,1.62,4.16,8.22,4.13,0.0
2010,action_expert,QKV,Expert: QKV projection + Gemma RoPE,_matmul_gemma_rope_qkv,action_expert.step06.layer00._matmul_gemma_rope_qkv.line1794,26944.0,6123392.0,335544320.0,442368.0,12506432.0,6377793536.0,23240704.0,26.35,10.52,10.52,7.53,8.33,4.28,5.26
2011,action_expert,QK,Expert: Attention QKᵀ + scale,_matmul_abt_scale,action_expert.step06.layer00._matmul_abt_scale.line1832,6272.0,832128.0,211288064.0,412672.0,14507008.0,1427435520.0,5382144.0,15.46,29.6,29.6,38.73,32.88,11.8,14.8
2012,action_expert,Softmax,Expert: Prefix/suffix masked softmax,_softmax_prefix_suffix_mask_vector,action_expert.step06.layer00._softmax_prefix_suffix_mask_vector.line1844,5408.000000000001,1707008.0,0.0,1913600.0,2876448.0,1260969984.0,4620288.0,36.95,0.0,7.34,9.53,9.03,8.89,0.0
2013,action_expert,PV,Expert: Attention P × V,_matmul_small,action_expert.step06.layer00._matmul_small.line1854,8224.000000000002,1664000.0,218103808.0,0.0,16236480.0,1884487680.0,7053312.0,23.59,23.15,23.15,32.88,9.45,6.98,11.57
2014,action_expert,O projection,Expert: Attention output + gated residual,_matmul_small_res_gate_oproj,action_expert.step06.layer00._matmul_small_res_gate_oproj.line1865,10016.0,5382784.0,268435456.0,131072.0,15580032.0,2304038912.0,8617984.0,62.46,23.3,23.3,25.84,8.32,6.69,11.65
2015,action_expert,Norm / residual,Expert: AdaRMS (pre-FFN),_adarms_norm_kernel,action_expert.step06.layer00._adarms_norm_kernel.line1878,3008.0000000000005,122880.0,0.0,358400.0,713568.0,700162048.0,2547712.0,4.82,0.0,1.52,3.91,8.18,4.24,0.0
2016,action_expert,FFN up,Expert: FFN gate/up + GELU product,_matmul_small_gate,action_expert.step06.layer00._matmul_small_gate.line1887,26304.0,19190784.0,1073741824.0,2883584.0,24050688.0,6142871552.0,22659072.0,84.69,34.96,34.96,21.06,8.33,7.13,17.48
2017,action_expert,FFN down,Expert: FFN down + gated residual,_matmul_small_res_gate_ffn_down,action_expert.step06.layer00._matmul_small_res_gate_ffn_down.line1904,15968.0,10202496.0,536870912.0,131072.0,40642144.0,3649703936.0,13729792.0,74.31,29.42,29.42,42.45,8.33,8.88,14.71
2018,action_expert,Norm / residual,Expert: AdaRMS (pre-attention),_adarms_norm_kernel,action_expert.step06.layer01._adarms_norm_kernel.line1785,2880.0000000000005,122880.0,0.0,358400.0,713760.0,674084864.0,2457600.0,5.0,0.0,1.58,4.07,8.19,3.88,0.0
2019,action_expert,QKV,Expert: QKV projection + Gemma RoPE,_matmul_gemma_rope_qkv,action_expert.step06.layer01._matmul_gemma_rope_qkv.line1794,26848.0,6093440.0,335544320.0,442368.0,12506464.0,6351439872.0,23126016.0,26.35,10.57,10.57,7.57,8.33,4.29,5.28
2020,action_expert,QK,Expert: Attention QKᵀ + scale,_matmul_abt_scale,action_expert.step06.layer01._matmul_abt_scale.line1832,6176.000000000001,827776.0,211288064.0,412672.0,14509248.0,1400870912.0,5275648.0,15.69,30.17,30.17,39.48,32.98,11.77,15.08
2021,action_expert,Softmax,Expert: Prefix/suffix masked softmax,_softmax_prefix_suffix_mask_vector,action_expert.step06.layer01._softmax_prefix_suffix_mask_vector.line1844,5536.0,1713664.0,0.0,1913600.0,2877600.0,1295429632.0,4734976.0,36.19,0.0,7.15,9.28,8.95,8.65,0.0
2022,action_expert,PV,Expert: Attention P × V,_matmul_small,action_expert.step06.layer01._matmul_small.line1854,8064.000000000001,1653760.0,218103808.0,0.0,16236480.0,1846257664.0,6930432.0,23.86,23.63,23.63,33.56,9.46,7.0,11.81
2023,action_expert,O projection,Expert: Attention output + gated residual,_matmul_small_res_gate_oproj,action_expert.step06.layer01._matmul_small_res_gate_oproj.line1865,9920.0,5280768.0,268435456.0,131072.0,15578272.0,2278092800.0,8503296.0,62.1,23.57,23.57,26.12,8.32,6.66,11.78
2024,action_expert,Norm / residual,Expert: AdaRMS (pre-FFN),_adarms_norm_kernel,action_expert.step06.layer01._adarms_norm_kernel.line1878,3008.0000000000005,122880.0,0.0,358400.0,710400.0,707751936.0,2572288.0,4.78,0.0,1.5,3.85,8.14,4.05,0.0
2025,action_expert,FFN up,Expert: FFN gate/up + GELU product,_matmul_small_gate,action_expert.step06.layer01._matmul_small_gate.line1887,26944.0,19200512.0,1073741824.0,2883584.0,24052480.0,6299729920.0,23216128.0,82.7,34.09,34.09,20.55,8.33,7.12,17.04
2026,action_expert,FFN down,Expert: FFN down + gated residual,_matmul_small_res_gate_ffn_down,action_expert.step06.layer01._matmul_small_res_gate_ffn_down.line1904,15488.000000000002,10100992.0,536870912.0,131072.0,40641472.0,3544352768.0,13344768.0,75.69,30.29,30.29,43.71,8.33,9.08,15.15
2027,action_expert,Norm / residual,Expert: AdaRMS (pre-attention),_adarms_norm_kernel,action_expert.step06.layer02._adarms_norm_kernel.line1785,2816.0000000000005,122752.0,0.0,358400.0,714208.0,652109824.0,2392064.0,5.13,0.0,1.63,4.2,8.17,4.25,0.0
2028,action_expert,QKV,Expert: QKV projection + Gemma RoPE,_matmul_gemma_rope_qkv,action_expert.step06.layer02._matmul_gemma_rope_qkv.line1794,27104.0,6106240.0,335544320.0,442368.0,12505376.0,6415585280.0,23363584.0,26.14,10.46,10.46,7.49,8.33,4.27,5.23
2029,action_expert,QK,Expert: Attention QKᵀ + scale,_matmul_abt_scale,action_expert.step06.layer02._matmul_abt_scale.line1832,6304.0,824192.0,211288064.0,412672.0,14508928.0,1429291008.0,5390336.0,15.29,29.57,29.57,38.65,33.0,11.82,14.78
2030,action_expert,Softmax,Expert: Prefix/suffix masked softmax,_softmax_prefix_suffix_mask_vector,action_expert.step06.layer02._softmax_prefix_suffix_mask_vector.line1844,5696.0,1715584.0,0.0,1913600.0,2862176.0,1338411008.0,4890624.0,35.08,0.0,6.92,8.98,9.01,9.06,0.0
2031,action_expert,PV,Expert: Attention P × V,_matmul_small,action_expert.step06.layer02._matmul_small.line1854,8160.0,1679744.0,218103808.0,0.0,16236416.0,1864509440.0,7004160.0,23.98,23.4,23.4,33.22,9.44,7.07,11.7
2032,action_expert,O projection,Expert: Attention output + gated residual,_matmul_small_res_gate_oproj,action_expert.step06.layer02._matmul_small_res_gate_oproj.line1865,10208.000000000002,5224960.0,268435456.0,131072.0,15580256.0,2348488704.0,8765440.0,59.61,22.86,22.86,25.36,8.32,6.92,11.43
2033,action_expert,Norm / residual,Expert: AdaRMS (pre-FFN),_adarms_norm_kernel,action_expert.step06.layer02._adarms_norm_kernel.line1878,2848.0,122752.0,0.0,358400.0,712864.0,662700032.0,2424832.0,5.06,0.0,1.61,4.13,8.14,3.89,0.0
2034,action_expert,FFN up,Expert: FFN gate/up + GELU product,_matmul_small_gate,action_expert.step06.layer02._matmul_small_gate.line1887,26400.0,19226880.0,1073741824.0,2883584.0,24049632.0,6174810112.0,22773760.0,84.43,34.78,34.78,20.95,8.33,7.14,17.39
2035,action_expert,FFN down,Expert: FFN down + gated residual,_matmul_small_res_gate_ffn_down,action_expert.step06.layer02._matmul_small_res_gate_ffn_down.line1904,15712.000000000002,10137344.0,536870912.0,131072.0,40642208.0,3589386240.0,13516800.0,75.0,29.91,29.91,43.17,8.33,9.01,14.96
2036,action_expert,Norm / residual,Expert: AdaRMS (pre-attention),_adarms_norm_kernel,action_expert.step06.layer03._adarms_norm_kernel.line1785,3040.0,123392.0,0.0,358400.0,710432.0,712857600.0,2605056.0,4.74,0.0,1.49,3.83,8.1,3.61,0.0
2037,action_expert,QKV,Expert: QKV projection + Gemma RoPE,_matmul_gemma_rope_qkv,action_expert.step06.layer03._matmul_gemma_rope_qkv.line1794,27360.000000000004,6065152.0,335544320.0,442368.0,12506528.0,6474514432.0,23560192.0,25.74,10.37,10.37,7.42,8.33,4.31,5.18
2038,action_expert,QK,Expert: Attention QKᵀ + scale,_matmul_abt_scale,action_expert.step06.layer03._matmul_abt_scale.line1832,6400.000000000001,830336.0,211288064.0,412672.0,14509408.0,1455155200.0,5472256.0,15.17,29.04,29.04,38.01,32.81,11.8,14.52
2039,action_expert,Softmax,Expert: Prefix/suffix masked softmax,_softmax_prefix_suffix_mask_vector,action_expert.step06.layer03._softmax_prefix_suffix_mask_vector.line1844,5568.000000000001,1715584.0,0.0,1913600.0,2879392.0,1299259392.0,4734976.0,36.23,0.0,7.12,9.26,8.99,8.95,0.0
2040,action_expert,PV,Expert: Attention P × V,_matmul_small,action_expert.step06.layer03._matmul_small.line1854,8032.0,1650176.0,218103808.0,0.0,16236128.0,1842409472.0,6914048.0,23.87,23.68,23.68,33.66,9.45,7.03,11.84
2041,action_expert,O projection,Expert: Attention output + gated residual,_matmul_small_res_gate_oproj,action_expert.step06.layer03._matmul_small_res_gate_oproj.line1865,9440.000000000002,5188096.0,268435456.0,131072.0,15579616.0,2169344000.0,8110080.0,63.97,24.75,24.75,27.43,8.32,7.02,12.37
2042,action_expert,Norm / residual,Expert: AdaRMS (pre-FFN),_adarms_norm_kernel,action_expert.step06.layer03._adarms_norm_kernel.line1878,2848.0,123264.0,0.0,358400.0,713376.0,661442560.0,2408448.0,5.12,0.0,1.61,4.14,8.15,4.14,0.0
2043,action_expert,FFN up,Expert: FFN gate/up + GELU product,_matmul_small_gate,action_expert.step06.layer03._matmul_small_gate.line1887,26656.0,19261312.0,1073741824.0,2883584.0,24052224.0,6229854208.0,22970368.0,83.85,34.47,34.47,20.78,8.33,7.12,17.24
2044,action_expert,FFN down,Expert: FFN down + gated residual,_matmul_small_res_gate_ffn_down,action_expert.step06.layer03._matmul_small_res_gate_ffn_down.line1904,15584.000000000002,10102528.0,536870912.0,131072.0,40621440.0,3562328064.0,13418496.0,75.29,30.14,30.14,43.47,8.33,8.83,15.07
2045,action_expert,Norm / residual,Expert: AdaRMS (pre-attention),_adarms_norm_kernel,action_expert.step06.layer04._adarms_norm_kernel.line1785,2912.0000000000005,123136.0,0.0,358400.0,713376.0,677265408.0,2457600.0,5.01,0.0,1.57,4.05,8.16,4.27,0.0
2046,action_expert,QKV,Expert: QKV projection + Gemma RoPE,_matmul_gemma_rope_qkv,action_expert.step06.layer04._matmul_gemma_rope_qkv.line1794,26912.000000000004,6166912.0,335544320.0,442368.0,12506304.0,6368628736.0,23199744.0,26.58,10.54,10.54,7.55,8.33,4.32,5.27
2047,action_expert,QK,Expert: Attention QKᵀ + scale,_matmul_abt_scale,action_expert.step06.layer04._matmul_abt_scale.line1832,6464.0,827392.0,211288064.0,412672.0,14507360.0,1466284032.0,5521408.0,14.99,28.82,28.82,37.7,32.76,11.82,14.41
2048,action_expert,Softmax,Expert: Prefix/suffix masked softmax,_softmax_prefix_suffix_mask_vector,action_expert.step06.layer04._softmax_prefix_suffix_mask_vector.line1844,5536.0,1713664.0,0.0,1913600.0,2876992.0,1293154304.0,4726784.0,36.25,0.0,7.16,9.29,8.94,9.01,0.0
2049,action_expert,PV,Expert: Attention P × V,_matmul_small,action_expert.step06.layer04._matmul_small.line1854,8096.0,1664768.0,218103808.0,0.0,16233248.0,1849196544.0,6938624.0,23.99,23.59,23.59,33.51,9.44,7.11,11.79
2050,action_expert,O projection,Expert: Attention output + gated residual,_matmul_small_res_gate_oproj,action_expert.step06.layer04._matmul_small_res_gate_oproj.line1865,9472.0,5278848.0,268435456.0,131072.0,15579744.0,2173876224.0,8126464.0,64.96,24.7,24.7,27.4,8.32,6.89,12.35
2051,action_expert,Norm / residual,Expert: AdaRMS (pre-FFN),_adarms_norm_kernel,action_expert.step06.layer04._adarms_norm_kernel.line1878,2880.0000000000005,123008.0,0.0,358400.0,713824.0,674424832.0,2449408.0,5.02,0.0,1.58,4.06,8.16,4.21,0.0
2052,action_expert,FFN up,Expert: FFN gate/up + GELU product,_matmul_small_gate,action_expert.step06.layer04._matmul_small_gate.line1887,26976.0,19297024.0,1073741824.0,2883584.0,24049664.0,6309179392.0,23248896.0,83.0,34.04,34.04,20.52,8.33,7.07,17.02
2053,action_expert,FFN down,Expert: FFN down + gated residual,_matmul_small_res_gate_ffn_down,action_expert.step06.layer04._matmul_small_res_gate_ffn_down.line1904,16576.000000000004,10139392.0,536870912.0,131072.0,40644256.0,3796408320.0,14254080.0,71.13,28.28,28.28,40.83,8.33,8.89,14.14
2054,action_expert,Norm / residual,Expert: AdaRMS (pre-attention),_adarms_norm_kernel,action_expert.step06.layer05._adarms_norm_kernel.line1785,2848.0,122752.0,0.0,358400.0,713632.0,662642688.0,2416640.0,5.08,0.0,1.61,4.14,8.15,4.3,0.0
2055,action_expert,QKV,Expert: QKV projection + Gemma RoPE,_matmul_gemma_rope_qkv,action_expert.step06.layer05._matmul_gemma_rope_qkv.line1794,27328.000000000004,6150528.0,335544320.0,442368.0,12492768.0,6465538048.0,23543808.0,26.12,10.38,10.38,7.42,8.33,4.36,5.19
2056,action_expert,QK,Expert: Attention QKᵀ + scale,_matmul_abt_scale,action_expert.step06.layer05._matmul_abt_scale.line1832,6208.000000000001,827392.0,211288064.0,412672.0,14507008.0,1413476352.0,5324800.0,15.54,29.9,29.9,39.11,33.0,11.74,14.95
2057,action_expert,Softmax,Expert: Prefix/suffix masked softmax,_softmax_prefix_suffix_mask_vector,action_expert.step06.layer05._softmax_prefix_suffix_mask_vector.line1844,5600.000000000001,1721984.0,0.0,1913600.0,2876544.0,1309743104.0,4800512.0,35.87,0.0,7.07,9.18,8.98,8.77,0.0
2058,action_expert,PV,Expert: Attention P × V,_matmul_small,action_expert.step06.layer05._matmul_small.line1854,8160.0,1665664.0,218103808.0,0.0,16233216.0,1868754944.0,6995968.0,23.81,23.34,23.34,33.15,9.46,7.17,11.67
2059,action_expert,O projection,Expert: Attention output + gated residual,_matmul_small_res_gate_oproj,action_expert.step06.layer05._matmul_small_res_gate_oproj.line1865,9888.0,5449344.0,268435456.0,131072.0,15579520.0,2281482240.0,8511488.0,64.02,23.53,23.53,26.08,8.32,6.92,11.77
2060,action_expert,Norm / residual,Expert: AdaRMS (pre-FFN),_adarms_norm_kernel,action_expert.step06.layer05._adarms_norm_kernel.line1878,3104.0000000000005,123392.0,0.0,358400.0,709504.0,721864704.0,2637824.0,4.68,0.0,1.48,3.78,7.86,3.99,0.0
2061,action_expert,FFN up,Expert: FFN gate/up + GELU product,_matmul_small_gate,action_expert.step06.layer05._matmul_small_gate.line1887,26592.000000000004,19136128.0,1073741824.0,2883584.0,24049824.0,6207840256.0,22888448.0,83.61,34.59,34.59,20.85,8.33,7.07,17.3
2062,action_expert,FFN down,Expert: FFN down + gated residual,_matmul_small_res_gate_ffn_down,action_expert.step06.layer05._matmul_small_res_gate_ffn_down.line1904,16192.0,10147328.0,536870912.0,131072.0,40641632.0,3709382656.0,13942784.0,72.78,28.95,28.95,41.78,8.33,8.85,14.47
2063,action_expert,Norm / residual,Expert: AdaRMS (pre-attention),_adarms_norm_kernel,action_expert.step06.layer06._adarms_norm_kernel.line1785,2976.0000000000005,122880.0,0.0,358400.0,713856.0,698869760.0,2547712.0,4.82,0.0,1.52,3.93,8.14,4.08,0.0
2064,action_expert,QKV,Expert: QKV projection + Gemma RoPE,_matmul_gemma_rope_qkv,action_expert.step06.layer06._matmul_gemma_rope_qkv.line1794,27296.0,6070016.0,335544320.0,442368.0,12506304.0,6461286400.0,23519232.0,25.81,10.39,10.39,7.43,8.33,4.33,5.19
2065,action_expert,QK,Expert: Attention QKᵀ + scale,_matmul_abt_scale,action_expert.step06.layer06._matmul_abt_scale.line1832,6272.0,828032.0,211288064.0,412672.0,14507200.0,1422215168.0,5382144.0,15.38,29.71,29.71,38.83,32.96,11.91,14.86
2066,action_expert,Softmax,Expert: Prefix/suffix masked softmax,_softmax_prefix_suffix_mask_vector,action_expert.step06.layer06._softmax_prefix_suffix_mask_vector.line1844,5568.000000000001,1714432.0,0.0,1913600.0,2878400.0,1304707072.0,4767744.0,35.96,0.0,7.1,9.22,9.01,9.04,0.0
2067,action_expert,PV,Expert: Attention P × V,_matmul_small,action_expert.step06.layer06._matmul_small.line1854,7872.0,1658752.0,218103808.0,0.0,16219264.0,1797836800.0,6733824.0,24.63,24.26,24.26,34.42,9.44,6.94,12.13
2068,action_expert,O projection,Expert: Attention output + gated residual,_matmul_small_res_gate_oproj,action_expert.step06.layer06._matmul_small_res_gate_oproj.line1865,9952.0,5278592.0,268435456.0,131072.0,15579680.0,2288216064.0,8552448.0,61.72,23.46,23.46,26.04,8.32,6.82,11.73
2069,action_expert,Norm / residual,Expert: AdaRMS (pre-FFN),_adarms_norm_kernel,action_expert.step06.layer06._adarms_norm_kernel.line1878,2816.0000000000005,123136.0,0.0,358400.0,714208.0,655562752.0,2383872.0,5.17,0.0,1.62,4.19,8.16,4.15,0.0
2070,action_expert,FFN up,Expert: FFN gate/up + GELU product,_matmul_small_gate,action_expert.step06.layer06._matmul_small_gate.line1887,26656.0,19373568.0,1073741824.0,2883584.0,24050528.0,6231058432.0,22953984.0,84.4,34.46,34.46,20.77,8.33,7.11,17.23
2071,action_expert,FFN down,Expert: FFN down + gated residual,_matmul_small_res_gate_ffn_down,action_expert.step06.layer06._matmul_small_res_gate_ffn_down.line1904,16608.0,10491264.0,536870912.0,131072.0,40642464.0,3806740480.0,14295040.0,73.39,28.21,28.21,40.73,8.33,8.9,14.1
2072,action_expert,Norm / residual,Expert: AdaRMS (pre-attention),_adarms_norm_kernel,action_expert.step06.layer07._adarms_norm_kernel.line1785,3104.0000000000005,123008.0,0.0,358400.0,723744.0,728555520.0,2654208.0,4.63,0.0,1.46,3.82,8.14,4.07,0.0
2073,action_expert,QKV,Expert: QKV projection + Gemma RoPE,_matmul_gemma_rope_qkv,action_expert.step06.layer07._matmul_gemma_rope_qkv.line1794,26848.0,6147968.0,335544320.0,442368.0,12506304.0,6356480000.0,23150592.0,26.56,10.56,10.56,7.56,8.33,4.32,5.28
2074,action_expert,QK,Expert: Attention QKᵀ + scale,_matmul_abt_scale,action_expert.step06.layer07._matmul_abt_scale.line1832,6272.0,829696.0,211288064.0,412672.0,14508832.0,1422051328.0,5382144.0,15.42,29.72,29.72,38.88,32.89,11.74,14.86
2075,action_expert,Softmax,Expert: Prefix/suffix masked softmax,_softmax_prefix_suffix_mask_vector,action_expert.step06.layer07._softmax_prefix_suffix_mask_vector.line1844,5408.000000000001,1716736.0,0.0,1913600.0,2876704.0,1266767872.0,4653056.0,36.89,0.0,7.31,9.49,8.99,8.99,0.0
2076,action_expert,PV,Expert: Attention P × V,_matmul_small,action_expert.step06.layer07._matmul_small.line1854,8032.0,1648768.0,218103808.0,0.0,16236064.0,1829638144.0,6873088.0,23.99,23.84,23.84,33.85,9.44,7.11,11.92
2077,action_expert,O projection,Expert: Attention output + gated residual,_matmul_small_res_gate_oproj,action_expert.step06.layer07._matmul_small_res_gate_oproj.line1865,9472.0,5212544.0,268435456.0,131072.0,15579008.0,2173575168.0,8134656.0,64.08,24.7,24.7,27.36,8.32,6.77,12.35
2078,action_expert,Norm / residual,Expert: AdaRMS (pre-FFN),_adarms_norm_kernel,action_expert.step06.layer07._adarms_norm_kernel.line1878,2848.0,123008.0,0.0,358400.0,709248.0,662712320.0,2416640.0,5.09,0.0,1.61,4.11,8.18,4.23,0.0
2079,action_expert,FFN up,Expert: FFN gate/up + GELU product,_matmul_small_gate,action_expert.step06.layer07._matmul_small_gate.line1887,26592.000000000004,19323648.0,1073741824.0,2883584.0,24050304.0,6214705152.0,22929408.0,84.27,34.55,34.55,20.82,8.33,7.08,17.28
2080,action_expert,FFN down,Expert: FFN down + gated residual,_matmul_small_res_gate_ffn_down,action_expert.step06.layer07._matmul_small_res_gate_ffn_down.line1904,15552.0,10105600.0,536870912.0,131072.0,40641568.0,3557578752.0,13385728.0,75.5,30.18,30.18,43.55,8.33,8.81,15.09
2081,action_expert,Norm / residual,Expert: AdaRMS (pre-attention),_adarms_norm_kernel,action_expert.step06.layer08._adarms_norm_kernel.line1785,2880.0000000000005,123392.0,0.0,358400.0,714880.0,668600320.0,2424832.0,5.09,0.0,1.59,4.1,8.13,3.83,0.0
2082,action_expert,QKV,Expert: QKV projection + Gemma RoPE,_matmul_gemma_rope_qkv,action_expert.step06.layer08._matmul_gemma_rope_qkv.line1794,26848.0,6100480.0,335544320.0,442368.0,12506176.0,6355591168.0,23150592.0,26.35,10.56,10.56,7.56,8.33,4.31,5.28
2083,action_expert,QK,Expert: Attention QKᵀ + scale,_matmul_abt_scale,action_expert.step06.layer08._matmul_abt_scale.line1832,6208.000000000001,827904.0,211288064.0,412672.0,14510976.0,1412460544.0,5332992.0,15.52,29.92,29.92,39.12,32.84,11.89,14.96
2084,action_expert,Softmax,Expert: Prefix/suffix masked softmax,_softmax_prefix_suffix_mask_vector,action_expert.step06.layer08._softmax_prefix_suffix_mask_vector.line1844,5408.000000000001,1712768.0,0.0,1913600.0,2868128.0,1262440448.0,4620288.0,37.07,0.0,7.33,9.52,8.96,9.01,0.0
2085,action_expert,PV,Expert: Attention P × V,_matmul_small,action_expert.step06.layer08._matmul_small.line1854,7968.000000000001,1660032.0,218103808.0,0.0,16235264.0,1818120192.0,6832128.0,24.3,23.99,23.99,34.07,9.44,7.14,12.0
2086,action_expert,O projection,Expert: Attention output + gated residual,_matmul_small_res_gate_oproj,action_expert.step06.layer08._matmul_small_res_gate_oproj.line1865,9888.0,5307776.0,268435456.0,131072.0,15581408.0,2278711296.0,8503296.0,62.42,23.56,23.56,26.14,8.32,6.65,11.78
2087,action_expert,Norm / residual,Expert: AdaRMS (pre-FFN),_adarms_norm_kernel,action_expert.step06.layer08._adarms_norm_kernel.line1878,2848.0,123136.0,0.0,358400.0,711520.0,663277568.0,2416640.0,5.1,0.0,1.61,4.12,8.13,4.21,0.0
2088,action_expert,FFN up,Expert: FFN gate/up + GELU product,_matmul_small_gate,action_expert.step06.layer08._matmul_small_gate.line1887,26656.0,19259648.0,1073741824.0,2883584.0,24050144.0,6228787200.0,22953984.0,83.91,34.48,34.48,20.77,8.33,7.12,17.24
2089,action_expert,FFN down,Expert: FFN down + gated residual,_matmul_small_res_gate_ffn_down,action_expert.step06.layer08._matmul_small_res_gate_ffn_down.line1904,16160.000000000002,10224896.0,536870912.0,131072.0,40642720.0,3697768448.0,13901824.0,73.55,29.04,29.04,41.9,8.33,8.98,14.52
2090,action_expert,Norm / residual,Expert: AdaRMS (pre-attention),_adarms_norm_kernel,action_expert.step06.layer09._adarms_norm_kernel.line1785,2848.0,123264.0,0.0,358400.0,712384.0,661460992.0,2408448.0,5.12,0.0,1.61,4.14,8.14,4.18,0.0
2091,action_expert,QKV,Expert: QKV projection + Gemma RoPE,_matmul_gemma_rope_qkv,action_expert.step06.layer09._matmul_gemma_rope_qkv.line1794,26784.000000000004,6116352.0,335544320.0,442368.0,12504896.0,6330667008.0,23052288.0,26.53,10.6,10.6,7.59,8.33,4.37,5.3
2092,action_expert,QK,Expert: Attention QKᵀ + scale,_matmul_abt_scale,action_expert.step06.layer09._matmul_abt_scale.line1832,6336.0,829952.0,211288064.0,412672.0,14507424.0,1439690752.0,5439488.0,15.26,29.35,29.35,38.36,33.04,11.95,14.68
2093,action_expert,Softmax,Expert: Prefix/suffix masked softmax,_softmax_prefix_suffix_mask_vector,action_expert.step06.layer09._softmax_prefix_suffix_mask_vector.line1844,5376.000000000001,1717888.0,0.0,1913600.0,2877568.0,1258369024.0,4603904.0,37.31,0.0,7.36,9.55,9.01,8.6,0.0
2094,action_expert,PV,Expert: Attention P × V,_matmul_small,action_expert.step06.layer09._matmul_small.line1854,7936.0,1649280.0,218103808.0,0.0,16236352.0,1815785472.0,6815744.0,24.2,24.02,24.02,34.14,9.43,7.06,12.01
2095,action_expert,O projection,Expert: Attention output + gated residual,_matmul_small_res_gate_oproj,action_expert.step06.layer09._matmul_small_res_gate_oproj.line1865,9632.0,5139200.0,268435456.0,131072.0,15579808.0,2219005952.0,8298496.0,61.93,24.19,24.19,26.84,8.32,6.88,12.1
2096,action_expert,Norm / residual,Expert: AdaRMS (pre-FFN),_adarms_norm_kernel,action_expert.step06.layer09._adarms_norm_kernel.line1878,2848.0,123008.0,0.0,358400.0,712128.0,666916864.0,2416640.0,5.09,0.0,1.6,4.1,8.2,4.14,0.0
2097,action_expert,FFN up,Expert: FFN gate/up + GELU product,_matmul_small_gate,action_expert.step06.layer09._matmul_small_gate.line1887,26784.000000000004,19399424.0,1073741824.0,2883584.0,24050304.0,6256609280.0,23068672.0,84.09,34.32,34.32,20.68,8.33,7.06,17.16
2098,action_expert,FFN down,Expert: FFN down + gated residual,_matmul_small_res_gate_ffn_down,action_expert.step06.layer09._matmul_small_res_gate_ffn_down.line1904,15776.0,10072192.0,536870912.0,131072.0,40642208.0,3613396992.0,13582336.0,74.16,29.72,29.72,42.88,8.33,9.0,14.86
2099,action_expert,Norm / residual,Expert: AdaRMS (pre-attention),_adarms_norm_kernel,action_expert.step06.layer10._adarms_norm_kernel.line1785,2816.0000000000005,123008.0,0.0,358400.0,711936.0,653680640.0,2375680.0,5.18,0.0,1.63,4.18,8.14,4.19,0.0
2100,action_expert,QKV,Expert: QKV projection + Gemma RoPE,_matmul_gemma_rope_qkv,action_expert.step06.layer10._matmul_gemma_rope_qkv.line1794,27168.0,6088064.0,335544320.0,442368.0,12505280.0,6425257984.0,23396352.0,26.02,10.44,10.44,7.48,8.33,4.3,5.22
2101,action_expert,QK,Expert: Attention QKᵀ + scale,_matmul_abt_scale,action_expert.step06.layer10._matmul_abt_scale.line1832,6240.0,827264.0,211288064.0,412672.0,14507008.0,1415403520.0,5349376.0,15.46,29.86,29.86,39.05,33.01,11.85,14.93
2102,action_expert,Softmax,Expert: Prefix/suffix masked softmax,_softmax_prefix_suffix_mask_vector,action_expert.step06.layer10._softmax_prefix_suffix_mask_vector.line1844,5440.0,1709184.0,0.0,1913600.0,2876544.0,1269817344.0,4636672.0,36.86,0.0,7.29,9.46,8.97,9.12,0.0
2103,action_expert,PV,Expert: Attention P × V,_matmul_small,action_expert.step06.layer10._matmul_small.line1854,8032.0,1659520.0,218103808.0,0.0,16233664.0,1841897472.0,6889472.0,24.09,23.68,23.68,33.62,9.43,7.05,11.84
2104,action_expert,O projection,Expert: Attention output + gated residual,_matmul_small_res_gate_oproj,action_expert.step06.layer10._matmul_small_res_gate_oproj.line1865,9600.000000000002,5262848.0,268435456.0,131072.0,15561152.0,2209542144.0,8249344.0,63.8,24.3,24.3,26.95,8.32,6.87,12.15
2105,action_expert,Norm / residual,Expert: AdaRMS (pre-FFN),_adarms_norm_kernel,action_expert.step06.layer10._adarms_norm_kernel.line1878,2848.0,122624.0,0.0,358400.0,714304.0,662906880.0,2408448.0,5.09,0.0,1.61,4.14,8.14,3.83,0.0
2106,action_expert,FFN up,Expert: FFN gate/up + GELU product,_matmul_small_gate,action_expert.step06.layer10._matmul_small_gate.line1887,26688.000000000004,19240064.0,1073741824.0,2883584.0,24051584.0,6244386816.0,23035904.0,83.52,34.39,34.39,20.72,8.33,7.12,17.2
2107,action_expert,FFN down,Expert: FFN down + gated residual,_matmul_small_res_gate_ffn_down,action_expert.step06.layer10._matmul_small_res_gate_ffn_down.line1904,15648.0,10089600.0,536870912.0,131072.0,40642720.0,3572795392.0,13434880.0,75.1,30.05,30.05,43.37,8.33,8.78,15.03
2108,action_expert,Norm / residual,Expert: AdaRMS (pre-attention),_adarms_norm_kernel,action_expert.step06.layer11._adarms_norm_kernel.line1785,2880.0000000000005,123136.0,0.0,358400.0,714048.0,674256896.0,2457600.0,5.01,0.0,1.58,4.07,8.16,4.17,0.0
2109,action_expert,QKV,Expert: QKV projection + Gemma RoPE,_matmul_gemma_rope_qkv,action_expert.step06.layer11._matmul_gemma_rope_qkv.line1794,27264.000000000004,6081408.0,335544320.0,442368.0,12508736.0,6456958976.0,23502848.0,25.88,10.39,10.39,7.44,8.33,4.33,5.2
2110,action_expert,QK,Expert: Attention QKᵀ + scale,_matmul_abt_scale,action_expert.step06.layer11._matmul_abt_scale.line1832,6272.0,829568.0,211288064.0,412672.0,14507680.0,1427806208.0,5390336.0,15.39,29.6,29.6,38.73,32.96,11.85,14.8
2111,action_expert,Softmax,Expert: Prefix/suffix masked softmax,_softmax_prefix_suffix_mask_vector,action_expert.step06.layer11._softmax_prefix_suffix_mask_vector.line1844,5536.0,1718016.0,0.0,1913600.0,2878624.0,1290547200.0,4718592.0,36.41,0.0,7.17,9.31,8.98,8.63,0.0
2112,action_expert,PV,Expert: Attention P × V,_matmul_small,action_expert.step06.layer11._matmul_small.line1854,8064.000000000001,1664000.0,218103808.0,0.0,16218304.0,1849210880.0,6930432.0,24.01,23.59,23.59,33.48,9.44,7.11,11.79
2113,action_expert,O projection,Expert: Attention output + gated residual,_matmul_small_res_gate_oproj,action_expert.step06.layer11._matmul_small_res_gate_oproj.line1865,10368.000000000002,5239168.0,268435456.0,131072.0,15580096.0,2389852160.0,8896512.0,58.89,22.46,22.46,24.93,8.32,6.78,11.23
2114,action_expert,Norm / residual,Expert: AdaRMS (pre-FFN),_adarms_norm_kernel,action_expert.step06.layer11._adarms_norm_kernel.line1878,2816.0000000000005,123008.0,0.0,358400.0,714016.0,657602560.0,2408448.0,5.11,0.0,1.62,4.17,8.16,4.1,0.0
2115,action_expert,FFN up,Expert: FFN gate/up + GELU product,_matmul_small_gate,action_expert.step06.layer11._matmul_small_gate.line1887,26976.0,19345024.0,1073741824.0,2883584.0,24050848.0,6303381504.0,23216128.0,83.33,34.07,34.07,20.53,8.33,7.08,17.03
2116,action_expert,FFN down,Expert: FFN down + gated residual,_matmul_small_res_gate_ffn_down,action_expert.step06.layer11._matmul_small_res_gate_ffn_down.line1904,15616.000000000002,10045312.0,536870912.0,131072.0,40640544.0,3570479104.0,13451264.0,74.68,30.07,30.07,43.39,8.33,8.83,15.04
2117,action_expert,Norm / residual,Expert: AdaRMS (pre-attention),_adarms_norm_kernel,action_expert.step06.layer12._adarms_norm_kernel.line1785,2848.0,123264.0,0.0,358400.0,713152.0,662487040.0,2408448.0,5.12,0.0,1.61,4.13,8.21,3.89,0.0
2118,action_expert,QKV,Expert: QKV projection + Gemma RoPE,_matmul_gemma_rope_qkv,action_expert.step06.layer12._matmul_gemma_rope_qkv.line1794,26944.0,6162816.0,335544320.0,442368.0,12510784.0,6376525824.0,23240704.0,26.52,10.52,10.52,7.54,8.33,4.31,5.26
2119,action_expert,QK,Expert: Attention QKᵀ + scale,_matmul_abt_scale,action_expert.step06.layer12._matmul_abt_scale.line1832,6304.0,827008.0,211288064.0,412672.0,14511520.0,1436940288.0,5414912.0,15.27,29.41,29.41,38.46,32.9,11.91,14.7
2120,action_expert,Softmax,Expert: Prefix/suffix masked softmax,_softmax_prefix_suffix_mask_vector,action_expert.step06.layer12._softmax_prefix_suffix_mask_vector.line1844,5440.0,1711104.0,0.0,1913600.0,2878400.0,1268754432.0,4653056.0,36.77,0.0,7.3,9.47,8.99,8.97,0.0
2121,action_expert,PV,Expert: Attention P × V,_matmul_small,action_expert.step06.layer12._matmul_small.line1854,8000.000000000001,1663744.0,218103808.0,0.0,16233088.0,1825847296.0,6848512.0,24.29,23.89,23.89,33.93,9.46,6.98,11.95
2122,action_expert,O projection,Expert: Attention output + gated residual,_matmul_small_res_gate_oproj,action_expert.step06.layer12._matmul_small_res_gate_oproj.line1865,10208.000000000002,5284864.0,268435456.0,131072.0,15579648.0,2346930176.0,8740864.0,60.46,22.88,22.88,25.38,8.32,6.87,11.44
2123,action_expert,Norm / residual,Expert: AdaRMS (pre-FFN),_adarms_norm_kernel,action_expert.step06.layer12._adarms_norm_kernel.line1878,3008.0000000000005,122624.0,0.0,358400.0,713568.0,702918656.0,2555904.0,4.8,0.0,1.52,3.9,8.18,4.18,0.0
2124,action_expert,FFN up,Expert: FFN gate/up + GELU product,_matmul_small_gate,action_expert.step06.layer12._matmul_small_gate.line1887,26816.000000000004,19333248.0,1073741824.0,2883584.0,24051136.0,6273538048.0,23117824.0,83.63,34.23,34.23,20.63,8.33,7.12,17.12
2125,action_expert,FFN down,Expert: FFN down + gated residual,_matmul_small_res_gate_ffn_down,action_expert.step06.layer12._matmul_small_res_gate_ffn_down.line1904,15456.000000000002,9993856.0,536870912.0,131072.0,40641568.0,3526422528.0,13303808.0,75.12,30.45,30.45,43.92,8.33,8.76,15.22
2126,action_expert,Norm / residual,Expert: AdaRMS (pre-attention),_adarms_norm_kernel,action_expert.step06.layer13._adarms_norm_kernel.line1785,2816.0000000000005,122624.0,0.0,358400.0,713504.0,655003648.0,2400256.0,5.11,0.0,1.63,4.18,8.19,4.27,0.0
2127,action_expert,QKV,Expert: QKV projection + Gemma RoPE,_matmul_gemma_rope_qkv,action_expert.step06.layer13._matmul_gemma_rope_qkv.line1794,26816.000000000004,6115968.0,335544320.0,442368.0,12506336.0,6343845888.0,23101440.0,26.47,10.58,10.58,7.57,8.33,4.3,5.29
2128,action_expert,QK,Expert: Attention QKᵀ + scale,_matmul_abt_scale,action_expert.step06.layer13._matmul_abt_scale.line1832,6400.000000000001,828800.0,211288064.0,412672.0,14525408.0,1453457408.0,5488640.0,15.1,29.07,29.07,38.05,32.95,11.89,14.54
2129,action_expert,Softmax,Expert: Prefix/suffix masked softmax,_softmax_prefix_suffix_mask_vector,action_expert.step06.layer13._softmax_prefix_suffix_mask_vector.line1844,5440.0,1716352.0,0.0,1913600.0,2876736.0,1274585088.0,4669440.0,36.76,0.0,7.26,9.43,9.0,8.81,0.0
2130,action_expert,PV,Expert: Attention P × V,_matmul_small,action_expert.step06.layer13._matmul_small.line1854,8096.0,1662336.0,218103808.0,0.0,16236384.0,1859069952.0,6963200.0,23.87,23.46,23.46,33.32,9.43,7.11,11.73
2131,action_expert,O projection,Expert: Attention output + gated residual,_matmul_small_res_gate_oproj,action_expert.step06.layer13._matmul_small_res_gate_oproj.line1865,9952.0,5283968.0,268435456.0,131072.0,15579968.0,2292572160.0,8552448.0,61.78,23.42,23.42,25.96,8.32,6.88,11.71
2132,action_expert,Norm / residual,Expert: AdaRMS (pre-FFN),_adarms_norm_kernel,action_expert.step06.layer13._adarms_norm_kernel.line1878,3072.0000000000005,122752.0,0.0,358400.0,711392.0,717301760.0,2621440.0,4.68,0.0,1.48,3.81,8.23,4.09,0.0
2133,action_expert,FFN up,Expert: FFN gate/up + GELU product,_matmul_small_gate,action_expert.step06.layer13._matmul_small_gate.line1887,26336.000000000004,19151360.0,1073741824.0,2883584.0,24050464.0,6149873664.0,22675456.0,84.46,34.92,34.92,21.03,8.33,7.14,17.46
2134,action_expert,FFN down,Expert: FFN down + gated residual,_matmul_small_res_gate_ffn_down,action_expert.step06.layer13._matmul_small_res_gate_ffn_down.line1904,15456.000000000002,10104960.0,536870912.0,131072.0,40642112.0,3532488704.0,13295616.0,76.0,30.4,30.4,43.85,8.33,9.01,15.2
2135,action_expert,Norm / residual,Expert: AdaRMS (pre-attention),_adarms_norm_kernel,action_expert.step06.layer14._adarms_norm_kernel.line1785,2976.0000000000005,122624.0,0.0,358400.0,714080.0,693487616.0,2539520.0,4.83,0.0,1.54,3.96,8.22,4.27,0.0
2136,action_expert,QKV,Expert: QKV projection + Gemma RoPE,_matmul_gemma_rope_qkv,action_expert.step06.layer14._matmul_gemma_rope_qkv.line1794,26912.000000000004,6138624.0,335544320.0,442368.0,12506304.0,6366910464.0,23199744.0,26.46,10.54,10.54,7.55,8.33,4.32,5.27
2137,action_expert,QK,Expert: Attention QKᵀ + scale,_matmul_abt_scale,action_expert.step06.layer14._matmul_abt_scale.line1832,6272.0,830720.0,211288064.0,412672.0,14507072.0,1421223936.0,5349376.0,15.53,29.73,29.73,38.9,32.95,11.79,14.87
2138,action_expert,Softmax,Expert: Prefix/suffix masked softmax,_softmax_prefix_suffix_mask_vector,action_expert.step06.layer14._softmax_prefix_suffix_mask_vector.line1844,5536.0,1709056.0,0.0,1913600.0,2876576.0,1289666560.0,4718592.0,36.22,0.0,7.18,9.32,8.98,8.82,0.0
2139,action_expert,PV,Expert: Attention P × V,_matmul_small,action_expert.step06.layer14._matmul_small.line1854,7840.000000000001,1656832.0,218103808.0,0.0,16236384.0,1796573184.0,6750208.0,24.54,24.28,24.28,34.48,9.44,7.1,12.14
2140,action_expert,O projection,Expert: Attention output + gated residual,_matmul_small_res_gate_oproj,action_expert.step06.layer14._matmul_small_res_gate_oproj.line1865,10272.000000000002,5422336.0,268435456.0,131072.0,15580320.0,2365560832.0,8814592.0,61.52,22.7,22.7,25.18,8.32,6.81,11.35
2141,action_expert,Norm / residual,Expert: AdaRMS (pre-FFN),_adarms_norm_kernel,action_expert.step06.layer14._adarms_norm_kernel.line1878,2848.0,122880.0,0.0,358400.0,714464.0,661460992.0,2408448.0,5.1,0.0,1.61,4.15,8.19,3.97,0.0
2142,action_expert,FFN up,Expert: FFN gate/up + GELU product,_matmul_small_gate,action_expert.step06.layer14._matmul_small_gate.line1887,27008.000000000004,19197824.0,1073741824.0,2883584.0,24052064.0,6313809920.0,23281664.0,82.46,34.01,34.01,20.48,8.33,7.18,17.01
2143,action_expert,FFN down,Expert: FFN down + gated residual,_matmul_small_res_gate_ffn_down,action_expert.step06.layer14._matmul_small_res_gate_ffn_down.line1904,15648.0,10110464.0,536870912.0,131072.0,40642624.0,3578871808.0,13488128.0,74.96,30.0,30.0,43.27,8.33,9.04,15.0
2144,action_expert,Norm / residual,Expert: AdaRMS (pre-attention),_adarms_norm_kernel,action_expert.step06.layer15._adarms_norm_kernel.line1785,3136.0,122880.0,0.0,358400.0,710368.0,730066944.0,2662400.0,4.62,0.0,1.46,3.74,8.14,3.93,0.0
2145,action_expert,QKV,Expert: QKV projection + Gemma RoPE,_matmul_gemma_rope_qkv,action_expert.step06.layer15._matmul_gemma_rope_qkv.line1794,27008.000000000004,6124032.0,335544320.0,442368.0,12506528.0,6388754432.0,23265280.0,26.32,10.5,10.5,7.52,8.33,4.33,5.25
2146,action_expert,QK,Expert: Attention QKᵀ + scale,_matmul_abt_scale,action_expert.step06.layer15._matmul_abt_scale.line1832,6240.0,824320.0,211288064.0,412672.0,14508992.0,1419141120.0,5349376.0,15.41,29.78,29.78,38.93,33.03,11.97,14.89
2147,action_expert,Softmax,Expert: Prefix/suffix masked softmax,_softmax_prefix_suffix_mask_vector,action_expert.step06.layer15._softmax_prefix_suffix_mask_vector.line1844,5472.0,1718912.0,0.0,1913600.0,2878432.0,1283217408.0,4702208.0,36.56,0.0,7.21,9.36,8.98,8.56,0.0
2148,action_expert,PV,Expert: Attention P × V,_matmul_small,action_expert.step06.layer15._matmul_small.line1854,8160.0,1652736.0,218103808.0,0.0,16219296.0,1872039936.0,6995968.0,23.62,23.3,23.3,33.06,9.45,7.04,11.65
2149,action_expert,O projection,Expert: Attention output + gated residual,_matmul_small_res_gate_oproj,action_expert.step06.layer15._matmul_small_res_gate_oproj.line1865,9600.000000000002,5201280.0,268435456.0,131072.0,15579328.0,2210592768.0,8249344.0,63.05,24.29,24.29,26.94,8.32,6.68,12.14
2150,action_expert,Norm / residual,Expert: AdaRMS (pre-FFN),_adarms_norm_kernel,action_expert.step06.layer15._adarms_norm_kernel.line1878,2848.0,123136.0,0.0,358400.0,729920.0,664203264.0,2408448.0,5.11,0.0,1.6,4.22,8.11,4.39,0.0
2151,action_expert,FFN up,Expert: FFN gate/up + GELU product,_matmul_small_gate,action_expert.step06.layer15._matmul_small_gate.line1887,26752.0,19250688.0,1073741824.0,2883584.0,24050272.0,6250352640.0,23052288.0,83.51,34.36,34.36,20.7,8.33,7.09,17.18
2152,action_expert,FFN down,Expert: FFN down + gated residual,_matmul_small_res_gate_ffn_down,action_expert.step06.layer15._matmul_small_res_gate_ffn_down.line1904,15712.000000000002,10109056.0,536870912.0,131072.0,40640160.0,3599753216.0,13549568.0,74.61,29.83,29.83,43.06,8.33,8.96,14.91
2153,action_expert,Norm / residual,Expert: AdaRMS (pre-attention),_adarms_norm_kernel,action_expert.step06.layer16._adarms_norm_kernel.line1785,2848.0,123136.0,0.0,358400.0,713504.0,663574528.0,2408448.0,5.11,0.0,1.6,4.13,8.18,4.22,0.0
2154,action_expert,QKV,Expert: QKV projection + Gemma RoPE,_matmul_gemma_rope_qkv,action_expert.step06.layer16._matmul_gemma_rope_qkv.line1794,27360.000000000004,6054272.0,335544320.0,442368.0,12506432.0,6477799424.0,23576576.0,25.68,10.36,10.36,7.42,8.33,4.24,5.18
2155,action_expert,QK,Expert: Attention QKᵀ + scale,_matmul_abt_scale,action_expert.step06.layer16._matmul_abt_scale.line1832,6272.0,830208.0,211288064.0,412672.0,14524256.0,1428111360.0,5373952.0,15.45,29.59,29.59,38.75,32.8,11.72,14.79
2156,action_expert,Softmax,Expert: Prefix/suffix masked softmax,_softmax_prefix_suffix_mask_vector,action_expert.step06.layer16._softmax_prefix_suffix_mask_vector.line1844,5504.0,1719552.0,0.0,1913600.0,2878528.0,1283293184.0,4710400.0,36.51,0.0,7.21,9.36,9.0,9.0,0.0
2157,action_expert,PV,Expert: Attention P × V,_matmul_small,action_expert.step06.layer16._matmul_small.line1854,7872.0,1666944.0,218103808.0,0.0,16236288.0,1803988992.0,6774784.0,24.61,24.18,24.18,34.33,9.43,7.02,12.09
2158,action_expert,O projection,Expert: Attention output + gated residual,_matmul_small_res_gate_oproj,action_expert.step06.layer16._matmul_small_res_gate_oproj.line1865,9568.0,5260672.0,268435456.0,131072.0,15579200.0,2195296256.0,8208384.0,64.09,24.46,24.46,27.12,8.32,6.92,12.23
2159,action_expert,Norm / residual,Expert: AdaRMS (pre-FFN),_adarms_norm_kernel,action_expert.step06.layer16._adarms_norm_kernel.line1878,2848.0,122752.0,0.0,358400.0,713376.0,662749184.0,2424832.0,5.06,0.0,1.61,4.14,8.18,3.91,0.0
2160,action_expert,FFN up,Expert: FFN gate/up + GELU product,_matmul_small_gate,action_expert.step06.layer16._matmul_small_gate.line1887,26656.0,19197056.0,1073741824.0,2883584.0,24050304.0,6233010176.0,22970368.0,83.57,34.45,34.45,20.76,8.33,7.15,17.23
2161,action_expert,FFN down,Expert: FFN down + gated residual,_matmul_small_res_gate_ffn_down,action_expert.step06.layer16._matmul_small_res_gate_ffn_down.line1904,15552.0,10137856.0,536870912.0,131072.0,40642080.0,3558457344.0,13402112.0,75.64,30.17,30.17,43.51,8.33,8.93,15.09
2162,action_expert,Norm / residual,Expert: AdaRMS (pre-attention),_adarms_norm_kernel,action_expert.step06.layer17._adarms_norm_kernel.line1785,2880.0000000000005,123008.0,0.0,358400.0,714080.0,665561088.0,2416640.0,5.09,0.0,1.6,4.12,8.16,4.32,0.0
2163,action_expert,QKV,Expert: QKV projection + Gemma RoPE,_matmul_gemma_rope_qkv,action_expert.step06.layer17._matmul_gemma_rope_qkv.line1794,27104.0,6061312.0,335544320.0,442368.0,12506304.0,6409773056.0,23339008.0,25.97,10.47,10.47,7.5,8.33,4.38,5.23
2164,action_expert,QK,Expert: Attention QKᵀ + scale,_matmul_abt_scale,action_expert.step06.layer17._matmul_abt_scale.line1832,6272.0,832128.0,211288064.0,412672.0,14493888.0,1420802048.0,5365760.0,15.51,29.74,29.74,38.85,33.05,11.57,14.87
2165,action_expert,Softmax,Expert: Prefix/suffix masked softmax,_softmax_prefix_suffix_mask_vector,action_expert.step06.layer17._softmax_prefix_suffix_mask_vector.line1844,5568.000000000001,1718784.0,0.0,1913600.0,2878688.0,1303898112.0,4767744.0,36.05,0.0,7.1,9.22,8.99,8.78,0.0
2166,action_expert,PV,Expert: Attention P × V,_matmul_small,action_expert.step06.layer17._matmul_small.line1854,8096.0,1672704.0,218103808.0,0.0,16236448.0,1857626112.0,6971392.0,23.99,23.48,23.48,33.36,9.44,7.11,11.74
2167,action_expert,O projection,Expert: Attention output + gated residual,_matmul_small_res_gate_oproj,action_expert.step06.layer17._matmul_small_res_gate_oproj.line1865,9536.0,5196800.0,268435456.0,131072.0,15578464.0,2186967040.0,8159232.0,63.69,24.55,24.55,27.22,8.32,6.76,12.27
2168,action_expert,Norm / residual,Expert: AdaRMS (pre-FFN),_adarms_norm_kernel,action_expert.step06.layer17._adarms_norm_kernel.line1878,3072.0000000000005,123264.0,0.0,358400.0,710336.0,715923456.0,2605056.0,4.73,0.0,1.49,3.81,8.12,4.05,0.0
2169,action_expert,FFN up,Expert: FFN gate/up + GELU product,_matmul_small_gate,action_expert.step06.layer17._matmul_small_gate.line1887,26848.0,19291008.0,1073741824.0,2883584.0,24050688.0,6277625856.0,23142400.0,83.36,34.21,34.21,20.62,8.33,7.06,17.1
2170,action_expert,FFN down,Expert: FFN down + gated residual,_matmul_small_res_gate_ffn_down,action_expert.step06.layer17._matmul_small_res_gate_ffn_down.line1904,16192.0,10319872.0,536870912.0,131072.0,40642560.0,3702937600.0,13918208.0,74.15,29.0,29.0,41.84,8.33,8.8,14.5
2171,action_expert,Norm / residual,Expert: AdaRMS (final),_adarms_norm_kernel,action_expert.step06.layer-1._adarms_norm_kernel.line1922,2880.0000000000005,122752.0,0.0,358400.0,714816.0,673814528.0,2449408.0,5.01,0.0,1.58,4.07,8.14,3.99,0.0
2172,action_expert,Action IO,Expert: Action head + Euler update,_matmul_small_bias_res,action_expert.step06.layer-1._matmul_small_bias_res.line1931,3936.0,210176.0,8388608.0,4096.0,601568.0,922296320.0,3358720.0,6.26,1.82,1.82,3.08,8.32,8.0,0.91
2173,action_expert,Action IO,Expert: Action input projection + bias,_matmul_small_bias,action_expert.step07.layer-1._matmul_small_bias.line1770,2464.0,84608.0,4194304.0,32768.0,464864.0,571561984.0,2064384.0,4.1,1.47,3.12,3.59,8.32,7.18,0.73
2174,action_expert,Norm / residual,Expert: AdaRMS (pre-attention),_adarms_norm_kernel,action_expert.step07.layer00._adarms_norm_kernel.line1785,2848.0,123776.0,0.0,358400.0,714272.0,666669056.0,2433024.0,5.09,0.0,1.6,4.11,8.18,4.08,0.0
2175,action_expert,QKV,Expert: QKV projection + Gemma RoPE,_matmul_gemma_rope_qkv,action_expert.step07.layer00._matmul_gemma_rope_qkv.line1794,27424.0,6128768.0,335544320.0,442368.0,12505504.0,6488045568.0,23633920.0,25.93,10.34,10.34,7.4,8.33,4.35,5.17
2176,action_expert,QK,Expert: Attention QKᵀ + scale,_matmul_abt_scale,action_expert.step07.layer00._matmul_abt_scale.line1832,6368.000000000001,833408.0,211288064.0,412672.0,14495680.0,1444239360.0,5455872.0,15.28,29.26,29.26,38.17,32.92,11.89,14.63
2177,action_expert,Softmax,Expert: Prefix/suffix masked softmax,_softmax_prefix_suffix_mask_vector,action_expert.step07.layer00._softmax_prefix_suffix_mask_vector.line1844,5408.000000000001,1714816.0,0.0,1913600.0,2895904.0,1261449216.0,4620288.0,37.11,0.0,7.34,9.52,8.95,8.99,0.0
2178,action_expert,PV,Expert: Attention P × V,_matmul_small,action_expert.step07.layer00._matmul_small.line1854,8128.000000000001,1650176.0,218103808.0,0.0,16233440.0,1858136064.0,6971392.0,23.67,23.48,23.48,33.35,9.44,7.11,11.74
2179,action_expert,O projection,Expert: Attention output + gated residual,_matmul_small_res_gate_oproj,action_expert.step07.layer00._matmul_small_res_gate_oproj.line1865,10016.0,5259136.0,268435456.0,131072.0,15578208.0,2302140416.0,8601600.0,61.14,23.32,23.32,25.88,8.32,6.78,11.66
2180,action_expert,Norm / residual,Expert: AdaRMS (pre-FFN),_adarms_norm_kernel,action_expert.step07.layer00._adarms_norm_kernel.line1878,2848.0,123520.0,0.0,358400.0,713600.0,664231936.0,2416640.0,5.11,0.0,1.6,4.13,8.21,4.27,0.0
2181,action_expert,FFN up,Expert: FFN gate/up + GELU product,_matmul_small_gate,action_expert.step07.layer00._matmul_small_gate.line1887,26688.000000000004,19155840.0,1073741824.0,2883584.0,24047488.0,6239690752.0,23003136.0,83.27,34.42,34.42,20.74,8.33,7.15,17.21
2182,action_expert,FFN down,Expert: FFN down + gated residual,_matmul_small_res_gate_ffn_down,action_expert.step07.layer00._matmul_small_res_gate_ffn_down.line1904,16224.000000000002,10391040.0,536870912.0,131072.0,40642912.0,3717392384.0,13983744.0,74.31,28.88,28.88,41.68,8.33,8.91,14.44
2183,action_expert,Norm / residual,Expert: AdaRMS (pre-attention),_adarms_norm_kernel,action_expert.step07.layer01._adarms_norm_kernel.line1785,2848.0,123264.0,0.0,358400.0,714080.0,658454528.0,2383872.0,5.17,0.0,1.62,4.16,8.19,4.24,0.0
2184,action_expert,QKV,Expert: QKV projection + Gemma RoPE,_matmul_gemma_rope_qkv,action_expert.step07.layer01._matmul_gemma_rope_qkv.line1794,27584.000000000004,6122624.0,335544320.0,442368.0,12510528.0,6531022848.0,23781376.0,25.75,10.28,10.28,7.36,8.33,4.33,5.14
2185,action_expert,QK,Expert: Attention QKᵀ + scale,_matmul_abt_scale,action_expert.step07.layer01._matmul_abt_scale.line1832,6240.0,827776.0,211288064.0,412672.0,14511328.0,1415378944.0,5357568.0,15.45,29.86,29.86,39.02,32.86,11.81,14.93
2186,action_expert,Softmax,Expert: Prefix/suffix masked softmax,_softmax_prefix_suffix_mask_vector,action_expert.step07.layer01._softmax_prefix_suffix_mask_vector.line1844,5568.000000000001,1712000.0,0.0,1913600.0,2878496.0,1305845760.0,4775936.0,35.85,0.0,7.09,9.2,8.97,9.07,0.0
2187,action_expert,PV,Expert: Attention P × V,_matmul_small,action_expert.step07.layer01._matmul_small.line1854,7936.0,1669248.0,218103808.0,0.0,16235136.0,1819256832.0,6823936.0,24.46,23.98,23.98,34.03,9.44,7.06,11.99
2188,action_expert,O projection,Expert: Attention output + gated residual,_matmul_small_res_gate_oproj,action_expert.step07.layer01._matmul_small_res_gate_oproj.line1865,9728.0,5283456.0,268435456.0,131072.0,15579488.0,2235701248.0,8355840.0,63.23,24.01,24.01,26.61,8.32,6.63,12.01
2189,action_expert,Norm / residual,Expert: AdaRMS (pre-FFN),_adarms_norm_kernel,action_expert.step07.layer01._adarms_norm_kernel.line1878,2816.0000000000005,123264.0,0.0,358400.0,712192.0,657895424.0,2392064.0,5.15,0.0,1.62,4.16,8.16,4.22,0.0
2190,action_expert,FFN up,Expert: FFN gate/up + GELU product,_matmul_small_gate,action_expert.step07.layer01._matmul_small_gate.line1887,26656.0,19141248.0,1073741824.0,2883584.0,24050400.0,6225324032.0,22953984.0,83.39,34.5,34.5,20.78,8.33,7.11,17.25
2191,action_expert,FFN down,Expert: FFN down + gated residual,_matmul_small_res_gate_ffn_down,action_expert.step07.layer01._matmul_small_res_gate_ffn_down.line1904,15872.0,10204288.0,536870912.0,131072.0,40644832.0,3626006528.0,13656064.0,74.72,29.61,29.61,42.73,8.33,8.69,14.81
2192,action_expert,Norm / residual,Expert: AdaRMS (pre-attention),_adarms_norm_kernel,action_expert.step07.layer02._adarms_norm_kernel.line1785,2944.0,123648.0,0.0,358400.0,715488.0,686792704.0,2490368.0,4.97,0.0,1.55,4.0,8.2,3.78,0.0
2193,action_expert,QKV,Expert: QKV projection + Gemma RoPE,_matmul_gemma_rope_qkv,action_expert.step07.layer02._matmul_gemma_rope_qkv.line1794,26784.000000000004,6134272.0,335544320.0,442368.0,12506272.0,6342170624.0,23101440.0,26.55,10.58,10.58,7.57,8.33,4.33,5.29
2194,action_expert,QK,Expert: Attention QKᵀ + scale,_matmul_abt_scale,action_expert.step07.layer02._matmul_abt_scale.line1832,6112.0,827776.0,211288064.0,412672.0,14507008.0,1393188864.0,5259264.0,15.74,30.33,30.33,39.6,32.9,11.68,15.17
2195,action_expert,Softmax,Expert: Prefix/suffix masked softmax,_softmax_prefix_suffix_mask_vector,action_expert.step07.layer02._softmax_prefix_suffix_mask_vector.line1844,5536.0,1715840.0,0.0,1913600.0,2894112.0,1292789760.0,4726784.0,36.3,0.0,7.16,9.3,8.95,9.04,0.0
2196,action_expert,PV,Expert: Attention P × V,_matmul_small,action_expert.step07.layer02._matmul_small.line1854,8064.000000000001,1669376.0,218103808.0,0.0,16236352.0,1845526528.0,6914048.0,24.14,23.64,23.64,33.56,9.45,7.17,11.82
2197,action_expert,O projection,Expert: Attention output + gated residual,_matmul_small_res_gate_oproj,action_expert.step07.layer02._matmul_small_res_gate_oproj.line1865,10016.0,5247488.0,268435456.0,131072.0,15577536.0,2306838528.0,8634368.0,60.77,23.27,23.27,25.81,8.32,6.85,11.64
2198,action_expert,Norm / residual,Expert: AdaRMS (pre-FFN),_adarms_norm_kernel,action_expert.step07.layer02._adarms_norm_kernel.line1878,2880.0000000000005,123264.0,0.0,358400.0,713344.0,665925632.0,2416640.0,5.1,0.0,1.6,4.11,8.21,4.11,0.0
2199,action_expert,FFN up,Expert: FFN gate/up + GELU product,_matmul_small_gate,action_expert.step07.layer02._matmul_small_gate.line1887,26592.000000000004,19289984.0,1073741824.0,2883584.0,24051392.0,6212075520.0,22904832.0,84.22,34.57,34.57,20.83,8.33,7.01,17.28
2200,action_expert,FFN down,Expert: FFN down + gated residual,_matmul_small_res_gate_ffn_down,action_expert.step07.layer02._matmul_small_res_gate_ffn_down.line1904,15936.000000000002,10119552.0,536870912.0,131072.0,40641856.0,3647928320.0,13721600.0,73.75,29.43,29.43,42.49,8.33,8.98,14.72
2201,action_expert,Norm / residual,Expert: AdaRMS (pre-attention),_adarms_norm_kernel,action_expert.step07.layer03._adarms_norm_kernel.line1785,3008.0000000000005,123264.0,0.0,358400.0,713824.0,697092096.0,2539520.0,4.85,0.0,1.53,3.94,8.11,4.17,0.0
2202,action_expert,QKV,Expert: QKV projection + Gemma RoPE,_matmul_gemma_rope_qkv,action_expert.step07.layer03._matmul_gemma_rope_qkv.line1794,27040.000000000004,6135168.0,335544320.0,442368.0,12503904.0,6399395840.0,23306240.0,26.32,10.49,10.49,7.51,8.33,4.32,5.24
2203,action_expert,QK,Expert: Attention QKᵀ + scale,_matmul_abt_scale,action_expert.step07.layer03._matmul_abt_scale.line1832,6272.0,828288.0,211288064.0,412672.0,14510048.0,1419921408.0,5357568.0,15.46,29.76,29.76,38.93,32.79,11.86,14.88
2204,action_expert,Softmax,Expert: Prefix/suffix masked softmax,_softmax_prefix_suffix_mask_vector,action_expert.step07.layer03._softmax_prefix_suffix_mask_vector.line1844,5600.000000000001,1710592.0,0.0,1913600.0,2878592.0,1306075136.0,4784128.0,35.76,0.0,7.09,9.2,8.97,9.12,0.0
2205,action_expert,PV,Expert: Attention P × V,_matmul_small,action_expert.step07.layer03._matmul_small.line1854,8096.0,1666688.0,218103808.0,0.0,16236448.0,1851834368.0,6938624.0,24.02,23.56,23.56,33.46,9.44,6.9,11.78
2206,action_expert,O projection,Expert: Attention output + gated residual,_matmul_small_res_gate_oproj,action_expert.step07.layer03._matmul_small_res_gate_oproj.line1865,9888.0,5236224.0,268435456.0,131072.0,15579456.0,2278580224.0,8511488.0,61.52,23.56,23.56,26.13,8.32,6.97,11.78
2207,action_expert,Norm / residual,Expert: AdaRMS (pre-FFN),_adarms_norm_kernel,action_expert.step07.layer03._adarms_norm_kernel.line1878,2880.0000000000005,123136.0,0.0,358400.0,714464.0,671379456.0,2449408.0,5.03,0.0,1.59,4.09,8.16,4.26,0.0
2208,action_expert,FFN up,Expert: FFN gate/up + GELU product,_matmul_small_gate,action_expert.step07.layer03._matmul_small_gate.line1887,26560.000000000004,19259008.0,1073741824.0,2883584.0,24050624.0,6210406400.0,22896640.0,84.11,34.58,34.58,20.84,8.33,7.15,17.29
2209,action_expert,FFN down,Expert: FFN down + gated residual,_matmul_small_res_gate_ffn_down,action_expert.step07.layer03._matmul_small_res_gate_ffn_down.line1904,16576.000000000004,10253056.0,536870912.0,131072.0,40644192.0,3799179264.0,14286848.0,71.77,28.26,28.26,40.78,8.33,8.94,14.13
2210,action_expert,Norm / residual,Expert: AdaRMS (pre-attention),_adarms_norm_kernel,action_expert.step07.layer04._adarms_norm_kernel.line1785,2816.0000000000005,123008.0,0.0,358400.0,711872.0,658733056.0,2392064.0,5.14,0.0,1.62,4.15,8.18,4.33,0.0
2211,action_expert,QKV,Expert: QKV projection + Gemma RoPE,_matmul_gemma_rope_qkv,action_expert.step07.layer04._matmul_gemma_rope_qkv.line1794,27168.0,6087168.0,335544320.0,442368.0,12508480.0,6428581888.0,23420928.0,25.99,10.44,10.44,7.48,8.33,4.32,5.22
2212,action_expert,QK,Expert: Attention QKᵀ + scale,_matmul_abt_scale,action_expert.step07.layer04._matmul_abt_scale.line1832,6400.000000000001,827136.0,211288064.0,412672.0,14507680.0,1451905024.0,5480448.0,15.09,29.1,29.1,38.03,32.91,11.71,14.55
2213,action_expert,Softmax,Expert: Prefix/suffix masked softmax,_softmax_prefix_suffix_mask_vector,action_expert.step07.layer04._softmax_prefix_suffix_mask_vector.line1844,5440.0,1718144.0,0.0,1913600.0,2876512.0,1274298368.0,4669440.0,36.8,0.0,7.26,9.43,8.99,9.01,0.0
2214,action_expert,PV,Expert: Attention P × V,_matmul_small,action_expert.step07.layer04._matmul_small.line1854,8064.000000000001,1662976.0,218103808.0,0.0,16233152.0,1843965952.0,6930432.0,24.0,23.66,23.66,33.57,9.46,7.1,11.83
2215,action_expert,O projection,Expert: Attention output + gated residual,_matmul_small_res_gate_oproj,action_expert.step07.layer04._matmul_small_res_gate_oproj.line1865,9568.0,5210496.0,268435456.0,131072.0,15579296.0,2198532096.0,8216576.0,63.41,24.42,24.42,27.07,8.32,6.81,12.21
2216,action_expert,Norm / residual,Expert: AdaRMS (pre-FFN),_adarms_norm_kernel,action_expert.step07.layer04._adarms_norm_kernel.line1878,2880.0000000000005,123008.0,0.0,358400.0,713376.0,677351424.0,2457600.0,5.01,0.0,1.57,4.05,8.18,4.29,0.0
2217,action_expert,FFN up,Expert: FFN gate/up + GELU product,_matmul_small_gate,action_expert.step07.layer04._matmul_small_gate.line1887,26848.0,19354240.0,1073741824.0,2883584.0,24051264.0,6278361088.0,23142400.0,83.63,34.2,34.2,20.61,8.33,7.12,17.1
2218,action_expert,FFN down,Expert: FFN down + gated residual,_matmul_small_res_gate_ffn_down,action_expert.step07.layer04._matmul_small_res_gate_ffn_down.line1904,15712.000000000002,10131968.0,536870912.0,131072.0,40642496.0,3598880768.0,13541376.0,74.82,29.84,29.84,43.04,8.33,8.92,14.92
2219,action_expert,Norm / residual,Expert: AdaRMS (pre-attention),_adarms_norm_kernel,action_expert.step07.layer05._adarms_norm_kernel.line1785,2784.0000000000005,123136.0,0.0,358400.0,714144.0,649480192.0,2367488.0,5.2,0.0,1.64,4.22,8.08,4.34,0.0
2220,action_expert,QKV,Expert: QKV projection + Gemma RoPE,_matmul_gemma_rope_qkv,action_expert.step07.layer05._matmul_gemma_rope_qkv.line1794,27072.0,6092672.0,335544320.0,442368.0,12506816.0,6402226176.0,23298048.0,26.15,10.48,10.48,7.51,8.33,4.3,5.24
2221,action_expert,QK,Expert: Attention QKᵀ + scale,_matmul_abt_scale,action_expert.step07.layer05._matmul_abt_scale.line1832,6208.000000000001,828800.0,211288064.0,412672.0,14509184.0,1414017024.0,5341184.0,15.52,29.88,29.88,39.08,32.99,11.78,14.94
2222,action_expert,Softmax,Expert: Prefix/suffix masked softmax,_softmax_prefix_suffix_mask_vector,action_expert.step07.layer05._softmax_prefix_suffix_mask_vector.line1844,5568.000000000001,1711232.0,0.0,1913600.0,2878432.0,1303203840.0,4767744.0,35.89,0.0,7.1,9.22,8.99,9.08,0.0
2223,action_expert,PV,Expert: Attention P × V,_matmul_small,action_expert.step07.layer05._matmul_small.line1854,8000.000000000001,1658368.0,218103808.0,0.0,16214304.0,1830471680.0,6873088.0,24.13,23.83,23.83,33.76,9.43,6.89,11.92
2224,action_expert,O projection,Expert: Attention output + gated residual,_matmul_small_res_gate_oproj,action_expert.step07.layer05._matmul_small_res_gate_oproj.line1865,10336.0,5377920.0,268435456.0,131072.0,15580032.0,2378569728.0,8871936.0,60.62,22.57,22.57,25.04,8.32,6.73,11.29
2225,action_expert,Norm / residual,Expert: AdaRMS (pre-FFN),_adarms_norm_kernel,action_expert.step07.layer05._adarms_norm_kernel.line1878,2848.0,123264.0,0.0,358400.0,714176.0,659140608.0,2400256.0,5.14,0.0,1.62,4.16,8.15,4.26,0.0
2226,action_expert,FFN up,Expert: FFN gate/up + GELU product,_matmul_small_gate,action_expert.step07.layer05._matmul_small_gate.line1887,26816.000000000004,19066496.0,1073741824.0,2883584.0,24050560.0,6276313088.0,23150592.0,82.36,34.22,34.22,20.61,8.33,7.1,17.11
2227,action_expert,FFN down,Expert: FFN down + gated residual,_matmul_small_res_gate_ffn_down,action_expert.step07.layer05._matmul_small_res_gate_ffn_down.line1904,15488.000000000002,10120320.0,536870912.0,131072.0,40642016.0,3533174784.0,13295616.0,76.12,30.39,30.39,43.84,8.33,9.01,15.2
2228,action_expert,Norm / residual,Expert: AdaRMS (pre-attention),_adarms_norm_kernel,action_expert.step07.layer06._adarms_norm_kernel.line1785,2784.0000000000005,123264.0,0.0,358400.0,714208.0,652396544.0,2392064.0,5.15,0.0,1.63,4.21,8.1,4.37,0.0
2229,action_expert,QKV,Expert: QKV projection + Gemma RoPE,_matmul_gemma_rope_qkv,action_expert.step07.layer06._matmul_gemma_rope_qkv.line1794,27040.000000000004,6101888.0,335544320.0,442368.0,12506560.0,6396936192.0,23298048.0,26.19,10.49,10.49,7.51,8.33,4.31,5.25
2230,action_expert,QK,Expert: Attention QKᵀ + scale,_matmul_abt_scale,action_expert.step07.layer06._matmul_abt_scale.line1832,6240.0,824832.0,211288064.0,412672.0,14507232.0,1414658048.0,5349376.0,15.42,29.87,29.87,39.06,32.86,11.68,14.94
2231,action_expert,Softmax,Expert: Prefix/suffix masked softmax,_softmax_prefix_suffix_mask_vector,action_expert.step07.layer06._softmax_prefix_suffix_mask_vector.line1844,5440.0,1717120.0,0.0,1913600.0,2877664.0,1269719040.0,4669440.0,36.77,0.0,7.29,9.46,8.98,8.95,0.0
2232,action_expert,PV,Expert: Attention P × V,_matmul_small,action_expert.step07.layer06._matmul_small.line1854,7872.0,1647872.0,218103808.0,0.0,16237024.0,1802031104.0,6782976.0,24.29,24.21,24.21,34.35,9.44,7.22,12.1
2233,action_expert,O projection,Expert: Attention output + gated residual,_matmul_small_res_gate_oproj,action_expert.step07.layer06._matmul_small_res_gate_oproj.line1865,10176.0,5383424.0,268435456.0,131072.0,15579776.0,2344355840.0,8732672.0,61.65,22.9,22.9,25.43,8.32,6.92,11.45
2234,action_expert,Norm / residual,Expert: AdaRMS (pre-FFN),_adarms_norm_kernel,action_expert.step07.layer06._adarms_norm_kernel.line1878,2944.0,123136.0,0.0,358400.0,713568.0,689680384.0,2506752.0,4.91,0.0,1.54,3.97,8.15,4.31,0.0
2235,action_expert,FFN up,Expert: FFN gate/up + GELU product,_matmul_small_gate,action_expert.step07.layer06._matmul_small_gate.line1887,26688.000000000004,19410304.0,1073741824.0,2883584.0,24050112.0,6240282624.0,23003136.0,84.38,34.41,34.41,20.73,8.33,7.04,17.21
2236,action_expert,FFN down,Expert: FFN down + gated residual,_matmul_small_res_gate_ffn_down,action_expert.step07.layer06._matmul_small_res_gate_ffn_down.line1904,15648.0,10044672.0,536870912.0,131072.0,40642560.0,3574358016.0,13459456.0,74.63,30.04,30.04,43.33,8.33,8.93,15.02
2237,action_expert,Norm / residual,Expert: AdaRMS (pre-attention),_adarms_norm_kernel,action_expert.step07.layer07._adarms_norm_kernel.line1785,2848.0,122880.0,0.0,358400.0,712128.0,659386368.0,2400256.0,5.12,0.0,1.62,4.15,8.0,3.99,0.0
2238,action_expert,QKV,Expert: QKV projection + Gemma RoPE,_matmul_gemma_rope_qkv,action_expert.step07.layer07._matmul_gemma_rope_qkv.line1794,27136.000000000004,6109568.0,335544320.0,442368.0,12506752.0,6422804480.0,23396352.0,26.11,10.45,10.45,7.48,8.33,4.31,5.22
2239,action_expert,QK,Expert: Attention QKᵀ + scale,_matmul_abt_scale,action_expert.step07.layer07._matmul_abt_scale.line1832,6304.0,827008.0,211288064.0,412672.0,14508768.0,1433509888.0,5406720.0,15.3,29.48,29.48,38.55,33.12,11.53,14.74
2240,action_expert,Softmax,Expert: Prefix/suffix masked softmax,_softmax_prefix_suffix_mask_vector,action_expert.step07.layer07._softmax_prefix_suffix_mask_vector.line1844,5600.000000000001,1711616.0,0.0,1913600.0,2877024.0,1309134848.0,4800512.0,35.65,0.0,7.07,9.18,8.97,8.83,0.0
2241,action_expert,PV,Expert: Attention P × V,_matmul_small,action_expert.step07.layer07._matmul_small.line1854,8128.000000000001,1657472.0,218103808.0,0.0,16200416.0,1855342592.0,6946816.0,23.86,23.51,23.51,33.31,9.44,6.97,11.76
2242,action_expert,O projection,Expert: Attention output + gated residual,_matmul_small_res_gate_oproj,action_expert.step07.layer07._matmul_small_res_gate_oproj.line1865,10112.0,5412224.0,268435456.0,131072.0,15579648.0,2330587136.0,8699904.0,62.21,23.04,23.04,25.55,8.32,6.85,11.52
2243,action_expert,Norm / residual,Expert: AdaRMS (pre-FFN),_adarms_norm_kernel,action_expert.step07.layer07._adarms_norm_kernel.line1878,2816.0000000000005,123136.0,0.0,358400.0,712224.0,657174528.0,2392064.0,5.15,0.0,1.62,4.16,8.12,4.29,0.0
2244,action_expert,FFN up,Expert: FFN gate/up + GELU product,_matmul_small_gate,action_expert.step07.layer07._matmul_small_gate.line1887,26880.0,19313536.0,1073741824.0,2883584.0,24050464.0,6281299968.0,23175168.0,83.34,34.19,34.19,20.61,8.33,7.12,17.09
2245,action_expert,FFN down,Expert: FFN down + gated residual,_matmul_small_res_gate_ffn_down,action_expert.step07.layer07._matmul_small_res_gate_ffn_down.line1904,15904.000000000002,10212224.0,536870912.0,131072.0,40642656.0,3635412992.0,13697024.0,74.56,29.54,29.54,42.61,8.33,8.88,14.77
2246,action_expert,Norm / residual,Expert: AdaRMS (pre-attention),_adarms_norm_kernel,action_expert.step07.layer08._adarms_norm_kernel.line1785,2848.0,122880.0,0.0,358400.0,713952.0,664987648.0,2441216.0,5.03,0.0,1.6,4.12,8.17,4.16,0.0
2247,action_expert,QKV,Expert: QKV projection + Gemma RoPE,_matmul_gemma_rope_qkv,action_expert.step07.layer08._matmul_gemma_rope_qkv.line1794,27008.000000000004,6122496.0,335544320.0,442368.0,12506304.0,6397753344.0,23298048.0,26.28,10.49,10.49,7.51,8.33,4.37,5.24
2248,action_expert,QK,Expert: Attention QKᵀ + scale,_matmul_abt_scale,action_expert.step07.layer08._matmul_abt_scale.line1832,6272.0,828288.0,211288064.0,412672.0,14508896.0,1426706432.0,5390336.0,15.37,29.62,29.62,38.75,32.86,11.71,14.81
2249,action_expert,Softmax,Expert: Prefix/suffix masked softmax,_softmax_prefix_suffix_mask_vector,action_expert.step07.layer08._softmax_prefix_suffix_mask_vector.line1844,5440.0,1715200.0,0.0,1913600.0,2877056.0,1272307712.0,4636672.0,36.99,0.0,7.28,9.44,8.95,8.7,0.0
2250,action_expert,PV,Expert: Attention P × V,_matmul_small,action_expert.step07.layer08._matmul_small.line1854,7840.000000000001,1659520.0,218103808.0,0.0,16236000.0,1799628800.0,6750208.0,24.58,24.24,24.24,34.43,9.45,6.95,12.12
2251,action_expert,O projection,Expert: Attention output + gated residual,_matmul_small_res_gate_oproj,action_expert.step07.layer08._matmul_small_res_gate_oproj.line1865,10048.000000000002,5480704.0,268435456.0,131072.0,15579424.0,2310815744.0,8642560.0,63.42,23.23,23.23,25.77,8.32,6.65,11.62
2252,action_expert,Norm / residual,Expert: AdaRMS (pre-FFN),_adarms_norm_kernel,action_expert.step07.layer08._adarms_norm_kernel.line1878,2912.0000000000005,123136.0,0.0,358400.0,711104.0,679192576.0,2490368.0,4.94,0.0,1.57,4.02,8.16,4.22,0.0
2253,action_expert,FFN up,Expert: FFN gate/up + GELU product,_matmul_small_gate,action_expert.step07.layer08._matmul_small_gate.line1887,26368.000000000004,19253760.0,1073741824.0,2883584.0,24050176.0,6164166656.0,22740992.0,84.67,34.84,34.84,20.99,8.33,7.15,17.42
2254,action_expert,FFN down,Expert: FFN down + gated residual,_matmul_small_res_gate_ffn_down,action_expert.step07.layer08._matmul_small_res_gate_ffn_down.line1904,15552.0,10002048.0,536870912.0,131072.0,40642304.0,3557273600.0,13385728.0,74.72,30.18,30.18,43.54,8.33,8.96,15.09
2255,action_expert,Norm / residual,Expert: AdaRMS (pre-attention),_adarms_norm_kernel,action_expert.step07.layer09._adarms_norm_kernel.line1785,2816.0000000000005,123136.0,0.0,358400.0,714496.0,659404800.0,2392064.0,5.15,0.0,1.62,4.16,8.17,4.02,0.0
2256,action_expert,QKV,Expert: QKV projection + Gemma RoPE,_matmul_gemma_rope_qkv,action_expert.step07.layer09._matmul_gemma_rope_qkv.line1794,27136.000000000004,6135424.0,335544320.0,442368.0,12506496.0,6422441984.0,23388160.0,26.23,10.45,10.45,7.48,8.33,4.29,5.22
2257,action_expert,QK,Expert: Attention QKᵀ + scale,_matmul_abt_scale,action_expert.step07.layer09._matmul_abt_scale.line1832,6272.0,829952.0,211288064.0,412672.0,14511296.0,1425588224.0,5373952.0,15.44,29.64,29.64,38.75,33.15,11.8,14.82
2258,action_expert,Softmax,Expert: Prefix/suffix masked softmax,_softmax_prefix_suffix_mask_vector,action_expert.step07.layer09._softmax_prefix_suffix_mask_vector.line1844,5632.000000000001,1718528.0,0.0,1913600.0,2879360.0,1312948224.0,4792320.0,35.86,0.0,7.05,9.15,9.02,8.9,0.0
2259,action_expert,PV,Expert: Attention P × V,_matmul_small,action_expert.step07.layer09._matmul_small.line1854,8224.000000000002,1656064.0,218103808.0,0.0,16236064.0,1886324736.0,7077888.0,23.4,23.12,23.12,32.86,9.45,7.04,11.56
2260,action_expert,O projection,Expert: Attention output + gated residual,_matmul_small_res_gate_oproj,action_expert.step07.layer09._matmul_small_res_gate_oproj.line1865,10240.0,5419648.0,268435456.0,131072.0,15580032.0,2359255040.0,8798208.0,61.6,22.76,22.76,25.25,8.32,6.87,11.38
2261,action_expert,Norm / residual,Expert: AdaRMS (pre-FFN),_adarms_norm_kernel,action_expert.step07.layer09._adarms_norm_kernel.line1878,2912.0000000000005,122880.0,0.0,358400.0,713344.0,676573184.0,2457600.0,5.0,0.0,1.57,4.05,8.12,4.03,0.0
2262,action_expert,FFN up,Expert: FFN gate/up + GELU product,_matmul_small_gate,action_expert.step07.layer09._matmul_small_gate.line1887,26720.0,19350016.0,1073741824.0,2883584.0,24050528.0,6243876864.0,23011328.0,84.09,34.39,34.39,20.72,8.33,7.1,17.2
2263,action_expert,FFN down,Expert: FFN down + gated residual,_matmul_small_res_gate_ffn_down,action_expert.step07.layer09._matmul_small_res_gate_ffn_down.line1904,15648.0,10041216.0,536870912.0,131072.0,40643392.0,3573155840.0,13434880.0,74.74,30.05,30.05,43.35,8.33,8.58,15.03
2264,action_expert,Norm / residual,Expert: AdaRMS (pre-attention),_adarms_norm_kernel,action_expert.step07.layer10._adarms_norm_kernel.line1785,2976.0000000000005,124032.0,0.0,358400.0,714400.0,690171904.0,2514944.0,4.93,0.0,1.54,3.98,8.1,4.22,0.0
2265,action_expert,QKV,Expert: QKV projection + Gemma RoPE,_matmul_gemma_rope_qkv,action_expert.step07.layer10._matmul_gemma_rope_qkv.line1794,27424.0,6058112.0,335544320.0,442368.0,12506208.0,6487205888.0,23633920.0,25.63,10.34,10.34,7.41,8.33,4.35,5.17
2266,action_expert,QK,Expert: Attention QKᵀ + scale,_matmul_abt_scale,action_expert.step07.layer10._matmul_abt_scale.line1832,6240.0,825600.0,211288064.0,412672.0,14508928.0,1412014080.0,5316608.0,15.53,29.93,29.93,39.14,32.89,11.9,14.96
2267,action_expert,Softmax,Expert: Prefix/suffix masked softmax,_softmax_prefix_suffix_mask_vector,action_expert.step07.layer10._softmax_prefix_suffix_mask_vector.line1844,5536.0,1720448.0,0.0,1913600.0,2879616.0,1297274880.0,4743168.0,36.27,0.0,7.14,9.26,8.98,8.67,0.0
2268,action_expert,PV,Expert: Attention P × V,_matmul_small,action_expert.step07.layer10._matmul_small.line1854,8352.0,1670272.0,218103808.0,0.0,16236576.0,1920337920.0,7192576.0,23.22,22.72,22.72,32.3,9.45,7.05,11.36
2269,action_expert,O projection,Expert: Attention output + gated residual,_matmul_small_res_gate_oproj,action_expert.step07.layer10._matmul_small_res_gate_oproj.line1865,9472.0,5288448.0,268435456.0,131072.0,15578080.0,2182283264.0,8175616.0,64.69,24.6,24.6,27.28,8.32,6.88,12.3
2270,action_expert,Norm / residual,Expert: AdaRMS (pre-FFN),_adarms_norm_kernel,action_expert.step07.layer10._adarms_norm_kernel.line1878,2944.0,123008.0,0.0,358400.0,709344.0,691298304.0,2523136.0,4.88,0.0,1.54,3.95,8.22,4.25,0.0
2271,action_expert,FFN up,Expert: FFN gate/up + GELU product,_matmul_small_gate,action_expert.step07.layer10._matmul_small_gate.line1887,26432.0,19189632.0,1073741824.0,2883584.0,24049344.0,6174486528.0,22773760.0,84.26,34.78,34.78,20.95,8.33,7.13,17.39
2272,action_expert,FFN down,Expert: FFN down + gated residual,_matmul_small_res_gate_ffn_down,action_expert.step07.layer10._matmul_small_res_gate_ffn_down.line1904,16000.000000000002,10179712.0,536870912.0,131072.0,40642656.0,3665838080.0,13795328.0,73.79,29.29,29.29,42.25,8.33,8.88,14.65
2273,action_expert,Norm / residual,Expert: AdaRMS (pre-attention),_adarms_norm_kernel,action_expert.step07.layer11._adarms_norm_kernel.line1785,3040.0,122752.0,0.0,358400.0,710240.0,714420224.0,2596864.0,4.73,0.0,1.49,3.82,8.08,3.99,0.0
2274,action_expert,QKV,Expert: QKV projection + Gemma RoPE,_matmul_gemma_rope_qkv,action_expert.step07.layer11._matmul_gemma_rope_qkv.line1794,27008.000000000004,6122624.0,335544320.0,442368.0,12506208.0,6394527744.0,23298048.0,26.28,10.49,10.49,7.51,8.33,4.36,5.25
2275,action_expert,QK,Expert: Attention QKᵀ + scale,_matmul_abt_scale,action_expert.step07.layer11._matmul_abt_scale.line1832,6272.0,829056.0,211288064.0,412672.0,14486112.0,1419687936.0,5357568.0,15.47,29.77,29.77,38.86,32.99,11.74,14.88
2276,action_expert,Softmax,Expert: Prefix/suffix masked softmax,_softmax_prefix_suffix_mask_vector,action_expert.step07.layer11._softmax_prefix_suffix_mask_vector.line1844,5440.0,1714560.0,0.0,1913600.0,2879520.0,1265221632.0,4628480.0,37.04,0.0,7.32,9.5,8.97,8.85,0.0
2277,action_expert,PV,Expert: Attention P × V,_matmul_small,action_expert.step07.layer11._matmul_small.line1854,8096.0,1662976.0,218103808.0,0.0,16221472.0,1856303104.0,6946816.0,23.94,23.5,23.5,33.37,9.45,6.94,11.75
2278,action_expert,O projection,Expert: Attention output + gated residual,_matmul_small_res_gate_oproj,action_expert.step07.layer11._matmul_small_res_gate_oproj.line1865,10016.0,5245440.0,268435456.0,131072.0,15579744.0,2304440320.0,8601600.0,60.98,23.3,23.3,25.83,8.32,6.76,11.65
2279,action_expert,Norm / residual,Expert: AdaRMS (pre-FFN),_adarms_norm_kernel,action_expert.step07.layer11._adarms_norm_kernel.line1878,2816.0000000000005,122624.0,0.0,358400.0,713536.0,655034368.0,2375680.0,5.16,0.0,1.63,4.18,8.19,4.25,0.0
2280,action_expert,FFN up,Expert: FFN gate/up + GELU product,_matmul_small_gate,action_expert.step07.layer11._matmul_small_gate.line1887,26688.000000000004,19197568.0,1073741824.0,2883584.0,24052896.0,6236258304.0,22986752.0,83.52,34.44,34.44,20.75,8.33,7.07,17.22
2281,action_expert,FFN down,Expert: FFN down + gated residual,_matmul_small_res_gate_ffn_down,action_expert.step07.layer11._matmul_small_res_gate_ffn_down.line1904,16416.0,10228096.0,536870912.0,131072.0,40643808.0,3761526784.0,14139392.0,72.34,28.55,28.55,41.22,8.33,8.93,14.27
2282,action_expert,Norm / residual,Expert: AdaRMS (pre-attention),_adarms_norm_kernel,action_expert.step07.layer12._adarms_norm_kernel.line1785,2880.0000000000005,122880.0,0.0,358400.0,715104.0,666656768.0,2408448.0,5.1,0.0,1.6,4.12,8.13,4.13,0.0
2283,action_expert,QKV,Expert: QKV projection + Gemma RoPE,_matmul_gemma_rope_qkv,action_expert.step07.layer12._matmul_gemma_rope_qkv.line1794,27360.000000000004,6052608.0,335544320.0,442368.0,12506304.0,6480766976.0,23584768.0,25.66,10.36,10.36,7.41,8.33,4.33,5.18
2284,action_expert,QK,Expert: Attention QKᵀ + scale,_matmul_abt_scale,action_expert.step07.layer12._matmul_abt_scale.line1832,6336.0,823936.0,211288064.0,412672.0,14508512.0,1445017600.0,5431296.0,15.17,29.24,29.24,38.26,32.81,11.87,14.62
2285,action_expert,Softmax,Expert: Prefix/suffix masked softmax,_softmax_prefix_suffix_mask_vector,action_expert.step07.layer12._softmax_prefix_suffix_mask_vector.line1844,5504.0,1717888.0,0.0,1913600.0,2878336.0,1284812800.0,4710400.0,36.47,0.0,7.2,9.36,8.97,8.94,0.0
2286,action_expert,PV,Expert: Attention P × V,_matmul_small,action_expert.step07.layer12._matmul_small.line1854,8096.0,1682304.0,218103808.0,0.0,16236384.0,1849511936.0,6938624.0,24.25,23.59,23.59,33.5,9.46,6.79,11.79
2287,action_expert,O projection,Expert: Attention output + gated residual,_matmul_small_res_gate_oproj,action_expert.step07.layer12._matmul_small_res_gate_oproj.line1865,10208.000000000002,5238528.0,268435456.0,131072.0,15580032.0,2352472064.0,8781824.0,59.65,22.82,22.82,25.32,8.32,6.76,11.41
2288,action_expert,Norm / residual,Expert: AdaRMS (pre-FFN),_adarms_norm_kernel,action_expert.step07.layer12._adarms_norm_kernel.line1878,3040.0,122880.0,0.0,358400.0,711200.0,708167680.0,2572288.0,4.78,0.0,1.5,3.86,8.03,3.99,0.0
2289,action_expert,FFN up,Expert: FFN gate/up + GELU product,_matmul_small_gate,action_expert.step07.layer12._matmul_small_gate.line1887,26560.000000000004,19346432.0,1073741824.0,2883584.0,24050080.0,6208253952.0,22872064.0,84.59,34.59,34.59,20.84,8.33,7.07,17.3
2290,action_expert,FFN down,Expert: FFN down + gated residual,_matmul_small_res_gate_ffn_down,action_expert.step07.layer12._matmul_small_res_gate_ffn_down.line1904,16480.0,10269184.0,536870912.0,131072.0,40646400.0,3784957952.0,14213120.0,72.25,28.37,28.37,40.97,8.33,8.98,14.18
2291,action_expert,Norm / residual,Expert: AdaRMS (pre-attention),_adarms_norm_kernel,action_expert.step07.layer13._adarms_norm_kernel.line1785,2752.0,123008.0,0.0,358400.0,714144.0,648697856.0,2359296.0,5.21,0.0,1.64,4.23,8.09,4.27,0.0
2292,action_expert,QKV,Expert: QKV projection + Gemma RoPE,_matmul_gemma_rope_qkv,action_expert.step07.layer13._matmul_gemma_rope_qkv.line1794,26848.0,6085888.0,335544320.0,442368.0,12506752.0,6356594688.0,23150592.0,26.29,10.56,10.56,7.56,8.33,4.29,5.28
2293,action_expert,QK,Expert: Attention QKᵀ + scale,_matmul_abt_scale,action_expert.step07.layer13._matmul_abt_scale.line1832,6336.0,830848.0,211288064.0,412672.0,14511040.0,1441925120.0,5447680.0,15.25,29.31,29.31,38.31,32.85,11.8,14.65
2294,action_expert,Softmax,Expert: Prefix/suffix masked softmax,_softmax_prefix_suffix_mask_vector,action_expert.step07.layer13._softmax_prefix_suffix_mask_vector.line1844,5472.0,1716096.0,0.0,1913600.0,2878752.0,1282164736.0,4685824.0,36.62,0.0,7.22,9.38,9.0,9.06,0.0
2295,action_expert,PV,Expert: Attention P × V,_matmul_small,action_expert.step07.layer13._matmul_small.line1854,7968.000000000001,1667712.0,218103808.0,0.0,16215296.0,1822922752.0,6832128.0,24.41,23.93,23.93,33.93,9.44,7.02,11.96
2296,action_expert,O projection,Expert: Attention output + gated residual,_matmul_small_res_gate_oproj,action_expert.step07.layer13._matmul_small_res_gate_oproj.line1865,9600.000000000002,5202688.0,268435456.0,131072.0,15579552.0,2211637248.0,8257536.0,63.01,24.27,24.27,26.93,8.32,6.94,12.14
2297,action_expert,Norm / residual,Expert: AdaRMS (pre-FFN),_adarms_norm_kernel,action_expert.step07.layer13._adarms_norm_kernel.line1878,2848.0,123136.0,0.0,358400.0,712544.0,664741888.0,2424832.0,5.08,0.0,1.6,4.12,8.16,4.1,0.0
2298,action_expert,FFN up,Expert: FFN gate/up + GELU product,_matmul_small_gate,action_expert.step07.layer13._matmul_small_gate.line1887,26432.0,19251200.0,1073741824.0,2883584.0,24051072.0,6176669696.0,22790144.0,84.47,34.77,34.77,20.95,8.33,7.12,17.38
2299,action_expert,FFN down,Expert: FFN down + gated residual,_matmul_small_res_gate_ffn_down,action_expert.step07.layer13._matmul_small_res_gate_ffn_down.line1904,15584.000000000002,10136448.0,536870912.0,131072.0,40625632.0,3565252608.0,13426688.0,75.49,30.12,30.12,43.44,8.33,8.86,15.06
2300,action_expert,Norm / residual,Expert: AdaRMS (pre-attention),_adarms_norm_kernel,action_expert.step07.layer14._adarms_norm_kernel.line1785,2848.0,123136.0,0.0,358400.0,712736.0,661815296.0,2416640.0,5.1,0.0,1.61,4.13,8.18,4.34,0.0
2301,action_expert,QKV,Expert: QKV projection + Gemma RoPE,_matmul_gemma_rope_qkv,action_expert.step07.layer14._matmul_gemma_rope_qkv.line1794,27040.000000000004,6139904.0,335544320.0,442368.0,12506112.0,6395682816.0,23273472.0,26.38,10.49,10.49,7.51,8.33,4.26,5.25
2302,action_expert,QK,Expert: Attention QKᵀ + scale,_matmul_abt_scale,action_expert.step07.layer14._matmul_abt_scale.line1832,6272.0,830464.0,211288064.0,412672.0,14510112.0,1424033792.0,5357568.0,15.5,29.67,29.67,38.8,32.95,11.8,14.84
2303,action_expert,Softmax,Expert: Prefix/suffix masked softmax,_softmax_prefix_suffix_mask_vector,action_expert.step07.layer14._softmax_prefix_suffix_mask_vector.line1844,5728.0,1721216.0,0.0,1913600.0,2876768.0,1337241600.0,4882432.0,35.25,0.0,6.92,8.99,8.97,8.82,0.0
2304,action_expert,PV,Expert: Attention P × V,_matmul_small,action_expert.step07.layer14._matmul_small.line1854,8032.0,1653248.0,218103808.0,0.0,16235264.0,1837451264.0,6905856.0,23.94,23.74,23.74,33.71,9.44,7.07,11.87
2305,action_expert,O projection,Expert: Attention output + gated residual,_matmul_small_res_gate_oproj,action_expert.step07.layer14._matmul_small_res_gate_oproj.line1865,10432.000000000002,5435904.0,268435456.0,131072.0,15579648.0,2399516672.0,8937472.0,60.82,22.37,22.37,24.82,8.32,6.73,11.19
2306,action_expert,Norm / residual,Expert: AdaRMS (pre-FFN),_adarms_norm_kernel,action_expert.step07.layer14._adarms_norm_kernel.line1878,2880.0000000000005,122496.0,0.0,358400.0,713600.0,671893504.0,2449408.0,5.0,0.0,1.59,4.08,8.18,4.24,0.0
2307,action_expert,FFN up,Expert: FFN gate/up + GELU product,_matmul_small_gate,action_expert.step07.layer14._matmul_small_gate.line1887,26528.0,19213312.0,1073741824.0,2883584.0,24053216.0,6198296576.0,22855680.0,84.06,34.65,34.65,20.88,8.33,7.04,17.32
2308,action_expert,FFN down,Expert: FFN down + gated residual,_matmul_small_res_gate_ffn_down,action_expert.step07.layer14._matmul_small_res_gate_ffn_down.line1904,15872.0,10090368.0,536870912.0,131072.0,40646656.0,3629989888.0,13647872.0,73.93,29.58,29.58,42.68,8.33,8.92,14.79
2309,action_expert,Norm / residual,Expert: AdaRMS (pre-attention),_adarms_norm_kernel,action_expert.step07.layer15._adarms_norm_kernel.line1785,3008.0000000000005,123648.0,0.0,358400.0,710720.0,700329984.0,2547712.0,4.85,0.0,1.52,3.9,8.16,4.01,0.0
2310,action_expert,QKV,Expert: QKV projection + Gemma RoPE,_matmul_gemma_rope_qkv,action_expert.step07.layer15._matmul_gemma_rope_qkv.line1794,27168.0,6091392.0,335544320.0,442368.0,12506528.0,6426767360.0,23396352.0,26.04,10.44,10.44,7.48,8.33,4.32,5.22
2311,action_expert,QK,Expert: Attention QKᵀ + scale,_matmul_abt_scale,action_expert.step07.layer15._matmul_abt_scale.line1832,6272.0,824960.0,211288064.0,412672.0,14507616.0,1427419136.0,5382144.0,15.33,29.6,29.6,38.73,33.03,11.89,14.8
2312,action_expert,Softmax,Expert: Prefix/suffix masked softmax,_softmax_prefix_suffix_mask_vector,action_expert.step07.layer15._softmax_prefix_suffix_mask_vector.line1844,5408.000000000001,1711488.0,0.0,1913600.0,2877600.0,1258237952.0,4620288.0,37.04,0.0,7.36,9.55,9.0,8.94,0.0
2313,action_expert,PV,Expert: Attention P × V,_matmul_small,action_expert.step07.layer15._matmul_small.line1854,8064.000000000001,1660416.0,218103808.0,0.0,16234752.0,1845571584.0,6930432.0,23.96,23.64,23.64,33.6,9.44,6.86,11.82
2314,action_expert,O projection,Expert: Attention output + gated residual,_matmul_small_res_gate_oproj,action_expert.step07.layer15._matmul_small_res_gate_oproj.line1865,9536.0,5187328.0,268435456.0,131072.0,15579680.0,2188738560.0,8192000.0,63.32,24.53,24.53,27.2,8.32,6.69,12.26
2315,action_expert,Norm / residual,Expert: AdaRMS (pre-FFN),_adarms_norm_kernel,action_expert.step07.layer15._adarms_norm_kernel.line1878,2848.0,123136.0,0.0,358400.0,714240.0,664188928.0,2416640.0,5.1,0.0,1.6,4.13,8.19,4.24,0.0
2316,action_expert,FFN up,Expert: FFN gate/up + GELU product,_matmul_small_gate,action_expert.step07.layer15._matmul_small_gate.line1887,26752.0,19249152.0,1073741824.0,2883584.0,24050272.0,6257195008.0,23052288.0,83.5,34.32,34.32,20.69,8.33,7.16,17.16
2317,action_expert,FFN down,Expert: FFN down + gated residual,_matmul_small_res_gate_ffn_down,action_expert.step07.layer15._matmul_small_res_gate_ffn_down.line1904,15936.000000000002,10059776.0,536870912.0,131072.0,40643872.0,3642394624.0,13697024.0,73.44,29.48,29.48,42.54,8.33,8.91,14.74
2318,action_expert,Norm / residual,Expert: AdaRMS (pre-attention),_adarms_norm_kernel,action_expert.step07.layer16._adarms_norm_kernel.line1785,2944.0,123264.0,0.0,358400.0,711200.0,688939008.0,2506752.0,4.92,0.0,1.55,3.96,8.17,4.34,0.0
2319,action_expert,QKV,Expert: QKV projection + Gemma RoPE,_matmul_gemma_rope_qkv,action_expert.step07.layer16._matmul_gemma_rope_qkv.line1794,27552.000000000004,6061056.0,335544320.0,442368.0,12511392.0,6526881792.0,23773184.0,25.5,10.28,10.28,7.37,8.33,4.31,5.14
2320,action_expert,QK,Expert: Attention QKᵀ + scale,_matmul_abt_scale,action_expert.step07.layer16._matmul_abt_scale.line1832,6304.0,827264.0,211288064.0,412672.0,14511392.0,1430925312.0,5373952.0,15.39,29.53,29.53,38.62,32.72,11.93,14.77
2321,action_expert,Softmax,Expert: Prefix/suffix masked softmax,_softmax_prefix_suffix_mask_vector,action_expert.step07.layer16._softmax_prefix_suffix_mask_vector.line1844,5504.0,1718912.0,0.0,1913600.0,2878496.0,1293832192.0,4726784.0,36.37,0.0,7.15,9.3,8.96,8.78,0.0
2322,action_expert,PV,Expert: Attention P × V,_matmul_small,action_expert.step07.layer16._matmul_small.line1854,8160.0,1670144.0,218103808.0,0.0,16236352.0,1870229504.0,7020544.0,23.79,23.32,23.32,33.14,9.44,7.04,11.66
2323,action_expert,O projection,Expert: Attention output + gated residual,_matmul_small_res_gate_oproj,action_expert.step07.layer16._matmul_small_res_gate_oproj.line1865,9568.0,5229696.0,268435456.0,131072.0,15579296.0,2194948096.0,8192000.0,63.84,24.46,24.46,27.13,8.32,6.89,12.23
2324,action_expert,Norm / residual,Expert: AdaRMS (pre-FFN),_adarms_norm_kernel,action_expert.step07.layer16._adarms_norm_kernel.line1878,3104.0000000000005,123008.0,0.0,358400.0,709536.0,723861504.0,2646016.0,4.65,0.0,1.47,3.77,8.04,3.88,0.0
2325,action_expert,FFN up,Expert: FFN gate/up + GELU product,_matmul_small_gate,action_expert.step07.layer16._matmul_small_gate.line1887,26656.0,19295488.0,1073741824.0,2883584.0,24050080.0,6229610496.0,22986752.0,83.94,34.47,34.47,20.77,8.33,7.06,17.24
2326,action_expert,FFN down,Expert: FFN down + gated residual,_matmul_small_res_gate_ffn_down,action_expert.step07.layer16._matmul_small_res_gate_ffn_down.line1904,15648.0,10077568.0,536870912.0,131072.0,40642560.0,3581679616.0,13500416.0,74.65,29.98,29.98,43.26,8.33,8.95,14.99
2327,action_expert,Norm / residual,Expert: AdaRMS (pre-attention),_adarms_norm_kernel,action_expert.step07.layer17._adarms_norm_kernel.line1785,2880.0000000000005,123392.0,0.0,358400.0,713920.0,665882624.0,2408448.0,5.12,0.0,1.6,4.11,8.2,4.22,0.0
2328,action_expert,QKV,Expert: QKV projection + Gemma RoPE,_matmul_gemma_rope_qkv,action_expert.step07.layer17._matmul_gemma_rope_qkv.line1794,27232.000000000004,6070272.0,335544320.0,442368.0,12510016.0,6438125568.0,23445504.0,25.89,10.42,10.42,7.47,8.33,4.33,5.21
2329,action_expert,QK,Expert: Attention QKᵀ + scale,_matmul_abt_scale,action_expert.step07.layer17._matmul_abt_scale.line1832,6208.000000000001,832000.0,211288064.0,412672.0,14509984.0,1413793792.0,5324800.0,15.62,29.89,29.89,39.1,33.1,11.77,14.94
2330,action_expert,Softmax,Expert: Prefix/suffix masked softmax,_softmax_prefix_suffix_mask_vector,action_expert.step07.layer17._softmax_prefix_suffix_mask_vector.line1844,5376.000000000001,1713792.0,0.0,1913600.0,2878400.0,1260660736.0,4612096.0,37.16,0.0,7.34,9.53,8.95,8.88,0.0
2331,action_expert,PV,Expert: Attention P × V,_matmul_small,action_expert.step07.layer17._matmul_small.line1854,8192.0,1669888.0,218103808.0,0.0,16235552.0,1876514816.0,7028736.0,23.76,23.25,23.25,33.01,9.46,7.06,11.62
2332,action_expert,O projection,Expert: Attention output + gated residual,_matmul_small_res_gate_oproj,action_expert.step07.layer17._matmul_small_res_gate_oproj.line1865,9632.0,5206144.0,268435456.0,131072.0,15579744.0,2212458496.0,8282112.0,62.86,24.27,24.27,26.91,8.32,6.65,12.13
2333,action_expert,Norm / residual,Expert: AdaRMS (pre-FFN),_adarms_norm_kernel,action_expert.step07.layer17._adarms_norm_kernel.line1878,2880.0000000000005,123264.0,0.0,358400.0,713760.0,668116992.0,2441216.0,5.05,0.0,1.59,4.1,8.23,4.25,0.0
2334,action_expert,FFN up,Expert: FFN gate/up + GELU product,_matmul_small_gate,action_expert.step07.layer17._matmul_small_gate.line1887,26912.000000000004,19353856.0,1073741824.0,2883584.0,24051648.0,6298501120.0,23232512.0,83.31,34.1,34.1,20.55,8.33,7.02,17.05
2335,action_expert,FFN down,Expert: FFN down + gated residual,_matmul_small_res_gate_ffn_down,action_expert.step07.layer17._matmul_small_res_gate_ffn_down.line1904,15872.0,10155264.0,536870912.0,131072.0,40641824.0,3630495744.0,13680640.0,74.23,29.58,29.58,42.67,8.33,8.91,14.79
2336,action_expert,Norm / residual,Expert: AdaRMS (final),_adarms_norm_kernel,action_expert.step07.layer-1._adarms_norm_kernel.line1922,2848.0,123136.0,0.0,358400.0,712928.0,665624576.0,2433024.0,5.06,0.0,1.6,4.11,8.17,4.27,0.0
2337,action_expert,Action IO,Expert: Action head + Euler update,_matmul_small_bias_res,action_expert.step07.layer-1._matmul_small_bias_res.line1931,3904.0000000000005,211328.0,8388608.0,4096.0,601344.0,916426752.0,3317760.0,6.37,1.83,1.83,3.15,8.32,8.1,0.92
2338,action_expert,Action IO,Expert: Action input projection + bias,_matmul_small_bias,action_expert.step08.layer-1._matmul_small_bias.line1770,2464.0,84736.0,4194304.0,32768.0,463552.0,573612032.0,2105344.0,4.02,1.46,3.11,3.54,8.32,7.28,0.73
2339,action_expert,Norm / residual,Expert: AdaRMS (pre-attention),_adarms_norm_kernel,action_expert.step08.layer00._adarms_norm_kernel.line1785,2880.0000000000005,123520.0,0.0,358400.0,713952.0,667875328.0,2424832.0,5.09,0.0,1.59,4.11,8.17,3.98,0.0
2340,action_expert,QKV,Expert: QKV projection + Gemma RoPE,_matmul_gemma_rope_qkv,action_expert.step08.layer00._matmul_gemma_rope_qkv.line1794,26912.000000000004,6068992.0,335544320.0,442368.0,12506656.0,6367447040.0,23199744.0,26.16,10.54,10.54,7.55,8.33,4.33,5.27
2341,action_expert,QK,Expert: Attention QKᵀ + scale,_matmul_abt_scale,action_expert.step08.layer00._matmul_abt_scale.line1832,6208.000000000001,833408.0,211288064.0,412672.0,14507296.0,1407760384.0,5308416.0,15.7,30.02,30.02,39.28,32.73,11.89,15.01
2342,action_expert,Softmax,Expert: Prefix/suffix masked softmax,_softmax_prefix_suffix_mask_vector,action_expert.step08.layer00._softmax_prefix_suffix_mask_vector.line1844,5632.000000000001,1713152.0,0.0,1913600.0,2877184.0,1316356096.0,4816896.0,35.57,0.0,7.03,9.14,8.97,8.74,0.0
2343,action_expert,PV,Expert: Attention P × V,_matmul_small,action_expert.step08.layer00._matmul_small.line1854,8000.000000000001,1660416.0,218103808.0,0.0,16218144.0,1833064448.0,6848512.0,24.24,23.8,23.8,33.78,9.45,6.95,11.9
2344,action_expert,O projection,Expert: Attention output + gated residual,_matmul_small_res_gate_oproj,action_expert.step08.layer00._matmul_small_res_gate_oproj.line1865,9856.0,5233664.0,268435456.0,131072.0,15579616.0,2273439744.0,8495104.0,61.61,23.61,23.61,26.2,8.32,6.82,11.81
2345,action_expert,Norm / residual,Expert: AdaRMS (pre-FFN),_adarms_norm_kernel,action_expert.step08.layer00._adarms_norm_kernel.line1878,3200.0000000000005,123136.0,0.0,358400.0,710432.0,740927488.0,2695168.0,4.57,0.0,1.44,3.69,8.13,3.99,0.0
2346,action_expert,FFN up,Expert: FFN gate/up + GELU product,_matmul_small_gate,action_expert.step08.layer00._matmul_small_gate.line1887,26432.0,19113600.0,1073741824.0,2883584.0,24050400.0,6177622016.0,22781952.0,83.9,34.76,34.76,20.95,8.33,7.19,17.38
2347,action_expert,FFN down,Expert: FFN down + gated residual,_matmul_small_res_gate_ffn_down,action_expert.step08.layer00._matmul_small_res_gate_ffn_down.line1904,15584.000000000002,10101248.0,536870912.0,131072.0,40642368.0,3560339456.0,13410304.0,75.32,30.16,30.16,43.5,8.33,8.87,15.08
2348,action_expert,Norm / residual,Expert: AdaRMS (pre-attention),_adarms_norm_kernel,action_expert.step08.layer01._adarms_norm_kernel.line1785,2816.0000000000005,123008.0,0.0,358400.0,714816.0,660824064.0,2408448.0,5.11,0.0,1.61,4.15,8.19,3.87,0.0
2349,action_expert,QKV,Expert: QKV projection + Gemma RoPE,_matmul_gemma_rope_qkv,action_expert.step08.layer01._matmul_gemma_rope_qkv.line1794,26976.0,6087936.0,335544320.0,442368.0,12506432.0,6385344512.0,23248896.0,26.19,10.51,10.51,7.52,8.33,4.3,5.25
2350,action_expert,QK,Expert: Attention QKᵀ + scale,_matmul_abt_scale,action_expert.step08.layer01._matmul_abt_scale.line1832,6400.000000000001,825216.0,211288064.0,412672.0,14507072.0,1451286528.0,5472256.0,15.08,29.12,29.12,38.09,32.96,11.92,14.56
2351,action_expert,Softmax,Expert: Prefix/suffix masked softmax,_softmax_prefix_suffix_mask_vector,action_expert.step08.layer01._softmax_prefix_suffix_mask_vector.line1844,5536.0,1714176.0,0.0,1913600.0,2877376.0,1293449216.0,4726784.0,36.27,0.0,7.16,9.29,8.99,8.95,0.0
2352,action_expert,PV,Expert: Attention P × V,_matmul_small,action_expert.step08.layer01._matmul_small.line1854,8512.0,1672576.0,218103808.0,0.0,16220032.0,1953912832.0,7307264.0,22.89,22.32,22.32,31.69,9.45,7.03,11.16
2353,action_expert,O projection,Expert: Attention output + gated residual,_matmul_small_res_gate_oproj,action_expert.step08.layer01._matmul_small_res_gate_oproj.line1865,10240.0,5356288.0,268435456.0,131072.0,15578432.0,2366128128.0,8814592.0,60.77,22.69,22.69,25.17,8.32,6.77,11.34
2354,action_expert,Norm / residual,Expert: AdaRMS (pre-FFN),_adarms_norm_kernel,action_expert.step08.layer01._adarms_norm_kernel.line1878,3008.0000000000005,123136.0,0.0,358400.0,712384.0,704778240.0,2572288.0,4.79,0.0,1.51,3.88,8.04,4.27,0.0
2355,action_expert,FFN up,Expert: FFN gate/up + GELU product,_matmul_small_gate,action_expert.step08.layer01._matmul_small_gate.line1887,27104.0,19400960.0,1073741824.0,2883584.0,24050688.0,6339971072.0,23371776.0,83.01,33.87,33.87,20.41,8.33,7.06,16.94
2356,action_expert,FFN down,Expert: FFN down + gated residual,_matmul_small_res_gate_ffn_down,action_expert.step08.layer01._matmul_small_res_gate_ffn_down.line1904,15584.000000000002,10110464.0,536870912.0,131072.0,40640032.0,3559204864.0,13402112.0,75.44,30.17,30.17,43.52,8.33,9.06,15.08
2357,action_expert,Norm / residual,Expert: AdaRMS (pre-attention),_adarms_norm_kernel,action_expert.step08.layer02._adarms_norm_kernel.line1785,3040.0,123136.0,0.0,358400.0,709952.0,710418432.0,2596864.0,4.74,0.0,1.5,3.84,8.12,3.91,0.0
2358,action_expert,QKV,Expert: QKV projection + Gemma RoPE,_matmul_gemma_rope_qkv,action_expert.step08.layer02._matmul_gemma_rope_qkv.line1794,26848.0,6176256.0,335544320.0,442368.0,12506304.0,6357794816.0,23158784.0,26.67,10.56,10.56,7.56,8.33,4.33,5.28
2359,action_expert,QK,Expert: Attention QKᵀ + scale,_matmul_abt_scale,action_expert.step08.layer02._matmul_abt_scale.line1832,6240.0,827136.0,211288064.0,412672.0,14493728.0,1420800000.0,5357568.0,15.44,29.74,29.74,38.82,32.94,11.91,14.87
2360,action_expert,Softmax,Expert: Prefix/suffix masked softmax,_softmax_prefix_suffix_mask_vector,action_expert.step08.layer02._softmax_prefix_suffix_mask_vector.line1844,5536.0,1715712.0,0.0,1913600.0,2878368.0,1295773696.0,4751360.0,36.11,0.0,7.14,9.28,8.94,8.87,0.0
2361,action_expert,PV,Expert: Attention P × V,_matmul_small,action_expert.step08.layer02._matmul_small.line1854,7904.000000000001,1678848.0,218103808.0,0.0,16234688.0,1806348288.0,6782976.0,24.75,24.15,24.15,34.28,9.45,6.94,12.07
2362,action_expert,O projection,Expert: Attention output + gated residual,_matmul_small_res_gate_oproj,action_expert.step08.layer02._matmul_small_res_gate_oproj.line1865,10368.000000000002,5272064.0,268435456.0,131072.0,15579840.0,2388393984.0,8904704.0,59.21,22.48,22.48,24.93,8.32,6.75,11.24
2363,action_expert,Norm / residual,Expert: AdaRMS (pre-FFN),_adarms_norm_kernel,action_expert.step08.layer02._adarms_norm_kernel.line1878,2944.0,122880.0,0.0,358400.0,710048.0,685912064.0,2506752.0,4.9,0.0,1.55,3.98,8.16,4.24,0.0
2364,action_expert,FFN up,Expert: FFN gate/up + GELU product,_matmul_small_gate,action_expert.step08.layer02._matmul_small_gate.line1887,26912.000000000004,19330432.0,1073741824.0,2883584.0,24050784.0,6295693312.0,23199744.0,83.32,34.11,34.11,20.56,8.33,7.12,17.06
2365,action_expert,FFN down,Expert: FFN down + gated residual,_matmul_small_res_gate_ffn_down,action_expert.step08.layer02._matmul_small_res_gate_ffn_down.line1904,15424.0,10110464.0,536870912.0,131072.0,40644096.0,3522727936.0,13271040.0,76.18,30.48,30.48,43.99,8.33,8.76,15.24
2366,action_expert,Norm / residual,Expert: AdaRMS (pre-attention),_adarms_norm_kernel,action_expert.step08.layer03._adarms_norm_kernel.line1785,2816.0000000000005,123392.0,0.0,358400.0,712608.0,657340416.0,2400256.0,5.14,0.0,1.62,4.17,8.23,4.39,0.0
2367,action_expert,QKV,Expert: QKV projection + Gemma RoPE,_matmul_gemma_rope_qkv,action_expert.step08.layer03._matmul_gemma_rope_qkv.line1794,27424.0,6083328.0,335544320.0,442368.0,12505920.0,6488528896.0,23625728.0,25.75,10.34,10.34,7.41,8.33,4.3,5.17
2368,action_expert,QK,Expert: Attention QKᵀ + scale,_matmul_abt_scale,action_expert.step08.layer03._matmul_abt_scale.line1832,6272.0,828928.0,211288064.0,412672.0,14508928.0,1423101952.0,5390336.0,15.38,29.69,29.69,38.84,32.88,11.84,14.85
2369,action_expert,Softmax,Expert: Prefix/suffix masked softmax,_softmax_prefix_suffix_mask_vector,action_expert.step08.layer03._softmax_prefix_suffix_mask_vector.line1844,5376.000000000001,1715968.0,0.0,1913600.0,2876928.0,1257148416.0,4603904.0,37.27,0.0,7.36,9.57,8.98,8.8,0.0
2370,action_expert,PV,Expert: Attention P × V,_matmul_small,action_expert.step08.layer03._matmul_small.line1854,8128.000000000001,1649408.0,218103808.0,0.0,16218624.0,1863923712.0,6979584.0,23.63,23.4,23.4,33.22,9.43,6.97,11.7
2371,action_expert,O projection,Expert: Attention output + gated residual,_matmul_small_res_gate_oproj,action_expert.step08.layer03._matmul_small_res_gate_oproj.line1865,9504.0,5185408.0,268435456.0,131072.0,15579296.0,2184550400.0,8159232.0,63.55,24.58,24.58,27.24,8.32,6.88,12.29
2372,action_expert,Norm / residual,Expert: AdaRMS (pre-FFN),_adarms_norm_kernel,action_expert.step08.layer03._adarms_norm_kernel.line1878,2848.0,122880.0,0.0,358400.0,712576.0,661168128.0,2408448.0,5.1,0.0,1.61,4.14,8.14,4.31,0.0
2373,action_expert,FFN up,Expert: FFN gate/up + GELU product,_matmul_small_gate,action_expert.step08.layer03._matmul_small_gate.line1887,27328.000000000004,19334912.0,1073741824.0,2883584.0,24053120.0,6388604928.0,23543808.0,82.12,33.61,33.61,20.26,8.33,7.1,16.81
2374,action_expert,FFN down,Expert: FFN down + gated residual,_matmul_small_res_gate_ffn_down,action_expert.step08.layer03._matmul_small_res_gate_ffn_down.line1904,16224.000000000002,10330624.0,536870912.0,131072.0,40642912.0,3714576384.0,13959168.0,74.01,28.91,28.91,41.7,8.33,8.98,14.45
2375,action_expert,Norm / residual,Expert: AdaRMS (pre-attention),_adarms_norm_kernel,action_expert.step08.layer04._adarms_norm_kernel.line1785,2880.0000000000005,122752.0,0.0,358400.0,712640.0,673562624.0,2457600.0,4.99,0.0,1.58,4.06,8.14,4.17,0.0
2376,action_expert,QKV,Expert: QKV projection + Gemma RoPE,_matmul_gemma_rope_qkv,action_expert.step08.layer04._matmul_gemma_rope_qkv.line1794,27136.000000000004,6092032.0,335544320.0,442368.0,12506720.0,6423330816.0,23396352.0,26.04,10.45,10.45,7.48,8.33,4.27,5.22
2377,action_expert,QK,Expert: Attention QKᵀ + scale,_matmul_abt_scale,action_expert.step08.layer04._matmul_abt_scale.line1832,6336.0,827904.0,211288064.0,412672.0,14511744.0,1440432128.0,5439488.0,15.22,29.34,29.34,38.36,32.88,11.79,14.67
2378,action_expert,Softmax,Expert: Prefix/suffix masked softmax,_softmax_prefix_suffix_mask_vector,action_expert.step08.layer04._softmax_prefix_suffix_mask_vector.line1844,5472.0,1712384.0,0.0,1913600.0,2862208.0,1282217984.0,4702208.0,36.42,0.0,7.22,9.38,8.99,8.86,0.0
2379,action_expert,PV,Expert: Attention P × V,_matmul_small,action_expert.step08.layer04._matmul_small.line1854,7936.0,1658368.0,218103808.0,0.0,16236288.0,1817032704.0,6815744.0,24.33,24.01,24.01,34.05,9.43,7.14,12.0
2380,action_expert,O projection,Expert: Attention output + gated residual,_matmul_small_res_gate_oproj,action_expert.step08.layer04._matmul_small_res_gate_oproj.line1865,10240.0,5352448.0,268435456.0,131072.0,15579936.0,2363394048.0,8839168.0,60.55,22.72,22.72,25.19,8.32,6.94,11.36
2381,action_expert,Norm / residual,Expert: AdaRMS (pre-FFN),_adarms_norm_kernel,action_expert.step08.layer04._adarms_norm_kernel.line1878,2944.0,123264.0,0.0,358400.0,713536.0,685881344.0,2506752.0,4.92,0.0,1.55,3.99,8.12,4.24,0.0
2382,action_expert,FFN up,Expert: FFN gate/up + GELU product,_matmul_small_gate,action_expert.step08.layer04._matmul_small_gate.line1887,26880.0,19184512.0,1073741824.0,2883584.0,24050752.0,6287480832.0,23166976.0,82.81,34.15,34.15,20.59,8.33,7.07,17.08
2383,action_expert,FFN down,Expert: FFN down + gated residual,_matmul_small_res_gate_ffn_down,action_expert.step08.layer04._matmul_small_res_gate_ffn_down.line1904,15584.000000000002,10164224.0,536870912.0,131072.0,40641792.0,3558473728.0,13402112.0,75.84,30.17,30.17,43.53,8.33,8.66,15.09
2384,action_expert,Norm / residual,Expert: AdaRMS (pre-attention),_adarms_norm_kernel,action_expert.step08.layer05._adarms_norm_kernel.line1785,2848.0,122752.0,0.0,358400.0,713536.0,658628608.0,2408448.0,5.1,0.0,1.62,4.16,8.13,4.38,0.0
2385,action_expert,QKV,Expert: QKV projection + Gemma RoPE,_matmul_gemma_rope_qkv,action_expert.step08.layer05._matmul_gemma_rope_qkv.line1794,26880.0,6099200.0,335544320.0,442368.0,12506368.0,6358857728.0,23158784.0,26.34,10.55,10.55,7.55,8.33,4.33,5.28
2386,action_expert,QK,Expert: Attention QKᵀ + scale,_matmul_abt_scale,action_expert.step08.layer05._matmul_abt_scale.line1832,6240.0,826752.0,211288064.0,412672.0,14509056.0,1414938624.0,5324800.0,15.53,29.87,29.87,39.06,32.93,11.91,14.93
2387,action_expert,Softmax,Expert: Prefix/suffix masked softmax,_softmax_prefix_suffix_mask_vector,action_expert.step08.layer05._softmax_prefix_suffix_mask_vector.line1844,5504.0,1721984.0,0.0,1913600.0,2876736.0,1286043648.0,4694016.0,36.68,0.0,7.2,9.34,8.98,8.93,0.0
2388,action_expert,PV,Expert: Attention P × V,_matmul_small,action_expert.step08.layer05._matmul_small.line1854,7904.000000000001,1662592.0,218103808.0,0.0,16234144.0,1813684224.0,6807552.0,24.42,24.05,24.05,34.17,9.46,7.1,12.03
2389,action_expert,O projection,Expert: Attention output + gated residual,_matmul_small_res_gate_oproj,action_expert.step08.layer05._matmul_small_res_gate_oproj.line1865,10112.0,5300608.0,268435456.0,131072.0,15579968.0,2326654976.0,8667136.0,61.16,23.07,23.07,25.6,8.32,6.83,11.54
2390,action_expert,Norm / residual,Expert: AdaRMS (pre-FFN),_adarms_norm_kernel,action_expert.step08.layer05._adarms_norm_kernel.line1878,2880.0000000000005,122752.0,0.0,358400.0,711968.0,670484480.0,2441216.0,5.03,0.0,1.59,4.08,8.17,4.3,0.0
2391,action_expert,FFN up,Expert: FFN gate/up + GELU product,_matmul_small_gate,action_expert.step08.layer05._matmul_small_gate.line1887,26880.0,19224576.0,1073741824.0,2883584.0,24049632.0,6283384832.0,23150592.0,83.04,34.18,34.18,20.6,8.33,7.11,17.09
2392,action_expert,FFN down,Expert: FFN down + gated residual,_matmul_small_res_gate_ffn_down,action_expert.step08.layer05._matmul_small_res_gate_ffn_down.line1904,16992.000000000004,10395520.0,536870912.0,131072.0,40645216.0,3898269696.0,14614528.0,71.13,27.54,27.54,39.77,8.33,8.84,13.77
2393,action_expert,Norm / residual,Expert: AdaRMS (pre-attention),_adarms_norm_kernel,action_expert.step08.layer06._adarms_norm_kernel.line1785,2944.0,123136.0,0.0,358400.0,728032.0,692234240.0,2523136.0,4.88,0.0,1.54,4.04,8.12,4.28,0.0
2394,action_expert,QKV,Expert: QKV projection + Gemma RoPE,_matmul_gemma_rope_qkv,action_expert.step08.layer06._matmul_gemma_rope_qkv.line1794,27168.0,6044160.0,335544320.0,442368.0,12506336.0,6430431232.0,23429120.0,25.8,10.44,10.44,7.47,8.33,4.29,5.22
2395,action_expert,QK,Expert: Attention QKᵀ + scale,_matmul_abt_scale,action_expert.step08.layer06._matmul_abt_scale.line1832,6304.0,827776.0,211288064.0,412672.0,14510592.0,1429913600.0,5406720.0,15.31,29.55,29.55,38.65,32.85,11.68,14.78
2396,action_expert,Softmax,Expert: Prefix/suffix masked softmax,_softmax_prefix_suffix_mask_vector,action_expert.step08.layer06._softmax_prefix_suffix_mask_vector.line1844,5600.000000000001,1714048.0,0.0,1913600.0,2879904.0,1304018944.0,4767744.0,35.95,0.0,7.1,9.22,8.95,9.11,0.0
2397,action_expert,PV,Expert: Attention P × V,_matmul_small,action_expert.step08.layer06._matmul_small.line1854,7776.0,1661952.0,218103808.0,0.0,16233024.0,1773316096.0,6660096.0,24.95,24.6,24.6,34.89,9.45,7.14,12.3
2398,action_expert,O projection,Expert: Attention output + gated residual,_matmul_small_res_gate_oproj,action_expert.step08.layer06._matmul_small_res_gate_oproj.line1865,10176.0,5238656.0,268435456.0,131072.0,15579648.0,2339928064.0,8740864.0,59.93,22.94,22.94,25.45,8.32,6.79,11.47
2399,action_expert,Norm / residual,Expert: AdaRMS (pre-FFN),_adarms_norm_kernel,action_expert.step08.layer06._adarms_norm_kernel.line1878,2848.0,122752.0,0.0,358400.0,713440.0,662972416.0,2408448.0,5.1,0.0,1.61,4.13,8.21,4.23,0.0
2400,action_expert,FFN up,Expert: FFN gate/up + GELU product,_matmul_small_gate,action_expert.step08.layer06._matmul_small_gate.line1887,26656.0,19297664.0,1073741824.0,2883584.0,24050304.0,6225285120.0,22953984.0,84.07,34.5,34.5,20.78,8.33,7.04,17.25
2401,action_expert,FFN down,Expert: FFN down + gated residual,_matmul_small_res_gate_ffn_down,action_expert.step08.layer06._matmul_small_res_gate_ffn_down.line1904,15552.0,10100992.0,536870912.0,131072.0,40642016.0,3554869248.0,13393920.0,75.41,30.2,30.2,43.58,8.33,8.92,15.1
2402,action_expert,Norm / residual,Expert: AdaRMS (pre-attention),_adarms_norm_kernel,action_expert.step08.layer07._adarms_norm_kernel.line1785,2880.0000000000005,122624.0,0.0,358400.0,714048.0,670060544.0,2441216.0,5.02,0.0,1.59,4.1,8.1,4.32,0.0
2403,action_expert,QKV,Expert: QKV projection + Gemma RoPE,_matmul_gemma_rope_qkv,action_expert.step08.layer07._matmul_gemma_rope_qkv.line1794,27008.000000000004,6171776.0,335544320.0,442368.0,12504640.0,6393163776.0,23298048.0,26.49,10.5,10.5,7.51,8.33,4.31,5.25
2404,action_expert,QK,Expert: Attention QKᵀ + scale,_matmul_abt_scale,action_expert.step08.layer07._matmul_abt_scale.line1832,6240.0,829824.0,211288064.0,412672.0,14525088.0,1415450624.0,5324800.0,15.58,29.85,29.85,39.07,32.92,11.65,14.93
2405,action_expert,Softmax,Expert: Prefix/suffix masked softmax,_softmax_prefix_suffix_mask_vector,action_expert.step08.layer07._softmax_prefix_suffix_mask_vector.line1844,5376.000000000001,1719296.0,0.0,1913600.0,2878528.0,1258676224.0,4612096.0,37.28,0.0,7.35,9.56,9.01,8.9,0.0
2406,action_expert,PV,Expert: Attention P × V,_matmul_small,action_expert.step08.layer07._matmul_small.line1854,8096.0,1653504.0,218103808.0,0.0,16238656.0,1852188672.0,6963200.0,23.75,23.55,23.55,33.44,9.45,7.05,11.78
2407,action_expert,O projection,Expert: Attention output + gated residual,_matmul_small_res_gate_oproj,action_expert.step08.layer07._matmul_small_res_gate_oproj.line1865,10016.0,5272576.0,268435456.0,131072.0,15583840.0,2310930432.0,8609792.0,61.24,23.23,23.23,25.79,8.32,6.78,11.62
2408,action_expert,Norm / residual,Expert: AdaRMS (pre-FFN),_adarms_norm_kernel,action_expert.step08.layer07._adarms_norm_kernel.line1878,2816.0000000000005,123008.0,0.0,358400.0,715648.0,660916224.0,2408448.0,5.11,0.0,1.61,4.16,8.11,4.25,0.0
2409,action_expert,FFN up,Expert: FFN gate/up + GELU product,_matmul_small_gate,action_expert.step08.layer07._matmul_small_gate.line1887,26592.000000000004,19253376.0,1073741824.0,2883584.0,24050144.0,6217904128.0,22921216.0,84.0,34.54,34.54,20.81,8.33,7.1,17.27
2410,action_expert,FFN down,Expert: FFN down + gated residual,_matmul_small_res_gate_ffn_down,action_expert.step08.layer07._matmul_small_res_gate_ffn_down.line1904,15872.0,10100480.0,536870912.0,131072.0,40642624.0,3628140544.0,13647872.0,74.01,29.59,29.59,42.72,8.33,8.95,14.8
2411,action_expert,Norm / residual,Expert: AdaRMS (pre-attention),_adarms_norm_kernel,action_expert.step08.layer08._adarms_norm_kernel.line1785,2880.0000000000005,122624.0,0.0,358400.0,714048.0,671395840.0,2457600.0,4.99,0.0,1.59,4.09,8.13,4.35,0.0
2412,action_expert,QKV,Expert: QKV projection + Gemma RoPE,_matmul_gemma_rope_qkv,action_expert.step08.layer08._matmul_gemma_rope_qkv.line1794,27200.0,6140160.0,335544320.0,442368.0,12506432.0,6435917824.0,23445504.0,26.19,10.43,10.43,7.47,8.33,4.28,5.21
2413,action_expert,QK,Expert: Attention QKᵀ + scale,_matmul_abt_scale,action_expert.step08.layer08._matmul_abt_scale.line1832,6400.000000000001,828288.0,211288064.0,412672.0,14507072.0,1449445376.0,5464064.0,15.16,29.15,29.15,38.13,33.01,11.84,14.58
2414,action_expert,Softmax,Expert: Prefix/suffix masked softmax,_softmax_prefix_suffix_mask_vector,action_expert.step08.layer08._softmax_prefix_suffix_mask_vector.line1844,5440.0,1715968.0,0.0,1913600.0,2876480.0,1272741888.0,4653056.0,36.88,0.0,7.27,9.44,9.0,8.9,0.0
2415,action_expert,PV,Expert: Attention P × V,_matmul_small,action_expert.step08.layer08._matmul_small.line1854,7936.0,1668864.0,218103808.0,0.0,16257280.0,1811689472.0,6799360.0,24.54,24.08,24.08,34.22,9.44,6.95,12.04
2416,action_expert,O projection,Expert: Attention output + gated residual,_matmul_small_res_gate_oproj,action_expert.step08.layer08._matmul_small_res_gate_oproj.line1865,10080.0,5414400.0,268435456.0,131072.0,15580096.0,2326265856.0,8675328.0,62.41,23.08,23.08,25.61,8.32,6.71,11.54
2417,action_expert,Norm / residual,Expert: AdaRMS (pre-FFN),_adarms_norm_kernel,action_expert.step08.layer08._adarms_norm_kernel.line1878,2976.0000000000005,123008.0,0.0,358400.0,713440.0,688060416.0,2506752.0,4.91,0.0,1.55,3.98,8.15,4.2,0.0
2418,action_expert,FFN up,Expert: FFN gate/up + GELU product,_matmul_small_gate,action_expert.step08.layer08._matmul_small_gate.line1887,26880.0,19293312.0,1073741824.0,2883584.0,24051328.0,6285582336.0,23166976.0,83.28,34.17,34.17,20.59,8.33,7.15,17.08
2419,action_expert,FFN down,Expert: FFN down + gated residual,_matmul_small_res_gate_ffn_down,action_expert.step08.layer08._matmul_small_res_gate_ffn_down.line1904,15872.0,10155392.0,536870912.0,131072.0,40643264.0,3628761088.0,13664256.0,74.32,29.59,29.59,42.69,8.33,8.85,14.79
2420,action_expert,Norm / residual,Expert: AdaRMS (pre-attention),_adarms_norm_kernel,action_expert.step08.layer09._adarms_norm_kernel.line1785,2816.0000000000005,122880.0,0.0,358400.0,713056.0,657627136.0,2392064.0,5.14,0.0,1.62,4.17,8.18,4.37,0.0
2421,action_expert,QKV,Expert: QKV projection + Gemma RoPE,_matmul_gemma_rope_qkv,action_expert.step08.layer09._matmul_gemma_rope_qkv.line1794,27520.0,6001408.0,335544320.0,442368.0,12506592.0,6515345408.0,23732224.0,25.29,10.3,10.3,7.38,8.33,4.36,5.15
2422,action_expert,QK,Expert: Attention QKᵀ + scale,_matmul_abt_scale,action_expert.step08.layer09._matmul_abt_scale.line1832,6400.000000000001,828544.0,211288064.0,412672.0,14511392.0,1456490496.0,5496832.0,15.07,29.01,29.01,37.93,33.11,11.86,14.51
2423,action_expert,Softmax,Expert: Prefix/suffix masked softmax,_softmax_prefix_suffix_mask_vector,action_expert.step08.layer09._softmax_prefix_suffix_mask_vector.line1844,5376.000000000001,1719680.0,0.0,1913600.0,2879552.0,1263595520.0,4628480.0,37.15,0.0,7.33,9.52,8.97,9.0,0.0
2424,action_expert,PV,Expert: Attention P × V,_matmul_small,action_expert.step08.layer09._matmul_small.line1854,8448.000000000002,1660160.0,218103808.0,0.0,16236480.0,1936027648.0,7258112.0,22.87,22.53,22.53,32.01,9.44,7.0,11.27
2425,action_expert,O projection,Expert: Attention output + gated residual,_matmul_small_res_gate_oproj,action_expert.step08.layer09._matmul_small_res_gate_oproj.line1865,9376.000000000002,5150848.0,268435456.0,131072.0,15579264.0,2155583488.0,8069120.0,63.83,24.91,24.91,27.6,8.32,6.7,12.45
2426,action_expert,Norm / residual,Expert: AdaRMS (pre-FFN),_adarms_norm_kernel,action_expert.step08.layer09._adarms_norm_kernel.line1878,2848.0,122880.0,0.0,358400.0,714016.0,658333696.0,2408448.0,5.1,0.0,1.62,4.17,8.15,3.91,0.0
2427,action_expert,FFN up,Expert: FFN gate/up + GELU product,_matmul_small_gate,action_expert.step08.layer09._matmul_small_gate.line1887,26816.000000000004,19436288.0,1073741824.0,2883584.0,24048672.0,6265731072.0,23101440.0,84.13,34.27,34.27,20.65,8.33,7.11,17.14
2428,action_expert,FFN down,Expert: FFN down + gated residual,_matmul_small_res_gate_ffn_down,action_expert.step08.layer09._matmul_small_res_gate_ffn_down.line1904,15648.0,10047232.0,536870912.0,131072.0,40643936.0,3574315008.0,13459456.0,74.65,30.04,30.04,43.34,8.33,9.0,15.02
2429,action_expert,Norm / residual,Expert: AdaRMS (pre-attention),_adarms_norm_kernel,action_expert.step08.layer10._adarms_norm_kernel.line1785,2944.0,122496.0,0.0,358400.0,714240.0,684025856.0,2490368.0,4.92,0.0,1.56,4.01,8.18,4.18,0.0
2430,action_expert,QKV,Expert: QKV projection + Gemma RoPE,_matmul_gemma_rope_qkv,action_expert.step08.layer10._matmul_gemma_rope_qkv.line1794,27328.000000000004,6146560.0,335544320.0,442368.0,12506656.0,6464759808.0,23543808.0,26.11,10.38,10.38,7.43,8.33,4.33,5.19
2431,action_expert,QK,Expert: Attention QKᵀ + scale,_matmul_abt_scale,action_expert.step08.layer10._matmul_abt_scale.line1832,6240.0,828032.0,211288064.0,412672.0,14506848.0,1412732928.0,5332992.0,15.53,29.91,29.91,39.11,32.81,11.83,14.96
2432,action_expert,Softmax,Expert: Prefix/suffix masked softmax,_softmax_prefix_suffix_mask_vector,action_expert.step08.layer10._softmax_prefix_suffix_mask_vector.line1844,5632.000000000001,1720832.0,0.0,1913600.0,2862688.0,1317462016.0,4816896.0,35.72,0.0,7.03,9.13,8.97,9.16,0.0
2433,action_expert,PV,Expert: Attention P × V,_matmul_small,action_expert.step08.layer10._matmul_small.line1854,8128.000000000001,1670656.0,218103808.0,0.0,16219488.0,1856270336.0,6971392.0,23.96,23.5,23.5,33.33,9.44,6.97,11.75
2434,action_expert,O projection,Expert: Attention output + gated residual,_matmul_small_res_gate_oproj,action_expert.step08.layer10._matmul_small_res_gate_oproj.line1865,9472.0,5260544.0,268435456.0,131072.0,15579296.0,2172160000.0,8118272.0,64.8,24.72,24.72,27.41,8.32,7.08,12.36
2435,action_expert,Norm / residual,Expert: AdaRMS (pre-FFN),_adarms_norm_kernel,action_expert.step08.layer10._adarms_norm_kernel.line1878,2848.0,122752.0,0.0,358400.0,714592.0,665987072.0,2441216.0,5.03,0.0,1.6,4.12,8.19,4.19,0.0
2436,action_expert,FFN up,Expert: FFN gate/up + GELU product,_matmul_small_gate,action_expert.step08.layer10._matmul_small_gate.line1887,26464.000000000004,19183360.0,1073741824.0,2883584.0,24054208.0,6182604800.0,22806528.0,84.11,34.73,34.73,20.93,8.33,7.1,17.37
2437,action_expert,FFN down,Expert: FFN down + gated residual,_matmul_small_res_gate_ffn_down,action_expert.step08.layer10._matmul_small_res_gate_ffn_down.line1904,15520.0,10147328.0,536870912.0,131072.0,40642720.0,3551303680.0,13361152.0,75.95,30.24,30.24,43.62,8.33,8.94,15.12
2438,action_expert,Norm / residual,Expert: AdaRMS (pre-attention),_adarms_norm_kernel,action_expert.step08.layer11._adarms_norm_kernel.line1785,2816.0000000000005,123392.0,0.0,358400.0,713792.0,657586176.0,2400256.0,5.14,0.0,1.62,4.17,8.17,3.93,0.0
2439,action_expert,QKV,Expert: QKV projection + Gemma RoPE,_matmul_gemma_rope_qkv,action_expert.step08.layer11._matmul_gemma_rope_qkv.line1794,26976.0,6134784.0,335544320.0,442368.0,12506272.0,6379776000.0,23216128.0,26.42,10.52,10.52,7.53,8.33,4.33,5.26
2440,action_expert,QK,Expert: Attention QKᵀ + scale,_matmul_abt_scale,action_expert.step08.layer11._matmul_abt_scale.line1832,6272.0,830720.0,211288064.0,412672.0,14507648.0,1430120448.0,5390336.0,15.41,29.55,29.55,38.64,32.95,11.93,14.77
2441,action_expert,Softmax,Expert: Prefix/suffix masked softmax,_softmax_prefix_suffix_mask_vector,action_expert.step08.layer11._softmax_prefix_suffix_mask_vector.line1844,5568.000000000001,1720064.0,0.0,1913600.0,2879520.0,1302743040.0,4767744.0,36.08,0.0,7.11,9.23,8.99,8.63,0.0
2442,action_expert,PV,Expert: Attention P × V,_matmul_small,action_expert.step08.layer11._matmul_small.line1854,8096.0,1659520.0,218103808.0,0.0,16235008.0,1853698048.0,6930432.0,23.95,23.53,23.53,33.44,9.43,7.05,11.77
2443,action_expert,O projection,Expert: Attention output + gated residual,_matmul_small_res_gate_oproj,action_expert.step08.layer11._matmul_small_res_gate_oproj.line1865,9664.000000000002,5168384.0,268435456.0,131072.0,15578816.0,2217404416.0,8273920.0,62.47,24.21,24.21,26.85,8.32,6.83,12.11
2444,action_expert,Norm / residual,Expert: AdaRMS (pre-FFN),_adarms_norm_kernel,action_expert.step08.layer11._adarms_norm_kernel.line1878,2944.0,123520.0,0.0,358400.0,713056.0,682139648.0,2490368.0,4.96,0.0,1.56,4.01,8.09,4.31,0.0
2445,action_expert,FFN up,Expert: FFN gate/up + GELU product,_matmul_small_gate,action_expert.step08.layer11._matmul_small_gate.line1887,26848.0,19288064.0,1073741824.0,2883584.0,24047488.0,6281625600.0,23150592.0,83.32,34.19,34.19,20.6,8.33,7.07,17.09
2446,action_expert,FFN down,Expert: FFN down + gated residual,_matmul_small_res_gate_ffn_down,action_expert.step08.layer11._matmul_small_res_gate_ffn_down.line1904,16288.0,10169088.0,536870912.0,131072.0,40626048.0,3730696192.0,14032896.0,72.47,28.78,28.78,41.55,8.33,8.84,14.39
2447,action_expert,Norm / residual,Expert: AdaRMS (pre-attention),_adarms_norm_kernel,action_expert.step08.layer12._adarms_norm_kernel.line1785,2912.0000000000005,123008.0,0.0,358400.0,727040.0,677728256.0,2457600.0,5.01,0.0,1.57,4.12,8.19,4.04,0.0
2448,action_expert,QKV,Expert: QKV projection + Gemma RoPE,_matmul_gemma_rope_qkv,action_expert.step08.layer12._matmul_gemma_rope_qkv.line1794,27072.0,6115840.0,335544320.0,442368.0,12510112.0,6408925184.0,23339008.0,26.2,10.47,10.47,7.5,8.33,4.31,5.24
2449,action_expert,QK,Expert: Attention QKᵀ + scale,_matmul_abt_scale,action_expert.step08.layer12._matmul_abt_scale.line1832,6272.0,826368.0,211288064.0,412672.0,14525312.0,1420152832.0,5349376.0,15.45,29.76,29.76,38.96,32.97,11.87,14.88
2450,action_expert,Softmax,Expert: Prefix/suffix masked softmax,_softmax_prefix_suffix_mask_vector,action_expert.step08.layer12._softmax_prefix_suffix_mask_vector.line1844,5568.000000000001,1711232.0,0.0,1913600.0,2878720.0,1305647104.0,4775936.0,35.83,0.0,7.09,9.21,8.96,9.0,0.0
2451,action_expert,PV,Expert: Attention P × V,_matmul_small,action_expert.step08.layer12._matmul_small.line1854,8032.0,1664128.0,218103808.0,0.0,16233920.0,1835997184.0,6897664.0,24.13,23.76,23.76,33.72,9.46,7.04,11.88
2452,action_expert,O projection,Expert: Attention output + gated residual,_matmul_small_res_gate_oproj,action_expert.step08.layer12._matmul_small_res_gate_oproj.line1865,10080.0,5317888.0,268435456.0,131072.0,15577952.0,2321178624.0,8683520.0,61.24,23.13,23.13,25.65,8.32,6.76,11.56
2453,action_expert,Norm / residual,Expert: AdaRMS (pre-FFN),_adarms_norm_kernel,action_expert.step08.layer12._adarms_norm_kernel.line1878,2880.0000000000005,123008.0,0.0,358400.0,714112.0,670926848.0,2433024.0,5.06,0.0,1.59,4.09,8.19,4.2,0.0
2454,action_expert,FFN up,Expert: FFN gate/up + GELU product,_matmul_small_gate,action_expert.step08.layer12._matmul_small_gate.line1887,26496.0,19209088.0,1073741824.0,2883584.0,24046400.0,6184409088.0,22806528.0,84.23,34.72,34.72,20.92,8.33,7.11,17.36
2455,action_expert,FFN down,Expert: FFN down + gated residual,_matmul_small_res_gate_ffn_down,action_expert.step08.layer12._matmul_small_res_gate_ffn_down.line1904,15872.0,10063744.0,536870912.0,131072.0,40641824.0,3635781632.0,13688832.0,73.52,29.53,29.53,42.6,8.33,8.76,14.77
2456,action_expert,Norm / residual,Expert: AdaRMS (pre-attention),_adarms_norm_kernel,action_expert.step08.layer13._adarms_norm_kernel.line1785,2848.0,123264.0,0.0,358400.0,713120.0,662296576.0,2408448.0,5.12,0.0,1.61,4.14,8.11,4.22,0.0
2457,action_expert,QKV,Expert: QKV projection + Gemma RoPE,_matmul_gemma_rope_qkv,action_expert.step08.layer13._matmul_gemma_rope_qkv.line1794,27456.000000000004,6003200.0,335544320.0,442368.0,12506112.0,6503026688.0,23678976.0,25.35,10.32,10.32,7.39,8.33,4.24,5.16
2458,action_expert,QK,Expert: Attention QKᵀ + scale,_matmul_abt_scale,action_expert.step08.layer13._matmul_abt_scale.line1832,6368.000000000001,830336.0,211288064.0,412672.0,14525856.0,1450237952.0,5455872.0,15.22,29.14,29.14,38.16,32.93,11.91,14.57
2459,action_expert,Softmax,Expert: Prefix/suffix masked softmax,_softmax_prefix_suffix_mask_vector,action_expert.step08.layer13._softmax_prefix_suffix_mask_vector.line1844,5376.000000000001,1714176.0,0.0,1913600.0,2879712.0,1256212480.0,4587520.0,37.37,0.0,7.37,9.57,8.96,8.74,0.0
2460,action_expert,PV,Expert: Attention P × V,_matmul_small,action_expert.step08.layer13._matmul_small.line1854,8032.0,1661440.0,218103808.0,0.0,16233632.0,1838866432.0,6881280.0,24.14,23.72,23.72,33.69,9.44,7.04,11.86
2461,action_expert,O projection,Expert: Attention output + gated residual,_matmul_small_res_gate_oproj,action_expert.step08.layer13._matmul_small_res_gate_oproj.line1865,9440.000000000002,5201920.0,268435456.0,131072.0,15579488.0,2175070208.0,8126464.0,64.01,24.68,24.68,27.37,8.32,6.6,12.34
2462,action_expert,Norm / residual,Expert: AdaRMS (pre-FFN),_adarms_norm_kernel,action_expert.step08.layer13._adarms_norm_kernel.line1878,2848.0,123008.0,0.0,358400.0,713856.0,663461888.0,2416640.0,5.09,0.0,1.61,4.13,8.2,4.02,0.0
2463,action_expert,FFN up,Expert: FFN gate/up + GELU product,_matmul_small_gate,action_expert.step08.layer13._matmul_small_gate.line1887,26656.0,19374080.0,1073741824.0,2883584.0,24054272.0,6227566592.0,22953984.0,84.4,34.48,34.48,20.77,8.33,7.1,17.24
2464,action_expert,FFN down,Expert: FFN down + gated residual,_matmul_small_res_gate_ffn_down,action_expert.step08.layer13._matmul_small_res_gate_ffn_down.line1904,15936.000000000002,10074880.0,536870912.0,131072.0,40643392.0,3646875648.0,13721600.0,73.42,29.44,29.44,42.48,8.33,8.55,14.72
2465,action_expert,Norm / residual,Expert: AdaRMS (pre-attention),_adarms_norm_kernel,action_expert.step08.layer14._adarms_norm_kernel.line1785,3072.0000000000005,122880.0,0.0,358400.0,710560.0,717408256.0,2613248.0,4.7,0.0,1.48,3.8,8.14,3.89,0.0
2466,action_expert,QKV,Expert: QKV projection + Gemma RoPE,_matmul_gemma_rope_qkv,action_expert.step08.layer14._matmul_gemma_rope_qkv.line1794,26912.000000000004,6101504.0,335544320.0,442368.0,12505664.0,6363123712.0,23166976.0,26.34,10.55,10.55,7.55,8.33,4.25,5.27
2467,action_expert,QK,Expert: Attention QKᵀ + scale,_matmul_abt_scale,action_expert.step08.layer14._matmul_abt_scale.line1832,6176.000000000001,830848.0,211288064.0,412672.0,14511424.0,1398992896.0,5267456.0,15.77,30.21,30.21,39.51,32.91,11.9,15.1
2468,action_expert,Softmax,Expert: Prefix/suffix masked softmax,_softmax_prefix_suffix_mask_vector,action_expert.step08.layer14._softmax_prefix_suffix_mask_vector.line1844,5408.000000000001,1714944.0,0.0,1913600.0,2882592.0,1265725440.0,4628480.0,37.05,0.0,7.31,9.49,8.95,9.06,0.0
2469,action_expert,PV,Expert: Attention P × V,_matmul_small,action_expert.step08.layer14._matmul_small.line1854,7968.000000000001,1661696.0,218103808.0,0.0,16235360.0,1828493312.0,6848512.0,24.26,23.86,23.86,33.86,9.45,7.03,11.93
2470,action_expert,O projection,Expert: Attention output + gated residual,_matmul_small_res_gate_oproj,action_expert.step08.layer14._matmul_small_res_gate_oproj.line1865,10048.000000000002,5289600.0,268435456.0,131072.0,15579872.0,2312423424.0,8650752.0,61.15,23.22,23.22,25.76,8.32,6.66,11.61
2471,action_expert,Norm / residual,Expert: AdaRMS (pre-FFN),_adarms_norm_kernel,action_expert.step08.layer14._adarms_norm_kernel.line1878,2848.0,122880.0,0.0,358400.0,713888.0,663449600.0,2416640.0,5.08,0.0,1.61,4.14,8.16,4.0,0.0
2472,action_expert,FFN up,Expert: FFN gate/up + GELU product,_matmul_small_gate,action_expert.step08.layer14._matmul_small_gate.line1887,26432.0,19263872.0,1073741824.0,2883584.0,24050272.0,6180679680.0,22798336.0,84.5,34.75,34.75,20.93,8.33,7.13,17.37
2473,action_expert,FFN down,Expert: FFN down + gated residual,_matmul_small_res_gate_ffn_down,action_expert.step08.layer14._matmul_small_res_gate_ffn_down.line1904,15616.000000000002,10234368.0,536870912.0,131072.0,40640960.0,3566843904.0,13443072.0,76.13,30.1,30.1,43.4,8.33,8.96,15.05
2474,action_expert,Norm / residual,Expert: AdaRMS (pre-attention),_adarms_norm_kernel,action_expert.step08.layer15._adarms_norm_kernel.line1785,2816.0000000000005,123264.0,0.0,358400.0,713312.0,655990784.0,2375680.0,5.19,0.0,1.62,4.18,8.18,4.35,0.0
2475,action_expert,QKV,Expert: QKV projection + Gemma RoPE,_matmul_gemma_rope_qkv,action_expert.step08.layer15._matmul_gemma_rope_qkv.line1794,26784.000000000004,6138624.0,335544320.0,442368.0,12492800.0,6342191104.0,23093248.0,26.58,10.58,10.58,7.57,8.33,4.31,5.29
2476,action_expert,QK,Expert: Attention QKᵀ + scale,_matmul_abt_scale,action_expert.step08.layer15._matmul_abt_scale.line1832,6336.0,823040.0,211288064.0,412672.0,14508928.0,1438926848.0,5423104.0,15.18,29.37,29.37,38.44,32.94,11.92,14.68
2477,action_expert,Softmax,Expert: Prefix/suffix masked softmax,_softmax_prefix_suffix_mask_vector,action_expert.step08.layer15._softmax_prefix_suffix_mask_vector.line1844,5536.0,1714176.0,0.0,1913600.0,2879392.0,1292746752.0,4718592.0,36.33,0.0,7.16,9.29,8.97,8.77,0.0
2478,action_expert,PV,Expert: Attention P × V,_matmul_small,action_expert.step08.layer15._matmul_small.line1854,8032.0,1656832.0,218103808.0,0.0,16236224.0,1841805312.0,6889472.0,24.05,23.68,23.68,33.62,9.43,6.88,11.84
2479,action_expert,O projection,Expert: Attention output + gated residual,_matmul_small_res_gate_oproj,action_expert.step08.layer15._matmul_small_res_gate_oproj.line1865,9568.0,5260544.0,268435456.0,131072.0,15579584.0,2202497024.0,8232960.0,63.9,24.38,24.38,27.03,8.32,6.82,12.19
2480,action_expert,Norm / residual,Expert: AdaRMS (pre-FFN),_adarms_norm_kernel,action_expert.step08.layer15._adarms_norm_kernel.line1878,2944.0,123136.0,0.0,358400.0,730112.0,690556928.0,2531328.0,4.86,0.0,1.54,4.06,8.18,4.16,0.0
2481,action_expert,FFN up,Expert: FFN gate/up + GELU product,_matmul_small_gate,action_expert.step08.layer15._matmul_small_gate.line1887,26496.0,19259520.0,1073741824.0,2883584.0,24050912.0,6195689472.0,22839296.0,84.33,34.66,34.66,20.88,8.33,7.13,17.33
2482,action_expert,FFN down,Expert: FFN down + gated residual,_matmul_small_res_gate_ffn_down,action_expert.step08.layer15._matmul_small_res_gate_ffn_down.line1904,16512.0,10232064.0,536870912.0,131072.0,40643936.0,3781021696.0,14196736.0,72.07,28.4,28.4,41.03,8.33,8.84,14.2
2483,action_expert,Norm / residual,Expert: AdaRMS (pre-attention),_adarms_norm_kernel,action_expert.step08.layer16._adarms_norm_kernel.line1785,2816.0000000000005,123520.0,0.0,358400.0,709952.0,655742976.0,2392064.0,5.16,0.0,1.62,4.16,8.13,4.25,0.0
2484,action_expert,QKV,Expert: QKV projection + Gemma RoPE,_matmul_gemma_rope_qkv,action_expert.step08.layer16._matmul_gemma_rope_qkv.line1794,27456.000000000004,6097024.0,335544320.0,442368.0,12506624.0,6505132032.0,23691264.0,25.74,10.32,10.32,7.39,8.33,4.33,5.16
2485,action_expert,QK,Expert: Attention QKᵀ + scale,_matmul_abt_scale,action_expert.step08.layer16._matmul_abt_scale.line1832,6272.0,829952.0,211288064.0,412672.0,14508864.0,1427968000.0,5390336.0,15.4,29.59,29.59,38.71,32.88,11.84,14.8
2486,action_expert,Softmax,Expert: Prefix/suffix masked softmax,_softmax_prefix_suffix_mask_vector,action_expert.step08.layer16._softmax_prefix_suffix_mask_vector.line1844,5504.0,1713152.0,0.0,1913600.0,2862208.0,1286664192.0,4710400.0,36.37,0.0,7.19,9.34,8.95,8.84,0.0
2487,action_expert,PV,Expert: Attention P × V,_matmul_small,action_expert.step08.layer16._matmul_small.line1854,8000.000000000001,1660160.0,218103808.0,0.0,16232320.0,1827844096.0,6856704.0,24.21,23.86,23.86,33.89,9.43,7.08,11.93
2488,action_expert,O projection,Expert: Attention output + gated residual,_matmul_small_res_gate_oproj,action_expert.step08.layer16._matmul_small_res_gate_oproj.line1865,9440.000000000002,5203072.0,268435456.0,131072.0,15579520.0,2167453696.0,8077312.0,64.42,24.77,24.77,27.48,8.32,6.85,12.38
2489,action_expert,Norm / residual,Expert: AdaRMS (pre-FFN),_adarms_norm_kernel,action_expert.step08.layer16._adarms_norm_kernel.line1878,3104.0000000000005,123136.0,0.0,358400.0,710464.0,725192704.0,2654208.0,4.64,0.0,1.47,3.77,8.12,3.87,0.0
2490,action_expert,FFN up,Expert: FFN gate/up + GELU product,_matmul_small_gate,action_expert.step08.layer16._matmul_small_gate.line1887,26528.0,19264256.0,1073741824.0,2883584.0,24050208.0,6201061376.0,22855680.0,84.29,34.63,34.63,20.87,8.33,7.1,17.32
2491,action_expert,FFN down,Expert: FFN down + gated residual,_matmul_small_res_gate_ffn_down,action_expert.step08.layer16._matmul_small_res_gate_ffn_down.line1904,15456.000000000002,10104832.0,536870912.0,131072.0,40646144.0,3529877504.0,13320192.0,75.86,30.42,30.42,43.87,8.33,8.92,15.21
2492,action_expert,Norm / residual,Expert: AdaRMS (pre-attention),_adarms_norm_kernel,action_expert.step08.layer17._adarms_norm_kernel.line1785,2816.0000000000005,123264.0,0.0,358400.0,714528.0,660242432.0,2408448.0,5.12,0.0,1.61,4.16,8.18,4.16,0.0
2493,action_expert,QKV,Expert: QKV projection + Gemma RoPE,_matmul_gemma_rope_qkv,action_expert.step08.layer17._matmul_gemma_rope_qkv.line1794,26816.000000000004,6122496.0,335544320.0,442368.0,12503712.0,6346493952.0,23117824.0,26.48,10.57,10.57,7.57,8.33,4.3,5.29
2494,action_expert,QK,Expert: Attention QKᵀ + scale,_matmul_abt_scale,action_expert.step08.layer17._matmul_abt_scale.line1832,6400.000000000001,831488.0,211288064.0,412672.0,14508000.0,1451282432.0,5496832.0,15.13,29.12,29.12,38.09,33.11,11.92,14.56
2495,action_expert,Softmax,Expert: Prefix/suffix masked softmax,_softmax_prefix_suffix_mask_vector,action_expert.step08.layer17._softmax_prefix_suffix_mask_vector.line1844,5408.000000000001,1719808.0,0.0,1913600.0,2878560.0,1261250560.0,4612096.0,37.29,0.0,7.34,9.53,8.97,8.84,0.0
2496,action_expert,PV,Expert: Attention P × V,_matmul_small,action_expert.step08.layer17._matmul_small.line1854,7968.000000000001,1661312.0,218103808.0,0.0,16220256.0,1825308672.0,6840320.0,24.29,23.9,23.9,33.92,9.46,7.1,11.95
2497,action_expert,O projection,Expert: Attention output + gated residual,_matmul_small_res_gate_oproj,action_expert.step08.layer17._matmul_small_res_gate_oproj.line1865,10048.000000000002,5373824.0,268435456.0,131072.0,15579808.0,2315997184.0,8650752.0,62.12,23.18,23.18,25.71,8.32,6.83,11.59
2498,action_expert,Norm / residual,Expert: AdaRMS (pre-FFN),_adarms_norm_kernel,action_expert.step08.layer17._adarms_norm_kernel.line1878,2880.0000000000005,123008.0,0.0,358400.0,713600.0,665888768.0,2416640.0,5.09,0.0,1.6,4.12,8.23,4.4,0.0
2499,action_expert,FFN up,Expert: FFN gate/up + GELU product,_matmul_small_gate,action_expert.step08.layer17._matmul_small_gate.line1887,26752.0,19367296.0,1073741824.0,2883584.0,24049792.0,6251020288.0,23052288.0,84.01,34.35,34.35,20.7,8.33,7.12,17.18
2500,action_expert,FFN down,Expert: FFN down + gated residual,_matmul_small_res_gate_ffn_down,action_expert.step08.layer17._matmul_small_res_gate_ffn_down.line1904,15616.000000000002,10096640.0,536870912.0,131072.0,40642368.0,3569358848.0,13459456.0,75.02,30.08,30.08,43.38,8.33,8.8,15.04
2501,action_expert,Norm / residual,Expert: AdaRMS (final),_adarms_norm_kernel,action_expert.step08.layer-1._adarms_norm_kernel.line1922,3072.0000000000005,123136.0,0.0,358400.0,710048.0,714328064.0,2605056.0,4.73,0.0,1.49,3.82,8.12,3.93,0.0
2502,action_expert,Action IO,Expert: Action head + Euler update,_matmul_small_bias_res,action_expert.step08.layer-1._matmul_small_bias_res.line1931,3968.0,211456.0,8388608.0,4096.0,599776.0,927526912.0,3366912.0,6.28,1.81,1.81,3.07,8.32,8.42,0.9
2503,action_expert,Action IO,Expert: Action input projection + bias,_matmul_small_bias,action_expert.step09.layer-1._matmul_small_bias.line1770,2496.0000000000005,84480.0,4194304.0,32768.0,464768.0,575145984.0,2097152.0,4.03,1.46,3.1,3.57,8.32,7.18,0.73
2504,action_expert,Norm / residual,Expert: AdaRMS (pre-attention),_adarms_norm_kernel,action_expert.step09.layer00._adarms_norm_kernel.line1785,2880.0000000000005,122880.0,0.0,358400.0,709408.0,676976640.0,2465792.0,4.98,0.0,1.57,4.03,8.2,3.84,0.0
2505,action_expert,QKV,Expert: QKV projection + Gemma RoPE,_matmul_gemma_rope_qkv,action_expert.step09.layer00._matmul_gemma_rope_qkv.line1794,26944.0,6081408.0,335544320.0,442368.0,12506368.0,6381963264.0,23248896.0,26.16,10.52,10.52,7.53,8.33,4.33,5.26
2506,action_expert,QK,Expert: Attention QKᵀ + scale,_matmul_abt_scale,action_expert.step09.layer00._matmul_abt_scale.line1832,6272.0,833152.0,211288064.0,412672.0,14507296.0,1427924992.0,5373952.0,15.5,29.59,29.59,38.71,32.98,11.95,14.8
2507,action_expert,Softmax,Expert: Prefix/suffix masked softmax,_softmax_prefix_suffix_mask_vector,action_expert.step09.layer00._softmax_prefix_suffix_mask_vector.line1844,5504.0,1717120.0,0.0,1913600.0,2878496.0,1289738240.0,4718592.0,36.39,0.0,7.18,9.32,9.0,8.7,0.0
2508,action_expert,PV,Expert: Attention P × V,_matmul_small,action_expert.step09.layer00._matmul_small.line1854,8032.0,1666048.0,218103808.0,0.0,16235456.0,1841727488.0,6914048.0,24.1,23.68,23.68,33.66,9.45,7.04,11.84
2509,action_expert,O projection,Expert: Attention output + gated residual,_matmul_small_res_gate_oproj,action_expert.step09.layer00._matmul_small_res_gate_oproj.line1865,9856.0,5244800.0,268435456.0,131072.0,15579520.0,2273673216.0,8486912.0,61.8,23.61,23.61,26.19,8.32,6.78,11.81
2510,action_expert,Norm / residual,Expert: AdaRMS (pre-FFN),_adarms_norm_kernel,action_expert.step09.layer00._adarms_norm_kernel.line1878,2848.0,123136.0,0.0,358400.0,710848.0,657217536.0,2392064.0,5.15,0.0,1.62,4.15,8.14,4.25,0.0
2511,action_expert,FFN up,Expert: FFN gate/up + GELU product,_matmul_small_gate,action_expert.step09.layer00._matmul_small_gate.line1887,26592.000000000004,19237120.0,1073741824.0,2883584.0,24050560.0,6218373120.0,22904832.0,83.99,34.53,34.53,20.81,8.33,7.18,17.27
2512,action_expert,FFN down,Expert: FFN down + gated residual,_matmul_small_res_gate_ffn_down,action_expert.step09.layer00._matmul_small_res_gate_ffn_down.line1904,15584.000000000002,10109696.0,536870912.0,131072.0,40641376.0,3562082304.0,13418496.0,75.34,30.14,30.14,43.46,8.33,8.9,15.07
2513,action_expert,Norm / residual,Expert: AdaRMS (pre-attention),_adarms_norm_kernel,action_expert.step09.layer01._adarms_norm_kernel.line1785,3008.0000000000005,122880.0,0.0,358400.0,712832.0,699432960.0,2547712.0,4.82,0.0,1.52,3.92,8.21,4.31,0.0
2514,action_expert,QKV,Expert: QKV projection + Gemma RoPE,_matmul_gemma_rope_qkv,action_expert.step09.layer01._matmul_gemma_rope_qkv.line1794,27168.0,6107392.0,335544320.0,442368.0,12506560.0,6428798976.0,23396352.0,26.1,10.44,10.44,7.47,8.33,4.3,5.22
2515,action_expert,QK,Expert: Attention QKᵀ + scale,_matmul_abt_scale,action_expert.step09.layer01._matmul_abt_scale.line1832,6272.0,827392.0,211288064.0,412672.0,14507840.0,1425309696.0,5373952.0,15.4,29.65,29.65,38.78,32.86,11.88,14.82
2516,action_expert,Softmax,Expert: Prefix/suffix masked softmax,_softmax_prefix_suffix_mask_vector,action_expert.step09.layer01._softmax_prefix_suffix_mask_vector.line1844,5440.0,1719040.0,0.0,1913600.0,2876928.0,1271717888.0,4653056.0,36.94,0.0,7.28,9.46,8.94,8.82,0.0
2517,action_expert,PV,Expert: Attention P × V,_matmul_small,action_expert.step09.layer01._matmul_small.line1854,8064.000000000001,1665408.0,218103808.0,0.0,16238432.0,1843226624.0,6914048.0,24.09,23.67,23.67,33.62,9.44,6.85,11.83
2518,action_expert,O projection,Expert: Attention output + gated residual,_matmul_small_res_gate_oproj,action_expert.step09.layer01._matmul_small_res_gate_oproj.line1865,9728.0,5299200.0,268435456.0,131072.0,15579552.0,2240208896.0,8355840.0,63.42,23.97,23.97,26.57,8.32,6.71,11.98
2519,action_expert,Norm / residual,Expert: AdaRMS (pre-FFN),_adarms_norm_kernel,action_expert.step09.layer01._adarms_norm_kernel.line1878,2848.0,123520.0,0.0,358400.0,713472.0,666134528.0,2408448.0,5.13,0.0,1.6,4.11,8.18,4.24,0.0
2520,action_expert,FFN up,Expert: FFN gate/up + GELU product,_matmul_small_gate,action_expert.step09.layer01._matmul_small_gate.line1887,26656.0,19201792.0,1073741824.0,2883584.0,24050272.0,6222923776.0,22953984.0,83.65,34.51,34.51,20.79,8.33,7.15,17.25
2521,action_expert,FFN down,Expert: FFN down + gated residual,_matmul_small_res_gate_ffn_down,action_expert.step09.layer01._matmul_small_res_gate_ffn_down.line1904,15520.0,10075904.0,536870912.0,131072.0,40642752.0,3537981440.0,13352960.0,75.46,30.35,30.35,43.75,8.33,8.82,15.17
2522,action_expert,Norm / residual,Expert: AdaRMS (pre-attention),_adarms_norm_kernel,action_expert.step09.layer02._adarms_norm_kernel.line1785,2848.0,122880.0,0.0,358400.0,713408.0,660940800.0,2408448.0,5.1,0.0,1.61,4.15,8.05,4.28,0.0
2523,action_expert,QKV,Expert: QKV projection + Gemma RoPE,_matmul_gemma_rope_qkv,action_expert.step09.layer02._matmul_gemma_rope_qkv.line1794,27104.0,6043392.0,335544320.0,442368.0,12506560.0,6418106368.0,23355392.0,25.88,10.46,10.46,7.49,8.33,4.32,5.23
2524,action_expert,QK,Expert: Attention QKᵀ + scale,_matmul_abt_scale,action_expert.step09.layer02._matmul_abt_scale.line1832,6400.000000000001,828160.0,211288064.0,412672.0,14507424.0,1448343552.0,5464064.0,15.16,29.18,29.18,38.15,32.98,11.93,14.59
2525,action_expert,Softmax,Expert: Prefix/suffix masked softmax,_softmax_prefix_suffix_mask_vector,action_expert.step09.layer02._softmax_prefix_suffix_mask_vector.line1844,5600.000000000001,1718528.0,0.0,1913600.0,2877248.0,1310136320.0,4775936.0,35.98,0.0,7.07,9.18,8.98,8.99,0.0
2526,action_expert,PV,Expert: Attention P × V,_matmul_small,action_expert.step09.layer02._matmul_small.line1854,7936.0,1660928.0,218103808.0,0.0,16234080.0,1817389056.0,6832128.0,24.31,24.0,24.0,34.07,9.45,6.97,12.0
2527,action_expert,O projection,Expert: Attention output + gated residual,_matmul_small_res_gate_oproj,action_expert.step09.layer02._matmul_small_res_gate_oproj.line1865,10240.0,5239808.0,268435456.0,131072.0,15584128.0,2358345728.0,8798208.0,59.56,22.76,22.76,25.26,8.32,6.71,11.38
2528,action_expert,Norm / residual,Expert: AdaRMS (pre-FFN),_adarms_norm_kernel,action_expert.step09.layer02._adarms_norm_kernel.line1878,2880.0000000000005,122752.0,0.0,358400.0,714176.0,671956992.0,2457600.0,4.99,0.0,1.58,4.09,8.11,4.34,0.0
2529,action_expert,FFN up,Expert: FFN gate/up + GELU product,_matmul_small_gate,action_expert.step09.layer02._matmul_small_gate.line1887,26912.000000000004,19407488.0,1073741824.0,2883584.0,24050752.0,6291580928.0,23191552.0,83.68,34.13,34.13,20.57,8.33,7.08,17.07
2530,action_expert,FFN down,Expert: FFN down + gated residual,_matmul_small_res_gate_ffn_down,action_expert.step09.layer02._matmul_small_res_gate_ffn_down.line1904,16288.0,10417152.0,536870912.0,131072.0,40644032.0,3725920256.0,14008320.0,74.36,28.82,28.82,41.61,8.33,8.99,14.41
2531,action_expert,Norm / residual,Expert: AdaRMS (pre-attention),_adarms_norm_kernel,action_expert.step09.layer03._adarms_norm_kernel.line1785,2816.0000000000005,122880.0,0.0,358400.0,713056.0,656787456.0,2392064.0,5.14,0.0,1.62,4.17,8.19,3.95,0.0
2532,action_expert,QKV,Expert: QKV projection + Gemma RoPE,_matmul_gemma_rope_qkv,action_expert.step09.layer03._matmul_gemma_rope_qkv.line1794,27424.0,6157568.0,335544320.0,442368.0,12506784.0,6493044736.0,23658496.0,26.03,10.34,10.34,7.4,8.33,4.34,5.17
2533,action_expert,QK,Expert: Attention QKᵀ + scale,_matmul_abt_scale,action_expert.step09.layer03._matmul_abt_scale.line1832,6304.0,827520.0,211288064.0,412672.0,14510976.0,1429571584.0,5390336.0,15.35,29.56,29.56,38.65,32.82,11.83,14.78
2534,action_expert,Softmax,Expert: Prefix/suffix masked softmax,_softmax_prefix_suffix_mask_vector,action_expert.step09.layer03._softmax_prefix_suffix_mask_vector.line1844,5504.0,1720960.0,0.0,1913600.0,2876960.0,1289992192.0,4726784.0,36.41,0.0,7.18,9.32,8.97,9.04,0.0
2535,action_expert,PV,Expert: Attention P × V,_matmul_small,action_expert.step09.layer03._matmul_small.line1854,8000.000000000001,1673344.0,218103808.0,0.0,16236128.0,1836052480.0,6897664.0,24.26,23.76,23.76,33.73,9.43,6.89,11.88
2536,action_expert,O projection,Expert: Attention output + gated residual,_matmul_small_res_gate_oproj,action_expert.step09.layer03._matmul_small_res_gate_oproj.line1865,9408.0,5217408.0,268435456.0,131072.0,15579840.0,2161772544.0,8093696.0,64.46,24.83,24.83,27.51,8.32,6.93,12.42
2537,action_expert,Norm / residual,Expert: AdaRMS (pre-FFN),_adarms_norm_kernel,action_expert.step09.layer03._adarms_norm_kernel.line1878,2848.0,122752.0,0.0,358400.0,713280.0,665075712.0,2424832.0,5.06,0.0,1.6,4.12,8.11,4.25,0.0
2538,action_expert,FFN up,Expert: FFN gate/up + GELU product,_matmul_small_gate,action_expert.step09.layer03._matmul_small_gate.line1887,27008.000000000004,19232768.0,1073741824.0,2883584.0,24051680.0,6314092544.0,23265280.0,82.67,34.01,34.01,20.49,8.33,7.09,17.01
2539,action_expert,FFN down,Expert: FFN down + gated residual,_matmul_small_res_gate_ffn_down,action_expert.step09.layer03._matmul_small_res_gate_ffn_down.line1904,15616.000000000002,9997696.0,536870912.0,131072.0,40642240.0,3566866432.0,13426688.0,74.46,30.1,30.1,43.42,8.33,8.89,15.05
2540,action_expert,Norm / residual,Expert: AdaRMS (pre-attention),_adarms_norm_kernel,action_expert.step09.layer04._adarms_norm_kernel.line1785,2848.0,123008.0,0.0,358400.0,713152.0,662419456.0,2408448.0,5.11,0.0,1.61,4.14,8.13,4.33,0.0
2541,action_expert,QKV,Expert: QKV projection + Gemma RoPE,_matmul_gemma_rope_qkv,action_expert.step09.layer04._matmul_gemma_rope_qkv.line1794,27040.000000000004,6094592.0,335544320.0,442368.0,12476960.0,6400624640.0,23306240.0,26.15,10.48,10.48,7.49,8.33,4.27,5.24
2542,action_expert,QK,Expert: Attention QKᵀ + scale,_matmul_abt_scale,action_expert.step09.layer04._matmul_abt_scale.line1832,6432.0,824960.0,211288064.0,412672.0,14511072.0,1461319680.0,5513216.0,14.96,28.92,28.92,37.83,32.71,11.96,14.46
2543,action_expert,Softmax,Expert: Prefix/suffix masked softmax,_softmax_prefix_suffix_mask_vector,action_expert.step09.layer04._softmax_prefix_suffix_mask_vector.line1844,5408.000000000001,1718528.0,0.0,1913600.0,2877472.0,1264211968.0,4620288.0,37.2,0.0,7.32,9.51,9.0,8.71,0.0
2544,action_expert,PV,Expert: Attention P × V,_matmul_small,action_expert.step09.layer04._matmul_small.line1854,8032.0,1666432.0,218103808.0,0.0,16218560.0,1838735360.0,6889472.0,24.19,23.72,23.72,33.64,9.44,7.1,11.86
2545,action_expert,O projection,Expert: Attention output + gated residual,_matmul_small_res_gate_oproj,action_expert.step09.layer04._matmul_small_res_gate_oproj.line1865,9664.000000000002,5265408.0,268435456.0,131072.0,15561088.0,2221551616.0,8298496.0,63.45,24.17,24.17,26.75,8.32,6.96,12.08
2546,action_expert,Norm / residual,Expert: AdaRMS (pre-FFN),_adarms_norm_kernel,action_expert.step09.layer04._adarms_norm_kernel.line1878,2880.0000000000005,123136.0,0.0,358400.0,714080.0,674586624.0,2457600.0,5.01,0.0,1.58,4.07,8.23,4.29,0.0
2547,action_expert,FFN up,Expert: FFN gate/up + GELU product,_matmul_small_gate,action_expert.step09.layer04._matmul_small_gate.line1887,27040.000000000004,19396736.0,1073741824.0,2883584.0,24052288.0,6321489920.0,23289856.0,83.28,33.97,33.97,20.47,8.33,7.06,16.99
2548,action_expert,FFN down,Expert: FFN down + gated residual,_matmul_small_res_gate_ffn_down,action_expert.step09.layer04._matmul_small_res_gate_ffn_down.line1904,15968.0,10017024.0,536870912.0,131072.0,40646880.0,3656105984.0,13729792.0,72.96,29.37,29.37,42.36,8.33,8.64,14.68
2549,action_expert,Norm / residual,Expert: AdaRMS (pre-attention),_adarms_norm_kernel,action_expert.step09.layer05._adarms_norm_kernel.line1785,2816.0000000000005,123264.0,0.0,358400.0,713888.0,657289216.0,2400256.0,5.14,0.0,1.62,4.17,8.21,4.2,0.0
2550,action_expert,QKV,Expert: QKV projection + Gemma RoPE,_matmul_gemma_rope_qkv,action_expert.step09.layer05._matmul_gemma_rope_qkv.line1794,27264.000000000004,6108928.0,335544320.0,442368.0,12507328.0,6452404224.0,23494656.0,26.0,10.4,10.4,7.45,8.33,4.24,5.2
2551,action_expert,QK,Expert: Attention QKᵀ + scale,_matmul_abt_scale,action_expert.step09.layer05._matmul_abt_scale.line1832,6240.0,828800.0,211288064.0,412672.0,14508832.0,1414258688.0,5324800.0,15.56,29.88,29.88,39.06,32.94,11.84,14.94
2552,action_expert,Softmax,Expert: Prefix/suffix masked softmax,_softmax_prefix_suffix_mask_vector,action_expert.step09.layer05._softmax_prefix_suffix_mask_vector.line1844,5440.0,1719936.0,0.0,1913600.0,2880672.0,1273503744.0,4636672.0,37.09,0.0,7.27,9.44,8.98,9.1,0.0
2553,action_expert,PV,Expert: Attention P × V,_matmul_small,action_expert.step09.layer05._matmul_small.line1854,8032.0,1663360.0,218103808.0,0.0,16236320.0,1840132096.0,6897664.0,24.11,23.71,23.71,33.65,9.44,7.1,11.85
2554,action_expert,O projection,Expert: Attention output + gated residual,_matmul_small_res_gate_oproj,action_expert.step09.layer05._matmul_small_res_gate_oproj.line1865,10080.0,5332352.0,268435456.0,131072.0,15579552.0,2320451584.0,8675328.0,61.47,23.14,23.14,25.66,8.32,6.75,11.57
2555,action_expert,Norm / residual,Expert: AdaRMS (pre-FFN),_adarms_norm_kernel,action_expert.step09.layer05._adarms_norm_kernel.line1878,2848.0,123008.0,0.0,358400.0,709952.0,669521920.0,2433024.0,5.06,0.0,1.59,4.07,8.16,4.25,0.0
2556,action_expert,FFN up,Expert: FFN gate/up + GELU product,_matmul_small_gate,action_expert.step09.layer05._matmul_small_gate.line1887,26688.000000000004,19249408.0,1073741824.0,2883584.0,24049280.0,6236256256.0,23003136.0,83.68,34.44,34.44,20.75,8.33,7.12,17.22
2557,action_expert,FFN down,Expert: FFN down + gated residual,_matmul_small_res_gate_ffn_down,action_expert.step09.layer05._matmul_small_res_gate_ffn_down.line1904,16064.0,10142464.0,536870912.0,131072.0,40642240.0,3675832320.0,13828096.0,73.35,29.21,29.21,42.14,8.33,8.95,14.61
2558,action_expert,Norm / residual,Expert: AdaRMS (pre-attention),_adarms_norm_kernel,action_expert.step09.layer06._adarms_norm_kernel.line1785,3040.0,122752.0,0.0,358400.0,710624.0,706824192.0,2588672.0,4.74,0.0,1.51,3.86,8.14,4.13,0.0
2559,action_expert,QKV,Expert: QKV projection + Gemma RoPE,_matmul_gemma_rope_qkv,action_expert.step09.layer06._matmul_gemma_rope_qkv.line1794,27040.000000000004,6047872.0,335544320.0,442368.0,12506304.0,6400153600.0,23314432.0,25.94,10.49,10.49,7.51,8.33,4.36,5.24
2560,action_expert,QK,Expert: Attention QKᵀ + scale,_matmul_abt_scale,action_expert.step09.layer06._matmul_abt_scale.line1832,6336.0,828672.0,211288064.0,412672.0,14511392.0,1440411648.0,5431296.0,15.26,29.34,29.34,38.38,33.06,11.88,14.67
2561,action_expert,Softmax,Expert: Prefix/suffix masked softmax,_softmax_prefix_suffix_mask_vector,action_expert.step09.layer06._softmax_prefix_suffix_mask_vector.line1844,5504.0,1714816.0,0.0,1913600.0,2878496.0,1287874560.0,4718592.0,36.34,0.0,7.19,9.34,8.98,8.97,0.0
2562,action_expert,PV,Expert: Attention P × V,_matmul_small,action_expert.step09.layer06._matmul_small.line1854,8000.000000000001,1657344.0,218103808.0,0.0,16235360.0,1831073792.0,6881280.0,24.08,23.82,23.82,33.82,9.44,7.15,11.91
2563,action_expert,O projection,Expert: Attention output + gated residual,_matmul_small_res_gate_oproj,action_expert.step09.layer06._matmul_small_res_gate_oproj.line1865,9408.0,5143168.0,268435456.0,131072.0,15576864.0,2162565120.0,8077312.0,63.67,24.83,24.83,27.51,8.32,6.76,12.41
2564,action_expert,Norm / residual,Expert: AdaRMS (pre-FFN),_adarms_norm_kernel,action_expert.step09.layer06._adarms_norm_kernel.line1878,2880.0000000000005,125056.0,0.0,358400.0,716192.0,667873280.0,2433024.0,5.14,0.0,1.59,4.12,8.13,4.3,0.0
2565,action_expert,FFN up,Expert: FFN gate/up + GELU product,_matmul_small_gate,action_expert.step09.layer06._matmul_small_gate.line1887,27040.000000000004,19216384.0,1073741824.0,2883584.0,24049312.0,6318983168.0,23289856.0,82.51,33.98,33.98,20.49,8.33,7.08,16.99
2566,action_expert,FFN down,Expert: FFN down + gated residual,_matmul_small_res_gate_ffn_down,action_expert.step09.layer06._matmul_small_res_gate_ffn_down.line1904,15552.0,10059520.0,536870912.0,131072.0,40641856.0,3554441216.0,13369344.0,75.24,30.21,30.21,43.62,8.33,8.94,15.1
2567,action_expert,Norm / residual,Expert: AdaRMS (pre-attention),_adarms_norm_kernel,action_expert.step09.layer07._adarms_norm_kernel.line1785,2848.0,123008.0,0.0,358400.0,713600.0,667234304.0,2424832.0,5.07,0.0,1.6,4.11,8.14,4.05,0.0
2568,action_expert,QKV,Expert: QKV projection + Gemma RoPE,_matmul_gemma_rope_qkv,action_expert.step09.layer07._matmul_gemma_rope_qkv.line1794,27488.0,6135680.0,335544320.0,442368.0,12506912.0,6505568256.0,23674880.0,25.92,10.32,10.32,7.39,8.33,4.3,5.16
2569,action_expert,QK,Expert: Attention QKᵀ + scale,_matmul_abt_scale,action_expert.step09.layer07._matmul_abt_scale.line1832,6368.000000000001,829184.0,211288064.0,412672.0,14508288.0,1439070208.0,5439488.0,15.24,29.36,29.36,38.39,32.95,11.79,14.68
2570,action_expert,Softmax,Expert: Prefix/suffix masked softmax,_softmax_prefix_suffix_mask_vector,action_expert.step09.layer07._softmax_prefix_suffix_mask_vector.line1844,5632.000000000001,1715584.0,0.0,1913600.0,2878752.0,1315422208.0,4808704.0,35.68,0.0,7.04,9.13,8.97,8.72,0.0
2571,action_expert,PV,Expert: Attention P × V,_matmul_small,action_expert.step09.layer07._matmul_small.line1854,8096.0,1668096.0,218103808.0,0.0,16236320.0,1848758272.0,6930432.0,24.07,23.59,23.59,33.5,9.45,6.93,11.8
2572,action_expert,O projection,Expert: Attention output + gated residual,_matmul_small_res_gate_oproj,action_expert.step09.layer07._matmul_small_res_gate_oproj.line1865,9664.000000000002,5255168.0,268435456.0,131072.0,15579744.0,2225620992.0,8339456.0,63.02,24.12,24.12,26.73,8.32,6.84,12.06
2573,action_expert,Norm / residual,Expert: AdaRMS (pre-FFN),_adarms_norm_kernel,action_expert.step09.layer07._adarms_norm_kernel.line1878,3008.0000000000005,122624.0,0.0,358400.0,709760.0,702416896.0,2555904.0,4.8,0.0,1.52,3.88,8.19,3.9,0.0
2574,action_expert,FFN up,Expert: FFN gate/up + GELU product,_matmul_small_gate,action_expert.step09.layer07._matmul_small_gate.line1887,26784.000000000004,19329280.0,1073741824.0,2883584.0,24053984.0,6260359168.0,23068672.0,83.79,34.3,34.3,20.67,8.33,7.12,17.15
2575,action_expert,FFN down,Expert: FFN down + gated residual,_matmul_small_res_gate_ffn_down,action_expert.step09.layer07._matmul_small_res_gate_ffn_down.line1904,16896.000000000004,10480512.0,536870912.0,131072.0,40644256.0,3867904000.0,14516224.0,72.2,27.76,27.76,40.08,8.33,8.77,13.88
2576,action_expert,Norm / residual,Expert: AdaRMS (pre-attention),_adarms_norm_kernel,action_expert.step09.layer08._adarms_norm_kernel.line1785,2816.0000000000005,122880.0,0.0,358400.0,729600.0,661268480.0,2408448.0,5.1,0.0,1.61,4.24,8.18,4.36,0.0
2577,action_expert,QKV,Expert: QKV projection + Gemma RoPE,_matmul_gemma_rope_qkv,action_expert.step09.layer08._matmul_gemma_rope_qkv.line1794,27104.0,6103040.0,335544320.0,442368.0,12507104.0,6418558976.0,23379968.0,26.1,10.46,10.46,7.49,8.33,4.34,5.23
2578,action_expert,QK,Expert: Attention QKᵀ + scale,_matmul_abt_scale,action_expert.step09.layer08._matmul_abt_scale.line1832,6272.0,827264.0,211288064.0,412672.0,14511712.0,1423456256.0,5390336.0,15.35,29.69,29.69,38.83,32.97,11.93,14.84
2579,action_expert,Softmax,Expert: Prefix/suffix masked softmax,_softmax_prefix_suffix_mask_vector,action_expert.step09.layer08._softmax_prefix_suffix_mask_vector.line1844,5408.000000000001,1716992.0,0.0,1913600.0,2878304.0,1263407104.0,4620288.0,37.16,0.0,7.33,9.51,8.99,8.39,0.0
2580,action_expert,PV,Expert: Attention P × V,_matmul_small,action_expert.step09.layer08._matmul_small.line1854,7904.000000000001,1651328.0,218103808.0,0.0,16235680.0,1801670656.0,6750208.0,24.46,24.21,24.21,34.36,9.44,7.06,12.11
2581,action_expert,O projection,Expert: Attention output + gated residual,_matmul_small_res_gate_oproj,action_expert.step09.layer08._matmul_small_res_gate_oproj.line1865,9920.0,5287680.0,268435456.0,131072.0,15579456.0,2278305792.0,8503296.0,62.18,23.56,23.56,26.13,8.32,6.71,11.78
2582,action_expert,Norm / residual,Expert: AdaRMS (pre-FFN),_adarms_norm_kernel,action_expert.step09.layer08._adarms_norm_kernel.line1878,2880.0000000000005,122880.0,0.0,358400.0,714240.0,668989440.0,2424832.0,5.07,0.0,1.59,4.1,8.11,3.8,0.0
2583,action_expert,FFN up,Expert: FFN gate/up + GELU product,_matmul_small_gate,action_expert.step09.layer08._matmul_small_gate.line1887,26624.0,19125632.0,1073741824.0,2883584.0,24051136.0,6220535808.0,22937600.0,83.38,34.52,34.52,20.8,8.33,7.06,17.26
2584,action_expert,FFN down,Expert: FFN down + gated residual,_matmul_small_res_gate_ffn_down,action_expert.step09.layer08._matmul_small_res_gate_ffn_down.line1904,15648.0,10039296.0,536870912.0,131072.0,40641824.0,3573063680.0,13467648.0,74.54,30.05,30.05,43.33,8.33,8.98,15.03
2585,action_expert,Norm / residual,Expert: AdaRMS (pre-attention),_adarms_norm_kernel,action_expert.step09.layer09._adarms_norm_kernel.line1785,2912.0000000000005,122752.0,0.0,358400.0,714272.0,682590208.0,2490368.0,4.93,0.0,1.56,4.02,8.15,3.85,0.0
2586,action_expert,QKV,Expert: QKV projection + Gemma RoPE,_matmul_gemma_rope_qkv,action_expert.step09.layer09._matmul_gemma_rope_qkv.line1794,27232.000000000004,6099456.0,335544320.0,442368.0,12506944.0,6445541376.0,23478272.0,25.98,10.41,10.41,7.45,8.33,4.29,5.21
2587,action_expert,QK,Expert: Attention QKᵀ + scale,_matmul_abt_scale,action_expert.step09.layer09._matmul_abt_scale.line1832,6336.0,829696.0,211288064.0,412672.0,14510112.0,1439825920.0,5439488.0,15.25,29.35,29.35,38.39,33.21,11.73,14.67
2588,action_expert,Softmax,Expert: Prefix/suffix masked softmax,_softmax_prefix_suffix_mask_vector,action_expert.step09.layer09._softmax_prefix_suffix_mask_vector.line1844,5632.000000000001,1720704.0,0.0,1913600.0,2876576.0,1318189056.0,4825088.0,35.66,0.0,7.02,9.12,8.98,8.39,0.0
2589,action_expert,PV,Expert: Attention P × V,_matmul_small,action_expert.step09.layer09._matmul_small.line1854,8160.0,1659136.0,218103808.0,0.0,16234144.0,1868533760.0,7004160.0,23.69,23.34,23.34,33.15,9.44,7.01,11.67
2590,action_expert,O projection,Expert: Attention output + gated residual,_matmul_small_res_gate_oproj,action_expert.step09.layer09._matmul_small_res_gate_oproj.line1865,10176.0,5268992.0,268435456.0,131072.0,15578144.0,2337175552.0,8699904.0,60.56,22.97,22.97,25.47,8.32,6.98,11.49
2591,action_expert,Norm / residual,Expert: AdaRMS (pre-FFN),_adarms_norm_kernel,action_expert.step09.layer09._adarms_norm_kernel.line1878,2816.0000000000005,122880.0,0.0,358400.0,713600.0,654995456.0,2383872.0,5.15,0.0,1.63,4.18,8.13,4.31,0.0
2592,action_expert,FFN up,Expert: FFN gate/up + GELU product,_matmul_small_gate,action_expert.step09.layer09._matmul_small_gate.line1887,26912.000000000004,19403648.0,1073741824.0,2883584.0,24053600.0,6292103168.0,23166976.0,83.76,34.13,34.13,20.56,8.33,7.14,17.06
2593,action_expert,FFN down,Expert: FFN down + gated residual,_matmul_small_res_gate_ffn_down,action_expert.step09.layer09._matmul_small_res_gate_ffn_down.line1904,16352.000000000002,10288128.0,536870912.0,131072.0,40645376.0,3743223808.0,14065664.0,73.14,28.68,28.68,41.42,8.33,8.95,14.34
2594,action_expert,Norm / residual,Expert: AdaRMS (pre-attention),_adarms_norm_kernel,action_expert.step09.layer10._adarms_norm_kernel.line1785,3040.0,123136.0,0.0,358400.0,709344.0,710115328.0,2588672.0,4.76,0.0,1.5,3.84,8.12,4.06,0.0
2595,action_expert,QKV,Expert: QKV projection + Gemma RoPE,_matmul_gemma_rope_qkv,action_expert.step09.layer10._matmul_gemma_rope_qkv.line1794,27072.0,6166912.0,335544320.0,442368.0,12506112.0,6407862272.0,23347200.0,26.41,10.47,10.47,7.5,8.33,4.32,5.24
2596,action_expert,QK,Expert: Attention QKᵀ + scale,_matmul_abt_scale,action_expert.step09.layer10._matmul_abt_scale.line1832,6304.0,828160.0,211288064.0,412672.0,14511392.0,1427920896.0,5398528.0,15.34,29.59,29.59,38.72,32.86,11.72,14.8
2597,action_expert,Softmax,Expert: Prefix/suffix masked softmax,_softmax_prefix_suffix_mask_vector,action_expert.step09.layer10._softmax_prefix_suffix_mask_vector.line1844,5536.0,1720576.0,0.0,1913600.0,2879712.0,1295484928.0,4718592.0,36.46,0.0,7.15,9.28,8.96,8.79,0.0
2598,action_expert,PV,Expert: Attention P × V,_matmul_small,action_expert.step09.layer10._matmul_small.line1854,8192.0,1663104.0,218103808.0,0.0,16236416.0,1871540224.0,7028736.0,23.66,23.31,23.31,33.1,9.44,6.94,11.65
2599,action_expert,O projection,Expert: Attention output + gated residual,_matmul_small_res_gate_oproj,action_expert.step09.layer10._matmul_small_res_gate_oproj.line1865,9344.0,5252864.0,268435456.0,131072.0,15579040.0,2146619392.0,8019968.0,65.5,25.01,25.01,27.72,8.32,6.96,12.51
2600,action_expert,Norm / residual,Expert: AdaRMS (pre-FFN),_adarms_norm_kernel,action_expert.step09.layer10._adarms_norm_kernel.line1878,2848.0,123520.0,0.0,358400.0,713472.0,660357120.0,2400256.0,5.15,0.0,1.61,4.15,8.12,4.3,0.0
2601,action_expert,FFN up,Expert: FFN gate/up + GELU product,_matmul_small_gate,action_expert.step09.layer10._matmul_small_gate.line1887,26912.000000000004,19321728.0,1073741824.0,2883584.0,24049568.0,6291212288.0,23191552.0,83.31,34.13,34.13,20.57,8.33,7.16,17.07
2602,action_expert,FFN down,Expert: FFN down + gated residual,_matmul_small_res_gate_ffn_down,action_expert.step09.layer10._matmul_small_res_gate_ffn_down.line1904,16672.000000000004,10270208.0,536870912.0,131072.0,40642848.0,3824293888.0,14352384.0,71.56,28.08,28.08,40.57,8.33,8.83,14.04
2603,action_expert,Norm / residual,Expert: AdaRMS (pre-attention),_adarms_norm_kernel,action_expert.step09.layer11._adarms_norm_kernel.line1785,2816.0000000000005,122880.0,0.0,358400.0,714272.0,656742400.0,2383872.0,5.15,0.0,1.62,4.18,8.21,4.14,0.0
2604,action_expert,QKV,Expert: QKV projection + Gemma RoPE,_matmul_gemma_rope_qkv,action_expert.step09.layer11._matmul_gemma_rope_qkv.line1794,27072.0,6085504.0,335544320.0,442368.0,12506368.0,6407366656.0,23330816.0,26.08,10.47,10.47,7.5,8.33,4.35,5.24
2605,action_expert,QK,Expert: Attention QKᵀ + scale,_matmul_abt_scale,action_expert.step09.layer11._matmul_abt_scale.line1832,6304.0,828160.0,211288064.0,412672.0,14508960.0,1433626624.0,5414912.0,15.29,29.48,29.48,38.57,33.05,11.86,14.74
2606,action_expert,Softmax,Expert: Prefix/suffix masked softmax,_softmax_prefix_suffix_mask_vector,action_expert.step09.layer11._softmax_prefix_suffix_mask_vector.line1844,5440.0,1713408.0,0.0,1913600.0,2876576.0,1271787520.0,4661248.0,36.76,0.0,7.28,9.45,8.96,8.94,0.0
2607,action_expert,PV,Expert: Attention P × V,_matmul_small,action_expert.step09.layer11._matmul_small.line1854,7968.000000000001,1664896.0,218103808.0,0.0,16237952.0,1821399040.0,6832128.0,24.37,23.95,23.95,34.03,9.44,7.02,11.97
2608,action_expert,O projection,Expert: Attention output + gated residual,_matmul_small_res_gate_oproj,action_expert.step09.layer11._matmul_small_res_gate_oproj.line1865,9600.000000000002,5189120.0,268435456.0,131072.0,15579488.0,2206664704.0,8249344.0,62.9,24.33,24.33,26.98,8.32,6.78,12.16
2609,action_expert,Norm / residual,Expert: AdaRMS (pre-FFN),_adarms_norm_kernel,action_expert.step09.layer11._adarms_norm_kernel.line1878,3072.0000000000005,123008.0,0.0,358400.0,710336.0,721594368.0,2621440.0,4.69,0.0,1.48,3.78,8.04,3.86,0.0
2610,action_expert,FFN up,Expert: FFN gate/up + GELU product,_matmul_small_gate,action_expert.step09.layer11._matmul_small_gate.line1887,26528.0,19258496.0,1073741824.0,2883584.0,24049664.0,6203668480.0,22863872.0,84.23,34.62,34.62,20.85,8.33,7.13,17.31
2611,action_expert,FFN down,Expert: FFN down + gated residual,_matmul_small_res_gate_ffn_down,action_expert.step09.layer11._matmul_small_res_gate_ffn_down.line1904,15488.000000000002,10104064.0,536870912.0,131072.0,40642368.0,3540303872.0,13320192.0,75.86,30.33,30.33,43.76,8.33,8.84,15.16
2612,action_expert,Norm / residual,Expert: AdaRMS (pre-attention),_adarms_norm_kernel,action_expert.step09.layer12._adarms_norm_kernel.line1785,2944.0,123008.0,0.0,358400.0,713760.0,695384064.0,2539520.0,4.84,0.0,1.53,3.94,8.2,4.07,0.0
2613,action_expert,QKV,Expert: QKV projection + Gemma RoPE,_matmul_gemma_rope_qkv,action_expert.step09.layer12._matmul_gemma_rope_qkv.line1794,26784.000000000004,6198528.0,335544320.0,442368.0,12506496.0,6335166464.0,23085056.0,26.85,10.59,10.59,7.58,8.33,4.29,5.3
2614,action_expert,QK,Expert: Attention QKᵀ + scale,_matmul_abt_scale,action_expert.step09.layer12._matmul_abt_scale.line1832,6208.000000000001,826240.0,211288064.0,412672.0,14510048.0,1408952320.0,5332992.0,15.49,29.99,29.99,39.25,32.78,11.93,15.0
2615,action_expert,Softmax,Expert: Prefix/suffix masked softmax,_softmax_prefix_suffix_mask_vector,action_expert.step09.layer12._softmax_prefix_suffix_mask_vector.line1844,5504.0,1721728.0,0.0,1913600.0,2894944.0,1286332416.0,4718592.0,36.49,0.0,7.2,9.34,8.96,8.98,0.0
2616,action_expert,PV,Expert: Attention P × V,_matmul_small,action_expert.step09.layer12._matmul_small.line1854,8160.0,1674240.0,218103808.0,0.0,16236288.0,1866717184.0,6995968.0,23.93,23.37,23.37,33.23,9.45,7.17,11.68
2617,action_expert,O projection,Expert: Attention output + gated residual,_matmul_small_res_gate_oproj,action_expert.step09.layer12._matmul_small_res_gate_oproj.line1865,10048.000000000002,5201920.0,268435456.0,131072.0,15579744.0,2317019136.0,8634368.0,60.25,23.17,23.17,25.71,8.32,6.69,11.59
2618,action_expert,Norm / residual,Expert: AdaRMS (pre-FFN),_adarms_norm_kernel,action_expert.step09.layer12._adarms_norm_kernel.line1878,2848.0,123136.0,0.0,358400.0,712736.0,657715200.0,2408448.0,5.11,0.0,1.62,4.16,8.2,4.29,0.0
2619,action_expert,FFN up,Expert: FFN gate/up + GELU product,_matmul_small_gate,action_expert.step09.layer12._matmul_small_gate.line1887,26816.000000000004,19270400.0,1073741824.0,2883584.0,24050304.0,6266800128.0,23085056.0,83.48,34.27,34.27,20.65,8.33,7.04,17.13
2620,action_expert,FFN down,Expert: FFN down + gated residual,_matmul_small_res_gate_ffn_down,action_expert.step09.layer12._matmul_small_res_gate_ffn_down.line1904,16352.000000000002,10280320.0,536870912.0,131072.0,40642656.0,3753402368.0,14114816.0,72.83,28.61,28.61,41.3,8.33,9.02,14.3
2621,action_expert,Norm / residual,Expert: AdaRMS (pre-attention),_adarms_norm_kernel,action_expert.step09.layer13._adarms_norm_kernel.line1785,2816.0000000000005,122880.0,0.0,358400.0,713248.0,658145280.0,2408448.0,5.1,0.0,1.62,4.16,8.21,3.81,0.0
2622,action_expert,QKV,Expert: QKV projection + Gemma RoPE,_matmul_gemma_rope_qkv,action_expert.step09.layer13._matmul_gemma_rope_qkv.line1794,27040.000000000004,6112000.0,335544320.0,442368.0,12506400.0,6395230208.0,23298048.0,26.23,10.49,10.49,7.51,8.33,4.29,5.25
2623,action_expert,QK,Expert: Attention QKᵀ + scale,_matmul_abt_scale,action_expert.step09.layer13._matmul_abt_scale.line1832,6272.0,831104.0,211288064.0,412672.0,14510048.0,1423679488.0,5365760.0,15.49,29.68,29.68,38.83,32.78,11.72,14.84
2624,action_expert,Softmax,Expert: Prefix/suffix masked softmax,_softmax_prefix_suffix_mask_vector,action_expert.step09.layer13._softmax_prefix_suffix_mask_vector.line1844,5632.000000000001,1718144.0,0.0,1913600.0,2877312.0,1320269824.0,4825088.0,35.61,0.0,7.01,9.11,8.97,9.09,0.0
2625,action_expert,PV,Expert: Attention P × V,_matmul_small,action_expert.step09.layer13._matmul_small.line1854,8032.0,1650176.0,218103808.0,0.0,16236352.0,1838346240.0,6897664.0,23.92,23.73,23.73,33.7,9.43,7.09,11.86
2626,action_expert,O projection,Expert: Attention output + gated residual,_matmul_small_res_gate_oproj,action_expert.step09.layer13._matmul_small_res_gate_oproj.line1865,10176.0,5315840.0,268435456.0,131072.0,15579872.0,2342348800.0,8732672.0,60.87,22.92,22.92,25.43,8.32,6.91,11.46
2627,action_expert,Norm / residual,Expert: AdaRMS (pre-FFN),_adarms_norm_kernel,action_expert.step09.layer13._adarms_norm_kernel.line1878,2912.0000000000005,123264.0,0.0,358400.0,714208.0,680366080.0,2490368.0,4.95,0.0,1.57,4.03,8.22,4.12,0.0
2628,action_expert,FFN up,Expert: FFN gate/up + GELU product,_matmul_small_gate,action_expert.step09.layer13._matmul_small_gate.line1887,26592.000000000004,19276800.0,1073741824.0,2883584.0,23990880.0,6221606912.0,22913024.0,84.13,34.52,34.52,20.81,8.33,7.16,17.26
2629,action_expert,FFN down,Expert: FFN down + gated residual,_matmul_small_res_gate_ffn_down,action_expert.step09.layer13._matmul_small_res_gate_ffn_down.line1904,15648.0,10076672.0,536870912.0,131072.0,40641760.0,3575795712.0,13451264.0,74.91,30.03,30.03,43.33,8.33,8.89,15.01
2630,action_expert,Norm / residual,Expert: AdaRMS (pre-attention),_adarms_norm_kernel,action_expert.step09.layer14._adarms_norm_kernel.line1785,3008.0000000000005,123520.0,0.0,358400.0,710528.0,705839104.0,2564096.0,4.82,0.0,1.51,3.87,8.1,4.13,0.0
2631,action_expert,QKV,Expert: QKV projection + Gemma RoPE,_matmul_gemma_rope_qkv,action_expert.step09.layer14._matmul_gemma_rope_qkv.line1794,27424.0,6056064.0,335544320.0,442368.0,12506624.0,6498074624.0,23642112.0,25.62,10.33,10.33,7.39,8.33,4.31,5.16
2632,action_expert,QK,Expert: Attention QKᵀ + scale,_matmul_abt_scale,action_expert.step09.layer14._matmul_abt_scale.line1832,6368.000000000001,830208.0,211288064.0,412672.0,14508832.0,1448493056.0,5439488.0,15.26,29.17,29.17,38.18,33.0,11.89,14.59
2633,action_expert,Softmax,Expert: Prefix/suffix masked softmax,_softmax_prefix_suffix_mask_vector,action_expert.step09.layer14._softmax_prefix_suffix_mask_vector.line1844,5536.0,1714304.0,0.0,1913600.0,2861376.0,1301264384.0,4751360.0,36.08,0.0,7.11,9.24,9.01,8.96,0.0
2634,action_expert,PV,Expert: Attention P × V,_matmul_small,action_expert.step09.layer14._matmul_small.line1854,7808.000000000001,1648000.0,218103808.0,0.0,16217952.0,1787099136.0,6717440.0,24.53,24.41,24.41,34.62,9.44,7.1,12.2
2635,action_expert,O projection,Expert: Attention output + gated residual,_matmul_small_res_gate_oproj,action_expert.step09.layer14._matmul_small_res_gate_oproj.line1865,10176.0,5320704.0,268435456.0,131072.0,15579936.0,2339864576.0,8732672.0,60.93,22.94,22.94,25.43,8.32,6.73,11.47
2636,action_expert,Norm / residual,Expert: AdaRMS (pre-FFN),_adarms_norm_kernel,action_expert.step09.layer14._adarms_norm_kernel.line1878,2912.0000000000005,122880.0,0.0,358400.0,714208.0,678260736.0,2473984.0,4.97,0.0,1.57,4.04,8.22,4.1,0.0
2637,action_expert,FFN up,Expert: FFN gate/up + GELU product,_matmul_small_gate,action_expert.step09.layer14._matmul_small_gate.line1887,26528.0,19298304.0,1073741824.0,2883584.0,24049472.0,6198093824.0,22847488.0,84.47,34.65,34.65,20.87,8.33,7.17,17.32
2638,action_expert,FFN down,Expert: FFN down + gated residual,_matmul_small_res_gate_ffn_down,action_expert.step09.layer14._matmul_small_res_gate_ffn_down.line1904,15616.000000000002,10112768.0,536870912.0,131072.0,40641984.0,3565254656.0,13418496.0,75.36,30.12,30.12,43.45,8.33,9.0,15.06
2639,action_expert,Norm / residual,Expert: AdaRMS (pre-attention),_adarms_norm_kernel,action_expert.step09.layer15._adarms_norm_kernel.line1785,2816.0000000000005,125440.0,0.0,358400.0,714912.0,661782528.0,2408448.0,5.21,0.0,1.61,4.15,8.13,4.01,0.0
2640,action_expert,QKV,Expert: QKV projection + Gemma RoPE,_matmul_gemma_rope_qkv,action_expert.step09.layer15._matmul_gemma_rope_qkv.line1794,27072.0,6112128.0,335544320.0,442368.0,12506624.0,6405273600.0,23347200.0,26.18,10.48,10.48,7.5,8.33,4.3,5.24
2641,action_expert,QK,Expert: Attention QKᵀ + scale,_matmul_abt_scale,action_expert.step09.layer15._matmul_abt_scale.line1832,6240.0,824192.0,211288064.0,412672.0,14507392.0,1413269504.0,5316608.0,15.5,29.9,29.9,39.13,33.08,11.75,14.95
2642,action_expert,Softmax,Expert: Prefix/suffix masked softmax,_softmax_prefix_suffix_mask_vector,action_expert.step09.layer15._softmax_prefix_suffix_mask_vector.line1844,5600.000000000001,1714304.0,0.0,1913600.0,2877184.0,1304729600.0,4784128.0,35.83,0.0,7.09,9.21,8.98,8.82,0.0
2643,action_expert,PV,Expert: Attention P × V,_matmul_small,action_expert.step09.layer15._matmul_small.line1854,8064.000000000001,1654656.0,218103808.0,0.0,16218848.0,1848127488.0,6938624.0,23.85,23.6,23.6,33.52,9.44,7.03,11.8
2644,action_expert,O projection,Expert: Attention output + gated residual,_matmul_small_res_gate_oproj,action_expert.step09.layer15._matmul_small_res_gate_oproj.line1865,9920.0,5255936.0,268435456.0,131072.0,15534624.0,2286544896.0,8519680.0,61.69,23.48,23.48,25.99,8.32,6.81,11.74
2645,action_expert,Norm / residual,Expert: AdaRMS (pre-FFN),_adarms_norm_kernel,action_expert.step09.layer15._adarms_norm_kernel.line1878,3104.0000000000005,123008.0,0.0,358400.0,710336.0,723542016.0,2621440.0,4.69,0.0,1.47,3.77,8.13,3.97,0.0
2646,action_expert,FFN up,Expert: FFN gate/up + GELU product,_matmul_small_gate,action_expert.step09.layer15._matmul_small_gate.line1887,26816.000000000004,19325952.0,1073741824.0,2883584.0,24048896.0,6275158016.0,23109632.0,83.63,34.22,34.22,20.62,8.33,7.09,17.11
2647,action_expert,FFN down,Expert: FFN down + gated residual,_matmul_small_res_gate_ffn_down,action_expert.step09.layer15._matmul_small_res_gate_ffn_down.line1904,15616.000000000002,10156160.0,536870912.0,131072.0,40641440.0,3565033472.0,13426688.0,75.64,30.12,30.12,43.46,8.33,8.95,15.06
2648,action_expert,Norm / residual,Expert: AdaRMS (pre-attention),_adarms_norm_kernel,action_expert.step09.layer16._adarms_norm_kernel.line1785,2880.0000000000005,123264.0,0.0,358400.0,710048.0,673605632.0,2457600.0,5.02,0.0,1.58,4.05,8.02,4.24,0.0
2649,action_expert,QKV,Expert: QKV projection + Gemma RoPE,_matmul_gemma_rope_qkv,action_expert.step09.layer16._matmul_gemma_rope_qkv.line1794,26944.0,6081664.0,335544320.0,442368.0,12506144.0,6381576192.0,23240704.0,26.17,10.52,10.52,7.53,8.33,4.35,5.26
2650,action_expert,QK,Expert: Attention QKᵀ + scale,_matmul_abt_scale,action_expert.step09.layer16._matmul_abt_scale.line1832,6240.0,829824.0,211288064.0,412672.0,14507936.0,1418067968.0,5349376.0,15.51,29.8,29.8,38.97,32.69,11.95,14.9
2651,action_expert,Softmax,Expert: Prefix/suffix masked softmax,_softmax_prefix_suffix_mask_vector,action_expert.step09.layer16._softmax_prefix_suffix_mask_vector.line1844,5536.0,1720448.0,0.0,1913600.0,2876608.0,1291948032.0,4726784.0,36.4,0.0,7.17,9.31,8.96,8.99,0.0
2652,action_expert,PV,Expert: Attention P × V,_matmul_small,action_expert.step09.layer16._matmul_small.line1854,8288.000000000002,1677440.0,218103808.0,0.0,16236928.0,1893816320.0,7094272.0,23.64,23.03,23.03,32.72,9.45,6.83,11.52
2653,action_expert,O projection,Expert: Attention output + gated residual,_matmul_small_res_gate_oproj,action_expert.step09.layer16._matmul_small_res_gate_oproj.line1865,9728.0,5280256.0,268435456.0,131072.0,15579616.0,2233298944.0,8355840.0,63.19,24.04,24.04,26.66,8.32,6.81,12.02
2654,action_expert,Norm / residual,Expert: AdaRMS (pre-FFN),_adarms_norm_kernel,action_expert.step09.layer16._adarms_norm_kernel.line1878,2816.0000000000005,122880.0,0.0,358400.0,713408.0,661923840.0,2408448.0,5.1,0.0,1.61,4.14,8.16,4.06,0.0
2655,action_expert,FFN up,Expert: FFN gate/up + GELU product,_matmul_small_gate,action_expert.step09.layer16._matmul_small_gate.line1887,26944.0,19256960.0,1073741824.0,2883584.0,24051808.0,6303340544.0,23240704.0,82.86,34.07,34.07,20.53,8.33,7.09,17.03
2656,action_expert,FFN down,Expert: FFN down + gated residual,_matmul_small_res_gate_ffn_down,action_expert.step09.layer16._matmul_small_res_gate_ffn_down.line1904,15488.000000000002,10125696.0,536870912.0,131072.0,40646464.0,3542456320.0,13369344.0,75.74,30.31,30.31,43.72,8.33,9.0,15.16
2657,action_expert,Norm / residual,Expert: AdaRMS (pre-attention),_adarms_norm_kernel,action_expert.step09.layer17._adarms_norm_kernel.line1785,2816.0000000000005,122752.0,0.0,358400.0,712352.0,653498368.0,2375680.0,5.17,0.0,1.63,4.19,8.1,4.09,0.0
2658,action_expert,QKV,Expert: QKV projection + Gemma RoPE,_matmul_gemma_rope_qkv,action_expert.step09.layer17._matmul_gemma_rope_qkv.line1794,26944.0,6119168.0,335544320.0,442368.0,12506272.0,6378805248.0,23240704.0,26.33,10.52,10.52,7.53,8.33,4.26,5.26
2659,action_expert,QK,Expert: Attention QKᵀ + scale,_matmul_abt_scale,action_expert.step09.layer17._matmul_abt_scale.line1832,6272.0,831360.0,211288064.0,412672.0,14507520.0,1420634112.0,5365760.0,15.49,29.75,29.75,38.92,33.01,11.83,14.87
2660,action_expert,Softmax,Expert: Prefix/suffix masked softmax,_softmax_prefix_suffix_mask_vector,action_expert.step09.layer17._softmax_prefix_suffix_mask_vector.line1844,5440.0,1717888.0,0.0,1913600.0,2857024.0,1270650880.0,4653056.0,36.92,0.0,7.29,9.46,8.95,8.99,0.0
2661,action_expert,PV,Expert: Attention P × V,_matmul_small,action_expert.step09.layer17._matmul_small.line1854,8288.000000000002,1677824.0,218103808.0,0.0,16236480.0,1901903872.0,7127040.0,23.54,22.94,22.94,32.58,9.44,7.04,11.47
2662,action_expert,O projection,Expert: Attention output + gated residual,_matmul_small_res_gate_oproj,action_expert.step09.layer17._matmul_small_res_gate_oproj.line1865,9536.0,5205120.0,268435456.0,131072.0,15579264.0,2188548096.0,8159232.0,63.79,24.53,24.53,27.21,8.32,7.0,12.27
2663,action_expert,Norm / residual,Expert: AdaRMS (pre-FFN),_adarms_norm_kernel,action_expert.step09.layer17._adarms_norm_kernel.line1878,3008.0000000000005,122624.0,0.0,358400.0,713504.0,698159104.0,2531328.0,4.84,0.0,1.53,3.93,8.18,4.06,0.0
2664,action_expert,FFN up,Expert: FFN gate/up + GELU product,_matmul_small_gate,action_expert.step09.layer17._matmul_small_gate.line1887,26624.0,19274624.0,1073741824.0,2883584.0,24036960.0,6219341824.0,22937600.0,84.03,34.53,34.53,20.8,8.33,7.04,17.26
2665,action_expert,FFN down,Expert: FFN down + gated residual,_matmul_small_res_gate_ffn_down,action_expert.step09.layer17._matmul_small_res_gate_ffn_down.line1904,15520.0,10130048.0,536870912.0,131072.0,40642432.0,3545575424.0,13361152.0,75.82,30.28,30.28,43.67,8.33,8.86,15.14
2666,action_expert,Norm / residual,Expert: AdaRMS (final),_adarms_norm_kernel,action_expert.step09.layer-1._adarms_norm_kernel.line1922,2848.0,123264.0,0.0,358400.0,714080.0,667289600.0,2424832.0,5.08,0.0,1.6,4.11,8.12,4.28,0.0
2667,action_expert,Action IO,Expert: Action head + Euler update,_matmul_small_bias_res,action_expert.step09.layer-1._matmul_small_bias_res.line1931,3904.0000000000005,210432.0,8388608.0,4096.0,603040.0,919425024.0,3342336.0,6.3,1.82,1.82,3.1,8.33,8.53,0.91
2668,action_expert,Other,Expert: copy,"void at::unrolled_elementwise_kernel<at::direct_copy_kernel_cuda(at::TensorIteratorBase &)::[lambda() (instance 3)]::operator ()() const::[lambda() (instance 7)]::operator ()() const::[lambda(float) (instance 1)], std::array<char *, 2>, 4, TrivialOffsetCalculator<1, unsigned int>, TrivialOffsetCalculator<1, unsigned int>, memory::LoadWithCast<1>, memory::StoreWithCast<1>>(int, T1, T2, T4, T5, T6, T7)",action_expert,3552.0,39040.0,0.0,0.0,297248.0,838807552.0,3047424.0,1.28,0.0,0.08,1.36,8.13,3.23,0.0
