id,process_id,device,context,stream,kernel,grid,block,operator,nvtx_export,nvtx,stage,group_id,domain,duration_ns,memory_level,memory_bytes,dram_bytes,flops,ai_flops_per_byte,performance_tflops,status,source_line
0,2728813,0,1,7,triton_poi_fused__to_copy_convolution_0,"(25, 1, 1)","(128, 1, 1)","Vision: input cast/layout | triton_poi_fused__to_copy_convolution_0 | grid=(25, 1, 1) block=(128, 1, 1)",vlm.vision.camera0/triton_poi_fused__to_copy_convolution_0,vlm.vision.camera0,vlm,27,bf16_tensor,7360.000000000001,l2,958496.0,,0.0,,,zero_counted_flops,
0,2728813,0,1,7,triton_poi_fused__to_copy_convolution_0,"(25, 1, 1)","(128, 1, 1)","Vision: input cast/layout | triton_poi_fused__to_copy_convolution_0 | grid=(25, 1, 1) block=(128, 1, 1)",vlm.vision.camera0/triton_poi_fused__to_copy_convolution_0,vlm.vision.camera0,vlm,27,fp32_simt,7360.000000000001,l2,958496.0,,0.0,,,zero_counted_flops,
1,2728813,0,1,7,"void cudnn::nchwToNhwcKernel<__nv_bfloat16, __nv_bfloat16, float, 0, 1, 0>(cudnn::nchw2nhwc_params_t<T3>, const T1 *, T2 *)","(1568, 1, 1)","(256, 1, 1)","Vision: NCHW → NHWC (input) | void cudnn::nchwToNhwcKernel<__nv_bfloat16, __nv_bfloat16, float, 0, 1, 0>(cudnn::nchw2nhwc_params_t<T3>, const T1 *, T2 *) | grid=(1568, 1, 1) block=(256, 1, 1)","vlm.vision.camera0/void cudnn::engines_precompiled::nchwToNhwcKernel<__nv_bfloat16, __nv_bfloat16, float, (bool)0, (bool)1, (cudnnKernelDataType_t)0>(cudnn::engines_precompiled::nchw2nhwc_params_t<T3>, const T1 *, T2 *)",vlm.vision.camera0,vlm,21,bf16_tensor,27488.0,l2,1560992.0,,0.0,,,zero_counted_flops,
1,2728813,0,1,7,"void cudnn::nchwToNhwcKernel<__nv_bfloat16, __nv_bfloat16, float, 0, 1, 0>(cudnn::nchw2nhwc_params_t<T3>, const T1 *, T2 *)","(1568, 1, 1)","(256, 1, 1)","Vision: NCHW → NHWC (input) | void cudnn::nchwToNhwcKernel<__nv_bfloat16, __nv_bfloat16, float, 0, 1, 0>(cudnn::nchw2nhwc_params_t<T3>, const T1 *, T2 *) | grid=(1568, 1, 1) block=(256, 1, 1)","vlm.vision.camera0/void cudnn::engines_precompiled::nchwToNhwcKernel<__nv_bfloat16, __nv_bfloat16, float, (bool)0, (bool)1, (cudnnKernelDataType_t)0>(cudnn::engines_precompiled::nchw2nhwc_params_t<T3>, const T1 *, T2 *)",vlm.vision.camera0,vlm,21,fp32_simt,27488.0,l2,1560992.0,,150528.0,0.09643098747463151,0.005476135040745052,ok,
2,2728813,0,1,7,"void cudnn::nchwToNhwcKernel<__nv_bfloat16, __nv_bfloat16, float, 0, 1, 0>(cudnn::nchw2nhwc_params_t<T3>, const T1 *, T2 *)","(7, 1, 1152)","(256, 1, 1)","Vision: NCHW → NHWC (weights) | void cudnn::nchwToNhwcKernel<__nv_bfloat16, __nv_bfloat16, float, 0, 1, 0>(cudnn::nchw2nhwc_params_t<T3>, const T1 *, T2 *) | grid=(7, 1, 1152) block=(256, 1, 1)","vlm.vision.camera0/void cudnn::engines_precompiled::nchwToNhwcKernel<__nv_bfloat16, __nv_bfloat16, float, (bool)0, (bool)1, (cudnnKernelDataType_t)0>(cudnn::engines_precompiled::nchw2nhwc_params_t<T3>, const T1 *, T2 *)",vlm.vision.camera0,vlm,22,bf16_tensor,104480.0,l2,7704480.0,,0.0,,,zero_counted_flops,
2,2728813,0,1,7,"void cudnn::nchwToNhwcKernel<__nv_bfloat16, __nv_bfloat16, float, 0, 1, 0>(cudnn::nchw2nhwc_params_t<T3>, const T1 *, T2 *)","(7, 1, 1152)","(256, 1, 1)","Vision: NCHW → NHWC (weights) | void cudnn::nchwToNhwcKernel<__nv_bfloat16, __nv_bfloat16, float, 0, 1, 0>(cudnn::nchw2nhwc_params_t<T3>, const T1 *, T2 *) | grid=(7, 1, 1152) block=(256, 1, 1)","vlm.vision.camera0/void cudnn::engines_precompiled::nchwToNhwcKernel<__nv_bfloat16, __nv_bfloat16, float, (bool)0, (bool)1, (cudnnKernelDataType_t)0>(cudnn::engines_precompiled::nchw2nhwc_params_t<T3>, const T1 *, T2 *)",vlm.vision.camera0,vlm,22,fp32_simt,104480.0,l2,7704480.0,,677376.0,0.08791975577845618,0.006483307810107198,ok,
3,2728813,0,1,7,void cutlass__5x_cudnn::Kernel<cutlass_tensorop_bf16_s16816fprop_optimized_bf16_256x64_32x4_nhwc_align8>(T1::Params),"(4, 5, 1)","(128, 1, 1)","Vision: patch embedding convolution | void cutlass__5x_cudnn::Kernel<cutlass_tensorop_bf16_s16816fprop_optimized_bf16_256x64_32x4_nhwc_align8>(T1::Params) | grid=(4, 5, 1) block=(128, 1, 1)",vlm.vision.camera0/void cutlass__5x_cudnn::Kernel<cutlass_tensorop_bf16_s16816fprop_optimized_bf16_256x64_32x4_nhwc_align8>(T1::Params),vlm.vision.camera0,vlm,28,bf16_tensor,102048.00000000001,l2,20483200.0,,3699376128.0,180.60538040931104,36.25133396048918,ok,
3,2728813,0,1,7,void cutlass__5x_cudnn::Kernel<cutlass_tensorop_bf16_s16816fprop_optimized_bf16_256x64_32x4_nhwc_align8>(T1::Params),"(4, 5, 1)","(128, 1, 1)","Vision: patch embedding convolution | void cutlass__5x_cudnn::Kernel<cutlass_tensorop_bf16_s16816fprop_optimized_bf16_256x64_32x4_nhwc_align8>(T1::Params) | grid=(4, 5, 1) block=(128, 1, 1)",vlm.vision.camera0/void cutlass__5x_cudnn::Kernel<cutlass_tensorop_bf16_s16816fprop_optimized_bf16_256x64_32x4_nhwc_align8>(T1::Params),vlm.vision.camera0,vlm,28,fp32_simt,102048.00000000001,l2,20483200.0,,884736.0,0.04319325105452273,0.008669802445907806,ok,
4,2728813,0,1,7,"void cudnn::nhwcToNchwKernel<__nv_bfloat16, __nv_bfloat16, float, 1, 0, 0>(cudnn::nhwc2nchw_params_t<T3>, const T1 *, T2 *)","(8, 36, 1)","(256, 1, 1)","Vision: NHWC → NCHW | void cudnn::nhwcToNchwKernel<__nv_bfloat16, __nv_bfloat16, float, 1, 0, 0>(cudnn::nhwc2nchw_params_t<T3>, const T1 *, T2 *) | grid=(8, 36, 1) block=(256, 1, 1)","vlm.vision.camera0/void cudnn::engines_precompiled::nhwcToNchwKernel<__nv_bfloat16, __nv_bfloat16, float, (bool)1, (bool)0, (cudnnKernelDataType_t)0>(cudnn::engines_precompiled::nhwc2nchw_params_t<T3>, const T1 *, T2 *)",vlm.vision.camera0,vlm,23,bf16_tensor,21344.0,l2,1232544.0,,0.0,,,zero_counted_flops,
4,2728813,0,1,7,"void cudnn::nhwcToNchwKernel<__nv_bfloat16, __nv_bfloat16, float, 1, 0, 0>(cudnn::nhwc2nchw_params_t<T3>, const T1 *, T2 *)","(8, 36, 1)","(256, 1, 1)","Vision: NHWC → NCHW | void cudnn::nhwcToNchwKernel<__nv_bfloat16, __nv_bfloat16, float, 1, 0, 0>(cudnn::nhwc2nchw_params_t<T3>, const T1 *, T2 *) | grid=(8, 36, 1) block=(256, 1, 1)","vlm.vision.camera0/void cudnn::engines_precompiled::nhwcToNchwKernel<__nv_bfloat16, __nv_bfloat16, float, (bool)1, (bool)0, (cudnnKernelDataType_t)0>(cudnn::engines_precompiled::nhwc2nchw_params_t<T3>, const T1 *, T2 *)",vlm.vision.camera0,vlm,23,fp32_simt,21344.0,l2,1232544.0,,294912.0,0.23927097125944388,0.013817091454272864,ok,
5,2728813,0,1,7,triton_red_fused__to_copy_add_convolution_embedding_native_layer_norm_transpose_view_1,"(36, 1, 1)","(256, 1, 1)","Vision: patch/LayerNorm fusion 1 | triton_red_fused__to_copy_add_convolution_embedding_native_layer_norm_transpose_view_1 | grid=(36, 1, 1) block=(256, 1, 1)",vlm.vision.camera0/triton_red_fused__to_copy_add_convolution_embedding_native_layer_norm_transpose_view_1,vlm.vision.camera0,vlm,29,bf16_tensor,21312.000000000004,l2,1317728.0,,0.0,,,zero_counted_flops,
5,2728813,0,1,7,triton_red_fused__to_copy_add_convolution_embedding_native_layer_norm_transpose_view_1,"(36, 1, 1)","(256, 1, 1)","Vision: patch/LayerNorm fusion 1 | triton_red_fused__to_copy_add_convolution_embedding_native_layer_norm_transpose_view_1 | grid=(36, 1, 1) block=(256, 1, 1)",vlm.vision.camera0/triton_red_fused__to_copy_add_convolution_embedding_native_layer_norm_transpose_view_1,vlm.vision.camera0,vlm,29,fp32_simt,21312.000000000004,l2,1317728.0,,3824640.0,2.902450278054348,0.17945945945945943,ok,
6,2728813,0,1,7,triton_per_fused__to_copy_add_convolution_embedding_native_layer_norm_transpose_view_2,"(16, 1, 1)","(128, 1, 1)","Vision: patch/LayerNorm fusion 2 | triton_per_fused__to_copy_add_convolution_embedding_native_layer_norm_transpose_view_2 | grid=(16, 1, 1) block=(128, 1, 1)",vlm.vision.camera0/triton_per_fused__to_copy_add_convolution_embedding_native_layer_norm_transpose_view_2,vlm.vision.camera0,vlm,30,bf16_tensor,14272.000000000002,l2,78560.0,,0.0,,,zero_counted_flops,
6,2728813,0,1,7,triton_per_fused__to_copy_add_convolution_embedding_native_layer_norm_transpose_view_2,"(16, 1, 1)","(128, 1, 1)","Vision: patch/LayerNorm fusion 2 | triton_per_fused__to_copy_add_convolution_embedding_native_layer_norm_transpose_view_2 | grid=(16, 1, 1) block=(128, 1, 1)",vlm.vision.camera0/triton_per_fused__to_copy_add_convolution_embedding_native_layer_norm_transpose_view_2,vlm.vision.camera0,vlm,30,fp32_simt,14272.000000000002,l2,78560.0,,140288.0,1.785743380855397,0.009829596412556053,ok,
7,2728813,0,1,7,triton_poi_fused__to_copy_add_convolution_embedding_native_layer_norm_transpose_view_3,"(9, 1, 1)","(1024, 1, 1)","Vision: patch/LayerNorm fusion 3 | triton_poi_fused__to_copy_add_convolution_embedding_native_layer_norm_transpose_view_3 | grid=(9, 1, 1) block=(1024, 1, 1)",vlm.vision.camera0/triton_poi_fused__to_copy_add_convolution_embedding_native_layer_norm_transpose_view_3,vlm.vision.camera0,vlm,31,bf16_tensor,24224.0,l2,1874816.0,,0.0,,,zero_counted_flops,
7,2728813,0,1,7,triton_poi_fused__to_copy_add_convolution_embedding_native_layer_norm_transpose_view_3,"(9, 1, 1)","(1024, 1, 1)","Vision: patch/LayerNorm fusion 3 | triton_poi_fused__to_copy_add_convolution_embedding_native_layer_norm_transpose_view_3 | grid=(9, 1, 1) block=(1024, 1, 1)",vlm.vision.camera0/triton_poi_fused__to_copy_add_convolution_embedding_native_layer_norm_transpose_view_3,vlm.vision.camera0,vlm,31,fp32_simt,24224.0,l2,1874816.0,,1843200.0,0.9831364784597528,0.07608982826948481,ok,
8,2728813,0,1,7,nvjet_sm110_tst_128x128_64x6_1x2_h_bz_bias_TNT,"(18, 1, 1)","(256, 1, 1)","Vision: attention Q/K/V/O projections | nvjet_sm110_tst_128x128_64x6_1x2_h_bz_bias_TNT | grid=(18, 1, 1) block=(256, 1, 1)",vlm.vision.camera0/nvjet_sm110_tst_128x128_64x6_1x2_h_bz_bias_TNT,vlm.vision.camera0,vlm,24,bf16_tensor,28576.000000000004,l2,8001216.0,,679477248.0,84.92174789432006,23.77789921612542,ok,
8,2728813,0,1,7,nvjet_sm110_tst_128x128_64x6_1x2_h_bz_bias_TNT,"(18, 1, 1)","(256, 1, 1)","Vision: attention Q/K/V/O projections | nvjet_sm110_tst_128x128_64x6_1x2_h_bz_bias_TNT | grid=(18, 1, 1) block=(256, 1, 1)",vlm.vision.camera0/nvjet_sm110_tst_128x128_64x6_1x2_h_bz_bias_TNT,vlm.vision.camera0,vlm,24,fp32_simt,28576.000000000004,l2,8001216.0,,884736.0,0.11057519257072924,0.03096080627099664,ok,
9,2728813,0,1,7,nvjet_sm110_tst_128x128_64x6_1x2_h_bz_bias_TNT,"(18, 1, 1)","(256, 1, 1)","Vision: attention Q/K/V/O projections | nvjet_sm110_tst_128x128_64x6_1x2_h_bz_bias_TNT | grid=(18, 1, 1) block=(256, 1, 1)",vlm.vision.camera0/nvjet_sm110_tst_128x128_64x6_1x2_h_bz_bias_TNT,vlm.vision.camera0,vlm,24,bf16_tensor,27840.0,l2,8002240.0,,679477248.0,84.91088095333306,24.406510344827584,ok,
9,2728813,0,1,7,nvjet_sm110_tst_128x128_64x6_1x2_h_bz_bias_TNT,"(18, 1, 1)","(256, 1, 1)","Vision: attention Q/K/V/O projections | nvjet_sm110_tst_128x128_64x6_1x2_h_bz_bias_TNT | grid=(18, 1, 1) block=(256, 1, 1)",vlm.vision.camera0/nvjet_sm110_tst_128x128_64x6_1x2_h_bz_bias_TNT,vlm.vision.camera0,vlm,24,fp32_simt,27840.0,l2,8002240.0,,884736.0,0.11056104290798577,0.03177931034482758,ok,
10,2728813,0,1,7,nvjet_sm110_tst_128x128_64x6_1x2_h_bz_bias_TNT,"(18, 1, 1)","(256, 1, 1)","Vision: attention Q/K/V/O projections | nvjet_sm110_tst_128x128_64x6_1x2_h_bz_bias_TNT | grid=(18, 1, 1) block=(256, 1, 1)",vlm.vision.camera0/nvjet_sm110_tst_128x128_64x6_1x2_h_bz_bias_TNT,vlm.vision.camera0,vlm,24,bf16_tensor,27776.000000000004,l2,8002688.0,,679477248.0,84.90612754114618,24.462746543778803,ok,
10,2728813,0,1,7,nvjet_sm110_tst_128x128_64x6_1x2_h_bz_bias_TNT,"(18, 1, 1)","(256, 1, 1)","Vision: attention Q/K/V/O projections | nvjet_sm110_tst_128x128_64x6_1x2_h_bz_bias_TNT | grid=(18, 1, 1) block=(256, 1, 1)",vlm.vision.camera0/nvjet_sm110_tst_128x128_64x6_1x2_h_bz_bias_TNT,vlm.vision.camera0,vlm,24,fp32_simt,27776.000000000004,l2,8002688.0,,884736.0,0.11055485356920075,0.03185253456221198,ok,
11,2728813,0,1,7,"void pytorch_flash::flash_fwd_kernel<Flash_fwd_kernel_traits<96, 128, 64, 4, 0, 0, cutlass::bfloat16_t, Flash_kernel_traits<96, 128, 64, 4, cutlass::bfloat16_t>>, 0, 0, 0, 0, 0, 0, 0, 0>(pytorch_flash::Flash_fwd_params)","(2, 1, 16)","(128, 1, 1)","Vision: FlashAttention | void pytorch_flash::flash_fwd_kernel<Flash_fwd_kernel_traits<96, 128, 64, 4, 0, 0, cutlass::bfloat16_t, Flash_kernel_traits<96, 128, 64, 4, cutlass::bfloat16_t>>, 0, 0, 0, 0, 0, 0, 0, 0>(pytorch_flash::Flash_fwd_params) | grid=(2, 1, 16) block=(128, 1, 1)","vlm.vision.camera0/void pytorch_flash::flash_fwd_kernel<Flash_fwd_kernel_traits<(int)96, (int)128, (int)64, (int)4, (bool)0, (bool)0, cutlass::bfloat16_t, Flash_kernel_traits<(int)96, (int)128, (int)64, (int)4, cutlass::bfloat16_t>>, (bool)0, (bool)0, (bool)0, (bool)0, (bool)0, (bool)0, (bool)0, (bool)0>(pytorch_flash::Flash_fwd_params)",vlm.vision.camera0,vlm,20,bf16_tensor,33600.0,l2,5493248.0,,402653184.0,73.29965514027403,11.983725714285713,ok,
11,2728813,0,1,7,"void pytorch_flash::flash_fwd_kernel<Flash_fwd_kernel_traits<96, 128, 64, 4, 0, 0, cutlass::bfloat16_t, Flash_kernel_traits<96, 128, 64, 4, cutlass::bfloat16_t>>, 0, 0, 0, 0, 0, 0, 0, 0>(pytorch_flash::Flash_fwd_params)","(2, 1, 16)","(128, 1, 1)","Vision: FlashAttention | void pytorch_flash::flash_fwd_kernel<Flash_fwd_kernel_traits<96, 128, 64, 4, 0, 0, cutlass::bfloat16_t, Flash_kernel_traits<96, 128, 64, 4, cutlass::bfloat16_t>>, 0, 0, 0, 0, 0, 0, 0, 0>(pytorch_flash::Flash_fwd_params) | grid=(2, 1, 16) block=(128, 1, 1)","vlm.vision.camera0/void pytorch_flash::flash_fwd_kernel<Flash_fwd_kernel_traits<(int)96, (int)128, (int)64, (int)4, (bool)0, (bool)0, cutlass::bfloat16_t, Flash_kernel_traits<(int)96, (int)128, (int)64, (int)4, cutlass::bfloat16_t>>, (bool)0, (bool)0, (bool)0, (bool)0, (bool)0, (bool)0, (bool)0, (bool)0>(pytorch_flash::Flash_fwd_params)",vlm.vision.camera0,vlm,20,fp32_simt,33600.0,l2,5493248.0,,5079076.0,0.9246034404417933,0.15116297619047617,ok,
12,2728813,0,1,7,nvjet_sm110_tst_128x128_64x6_1x2_h_bz_bias_TNT,"(18, 1, 1)","(256, 1, 1)","Vision: attention Q/K/V/O projections | nvjet_sm110_tst_128x128_64x6_1x2_h_bz_bias_TNT | grid=(18, 1, 1) block=(256, 1, 1)",vlm.vision.camera0/nvjet_sm110_tst_128x128_64x6_1x2_h_bz_bias_TNT,vlm.vision.camera0,vlm,24,bf16_tensor,30400.0,l2,8004096.0,,679477248.0,84.89119170984456,22.351225263157893,ok,
12,2728813,0,1,7,nvjet_sm110_tst_128x128_64x6_1x2_h_bz_bias_TNT,"(18, 1, 1)","(256, 1, 1)","Vision: attention Q/K/V/O projections | nvjet_sm110_tst_128x128_64x6_1x2_h_bz_bias_TNT | grid=(18, 1, 1) block=(256, 1, 1)",vlm.vision.camera0/nvjet_sm110_tst_128x128_64x6_1x2_h_bz_bias_TNT,vlm.vision.camera0,vlm,24,fp32_simt,30400.0,l2,8004096.0,,884736.0,0.11053540587219343,0.029103157894736845,ok,
13,2728813,0,1,7,triton_red_fused__to_copy_add_convolution_embedding_native_layer_norm_transpose_view_4,"(64, 1, 1)","(256, 1, 1)","Vision: residual/LayerNorm fusion 4 | triton_red_fused__to_copy_add_convolution_embedding_native_layer_norm_transpose_view_4 | grid=(64, 1, 1) block=(256, 1, 1)",vlm.vision.camera0/triton_red_fused__to_copy_add_convolution_embedding_native_layer_norm_transpose_view_4,vlm.vision.camera0,vlm,33,bf16_tensor,26464.000000000004,l2,4880896.0,,0.0,,,zero_counted_flops,
13,2728813,0,1,7,triton_red_fused__to_copy_add_convolution_embedding_native_layer_norm_transpose_view_4,"(64, 1, 1)","(256, 1, 1)","Vision: residual/LayerNorm fusion 4 | triton_red_fused__to_copy_add_convolution_embedding_native_layer_norm_transpose_view_4 | grid=(64, 1, 1) block=(256, 1, 1)",vlm.vision.camera0/triton_red_fused__to_copy_add_convolution_embedding_native_layer_norm_transpose_view_4,vlm.vision.camera0,vlm,33,fp32_simt,26464.000000000004,l2,4880896.0,,6291456.0,1.2889961187454106,0.2377363966142684,ok,
14,2728813,0,1,7,nvjet_sm110_tst_224x128_64x7_1x2_2cta_h_bz_bias_TNN,"(40, 1, 1)","(256, 1, 1)","Vision: FFN expansion + bias | nvjet_sm110_tst_224x128_64x7_1x2_2cta_h_bz_bias_TNN | grid=(40, 1, 1) block=(256, 1, 1)",vlm.vision.camera0/nvjet_sm110_tst_224x128_64x7_1x2_2cta_h_bz_bias_TNN,vlm.vision.camera0,vlm,19,bf16_tensor,61760.00000000001,l2,23282464.0,,2642411520.0,113.49363709957846,42.785160621761655,ok,
14,2728813,0,1,7,nvjet_sm110_tst_224x128_64x7_1x2_2cta_h_bz_bias_TNN,"(40, 1, 1)","(256, 1, 1)","Vision: FFN expansion + bias | nvjet_sm110_tst_224x128_64x7_1x2_2cta_h_bz_bias_TNN | grid=(40, 1, 1) block=(256, 1, 1)",vlm.vision.camera0/nvjet_sm110_tst_224x128_64x7_1x2_2cta_h_bz_bias_TNN,vlm.vision.camera0,vlm,19,fp32_simt,61760.00000000001,l2,23282464.0,,3440640.0,0.14777817330674278,0.05570984455958549,ok,
15,2728813,0,1,7,triton_poi_fused_gelu_view_5,"(2152, 1, 1)","(128, 1, 1)","Vision: FFN GELU | triton_poi_fused_gelu_view_5 | grid=(2152, 1, 1) block=(128, 1, 1)",vlm.vision.camera0/triton_poi_fused_gelu_view_5,vlm.vision.camera0,vlm,17,bf16_tensor,23008.0,l2,4461216.0,,0.0,,,zero_counted_flops,
15,2728813,0,1,7,triton_poi_fused_gelu_view_5,"(2152, 1, 1)","(128, 1, 1)","Vision: FFN GELU | triton_poi_fused_gelu_view_5 | grid=(2152, 1, 1) block=(128, 1, 1)",vlm.vision.camera0/triton_poi_fused_gelu_view_5,vlm.vision.camera0,vlm,17,fp32_simt,23008.0,l2,4461216.0,,15382553.0,3.4480628151607093,0.6685741046592489,ok,
16,2728813,0,1,7,nvjet_sm110_tst_144x128_64x6_4x1_v_bz_bias_TNN,"(16, 1, 1)","(256, 1, 1)","Vision: FFN contraction + bias | nvjet_sm110_tst_144x128_64x6_4x1_v_bz_bias_TNN | grid=(16, 1, 1) block=(256, 1, 1)",vlm.vision.camera0/nvjet_sm110_tst_144x128_64x6_4x1_v_bz_bias_TNN,vlm.vision.camera0,vlm,18,bf16_tensor,89120.0,l2,24611552.0,,2566914048.0,104.29712226193618,28.80289551166966,ok,
16,2728813,0,1,7,nvjet_sm110_tst_144x128_64x6_4x1_v_bz_bias_TNN,"(16, 1, 1)","(256, 1, 1)","Vision: FFN contraction + bias | nvjet_sm110_tst_144x128_64x6_4x1_v_bz_bias_TNN | grid=(16, 1, 1) block=(256, 1, 1)",vlm.vision.camera0/nvjet_sm110_tst_144x128_64x6_4x1_v_bz_bias_TNN,vlm.vision.camera0,vlm,18,fp32_simt,89120.0,l2,24611552.0,,884736.0,0.03594799710314896,0.009927468581687613,ok,
17,2728813,0,1,7,triton_red_fused_add_native_layer_norm_view_6,"(128, 1, 1)","(128, 1, 1)","Vision: residual/LayerNorm fusion 6 | triton_red_fused_add_native_layer_norm_view_6 | grid=(128, 1, 1) block=(128, 1, 1)",vlm.vision.camera0/triton_red_fused_add_native_layer_norm_view_6,vlm.vision.camera0,vlm,34,bf16_tensor,24864.0,l2,1924672.0,,0.0,,,zero_counted_flops,
17,2728813,0,1,7,triton_red_fused_add_native_layer_norm_view_6,"(128, 1, 1)","(128, 1, 1)","Vision: residual/LayerNorm fusion 6 | triton_red_fused_add_native_layer_norm_view_6 | grid=(128, 1, 1) block=(128, 1, 1)",vlm.vision.camera0/triton_red_fused_add_native_layer_norm_view_6,vlm.vision.camera0,vlm,34,fp32_simt,24864.0,l2,1924672.0,,5198992.0,2.701235327370066,0.2090971685971686,ok,
18,2728813,0,1,7,nvjet_sm110_tst_128x128_64x6_1x2_h_bz_bias_TNT,"(18, 1, 1)","(256, 1, 1)","Vision: attention Q/K/V/O projections | nvjet_sm110_tst_128x128_64x6_1x2_h_bz_bias_TNT | grid=(18, 1, 1) block=(256, 1, 1)",vlm.vision.camera0/nvjet_sm110_tst_128x128_64x6_1x2_h_bz_bias_TNT,vlm.vision.camera0,vlm,24,bf16_tensor,27424.0,l2,8000096.0,,679477248.0,84.93363679635844,24.776737456242707,ok,
18,2728813,0,1,7,nvjet_sm110_tst_128x128_64x6_1x2_h_bz_bias_TNT,"(18, 1, 1)","(256, 1, 1)","Vision: attention Q/K/V/O projections | nvjet_sm110_tst_128x128_64x6_1x2_h_bz_bias_TNT | grid=(18, 1, 1) block=(256, 1, 1)",vlm.vision.camera0/nvjet_sm110_tst_128x128_64x6_1x2_h_bz_bias_TNT,vlm.vision.camera0,vlm,24,fp32_simt,27424.0,l2,8000096.0,,884736.0,0.11059067291192505,0.03226137689614936,ok,
19,2728813,0,1,7,nvjet_sm110_tst_128x128_64x6_1x2_h_bz_bias_TNT,"(18, 1, 1)","(256, 1, 1)","Vision: attention Q/K/V/O projections | nvjet_sm110_tst_128x128_64x6_1x2_h_bz_bias_TNT | grid=(18, 1, 1) block=(256, 1, 1)",vlm.vision.camera0/nvjet_sm110_tst_128x128_64x6_1x2_h_bz_bias_TNT,vlm.vision.camera0,vlm,24,bf16_tensor,28128.000000000004,l2,8000032.0,,679477248.0,84.93431626273495,24.156614334470987,ok,
19,2728813,0,1,7,nvjet_sm110_tst_128x128_64x6_1x2_h_bz_bias_TNT,"(18, 1, 1)","(256, 1, 1)","Vision: attention Q/K/V/O projections | nvjet_sm110_tst_128x128_64x6_1x2_h_bz_bias_TNT | grid=(18, 1, 1) block=(256, 1, 1)",vlm.vision.camera0/nvjet_sm110_tst_128x128_64x6_1x2_h_bz_bias_TNT,vlm.vision.camera0,vlm,24,fp32_simt,28128.000000000004,l2,8000032.0,,884736.0,0.11059155763376946,0.03145392491467577,ok,
20,2728813,0,1,7,nvjet_sm110_tst_128x128_64x6_1x2_h_bz_bias_TNT,"(18, 1, 1)","(256, 1, 1)","Vision: attention Q/K/V/O projections | nvjet_sm110_tst_128x128_64x6_1x2_h_bz_bias_TNT | grid=(18, 1, 1) block=(256, 1, 1)",vlm.vision.camera0/nvjet_sm110_tst_128x128_64x6_1x2_h_bz_bias_TNT,vlm.vision.camera0,vlm,24,bf16_tensor,28480.0,l2,8000928.0,,679477248.0,84.92480472265217,23.858049438202247,ok,
20,2728813,0,1,7,nvjet_sm110_tst_128x128_64x6_1x2_h_bz_bias_TNT,"(18, 1, 1)","(256, 1, 1)","Vision: attention Q/K/V/O projections | nvjet_sm110_tst_128x128_64x6_1x2_h_bz_bias_TNT | grid=(18, 1, 1) block=(256, 1, 1)",vlm.vision.camera0/nvjet_sm110_tst_128x128_64x6_1x2_h_bz_bias_TNT,vlm.vision.camera0,vlm,24,fp32_simt,28480.0,l2,8000928.0,,884736.0,0.11057917281595335,0.03106516853932584,ok,
21,2728813,0,1,7,"void pytorch_flash::flash_fwd_kernel<Flash_fwd_kernel_traits<96, 128, 64, 4, 0, 0, cutlass::bfloat16_t, Flash_kernel_traits<96, 128, 64, 4, cutlass::bfloat16_t>>, 0, 0, 0, 0, 0, 0, 0, 0>(pytorch_flash::Flash_fwd_params)","(2, 1, 16)","(128, 1, 1)","Vision: FlashAttention | void pytorch_flash::flash_fwd_kernel<Flash_fwd_kernel_traits<96, 128, 64, 4, 0, 0, cutlass::bfloat16_t, Flash_kernel_traits<96, 128, 64, 4, cutlass::bfloat16_t>>, 0, 0, 0, 0, 0, 0, 0, 0>(pytorch_flash::Flash_fwd_params) | grid=(2, 1, 16) block=(128, 1, 1)","vlm.vision.camera0/void pytorch_flash::flash_fwd_kernel<Flash_fwd_kernel_traits<(int)96, (int)128, (int)64, (int)4, (bool)0, (bool)0, cutlass::bfloat16_t, Flash_kernel_traits<(int)96, (int)128, (int)64, (int)4, cutlass::bfloat16_t>>, (bool)0, (bool)0, (bool)0, (bool)0, (bool)0, (bool)0, (bool)0, (bool)0>(pytorch_flash::Flash_fwd_params)",vlm.vision.camera0,vlm,20,bf16_tensor,29664.000000000004,l2,5482336.0,,402653184.0,73.44555021800926,13.57379935275081,ok,
21,2728813,0,1,7,"void pytorch_flash::flash_fwd_kernel<Flash_fwd_kernel_traits<96, 128, 64, 4, 0, 0, cutlass::bfloat16_t, Flash_kernel_traits<96, 128, 64, 4, cutlass::bfloat16_t>>, 0, 0, 0, 0, 0, 0, 0, 0>(pytorch_flash::Flash_fwd_params)","(2, 1, 16)","(128, 1, 1)","Vision: FlashAttention | void pytorch_flash::flash_fwd_kernel<Flash_fwd_kernel_traits<96, 128, 64, 4, 0, 0, cutlass::bfloat16_t, Flash_kernel_traits<96, 128, 64, 4, cutlass::bfloat16_t>>, 0, 0, 0, 0, 0, 0, 0, 0>(pytorch_flash::Flash_fwd_params) | grid=(2, 1, 16) block=(128, 1, 1)","vlm.vision.camera0/void pytorch_flash::flash_fwd_kernel<Flash_fwd_kernel_traits<(int)96, (int)128, (int)64, (int)4, (bool)0, (bool)0, cutlass::bfloat16_t, Flash_kernel_traits<(int)96, (int)128, (int)64, (int)4, cutlass::bfloat16_t>>, (bool)0, (bool)0, (bool)0, (bool)0, (bool)0, (bool)0, (bool)0, (bool)0>(pytorch_flash::Flash_fwd_params)",vlm.vision.camera0,vlm,20,fp32_simt,29664.000000000004,l2,5482336.0,,5079040.0,0.9264371975741728,0.17121898597626753,ok,
22,2728813,0,1,7,nvjet_sm110_tst_128x128_64x6_1x2_h_bz_bias_TNT,"(18, 1, 1)","(256, 1, 1)","Vision: attention Q/K/V/O projections | nvjet_sm110_tst_128x128_64x6_1x2_h_bz_bias_TNT | grid=(18, 1, 1) block=(256, 1, 1)",vlm.vision.camera0/nvjet_sm110_tst_128x128_64x6_1x2_h_bz_bias_TNT,vlm.vision.camera0,vlm,24,bf16_tensor,28160.0,l2,8002080.0,,679477248.0,84.91257872953032,24.129163636363636,ok,
22,2728813,0,1,7,nvjet_sm110_tst_128x128_64x6_1x2_h_bz_bias_TNT,"(18, 1, 1)","(256, 1, 1)","Vision: attention Q/K/V/O projections | nvjet_sm110_tst_128x128_64x6_1x2_h_bz_bias_TNT | grid=(18, 1, 1) block=(256, 1, 1)",vlm.vision.camera0/nvjet_sm110_tst_128x128_64x6_1x2_h_bz_bias_TNT,vlm.vision.camera0,vlm,24,fp32_simt,28160.0,l2,8002080.0,,884736.0,0.11056325355407594,0.03141818181818182,ok,
23,2728813,0,1,7,triton_red_fused_add_native_layer_norm_view_7,"(256, 1, 1)","(64, 1, 1)","Vision: residual/LayerNorm fusion 7 | triton_red_fused_add_native_layer_norm_view_7 | grid=(256, 1, 1) block=(64, 1, 1)",vlm.vision.camera0/triton_red_fused_add_native_layer_norm_view_7,vlm.vision.camera0,vlm,35,bf16_tensor,25824.000000000004,l2,2543168.0,,0.0,,,zero_counted_flops,
23,2728813,0,1,7,triton_red_fused_add_native_layer_norm_view_7,"(256, 1, 1)","(64, 1, 1)","Vision: residual/LayerNorm fusion 7 | triton_red_fused_add_native_layer_norm_view_7 | grid=(256, 1, 1) block=(64, 1, 1)",vlm.vision.camera0/triton_red_fused_add_native_layer_norm_view_7,vlm.vision.camera0,vlm,35,fp32_simt,25824.000000000004,l2,2543168.0,,5392196.0,2.120267320129854,0.20880560718711272,ok,
24,2728813,0,1,7,nvjet_sm110_tst_224x128_64x7_1x2_2cta_h_bz_bias_TNN,"(40, 1, 1)","(256, 1, 1)","Vision: FFN expansion + bias | nvjet_sm110_tst_224x128_64x7_1x2_2cta_h_bz_bias_TNN | grid=(40, 1, 1) block=(256, 1, 1)",vlm.vision.camera0/nvjet_sm110_tst_224x128_64x7_1x2_2cta_h_bz_bias_TNN,vlm.vision.camera0,vlm,19,bf16_tensor,57728.0,l2,23289920.0,,2642411520.0,113.45730341710062,45.77348115299335,ok,
24,2728813,0,1,7,nvjet_sm110_tst_224x128_64x7_1x2_2cta_h_bz_bias_TNN,"(40, 1, 1)","(256, 1, 1)","Vision: FFN expansion + bias | nvjet_sm110_tst_224x128_64x7_1x2_2cta_h_bz_bias_TNN | grid=(40, 1, 1) block=(256, 1, 1)",vlm.vision.camera0/nvjet_sm110_tst_224x128_64x7_1x2_2cta_h_bz_bias_TNN,vlm.vision.camera0,vlm,19,fp32_simt,57728.0,l2,23289920.0,,3440640.0,0.14773086382434977,0.05960088691796009,ok,
25,2728813,0,1,7,triton_poi_fused_gelu_view_5,"(2152, 1, 1)","(128, 1, 1)","Vision: FFN GELU | triton_poi_fused_gelu_view_5 | grid=(2152, 1, 1) block=(128, 1, 1)",vlm.vision.camera0/triton_poi_fused_gelu_view_5,vlm.vision.camera0,vlm,17,bf16_tensor,27392.0,l2,4458304.0,,0.0,,,zero_counted_flops,
25,2728813,0,1,7,triton_poi_fused_gelu_view_5,"(2152, 1, 1)","(128, 1, 1)","Vision: FFN GELU | triton_poi_fused_gelu_view_5 | grid=(2152, 1, 1) block=(128, 1, 1)",vlm.vision.camera0/triton_poi_fused_gelu_view_5,vlm.vision.camera0,vlm,17,fp32_simt,27392.0,l2,4458304.0,,15849397.0,3.555028324672342,0.5786140844042056,ok,
26,2728813,0,1,7,nvjet_sm110_tst_144x128_64x6_4x1_v_bz_bias_TNN,"(16, 1, 1)","(256, 1, 1)","Vision: FFN contraction + bias | nvjet_sm110_tst_144x128_64x6_4x1_v_bz_bias_TNN | grid=(16, 1, 1) block=(256, 1, 1)",vlm.vision.camera0/nvjet_sm110_tst_144x128_64x6_4x1_v_bz_bias_TNN,vlm.vision.camera0,vlm,18,bf16_tensor,77984.0,l2,24603296.0,,2566914048.0,104.33212070447797,32.91590644234714,ok,
26,2728813,0,1,7,nvjet_sm110_tst_144x128_64x6_4x1_v_bz_bias_TNN,"(16, 1, 1)","(256, 1, 1)","Vision: FFN contraction + bias | nvjet_sm110_tst_144x128_64x6_4x1_v_bz_bias_TNN | grid=(16, 1, 1) block=(256, 1, 1)",vlm.vision.camera0/nvjet_sm110_tst_144x128_64x6_4x1_v_bz_bias_TNN,vlm.vision.camera0,vlm,18,fp32_simt,77984.0,l2,24603296.0,,884736.0,0.035960059985458856,0.01134509643003693,ok,
27,2728813,0,1,7,triton_red_fused_add_native_layer_norm_view_8,"(256, 1, 1)","(64, 1, 1)","Vision: residual/LayerNorm fusion 8 | triton_red_fused_add_native_layer_norm_view_8 | grid=(256, 1, 1) block=(64, 1, 1)",vlm.vision.camera0/triton_red_fused_add_native_layer_norm_view_8,vlm.vision.camera0,vlm,36,bf16_tensor,28544.000000000004,l2,3182016.0,,0.0,,,zero_counted_flops,
27,2728813,0,1,7,triton_red_fused_add_native_layer_norm_view_8,"(256, 1, 1)","(64, 1, 1)","Vision: residual/LayerNorm fusion 8 | triton_red_fused_add_native_layer_norm_view_8 | grid=(256, 1, 1) block=(64, 1, 1)",vlm.vision.camera0/triton_red_fused_add_native_layer_norm_view_8,vlm.vision.camera0,vlm,36,fp32_simt,28544.000000000004,l2,3182016.0,,6619136.0,2.080170558538989,0.23189237668161433,ok,
28,2728813,0,1,7,nvjet_sm110_tst_128x128_64x6_1x2_h_bz_bias_TNT,"(18, 1, 1)","(256, 1, 1)","Vision: attention Q/K/V/O projections | nvjet_sm110_tst_128x128_64x6_1x2_h_bz_bias_TNT | grid=(18, 1, 1) block=(256, 1, 1)",vlm.vision.camera0/nvjet_sm110_tst_128x128_64x6_1x2_h_bz_bias_TNT,vlm.vision.camera0,vlm,24,bf16_tensor,28352.000000000004,l2,8001312.0,,679477248.0,84.92072900044393,23.96576072234763,ok,
28,2728813,0,1,7,nvjet_sm110_tst_128x128_64x6_1x2_h_bz_bias_TNT,"(18, 1, 1)","(256, 1, 1)","Vision: attention Q/K/V/O projections | nvjet_sm110_tst_128x128_64x6_1x2_h_bz_bias_TNT | grid=(18, 1, 1) block=(256, 1, 1)",vlm.vision.camera0/nvjet_sm110_tst_128x128_64x6_1x2_h_bz_bias_TNT,vlm.vision.camera0,vlm,24,fp32_simt,28352.000000000004,l2,8001312.0,,884736.0,0.1105738658859947,0.031205417607223472,ok,
29,2728813,0,1,7,nvjet_sm110_tst_128x128_64x6_1x2_h_bz_bias_TNT,"(18, 1, 1)","(256, 1, 1)","Vision: attention Q/K/V/O projections | nvjet_sm110_tst_128x128_64x6_1x2_h_bz_bias_TNT | grid=(18, 1, 1) block=(256, 1, 1)",vlm.vision.camera0/nvjet_sm110_tst_128x128_64x6_1x2_h_bz_bias_TNT,vlm.vision.camera0,vlm,24,bf16_tensor,29888.000000000004,l2,8002720.0,,679477248.0,84.9057880320691,22.734115631691648,ok,
29,2728813,0,1,7,nvjet_sm110_tst_128x128_64x6_1x2_h_bz_bias_TNT,"(18, 1, 1)","(256, 1, 1)","Vision: attention Q/K/V/O projections | nvjet_sm110_tst_128x128_64x6_1x2_h_bz_bias_TNT | grid=(18, 1, 1) block=(256, 1, 1)",vlm.vision.camera0/nvjet_sm110_tst_128x128_64x6_1x2_h_bz_bias_TNT,vlm.vision.camera0,vlm,24,fp32_simt,29888.000000000004,l2,8002720.0,,884736.0,0.11055441150008997,0.029601713062098498,ok,
30,2728813,0,1,7,nvjet_sm110_tst_128x128_64x6_1x2_h_bz_bias_TNT,"(18, 1, 1)","(256, 1, 1)","Vision: attention Q/K/V/O projections | nvjet_sm110_tst_128x128_64x6_1x2_h_bz_bias_TNT | grid=(18, 1, 1) block=(256, 1, 1)",vlm.vision.camera0/nvjet_sm110_tst_128x128_64x6_1x2_h_bz_bias_TNT,vlm.vision.camera0,vlm,24,bf16_tensor,28448.000000000004,l2,8002816.0,,679477248.0,84.90476952112856,23.88488638920135,ok,
30,2728813,0,1,7,nvjet_sm110_tst_128x128_64x6_1x2_h_bz_bias_TNT,"(18, 1, 1)","(256, 1, 1)","Vision: attention Q/K/V/O projections | nvjet_sm110_tst_128x128_64x6_1x2_h_bz_bias_TNT | grid=(18, 1, 1) block=(256, 1, 1)",vlm.vision.camera0/nvjet_sm110_tst_128x128_64x6_1x2_h_bz_bias_TNT,vlm.vision.camera0,vlm,24,fp32_simt,28448.000000000004,l2,8002816.0,,884736.0,0.11055308531396948,0.031100112485939253,ok,
31,2728813,0,1,7,"void pytorch_flash::flash_fwd_kernel<Flash_fwd_kernel_traits<96, 128, 64, 4, 0, 0, cutlass::bfloat16_t, Flash_kernel_traits<96, 128, 64, 4, cutlass::bfloat16_t>>, 0, 0, 0, 0, 0, 0, 0, 0>(pytorch_flash::Flash_fwd_params)","(2, 1, 16)","(128, 1, 1)","Vision: FlashAttention | void pytorch_flash::flash_fwd_kernel<Flash_fwd_kernel_traits<96, 128, 64, 4, 0, 0, cutlass::bfloat16_t, Flash_kernel_traits<96, 128, 64, 4, cutlass::bfloat16_t>>, 0, 0, 0, 0, 0, 0, 0, 0>(pytorch_flash::Flash_fwd_params) | grid=(2, 1, 16) block=(128, 1, 1)","vlm.vision.camera0/void pytorch_flash::flash_fwd_kernel<Flash_fwd_kernel_traits<(int)96, (int)128, (int)64, (int)4, (bool)0, (bool)0, cutlass::bfloat16_t, Flash_kernel_traits<(int)96, (int)128, (int)64, (int)4, cutlass::bfloat16_t>>, (bool)0, (bool)0, (bool)0, (bool)0, (bool)0, (bool)0, (bool)0, (bool)0>(pytorch_flash::Flash_fwd_params)",vlm.vision.camera0,vlm,20,bf16_tensor,30976.000000000004,l2,5471424.0,,402653184.0,73.5920272309366,12.998876033057849,ok,
31,2728813,0,1,7,"void pytorch_flash::flash_fwd_kernel<Flash_fwd_kernel_traits<96, 128, 64, 4, 0, 0, cutlass::bfloat16_t, Flash_kernel_traits<96, 128, 64, 4, cutlass::bfloat16_t>>, 0, 0, 0, 0, 0, 0, 0, 0>(pytorch_flash::Flash_fwd_params)","(2, 1, 16)","(128, 1, 1)","Vision: FlashAttention | void pytorch_flash::flash_fwd_kernel<Flash_fwd_kernel_traits<96, 128, 64, 4, 0, 0, cutlass::bfloat16_t, Flash_kernel_traits<96, 128, 64, 4, cutlass::bfloat16_t>>, 0, 0, 0, 0, 0, 0, 0, 0>(pytorch_flash::Flash_fwd_params) | grid=(2, 1, 16) block=(128, 1, 1)","vlm.vision.camera0/void pytorch_flash::flash_fwd_kernel<Flash_fwd_kernel_traits<(int)96, (int)128, (int)64, (int)4, (bool)0, (bool)0, cutlass::bfloat16_t, Flash_kernel_traits<(int)96, (int)128, (int)64, (int)4, cutlass::bfloat16_t>>, (bool)0, (bool)0, (bool)0, (bool)0, (bool)0, (bool)0, (bool)0, (bool)0>(pytorch_flash::Flash_fwd_params)",vlm.vision.camera0,vlm,20,fp32_simt,30976.000000000004,l2,5471424.0,,5079040.0,0.9282848486975237,0.16396694214876031,ok,
32,2728813,0,1,7,nvjet_sm110_tst_128x128_64x6_1x2_h_bz_bias_TNT,"(18, 1, 1)","(256, 1, 1)","Vision: attention Q/K/V/O projections | nvjet_sm110_tst_128x128_64x6_1x2_h_bz_bias_TNT | grid=(18, 1, 1) block=(256, 1, 1)",vlm.vision.camera0/nvjet_sm110_tst_128x128_64x6_1x2_h_bz_bias_TNT,vlm.vision.camera0,vlm,24,bf16_tensor,28960.0,l2,8000960.0,,679477248.0,84.92446506419229,23.46261215469613,ok,
32,2728813,0,1,7,nvjet_sm110_tst_128x128_64x6_1x2_h_bz_bias_TNT,"(18, 1, 1)","(256, 1, 1)","Vision: attention Q/K/V/O projections | nvjet_sm110_tst_128x128_64x6_1x2_h_bz_bias_TNT | grid=(18, 1, 1) block=(256, 1, 1)",vlm.vision.camera0/nvjet_sm110_tst_128x128_64x6_1x2_h_bz_bias_TNT,vlm.vision.camera0,vlm,24,fp32_simt,28960.0,l2,8000960.0,,884736.0,0.11057873055233372,0.03055027624309392,ok,
33,2728813,0,1,7,triton_red_fused_add_native_layer_norm_view_9,"(256, 1, 1)","(512, 1, 1)","Vision: residual/LayerNorm fusion 9 | triton_red_fused_add_native_layer_norm_view_9 | grid=(256, 1, 1) block=(512, 1, 1)",vlm.vision.camera0/triton_red_fused_add_native_layer_norm_view_9,vlm.vision.camera0,vlm,37,bf16_tensor,28384.0,l2,4271232.0,,0.0,,,zero_counted_flops,
33,2728813,0,1,7,triton_red_fused_add_native_layer_norm_view_9,"(256, 1, 1)","(512, 1, 1)","Vision: residual/LayerNorm fusion 9 | triton_red_fused_add_native_layer_norm_view_9 | grid=(256, 1, 1) block=(512, 1, 1)",vlm.vision.camera0/triton_red_fused_add_native_layer_norm_view_9,vlm.vision.camera0,vlm,37,fp32_simt,28384.0,l2,4271232.0,,21874816.0,5.121430069825287,0.7706741826381059,ok,
34,2728813,0,1,7,nvjet_sm110_tst_224x128_64x7_1x2_2cta_h_bz_bias_TNN,"(40, 1, 1)","(256, 1, 1)","Vision: FFN expansion + bias | nvjet_sm110_tst_224x128_64x7_1x2_2cta_h_bz_bias_TNN | grid=(40, 1, 1) block=(256, 1, 1)",vlm.vision.camera0/nvjet_sm110_tst_224x128_64x7_1x2_2cta_h_bz_bias_TNN,vlm.vision.camera0,vlm,19,bf16_tensor,61952.00000000001,l2,23171360.0,,2642411520.0,114.03782600589693,42.652561983471074,ok,
34,2728813,0,1,7,nvjet_sm110_tst_224x128_64x7_1x2_2cta_h_bz_bias_TNN,"(40, 1, 1)","(256, 1, 1)","Vision: FFN expansion + bias | nvjet_sm110_tst_224x128_64x7_1x2_2cta_h_bz_bias_TNN | grid=(40, 1, 1) block=(256, 1, 1)",vlm.vision.camera0/nvjet_sm110_tst_224x128_64x7_1x2_2cta_h_bz_bias_TNN,vlm.vision.camera0,vlm,19,fp32_simt,61952.00000000001,l2,23171360.0,,3440640.0,0.14848675261184496,0.05553719008264462,ok,
35,2728813,0,1,7,triton_poi_fused_gelu_view_5,"(2152, 1, 1)","(128, 1, 1)","Vision: FFN GELU | triton_poi_fused_gelu_view_5 | grid=(2152, 1, 1) block=(128, 1, 1)",vlm.vision.camera0/triton_poi_fused_gelu_view_5,vlm.vision.camera0,vlm,17,bf16_tensor,27232.000000000004,l2,4463232.0,,0.0,,,zero_counted_flops,
35,2728813,0,1,7,triton_poi_fused_gelu_view_5,"(2152, 1, 1)","(128, 1, 1)","Vision: FFN GELU | triton_poi_fused_gelu_view_5 | grid=(2152, 1, 1) block=(128, 1, 1)",vlm.vision.camera0/triton_poi_fused_gelu_view_5,vlm.vision.camera0,vlm,17,fp32_simt,27232.000000000004,l2,4463232.0,,16372584.0,3.6683246580056785,0.6012259106933019,ok,
36,2728813,0,1,7,nvjet_sm110_tst_144x128_64x6_4x1_v_bz_bias_TNN,"(16, 1, 1)","(256, 1, 1)","Vision: FFN contraction + bias | nvjet_sm110_tst_144x128_64x6_4x1_v_bz_bias_TNN | grid=(16, 1, 1) block=(256, 1, 1)",vlm.vision.camera0/nvjet_sm110_tst_144x128_64x6_4x1_v_bz_bias_TNN,vlm.vision.camera0,vlm,18,bf16_tensor,85536.0,l2,24601344.0,,2566914048.0,104.34039896356882,30.00975084175084,ok,
36,2728813,0,1,7,nvjet_sm110_tst_144x128_64x6_4x1_v_bz_bias_TNN,"(16, 1, 1)","(256, 1, 1)","Vision: FFN contraction + bias | nvjet_sm110_tst_144x128_64x6_4x1_v_bz_bias_TNN | grid=(16, 1, 1) block=(256, 1, 1)",vlm.vision.camera0/nvjet_sm110_tst_144x128_64x6_4x1_v_bz_bias_TNN,vlm.vision.camera0,vlm,18,fp32_simt,85536.0,l2,24601344.0,,884736.0,0.03596291324571536,0.010343434343434344,ok,
37,2728813,0,1,7,triton_red_fused_add_native_layer_norm_view_6,"(128, 1, 1)","(128, 1, 1)","Vision: residual/LayerNorm fusion 6 | triton_red_fused_add_native_layer_norm_view_6 | grid=(128, 1, 1) block=(128, 1, 1)",vlm.vision.camera0/triton_red_fused_add_native_layer_norm_view_6,vlm.vision.camera0,vlm,34,bf16_tensor,21952.000000000004,l2,1927296.0,,0.0,,,zero_counted_flops,
37,2728813,0,1,7,triton_red_fused_add_native_layer_norm_view_6,"(128, 1, 1)","(128, 1, 1)","Vision: residual/LayerNorm fusion 6 | triton_red_fused_add_native_layer_norm_view_6 | grid=(128, 1, 1) block=(128, 1, 1)",vlm.vision.camera0/triton_red_fused_add_native_layer_norm_view_6,vlm.vision.camera0,vlm,34,fp32_simt,21952.000000000004,l2,1927296.0,,5223344.0,2.710192933519293,0.2379438775510204,ok,
38,2728813,0,1,7,nvjet_sm110_tst_128x128_64x6_1x2_h_bz_bias_TNT,"(18, 1, 1)","(256, 1, 1)","Vision: attention Q/K/V/O projections | nvjet_sm110_tst_128x128_64x6_1x2_h_bz_bias_TNT | grid=(18, 1, 1) block=(256, 1, 1)",vlm.vision.camera0/nvjet_sm110_tst_128x128_64x6_1x2_h_bz_bias_TNT,vlm.vision.camera0,vlm,24,bf16_tensor,28576.000000000004,l2,8002720.0,,679477248.0,84.9057880320691,23.77789921612542,ok,
38,2728813,0,1,7,nvjet_sm110_tst_128x128_64x6_1x2_h_bz_bias_TNT,"(18, 1, 1)","(256, 1, 1)","Vision: attention Q/K/V/O projections | nvjet_sm110_tst_128x128_64x6_1x2_h_bz_bias_TNT | grid=(18, 1, 1) block=(256, 1, 1)",vlm.vision.camera0/nvjet_sm110_tst_128x128_64x6_1x2_h_bz_bias_TNT,vlm.vision.camera0,vlm,24,fp32_simt,28576.000000000004,l2,8002720.0,,884736.0,0.11055441150008997,0.03096080627099664,ok,
39,2728813,0,1,7,nvjet_sm110_tst_128x128_64x6_1x2_h_bz_bias_TNT,"(18, 1, 1)","(256, 1, 1)","Vision: attention Q/K/V/O projections | nvjet_sm110_tst_128x128_64x6_1x2_h_bz_bias_TNT | grid=(18, 1, 1) block=(256, 1, 1)",vlm.vision.camera0/nvjet_sm110_tst_128x128_64x6_1x2_h_bz_bias_TNT,vlm.vision.camera0,vlm,24,bf16_tensor,29632.0,l2,8003104.0,,679477248.0,84.90171413491565,22.930522678185746,ok,
39,2728813,0,1,7,nvjet_sm110_tst_128x128_64x6_1x2_h_bz_bias_TNT,"(18, 1, 1)","(256, 1, 1)","Vision: attention Q/K/V/O projections | nvjet_sm110_tst_128x128_64x6_1x2_h_bz_bias_TNT | grid=(18, 1, 1) block=(256, 1, 1)",vlm.vision.camera0/nvjet_sm110_tst_128x128_64x6_1x2_h_bz_bias_TNT,vlm.vision.camera0,vlm,24,fp32_simt,29632.0,l2,8003104.0,,884736.0,0.11054910694650476,0.029857451403887687,ok,
40,2728813,0,1,7,nvjet_sm110_tst_128x128_64x6_1x2_h_bz_bias_TNT,"(18, 1, 1)","(256, 1, 1)","Vision: attention Q/K/V/O projections | nvjet_sm110_tst_128x128_64x6_1x2_h_bz_bias_TNT | grid=(18, 1, 1) block=(256, 1, 1)",vlm.vision.camera0/nvjet_sm110_tst_128x128_64x6_1x2_h_bz_bias_TNT,vlm.vision.camera0,vlm,24,bf16_tensor,27936.0,l2,8004704.0,,679477248.0,84.88474377066285,24.32263917525773,ok,
40,2728813,0,1,7,nvjet_sm110_tst_128x128_64x6_1x2_h_bz_bias_TNT,"(18, 1, 1)","(256, 1, 1)","Vision: attention Q/K/V/O projections | nvjet_sm110_tst_128x128_64x6_1x2_h_bz_bias_TNT | grid=(18, 1, 1) block=(256, 1, 1)",vlm.vision.camera0/nvjet_sm110_tst_128x128_64x6_1x2_h_bz_bias_TNT,vlm.vision.camera0,vlm,24,fp32_simt,27936.0,l2,8004704.0,,884736.0,0.11052701011805059,0.0316701030927835,ok,
41,2728813,0,1,7,"void pytorch_flash::flash_fwd_kernel<Flash_fwd_kernel_traits<96, 128, 64, 4, 0, 0, cutlass::bfloat16_t, Flash_kernel_traits<96, 128, 64, 4, cutlass::bfloat16_t>>, 0, 0, 0, 0, 0, 0, 0, 0>(pytorch_flash::Flash_fwd_params)","(2, 1, 16)","(128, 1, 1)","Vision: FlashAttention | void pytorch_flash::flash_fwd_kernel<Flash_fwd_kernel_traits<96, 128, 64, 4, 0, 0, cutlass::bfloat16_t, Flash_kernel_traits<96, 128, 64, 4, cutlass::bfloat16_t>>, 0, 0, 0, 0, 0, 0, 0, 0>(pytorch_flash::Flash_fwd_params) | grid=(2, 1, 16) block=(128, 1, 1)","vlm.vision.camera0/void pytorch_flash::flash_fwd_kernel<Flash_fwd_kernel_traits<(int)96, (int)128, (int)64, (int)4, (bool)0, (bool)0, cutlass::bfloat16_t, Flash_kernel_traits<(int)96, (int)128, (int)64, (int)4, cutlass::bfloat16_t>>, (bool)0, (bool)0, (bool)0, (bool)0, (bool)0, (bool)0, (bool)0, (bool)0>(pytorch_flash::Flash_fwd_params)",vlm.vision.camera0,vlm,20,bf16_tensor,32800.00000000001,l2,5470400.0,,402653184.0,73.60580286633518,12.276011707317073,ok,
41,2728813,0,1,7,"void pytorch_flash::flash_fwd_kernel<Flash_fwd_kernel_traits<96, 128, 64, 4, 0, 0, cutlass::bfloat16_t, Flash_kernel_traits<96, 128, 64, 4, cutlass::bfloat16_t>>, 0, 0, 0, 0, 0, 0, 0, 0>(pytorch_flash::Flash_fwd_params)","(2, 1, 16)","(128, 1, 1)","Vision: FlashAttention | void pytorch_flash::flash_fwd_kernel<Flash_fwd_kernel_traits<96, 128, 64, 4, 0, 0, cutlass::bfloat16_t, Flash_kernel_traits<96, 128, 64, 4, cutlass::bfloat16_t>>, 0, 0, 0, 0, 0, 0, 0, 0>(pytorch_flash::Flash_fwd_params) | grid=(2, 1, 16) block=(128, 1, 1)","vlm.vision.camera0/void pytorch_flash::flash_fwd_kernel<Flash_fwd_kernel_traits<(int)96, (int)128, (int)64, (int)4, (bool)0, (bool)0, cutlass::bfloat16_t, Flash_kernel_traits<(int)96, (int)128, (int)64, (int)4, cutlass::bfloat16_t>>, (bool)0, (bool)0, (bool)0, (bool)0, (bool)0, (bool)0, (bool)0, (bool)0>(pytorch_flash::Flash_fwd_params)",vlm.vision.camera0,vlm,20,fp32_simt,32800.00000000001,l2,5470400.0,,5079040.0,0.9284586136297163,0.15484878048780487,ok,
42,2728813,0,1,7,nvjet_sm110_tst_128x128_64x6_1x2_h_bz_bias_TNT,"(18, 1, 1)","(256, 1, 1)","Vision: attention Q/K/V/O projections | nvjet_sm110_tst_128x128_64x6_1x2_h_bz_bias_TNT | grid=(18, 1, 1) block=(256, 1, 1)",vlm.vision.camera0/nvjet_sm110_tst_128x128_64x6_1x2_h_bz_bias_TNT,vlm.vision.camera0,vlm,24,bf16_tensor,29024.000000000004,l2,8002496.0,,679477248.0,84.90816465262839,23.41087541345094,ok,
42,2728813,0,1,7,nvjet_sm110_tst_128x128_64x6_1x2_h_bz_bias_TNT,"(18, 1, 1)","(256, 1, 1)","Vision: attention Q/K/V/O projections | nvjet_sm110_tst_128x128_64x6_1x2_h_bz_bias_TNT | grid=(18, 1, 1) block=(256, 1, 1)",vlm.vision.camera0/nvjet_sm110_tst_128x128_64x6_1x2_h_bz_bias_TNT,vlm.vision.camera0,vlm,24,fp32_simt,29024.000000000004,l2,8002496.0,,884736.0,0.11055750605810986,0.030482910694597572,ok,
43,2728813,0,1,7,triton_red_fused_add_native_layer_norm_view_7,"(256, 1, 1)","(64, 1, 1)","Vision: residual/LayerNorm fusion 7 | triton_red_fused_add_native_layer_norm_view_7 | grid=(256, 1, 1) block=(64, 1, 1)",vlm.vision.camera0/triton_red_fused_add_native_layer_norm_view_7,vlm.vision.camera0,vlm,35,bf16_tensor,24384.000000000004,l2,2542752.0,,0.0,,,zero_counted_flops,
43,2728813,0,1,7,triton_red_fused_add_native_layer_norm_view_7,"(256, 1, 1)","(64, 1, 1)","Vision: residual/LayerNorm fusion 7 | triton_red_fused_add_native_layer_norm_view_7 | grid=(256, 1, 1) block=(64, 1, 1)",vlm.vision.camera0/triton_red_fused_add_native_layer_norm_view_7,vlm.vision.camera0,vlm,35,fp32_simt,24384.000000000004,l2,2542752.0,,5392196.0,2.120614200677062,0.2211366469816273,ok,
44,2728813,0,1,7,nvjet_sm110_tst_224x128_64x7_1x2_2cta_h_bz_bias_TNN,"(40, 1, 1)","(256, 1, 1)","Vision: FFN expansion + bias | nvjet_sm110_tst_224x128_64x7_1x2_2cta_h_bz_bias_TNN | grid=(40, 1, 1) block=(256, 1, 1)",vlm.vision.camera0/nvjet_sm110_tst_224x128_64x7_1x2_2cta_h_bz_bias_TNN,vlm.vision.camera0,vlm,19,bf16_tensor,66656.0,l2,23446336.0,,2642411520.0,112.70040316747145,39.642515602496395,ok,
44,2728813,0,1,7,nvjet_sm110_tst_224x128_64x7_1x2_2cta_h_bz_bias_TNN,"(40, 1, 1)","(256, 1, 1)","Vision: FFN expansion + bias | nvjet_sm110_tst_224x128_64x7_1x2_2cta_h_bz_bias_TNN | grid=(40, 1, 1) block=(256, 1, 1)",vlm.vision.camera0/nvjet_sm110_tst_224x128_64x7_1x2_2cta_h_bz_bias_TNN,vlm.vision.camera0,vlm,19,fp32_simt,66656.0,l2,23446336.0,,3440640.0,0.14674531662431178,0.05161785885741718,ok,
45,2728813,0,1,7,triton_poi_fused_gelu_view_5,"(2152, 1, 1)","(128, 1, 1)","Vision: FFN GELU | triton_poi_fused_gelu_view_5 | grid=(2152, 1, 1) block=(128, 1, 1)",vlm.vision.camera0/triton_poi_fused_gelu_view_5,vlm.vision.camera0,vlm,17,bf16_tensor,25312.0,l2,4461792.0,,0.0,,,zero_counted_flops,
45,2728813,0,1,7,triton_poi_fused_gelu_view_5,"(2152, 1, 1)","(128, 1, 1)","Vision: FFN GELU | triton_poi_fused_gelu_view_5 | grid=(2152, 1, 1) block=(128, 1, 1)",vlm.vision.camera0/triton_poi_fused_gelu_view_5,vlm.vision.camera0,vlm,17,fp32_simt,25312.0,l2,4461792.0,,16148948.0,3.6193861121271453,0.6379957332490518,ok,
46,2728813,0,1,7,nvjet_sm110_tst_144x128_64x6_4x1_v_bz_bias_TNN,"(16, 1, 1)","(256, 1, 1)","Vision: FFN contraction + bias | nvjet_sm110_tst_144x128_64x6_4x1_v_bz_bias_TNN | grid=(16, 1, 1) block=(256, 1, 1)",vlm.vision.camera0/nvjet_sm110_tst_144x128_64x6_4x1_v_bz_bias_TNN,vlm.vision.camera0,vlm,18,bf16_tensor,66432.0,l2,24620096.0,,2566914048.0,104.26092765844618,38.639722543352605,ok,
46,2728813,0,1,7,nvjet_sm110_tst_144x128_64x6_4x1_v_bz_bias_TNN,"(16, 1, 1)","(256, 1, 1)","Vision: FFN contraction + bias | nvjet_sm110_tst_144x128_64x6_4x1_v_bz_bias_TNN | grid=(16, 1, 1) block=(256, 1, 1)",vlm.vision.camera0/nvjet_sm110_tst_144x128_64x6_4x1_v_bz_bias_TNN,vlm.vision.camera0,vlm,18,fp32_simt,66432.0,l2,24620096.0,,884736.0,0.03593552194110047,0.013317919075144508,ok,
47,2728813,0,1,7,triton_red_fused_add_native_layer_norm_view_8,"(256, 1, 1)","(64, 1, 1)","Vision: residual/LayerNorm fusion 8 | triton_red_fused_add_native_layer_norm_view_8 | grid=(256, 1, 1) block=(64, 1, 1)",vlm.vision.camera0/triton_red_fused_add_native_layer_norm_view_8,vlm.vision.camera0,vlm,36,bf16_tensor,26176.0,l2,3171648.0,,0.0,,,zero_counted_flops,
47,2728813,0,1,7,triton_red_fused_add_native_layer_norm_view_8,"(256, 1, 1)","(64, 1, 1)","Vision: residual/LayerNorm fusion 8 | triton_red_fused_add_native_layer_norm_view_8 | grid=(256, 1, 1) block=(64, 1, 1)",vlm.vision.camera0/triton_red_fused_add_native_layer_norm_view_8,vlm.vision.camera0,vlm,36,fp32_simt,26176.0,l2,3171648.0,,6619136.0,2.0869705591541052,0.25287041564792173,ok,
48,2728813,0,1,7,nvjet_sm110_tst_128x128_64x6_1x2_h_bz_bias_TNT,"(18, 1, 1)","(256, 1, 1)","Vision: attention Q/K/V/O projections | nvjet_sm110_tst_128x128_64x6_1x2_h_bz_bias_TNT | grid=(18, 1, 1) block=(256, 1, 1)",vlm.vision.camera0/nvjet_sm110_tst_128x128_64x6_1x2_h_bz_bias_TNT,vlm.vision.camera0,vlm,24,bf16_tensor,26720.0,l2,8001856.0,,679477248.0,84.91495573027058,25.429537724550897,ok,
48,2728813,0,1,7,nvjet_sm110_tst_128x128_64x6_1x2_h_bz_bias_TNT,"(18, 1, 1)","(256, 1, 1)","Vision: attention Q/K/V/O projections | nvjet_sm110_tst_128x128_64x6_1x2_h_bz_bias_TNT | grid=(18, 1, 1) block=(256, 1, 1)",vlm.vision.camera0/nvjet_sm110_tst_128x128_64x6_1x2_h_bz_bias_TNT,vlm.vision.camera0,vlm,24,fp32_simt,26720.0,l2,8001856.0,,884736.0,0.11056634860712315,0.03311137724550898,ok,
49,2728813,0,1,7,nvjet_sm110_tst_128x128_64x6_1x2_h_bz_bias_TNT,"(18, 1, 1)","(256, 1, 1)","Vision: attention Q/K/V/O projections | nvjet_sm110_tst_128x128_64x6_1x2_h_bz_bias_TNT | grid=(18, 1, 1) block=(256, 1, 1)",vlm.vision.camera0/nvjet_sm110_tst_128x128_64x6_1x2_h_bz_bias_TNT,vlm.vision.camera0,vlm,24,bf16_tensor,29536.000000000004,l2,7994240.0,,679477248.0,84.99585301417021,23.00505308775731,ok,
49,2728813,0,1,7,nvjet_sm110_tst_128x128_64x6_1x2_h_bz_bias_TNT,"(18, 1, 1)","(256, 1, 1)","Vision: attention Q/K/V/O projections | nvjet_sm110_tst_128x128_64x6_1x2_h_bz_bias_TNT | grid=(18, 1, 1) block=(256, 1, 1)",vlm.vision.camera0/nvjet_sm110_tst_128x128_64x6_1x2_h_bz_bias_TNT,vlm.vision.camera0,vlm,24,fp32_simt,29536.000000000004,l2,7994240.0,,884736.0,0.11067168361220078,0.02995449620801733,ok,
50,2728813,0,1,7,nvjet_sm110_tst_128x128_64x6_1x2_h_bz_bias_TNT,"(18, 1, 1)","(256, 1, 1)","Vision: attention Q/K/V/O projections | nvjet_sm110_tst_128x128_64x6_1x2_h_bz_bias_TNT | grid=(18, 1, 1) block=(256, 1, 1)",vlm.vision.camera0/nvjet_sm110_tst_128x128_64x6_1x2_h_bz_bias_TNT,vlm.vision.camera0,vlm,24,bf16_tensor,30528.000000000004,l2,7996608.0,,679477248.0,84.97068356983361,22.257509433962262,ok,
50,2728813,0,1,7,nvjet_sm110_tst_128x128_64x6_1x2_h_bz_bias_TNT,"(18, 1, 1)","(256, 1, 1)","Vision: attention Q/K/V/O projections | nvjet_sm110_tst_128x128_64x6_1x2_h_bz_bias_TNT | grid=(18, 1, 1) block=(256, 1, 1)",vlm.vision.camera0/nvjet_sm110_tst_128x128_64x6_1x2_h_bz_bias_TNT,vlm.vision.camera0,vlm,24,fp32_simt,30528.000000000004,l2,7996608.0,,884736.0,0.11063891089822085,0.028981132075471695,ok,
51,2728813,0,1,7,"void pytorch_flash::flash_fwd_kernel<Flash_fwd_kernel_traits<96, 128, 64, 4, 0, 0, cutlass::bfloat16_t, Flash_kernel_traits<96, 128, 64, 4, cutlass::bfloat16_t>>, 0, 0, 0, 0, 0, 0, 0, 0>(pytorch_flash::Flash_fwd_params)","(2, 1, 16)","(128, 1, 1)","Vision: FlashAttention | void pytorch_flash::flash_fwd_kernel<Flash_fwd_kernel_traits<96, 128, 64, 4, 0, 0, cutlass::bfloat16_t, Flash_kernel_traits<96, 128, 64, 4, cutlass::bfloat16_t>>, 0, 0, 0, 0, 0, 0, 0, 0>(pytorch_flash::Flash_fwd_params) | grid=(2, 1, 16) block=(128, 1, 1)","vlm.vision.camera0/void pytorch_flash::flash_fwd_kernel<Flash_fwd_kernel_traits<(int)96, (int)128, (int)64, (int)4, (bool)0, (bool)0, cutlass::bfloat16_t, Flash_kernel_traits<(int)96, (int)128, (int)64, (int)4, cutlass::bfloat16_t>>, (bool)0, (bool)0, (bool)0, (bool)0, (bool)0, (bool)0, (bool)0, (bool)0>(pytorch_flash::Flash_fwd_params)",vlm.vision.camera0,vlm,20,bf16_tensor,30048.0,l2,5471488.0,,402653184.0,73.59116642492864,13.400332268370608,ok,
51,2728813,0,1,7,"void pytorch_flash::flash_fwd_kernel<Flash_fwd_kernel_traits<96, 128, 64, 4, 0, 0, cutlass::bfloat16_t, Flash_kernel_traits<96, 128, 64, 4, cutlass::bfloat16_t>>, 0, 0, 0, 0, 0, 0, 0, 0>(pytorch_flash::Flash_fwd_params)","(2, 1, 16)","(128, 1, 1)","Vision: FlashAttention | void pytorch_flash::flash_fwd_kernel<Flash_fwd_kernel_traits<96, 128, 64, 4, 0, 0, cutlass::bfloat16_t, Flash_kernel_traits<96, 128, 64, 4, cutlass::bfloat16_t>>, 0, 0, 0, 0, 0, 0, 0, 0>(pytorch_flash::Flash_fwd_params) | grid=(2, 1, 16) block=(128, 1, 1)","vlm.vision.camera0/void pytorch_flash::flash_fwd_kernel<Flash_fwd_kernel_traits<(int)96, (int)128, (int)64, (int)4, (bool)0, (bool)0, cutlass::bfloat16_t, Flash_kernel_traits<(int)96, (int)128, (int)64, (int)4, cutlass::bfloat16_t>>, (bool)0, (bool)0, (bool)0, (bool)0, (bool)0, (bool)0, (bool)0, (bool)0>(pytorch_flash::Flash_fwd_params)",vlm.vision.camera0,vlm,20,fp32_simt,30048.0,l2,5471488.0,,5079040.0,0.9282739905488233,0.16903088391906285,ok,
52,2728813,0,1,7,nvjet_sm110_tst_128x128_64x6_1x2_h_bz_bias_TNT,"(18, 1, 1)","(256, 1, 1)","Vision: attention Q/K/V/O projections | nvjet_sm110_tst_128x128_64x6_1x2_h_bz_bias_TNT | grid=(18, 1, 1) block=(256, 1, 1)",vlm.vision.camera0/nvjet_sm110_tst_128x128_64x6_1x2_h_bz_bias_TNT,vlm.vision.camera0,vlm,24,bf16_tensor,29280.0,l2,7994048.0,,679477248.0,84.9978944334585,23.206190163934426,ok,
52,2728813,0,1,7,nvjet_sm110_tst_128x128_64x6_1x2_h_bz_bias_TNT,"(18, 1, 1)","(256, 1, 1)","Vision: attention Q/K/V/O projections | nvjet_sm110_tst_128x128_64x6_1x2_h_bz_bias_TNT | grid=(18, 1, 1) block=(256, 1, 1)",vlm.vision.camera0/nvjet_sm110_tst_128x128_64x6_1x2_h_bz_bias_TNT,vlm.vision.camera0,vlm,24,fp32_simt,29280.0,l2,7994048.0,,884736.0,0.11067434171023241,0.03021639344262295,ok,
53,2728813,0,1,7,triton_red_fused_add_native_layer_norm_view_9,"(256, 1, 1)","(512, 1, 1)","Vision: residual/LayerNorm fusion 9 | triton_red_fused_add_native_layer_norm_view_9 | grid=(256, 1, 1) block=(512, 1, 1)",vlm.vision.camera0/triton_red_fused_add_native_layer_norm_view_9,vlm.vision.camera0,vlm,37,bf16_tensor,28736.0,l2,4275392.0,,0.0,,,zero_counted_flops,
53,2728813,0,1,7,triton_red_fused_add_native_layer_norm_view_9,"(256, 1, 1)","(512, 1, 1)","Vision: residual/LayerNorm fusion 9 | triton_red_fused_add_native_layer_norm_view_9 | grid=(256, 1, 1) block=(512, 1, 1)",vlm.vision.camera0/triton_red_fused_add_native_layer_norm_view_9,vlm.vision.camera0,vlm,37,fp32_simt,28736.0,l2,4275392.0,,21886784.0,5.119246141640345,0.7616503340757238,ok,
54,2728813,0,1,7,nvjet_sm110_tst_224x128_64x7_1x2_2cta_h_bz_bias_TNN,"(40, 1, 1)","(256, 1, 1)","Vision: FFN expansion + bias | nvjet_sm110_tst_224x128_64x7_1x2_2cta_h_bz_bias_TNN | grid=(40, 1, 1) block=(256, 1, 1)",vlm.vision.camera0/nvjet_sm110_tst_224x128_64x7_1x2_2cta_h_bz_bias_TNN,vlm.vision.camera0,vlm,19,bf16_tensor,58752.0,l2,23279392.0,,2642411520.0,113.50861397067415,44.975686274509805,ok,
54,2728813,0,1,7,nvjet_sm110_tst_224x128_64x7_1x2_2cta_h_bz_bias_TNN,"(40, 1, 1)","(256, 1, 1)","Vision: FFN expansion + bias | nvjet_sm110_tst_224x128_64x7_1x2_2cta_h_bz_bias_TNN | grid=(40, 1, 1) block=(256, 1, 1)",vlm.vision.camera0/nvjet_sm110_tst_224x128_64x7_1x2_2cta_h_bz_bias_TNN,vlm.vision.camera0,vlm,19,fp32_simt,58752.0,l2,23279392.0,,3440640.0,0.14779767444098196,0.05856209150326797,ok,
55,2728813,0,1,7,triton_poi_fused_gelu_view_5,"(2152, 1, 1)","(128, 1, 1)","Vision: FFN GELU | triton_poi_fused_gelu_view_5 | grid=(2152, 1, 1) block=(128, 1, 1)",vlm.vision.camera0/triton_poi_fused_gelu_view_5,vlm.vision.camera0,vlm,17,bf16_tensor,22944.000000000004,l2,4461248.0,,0.0,,,zero_counted_flops,
55,2728813,0,1,7,triton_poi_fused_gelu_view_5,"(2152, 1, 1)","(128, 1, 1)","Vision: FFN GELU | triton_poi_fused_gelu_view_5 | grid=(2152, 1, 1) block=(128, 1, 1)",vlm.vision.camera0/triton_poi_fused_gelu_view_5,vlm.vision.camera0,vlm,17,fp32_simt,22944.000000000004,l2,4461248.0,,15756290.0,3.531812174530535,0.686728120641562,ok,
56,2728813,0,1,7,nvjet_sm110_tst_144x128_64x6_4x1_v_bz_bias_TNN,"(16, 1, 1)","(256, 1, 1)","Vision: FFN contraction + bias | nvjet_sm110_tst_144x128_64x6_4x1_v_bz_bias_TNN | grid=(16, 1, 1) block=(256, 1, 1)",vlm.vision.camera0/nvjet_sm110_tst_144x128_64x6_4x1_v_bz_bias_TNN,vlm.vision.camera0,vlm,18,bf16_tensor,84896.00000000001,l2,24654048.0,,2566914048.0,104.11734608450507,30.235983415001883,ok,
56,2728813,0,1,7,nvjet_sm110_tst_144x128_64x6_4x1_v_bz_bias_TNN,"(16, 1, 1)","(256, 1, 1)","Vision: FFN contraction + bias | nvjet_sm110_tst_144x128_64x6_4x1_v_bz_bias_TNN | grid=(16, 1, 1) block=(256, 1, 1)",vlm.vision.camera0/nvjet_sm110_tst_144x128_64x6_4x1_v_bz_bias_TNN,vlm.vision.camera0,vlm,18,fp32_simt,84896.00000000001,l2,24654048.0,,884736.0,0.035886033806699816,0.010421409724839804,ok,
57,2728813,0,1,7,triton_red_fused_add_native_layer_norm_view_6,"(128, 1, 1)","(128, 1, 1)","Vision: residual/LayerNorm fusion 6 | triton_red_fused_add_native_layer_norm_view_6 | grid=(128, 1, 1) block=(128, 1, 1)",vlm.vision.camera0/triton_red_fused_add_native_layer_norm_view_6,vlm.vision.camera0,vlm,34,bf16_tensor,23648.0,l2,1930816.0,,0.0,,,zero_counted_flops,
57,2728813,0,1,7,triton_red_fused_add_native_layer_norm_view_6,"(128, 1, 1)","(128, 1, 1)","Vision: residual/LayerNorm fusion 6 | triton_red_fused_add_native_layer_norm_view_6 | grid=(128, 1, 1) block=(128, 1, 1)",vlm.vision.camera0/triton_red_fused_add_native_layer_norm_view_6,vlm.vision.camera0,vlm,34,fp32_simt,23648.0,l2,1930816.0,,5213304.0,2.7000522059067253,0.2204543301759134,ok,
58,2728813,0,1,7,nvjet_sm110_tst_128x128_64x6_1x2_h_bz_bias_TNT,"(18, 1, 1)","(256, 1, 1)","Vision: attention Q/K/V/O projections | nvjet_sm110_tst_128x128_64x6_1x2_h_bz_bias_TNT | grid=(18, 1, 1) block=(256, 1, 1)",vlm.vision.camera0/nvjet_sm110_tst_128x128_64x6_1x2_h_bz_bias_TNT,vlm.vision.camera0,vlm,24,bf16_tensor,27904.000000000004,l2,8000288.0,,679477248.0,84.93159846245536,24.35053211009174,ok,
58,2728813,0,1,7,nvjet_sm110_tst_128x128_64x6_1x2_h_bz_bias_TNT,"(18, 1, 1)","(256, 1, 1)","Vision: attention Q/K/V/O projections | nvjet_sm110_tst_128x128_64x6_1x2_h_bz_bias_TNT | grid=(18, 1, 1) block=(256, 1, 1)",vlm.vision.camera0/nvjet_sm110_tst_128x128_64x6_1x2_h_bz_bias_TNT,vlm.vision.camera0,vlm,24,fp32_simt,27904.000000000004,l2,8000288.0,,884736.0,0.11058801883132208,0.03170642201834862,ok,
59,2728813,0,1,7,nvjet_sm110_tst_128x128_64x6_1x2_h_bz_bias_TNT,"(18, 1, 1)","(256, 1, 1)","Vision: attention Q/K/V/O projections | nvjet_sm110_tst_128x128_64x6_1x2_h_bz_bias_TNT | grid=(18, 1, 1) block=(256, 1, 1)",vlm.vision.camera0/nvjet_sm110_tst_128x128_64x6_1x2_h_bz_bias_TNT,vlm.vision.camera0,vlm,24,bf16_tensor,29824.0,l2,7996192.0,,679477248.0,84.9751041495752,22.78290128755365,ok,
59,2728813,0,1,7,nvjet_sm110_tst_128x128_64x6_1x2_h_bz_bias_TNT,"(18, 1, 1)","(256, 1, 1)","Vision: attention Q/K/V/O projections | nvjet_sm110_tst_128x128_64x6_1x2_h_bz_bias_TNT | grid=(18, 1, 1) block=(256, 1, 1)",vlm.vision.camera0/nvjet_sm110_tst_128x128_64x6_1x2_h_bz_bias_TNT,vlm.vision.camera0,vlm,24,fp32_simt,29824.0,l2,7996192.0,,884736.0,0.11064466686142604,0.029665236051502144,ok,
60,2728813,0,1,7,nvjet_sm110_tst_128x128_64x6_1x2_h_bz_bias_TNT,"(18, 1, 1)","(256, 1, 1)","Vision: attention Q/K/V/O projections | nvjet_sm110_tst_128x128_64x6_1x2_h_bz_bias_TNT | grid=(18, 1, 1) block=(256, 1, 1)",vlm.vision.camera0/nvjet_sm110_tst_128x128_64x6_1x2_h_bz_bias_TNT,vlm.vision.camera0,vlm,24,bf16_tensor,28224.000000000004,l2,8001088.0,,679477248.0,84.92310645752178,24.074448979591835,ok,
60,2728813,0,1,7,nvjet_sm110_tst_128x128_64x6_1x2_h_bz_bias_TNT,"(18, 1, 1)","(256, 1, 1)","Vision: attention Q/K/V/O projections | nvjet_sm110_tst_128x128_64x6_1x2_h_bz_bias_TNT | grid=(18, 1, 1) block=(256, 1, 1)",vlm.vision.camera0/nvjet_sm110_tst_128x128_64x6_1x2_h_bz_bias_TNT,vlm.vision.camera0,vlm,24,fp32_simt,28224.000000000004,l2,8001088.0,,884736.0,0.11057696153323147,0.0313469387755102,ok,
61,2728813,0,1,7,"void pytorch_flash::flash_fwd_kernel<Flash_fwd_kernel_traits<96, 128, 64, 4, 0, 0, cutlass::bfloat16_t, Flash_kernel_traits<96, 128, 64, 4, cutlass::bfloat16_t>>, 0, 0, 0, 0, 0, 0, 0, 0>(pytorch_flash::Flash_fwd_params)","(2, 1, 16)","(128, 1, 1)","Vision: FlashAttention | void pytorch_flash::flash_fwd_kernel<Flash_fwd_kernel_traits<96, 128, 64, 4, 0, 0, cutlass::bfloat16_t, Flash_kernel_traits<96, 128, 64, 4, cutlass::bfloat16_t>>, 0, 0, 0, 0, 0, 0, 0, 0>(pytorch_flash::Flash_fwd_params) | grid=(2, 1, 16) block=(128, 1, 1)","vlm.vision.camera0/void pytorch_flash::flash_fwd_kernel<Flash_fwd_kernel_traits<(int)96, (int)128, (int)64, (int)4, (bool)0, (bool)0, cutlass::bfloat16_t, Flash_kernel_traits<(int)96, (int)128, (int)64, (int)4, cutlass::bfloat16_t>>, (bool)0, (bool)0, (bool)0, (bool)0, (bool)0, (bool)0, (bool)0, (bool)0>(pytorch_flash::Flash_fwd_params)",vlm.vision.camera0,vlm,20,bf16_tensor,31936.0,l2,5459424.0,,402653184.0,73.75378501468286,12.608128256513025,ok,
61,2728813,0,1,7,"void pytorch_flash::flash_fwd_kernel<Flash_fwd_kernel_traits<96, 128, 64, 4, 0, 0, cutlass::bfloat16_t, Flash_kernel_traits<96, 128, 64, 4, cutlass::bfloat16_t>>, 0, 0, 0, 0, 0, 0, 0, 0>(pytorch_flash::Flash_fwd_params)","(2, 1, 16)","(128, 1, 1)","Vision: FlashAttention | void pytorch_flash::flash_fwd_kernel<Flash_fwd_kernel_traits<96, 128, 64, 4, 0, 0, cutlass::bfloat16_t, Flash_kernel_traits<96, 128, 64, 4, cutlass::bfloat16_t>>, 0, 0, 0, 0, 0, 0, 0, 0>(pytorch_flash::Flash_fwd_params) | grid=(2, 1, 16) block=(128, 1, 1)","vlm.vision.camera0/void pytorch_flash::flash_fwd_kernel<Flash_fwd_kernel_traits<(int)96, (int)128, (int)64, (int)4, (bool)0, (bool)0, cutlass::bfloat16_t, Flash_kernel_traits<(int)96, (int)128, (int)64, (int)4, cutlass::bfloat16_t>>, (bool)0, (bool)0, (bool)0, (bool)0, (bool)0, (bool)0, (bool)0, (bool)0>(pytorch_flash::Flash_fwd_params)",vlm.vision.camera0,vlm,20,fp32_simt,31936.0,l2,5459424.0,,5079040.0,0.9303252504293493,0.15903807615230459,ok,
62,2728813,0,1,7,nvjet_sm110_tst_128x128_64x6_1x2_h_bz_bias_TNT,"(18, 1, 1)","(256, 1, 1)","Vision: attention Q/K/V/O projections | nvjet_sm110_tst_128x128_64x6_1x2_h_bz_bias_TNT | grid=(18, 1, 1) block=(256, 1, 1)",vlm.vision.camera0/nvjet_sm110_tst_128x128_64x6_1x2_h_bz_bias_TNT,vlm.vision.camera0,vlm,24,bf16_tensor,27808.000000000004,l2,8003008.0,,679477248.0,84.90273257255272,24.434596087456843,ok,
62,2728813,0,1,7,nvjet_sm110_tst_128x128_64x6_1x2_h_bz_bias_TNT,"(18, 1, 1)","(256, 1, 1)","Vision: attention Q/K/V/O projections | nvjet_sm110_tst_128x128_64x6_1x2_h_bz_bias_TNT | grid=(18, 1, 1) block=(256, 1, 1)",vlm.vision.camera0/nvjet_sm110_tst_128x128_64x6_1x2_h_bz_bias_TNT,vlm.vision.camera0,vlm,24,fp32_simt,27808.000000000004,l2,8003008.0,,884736.0,0.11055043303717801,0.03181588032220944,ok,
63,2728813,0,1,7,triton_red_fused_add_native_layer_norm_view_7,"(256, 1, 1)","(64, 1, 1)","Vision: residual/LayerNorm fusion 7 | triton_red_fused_add_native_layer_norm_view_7 | grid=(256, 1, 1) block=(64, 1, 1)",vlm.vision.camera0/triton_red_fused_add_native_layer_norm_view_7,vlm.vision.camera0,vlm,35,bf16_tensor,23744.0,l2,2555456.0,,0.0,,,zero_counted_flops,
63,2728813,0,1,7,triton_red_fused_add_native_layer_norm_view_7,"(256, 1, 1)","(64, 1, 1)","Vision: residual/LayerNorm fusion 7 | triton_red_fused_add_native_layer_norm_view_7 | grid=(256, 1, 1) block=(64, 1, 1)",vlm.vision.camera0/triton_red_fused_add_native_layer_norm_view_7,vlm.vision.camera0,vlm,35,fp32_simt,23744.0,l2,2555456.0,,5391452.0,2.1097807984171904,0.22706586927223718,ok,
64,2728813,0,1,7,nvjet_sm110_tst_224x128_64x7_1x2_2cta_h_bz_bias_TNN,"(40, 1, 1)","(256, 1, 1)","Vision: FFN expansion + bias | nvjet_sm110_tst_224x128_64x7_1x2_2cta_h_bz_bias_TNN | grid=(40, 1, 1) block=(256, 1, 1)",vlm.vision.camera0/nvjet_sm110_tst_224x128_64x7_1x2_2cta_h_bz_bias_TNN,vlm.vision.camera0,vlm,19,bf16_tensor,62432.0,l2,23362976.0,,2642411520.0,113.10252255534569,42.32463352127114,ok,
64,2728813,0,1,7,nvjet_sm110_tst_224x128_64x7_1x2_2cta_h_bz_bias_TNN,"(40, 1, 1)","(256, 1, 1)","Vision: FFN expansion + bias | nvjet_sm110_tst_224x128_64x7_1x2_2cta_h_bz_bias_TNN | grid=(40, 1, 1) block=(256, 1, 1)",vlm.vision.camera0/nvjet_sm110_tst_224x128_64x7_1x2_2cta_h_bz_bias_TNN,vlm.vision.camera0,vlm,19,fp32_simt,62432.0,l2,23362976.0,,3440640.0,0.14726890957727304,0.055110199897488464,ok,
65,2728813,0,1,7,triton_poi_fused_gelu_view_5,"(2152, 1, 1)","(128, 1, 1)","Vision: FFN GELU | triton_poi_fused_gelu_view_5 | grid=(2152, 1, 1) block=(128, 1, 1)",vlm.vision.camera0/triton_poi_fused_gelu_view_5,vlm.vision.camera0,vlm,17,bf16_tensor,24576.000000000004,l2,4461728.0,,0.0,,,zero_counted_flops,
65,2728813,0,1,7,triton_poi_fused_gelu_view_5,"(2152, 1, 1)","(128, 1, 1)","Vision: FFN GELU | triton_poi_fused_gelu_view_5 | grid=(2152, 1, 1) block=(128, 1, 1)",vlm.vision.camera0/triton_poi_fused_gelu_view_5,vlm.vision.camera0,vlm,17,fp32_simt,24576.000000000004,l2,4461728.0,,15597796.0,3.4959092082708763,0.6346759440104166,ok,
66,2728813,0,1,7,nvjet_sm110_tst_144x128_64x6_4x1_v_bz_bias_TNN,"(16, 1, 1)","(256, 1, 1)","Vision: FFN contraction + bias | nvjet_sm110_tst_144x128_64x6_4x1_v_bz_bias_TNN | grid=(16, 1, 1) block=(256, 1, 1)",vlm.vision.camera0/nvjet_sm110_tst_144x128_64x6_4x1_v_bz_bias_TNN,vlm.vision.camera0,vlm,18,bf16_tensor,75008.00000000001,l2,24602432.0,,2566914048.0,104.33578468990383,34.22187030716723,ok,
66,2728813,0,1,7,nvjet_sm110_tst_144x128_64x6_4x1_v_bz_bias_TNN,"(16, 1, 1)","(256, 1, 1)","Vision: FFN contraction + bias | nvjet_sm110_tst_144x128_64x6_4x1_v_bz_bias_TNN | grid=(16, 1, 1) block=(256, 1, 1)",vlm.vision.camera0/nvjet_sm110_tst_144x128_64x6_4x1_v_bz_bias_TNN,vlm.vision.camera0,vlm,18,fp32_simt,75008.00000000001,l2,24602432.0,,884736.0,0.035961322848082664,0.01179522184300341,ok,
67,2728813,0,1,7,triton_red_fused_add_native_layer_norm_view_8,"(256, 1, 1)","(64, 1, 1)","Vision: residual/LayerNorm fusion 8 | triton_red_fused_add_native_layer_norm_view_8 | grid=(256, 1, 1) block=(64, 1, 1)",vlm.vision.camera0/triton_red_fused_add_native_layer_norm_view_8,vlm.vision.camera0,vlm,36,bf16_tensor,26080.0,l2,3183840.0,,0.0,,,zero_counted_flops,
67,2728813,0,1,7,triton_red_fused_add_native_layer_norm_view_8,"(256, 1, 1)","(64, 1, 1)","Vision: residual/LayerNorm fusion 8 | triton_red_fused_add_native_layer_norm_view_8 | grid=(256, 1, 1) block=(64, 1, 1)",vlm.vision.camera0/triton_red_fused_add_native_layer_norm_view_8,vlm.vision.camera0,vlm,36,fp32_simt,26080.0,l2,3183840.0,,6619136.0,2.0789788431579477,0.25380122699386504,ok,
68,2728813,0,1,7,nvjet_sm110_tst_128x128_64x6_1x2_h_bz_bias_TNT,"(18, 1, 1)","(256, 1, 1)","Vision: attention Q/K/V/O projections | nvjet_sm110_tst_128x128_64x6_1x2_h_bz_bias_TNT | grid=(18, 1, 1) block=(256, 1, 1)",vlm.vision.camera0/nvjet_sm110_tst_128x128_64x6_1x2_h_bz_bias_TNT,vlm.vision.camera0,vlm,24,bf16_tensor,29088.000000000004,l2,8002208.0,,679477248.0,84.91122050314114,23.35936633663366,ok,
68,2728813,0,1,7,nvjet_sm110_tst_128x128_64x6_1x2_h_bz_bias_TNT,"(18, 1, 1)","(256, 1, 1)","Vision: attention Q/K/V/O projections | nvjet_sm110_tst_128x128_64x6_1x2_h_bz_bias_TNT | grid=(18, 1, 1) block=(256, 1, 1)",vlm.vision.camera0/nvjet_sm110_tst_128x128_64x6_1x2_h_bz_bias_TNT,vlm.vision.camera0,vlm,24,fp32_simt,29088.000000000004,l2,8002208.0,,884736.0,0.11056148503013169,0.03041584158415841,ok,
69,2728813,0,1,7,nvjet_sm110_tst_128x128_64x6_1x2_h_bz_bias_TNT,"(18, 1, 1)","(256, 1, 1)","Vision: attention Q/K/V/O projections | nvjet_sm110_tst_128x128_64x6_1x2_h_bz_bias_TNT | grid=(18, 1, 1) block=(256, 1, 1)",vlm.vision.camera0/nvjet_sm110_tst_128x128_64x6_1x2_h_bz_bias_TNT,vlm.vision.camera0,vlm,24,bf16_tensor,27072.0,l2,8002176.0,,679477248.0,84.91156005566486,25.09889361702128,ok,
69,2728813,0,1,7,nvjet_sm110_tst_128x128_64x6_1x2_h_bz_bias_TNT,"(18, 1, 1)","(256, 1, 1)","Vision: attention Q/K/V/O projections | nvjet_sm110_tst_128x128_64x6_1x2_h_bz_bias_TNT | grid=(18, 1, 1) block=(256, 1, 1)",vlm.vision.camera0/nvjet_sm110_tst_128x128_64x6_1x2_h_bz_bias_TNT,vlm.vision.camera0,vlm,24,fp32_simt,27072.0,l2,8002176.0,,884736.0,0.11056192715581362,0.032680851063829786,ok,
70,2728813,0,1,7,nvjet_sm110_tst_128x128_64x6_1x2_h_bz_bias_TNT,"(18, 1, 1)","(256, 1, 1)","Vision: attention Q/K/V/O projections | nvjet_sm110_tst_128x128_64x6_1x2_h_bz_bias_TNT | grid=(18, 1, 1) block=(256, 1, 1)",vlm.vision.camera0/nvjet_sm110_tst_128x128_64x6_1x2_h_bz_bias_TNT,vlm.vision.camera0,vlm,24,bf16_tensor,28480.0,l2,8002560.0,,679477248.0,84.90748560460652,23.858049438202247,ok,
70,2728813,0,1,7,nvjet_sm110_tst_128x128_64x6_1x2_h_bz_bias_TNT,"(18, 1, 1)","(256, 1, 1)","Vision: attention Q/K/V/O projections | nvjet_sm110_tst_128x128_64x6_1x2_h_bz_bias_TNT | grid=(18, 1, 1) block=(256, 1, 1)",vlm.vision.camera0/nvjet_sm110_tst_128x128_64x6_1x2_h_bz_bias_TNT,vlm.vision.camera0,vlm,24,fp32_simt,28480.0,l2,8002560.0,,884736.0,0.11055662188099807,0.03106516853932584,ok,
71,2728813,0,1,7,"void pytorch_flash::flash_fwd_kernel<Flash_fwd_kernel_traits<96, 128, 64, 4, 0, 0, cutlass::bfloat16_t, Flash_kernel_traits<96, 128, 64, 4, cutlass::bfloat16_t>>, 0, 0, 0, 0, 0, 0, 0, 0>(pytorch_flash::Flash_fwd_params)","(2, 1, 16)","(128, 1, 1)","Vision: FlashAttention | void pytorch_flash::flash_fwd_kernel<Flash_fwd_kernel_traits<96, 128, 64, 4, 0, 0, cutlass::bfloat16_t, Flash_kernel_traits<96, 128, 64, 4, cutlass::bfloat16_t>>, 0, 0, 0, 0, 0, 0, 0, 0>(pytorch_flash::Flash_fwd_params) | grid=(2, 1, 16) block=(128, 1, 1)","vlm.vision.camera0/void pytorch_flash::flash_fwd_kernel<Flash_fwd_kernel_traits<(int)96, (int)128, (int)64, (int)4, (bool)0, (bool)0, cutlass::bfloat16_t, Flash_kernel_traits<(int)96, (int)128, (int)64, (int)4, cutlass::bfloat16_t>>, (bool)0, (bool)0, (bool)0, (bool)0, (bool)0, (bool)0, (bool)0, (bool)0>(pytorch_flash::Flash_fwd_params)",vlm.vision.camera0,vlm,20,bf16_tensor,31200.0,l2,5474816.0,,402653184.0,73.54643224539419,12.90555076923077,ok,
71,2728813,0,1,7,"void pytorch_flash::flash_fwd_kernel<Flash_fwd_kernel_traits<96, 128, 64, 4, 0, 0, cutlass::bfloat16_t, Flash_kernel_traits<96, 128, 64, 4, cutlass::bfloat16_t>>, 0, 0, 0, 0, 0, 0, 0, 0>(pytorch_flash::Flash_fwd_params)","(2, 1, 16)","(128, 1, 1)","Vision: FlashAttention | void pytorch_flash::flash_fwd_kernel<Flash_fwd_kernel_traits<96, 128, 64, 4, 0, 0, cutlass::bfloat16_t, Flash_kernel_traits<96, 128, 64, 4, cutlass::bfloat16_t>>, 0, 0, 0, 0, 0, 0, 0, 0>(pytorch_flash::Flash_fwd_params) | grid=(2, 1, 16) block=(128, 1, 1)","vlm.vision.camera0/void pytorch_flash::flash_fwd_kernel<Flash_fwd_kernel_traits<(int)96, (int)128, (int)64, (int)4, (bool)0, (bool)0, cutlass::bfloat16_t, Flash_kernel_traits<(int)96, (int)128, (int)64, (int)4, cutlass::bfloat16_t>>, (bool)0, (bool)0, (bool)0, (bool)0, (bool)0, (bool)0, (bool)0, (bool)0>(pytorch_flash::Flash_fwd_params)",vlm.vision.camera0,vlm,20,fp32_simt,31200.0,l2,5474816.0,,5079040.0,0.9277097166370523,0.1627897435897436,ok,
72,2728813,0,1,7,nvjet_sm110_tst_128x128_64x6_1x2_h_bz_bias_TNT,"(18, 1, 1)","(256, 1, 1)","Vision: attention Q/K/V/O projections | nvjet_sm110_tst_128x128_64x6_1x2_h_bz_bias_TNT | grid=(18, 1, 1) block=(256, 1, 1)",vlm.vision.camera0/nvjet_sm110_tst_128x128_64x6_1x2_h_bz_bias_TNT,vlm.vision.camera0,vlm,24,bf16_tensor,28320.000000000004,l2,8000768.0,,679477248.0,84.92650305570665,23.992840677966097,ok,
72,2728813,0,1,7,nvjet_sm110_tst_128x128_64x6_1x2_h_bz_bias_TNT,"(18, 1, 1)","(256, 1, 1)","Vision: attention Q/K/V/O projections | nvjet_sm110_tst_128x128_64x6_1x2_h_bz_bias_TNT | grid=(18, 1, 1) block=(256, 1, 1)",vlm.vision.camera0/nvjet_sm110_tst_128x128_64x6_1x2_h_bz_bias_TNT,vlm.vision.camera0,vlm,24,fp32_simt,28320.000000000004,l2,8000768.0,,884736.0,0.11058138418711803,0.031240677966101693,ok,
73,2728813,0,1,7,triton_red_fused_add_native_layer_norm_view_9,"(256, 1, 1)","(512, 1, 1)","Vision: residual/LayerNorm fusion 9 | triton_red_fused_add_native_layer_norm_view_9 | grid=(256, 1, 1) block=(512, 1, 1)",vlm.vision.camera0/triton_red_fused_add_native_layer_norm_view_9,vlm.vision.camera0,vlm,37,bf16_tensor,29280.0,l2,4276544.0,,0.0,,,zero_counted_flops,
73,2728813,0,1,7,triton_red_fused_add_native_layer_norm_view_9,"(256, 1, 1)","(512, 1, 1)","Vision: residual/LayerNorm fusion 9 | triton_red_fused_add_native_layer_norm_view_9 | grid=(256, 1, 1) block=(512, 1, 1)",vlm.vision.camera0/triton_red_fused_add_native_layer_norm_view_9,vlm.vision.camera0,vlm,37,fp32_simt,29280.0,l2,4276544.0,,21906560.0,5.122491432334146,0.7481748633879781,ok,
74,2728813,0,1,7,nvjet_sm110_tst_224x128_64x7_1x2_2cta_h_bz_bias_TNN,"(40, 1, 1)","(256, 1, 1)","Vision: FFN expansion + bias | nvjet_sm110_tst_224x128_64x7_1x2_2cta_h_bz_bias_TNN | grid=(40, 1, 1) block=(256, 1, 1)",vlm.vision.camera0/nvjet_sm110_tst_224x128_64x7_1x2_2cta_h_bz_bias_TNN,vlm.vision.camera0,vlm,19,bf16_tensor,57728.0,l2,23292288.0,,2642411520.0,113.4457688312973,45.77348115299335,ok,
74,2728813,0,1,7,nvjet_sm110_tst_224x128_64x7_1x2_2cta_h_bz_bias_TNN,"(40, 1, 1)","(256, 1, 1)","Vision: FFN expansion + bias | nvjet_sm110_tst_224x128_64x7_1x2_2cta_h_bz_bias_TNN | grid=(40, 1, 1) block=(256, 1, 1)",vlm.vision.camera0/nvjet_sm110_tst_224x128_64x7_1x2_2cta_h_bz_bias_TNN,vlm.vision.camera0,vlm,19,fp32_simt,57728.0,l2,23292288.0,,3440640.0,0.14771584483241834,0.05960088691796009,ok,
75,2728813,0,1,7,triton_poi_fused_gelu_view_5,"(2152, 1, 1)","(128, 1, 1)","Vision: FFN GELU | triton_poi_fused_gelu_view_5 | grid=(2152, 1, 1) block=(128, 1, 1)",vlm.vision.camera0/triton_poi_fused_gelu_view_5,vlm.vision.camera0,vlm,17,bf16_tensor,23136.0,l2,4460896.0,,0.0,,,zero_counted_flops,
75,2728813,0,1,7,triton_poi_fused_gelu_view_5,"(2152, 1, 1)","(128, 1, 1)","Vision: FFN GELU | triton_poi_fused_gelu_view_5 | grid=(2152, 1, 1) block=(128, 1, 1)",vlm.vision.camera0/triton_poi_fused_gelu_view_5,vlm.vision.camera0,vlm,17,fp32_simt,23136.0,l2,4460896.0,,15714948.0,3.522823217577814,0.6792422199170125,ok,
76,2728813,0,1,7,nvjet_sm110_tst_144x128_64x6_4x1_v_bz_bias_TNN,"(16, 1, 1)","(256, 1, 1)","Vision: FFN contraction + bias | nvjet_sm110_tst_144x128_64x6_4x1_v_bz_bias_TNN | grid=(16, 1, 1) block=(256, 1, 1)",vlm.vision.camera0/nvjet_sm110_tst_144x128_64x6_4x1_v_bz_bias_TNN,vlm.vision.camera0,vlm,18,bf16_tensor,84832.0,l2,24614112.0,,2566914048.0,104.28627480040718,30.258794417201056,ok,
76,2728813,0,1,7,nvjet_sm110_tst_144x128_64x6_4x1_v_bz_bias_TNN,"(16, 1, 1)","(256, 1, 1)","Vision: FFN contraction + bias | nvjet_sm110_tst_144x128_64x6_4x1_v_bz_bias_TNN | grid=(16, 1, 1) block=(256, 1, 1)",vlm.vision.camera0/nvjet_sm110_tst_144x128_64x6_4x1_v_bz_bias_TNN,vlm.vision.camera0,vlm,18,fp32_simt,84832.0,l2,24614112.0,,884736.0,0.03594425831815505,0.010429271972840437,ok,
77,2728813,0,1,7,triton_red_fused_add_native_layer_norm_view_6,"(128, 1, 1)","(128, 1, 1)","Vision: residual/LayerNorm fusion 6 | triton_red_fused_add_native_layer_norm_view_6 | grid=(128, 1, 1) block=(128, 1, 1)",vlm.vision.camera0/triton_red_fused_add_native_layer_norm_view_6,vlm.vision.camera0,vlm,34,bf16_tensor,22048.000000000004,l2,1925664.0,,0.0,,,zero_counted_flops,
77,2728813,0,1,7,triton_red_fused_add_native_layer_norm_view_6,"(128, 1, 1)","(128, 1, 1)","Vision: residual/LayerNorm fusion 6 | triton_red_fused_add_native_layer_norm_view_6 | grid=(128, 1, 1) block=(128, 1, 1)",vlm.vision.camera0/triton_red_fused_add_native_layer_norm_view_6,vlm.vision.camera0,vlm,34,fp32_simt,22048.000000000004,l2,1925664.0,,5224168.0,2.712917726041511,0.2369452104499274,ok,
78,2728813,0,1,7,nvjet_sm110_tst_128x128_64x6_1x2_h_bz_bias_TNT,"(18, 1, 1)","(256, 1, 1)","Vision: attention Q/K/V/O projections | nvjet_sm110_tst_128x128_64x6_1x2_h_bz_bias_TNT | grid=(18, 1, 1) block=(256, 1, 1)",vlm.vision.camera0/nvjet_sm110_tst_128x128_64x6_1x2_h_bz_bias_TNT,vlm.vision.camera0,vlm,24,bf16_tensor,27200.0,l2,7999744.0,,679477248.0,84.93737399596787,24.980781176470586,ok,
78,2728813,0,1,7,nvjet_sm110_tst_128x128_64x6_1x2_h_bz_bias_TNT,"(18, 1, 1)","(256, 1, 1)","Vision: attention Q/K/V/O projections | nvjet_sm110_tst_128x128_64x6_1x2_h_bz_bias_TNT | grid=(18, 1, 1) block=(256, 1, 1)",vlm.vision.camera0/nvjet_sm110_tst_128x128_64x6_1x2_h_bz_bias_TNT,vlm.vision.camera0,vlm,24,fp32_simt,27200.0,l2,7999744.0,,884736.0,0.11059553905724984,0.03252705882352941,ok,
79,2728813,0,1,7,nvjet_sm110_tst_128x128_64x6_1x2_h_bz_bias_TNT,"(18, 1, 1)","(256, 1, 1)","Vision: attention Q/K/V/O projections | nvjet_sm110_tst_128x128_64x6_1x2_h_bz_bias_TNT | grid=(18, 1, 1) block=(256, 1, 1)",vlm.vision.camera0/nvjet_sm110_tst_128x128_64x6_1x2_h_bz_bias_TNT,vlm.vision.camera0,vlm,24,bf16_tensor,29568.000000000004,l2,8002592.0,,679477248.0,84.90714608466857,22.980155844155842,ok,
79,2728813,0,1,7,nvjet_sm110_tst_128x128_64x6_1x2_h_bz_bias_TNT,"(18, 1, 1)","(256, 1, 1)","Vision: attention Q/K/V/O projections | nvjet_sm110_tst_128x128_64x6_1x2_h_bz_bias_TNT | grid=(18, 1, 1) block=(256, 1, 1)",vlm.vision.camera0/nvjet_sm110_tst_128x128_64x6_1x2_h_bz_bias_TNT,vlm.vision.camera0,vlm,24,fp32_simt,29568.000000000004,l2,8002592.0,,884736.0,0.11055617979774553,0.02992207792207792,ok,
80,2728813,0,1,7,nvjet_sm110_tst_128x128_64x6_1x2_h_bz_bias_TNT,"(18, 1, 1)","(256, 1, 1)","Vision: attention Q/K/V/O projections | nvjet_sm110_tst_128x128_64x6_1x2_h_bz_bias_TNT | grid=(18, 1, 1) block=(256, 1, 1)",vlm.vision.camera0/nvjet_sm110_tst_128x128_64x6_1x2_h_bz_bias_TNT,vlm.vision.camera0,vlm,24,bf16_tensor,25792.000000000004,l2,8002240.0,,679477248.0,84.91088095333306,26.344496277915628,ok,
80,2728813,0,1,7,nvjet_sm110_tst_128x128_64x6_1x2_h_bz_bias_TNT,"(18, 1, 1)","(256, 1, 1)","Vision: attention Q/K/V/O projections | nvjet_sm110_tst_128x128_64x6_1x2_h_bz_bias_TNT | grid=(18, 1, 1) block=(256, 1, 1)",vlm.vision.camera0/nvjet_sm110_tst_128x128_64x6_1x2_h_bz_bias_TNT,vlm.vision.camera0,vlm,24,fp32_simt,25792.000000000004,l2,8002240.0,,884736.0,0.11056104290798577,0.034302729528535976,ok,
81,2728813,0,1,7,"void pytorch_flash::flash_fwd_kernel<Flash_fwd_kernel_traits<96, 128, 64, 4, 0, 0, cutlass::bfloat16_t, Flash_kernel_traits<96, 128, 64, 4, cutlass::bfloat16_t>>, 0, 0, 0, 0, 0, 0, 0, 0>(pytorch_flash::Flash_fwd_params)","(2, 1, 16)","(128, 1, 1)","Vision: FlashAttention | void pytorch_flash::flash_fwd_kernel<Flash_fwd_kernel_traits<96, 128, 64, 4, 0, 0, cutlass::bfloat16_t, Flash_kernel_traits<96, 128, 64, 4, cutlass::bfloat16_t>>, 0, 0, 0, 0, 0, 0, 0, 0>(pytorch_flash::Flash_fwd_params) | grid=(2, 1, 16) block=(128, 1, 1)","vlm.vision.camera0/void pytorch_flash::flash_fwd_kernel<Flash_fwd_kernel_traits<(int)96, (int)128, (int)64, (int)4, (bool)0, (bool)0, cutlass::bfloat16_t, Flash_kernel_traits<(int)96, (int)128, (int)64, (int)4, cutlass::bfloat16_t>>, (bool)0, (bool)0, (bool)0, (bool)0, (bool)0, (bool)0, (bool)0, (bool)0>(pytorch_flash::Flash_fwd_params)",vlm.vision.camera0,vlm,20,bf16_tensor,32608.000000000004,l2,5484928.0,,402653184.0,73.41084222071831,12.348294406280665,ok,
81,2728813,0,1,7,"void pytorch_flash::flash_fwd_kernel<Flash_fwd_kernel_traits<96, 128, 64, 4, 0, 0, cutlass::bfloat16_t, Flash_kernel_traits<96, 128, 64, 4, cutlass::bfloat16_t>>, 0, 0, 0, 0, 0, 0, 0, 0>(pytorch_flash::Flash_fwd_params)","(2, 1, 16)","(128, 1, 1)","Vision: FlashAttention | void pytorch_flash::flash_fwd_kernel<Flash_fwd_kernel_traits<96, 128, 64, 4, 0, 0, cutlass::bfloat16_t, Flash_kernel_traits<96, 128, 64, 4, cutlass::bfloat16_t>>, 0, 0, 0, 0, 0, 0, 0, 0>(pytorch_flash::Flash_fwd_params) | grid=(2, 1, 16) block=(128, 1, 1)","vlm.vision.camera0/void pytorch_flash::flash_fwd_kernel<Flash_fwd_kernel_traits<(int)96, (int)128, (int)64, (int)4, (bool)0, (bool)0, cutlass::bfloat16_t, Flash_kernel_traits<(int)96, (int)128, (int)64, (int)4, cutlass::bfloat16_t>>, (bool)0, (bool)0, (bool)0, (bool)0, (bool)0, (bool)0, (bool)0, (bool)0>(pytorch_flash::Flash_fwd_params)",vlm.vision.camera0,vlm,20,fp32_simt,32608.000000000004,l2,5484928.0,,5079040.0,0.9259993932463653,0.15576054955839055,ok,
82,2728813,0,1,7,nvjet_sm110_tst_128x128_64x6_1x2_h_bz_bias_TNT,"(18, 1, 1)","(256, 1, 1)","Vision: attention Q/K/V/O projections | nvjet_sm110_tst_128x128_64x6_1x2_h_bz_bias_TNT | grid=(18, 1, 1) block=(256, 1, 1)",vlm.vision.camera0/nvjet_sm110_tst_128x128_64x6_1x2_h_bz_bias_TNT,vlm.vision.camera0,vlm,24,bf16_tensor,27872.0,l2,7999616.0,,679477248.0,84.93873305918684,24.378489092996556,ok,
82,2728813,0,1,7,nvjet_sm110_tst_128x128_64x6_1x2_h_bz_bias_TNT,"(18, 1, 1)","(256, 1, 1)","Vision: attention Q/K/V/O projections | nvjet_sm110_tst_128x128_64x6_1x2_h_bz_bias_TNT | grid=(18, 1, 1) block=(256, 1, 1)",vlm.vision.camera0/nvjet_sm110_tst_128x128_64x6_1x2_h_bz_bias_TNT,vlm.vision.camera0,vlm,24,fp32_simt,27872.0,l2,7999616.0,,884736.0,0.1105973086708162,0.031742824339839264,ok,
83,2728813,0,1,7,triton_red_fused_add_native_layer_norm_view_7,"(256, 1, 1)","(64, 1, 1)","Vision: residual/LayerNorm fusion 7 | triton_red_fused_add_native_layer_norm_view_7 | grid=(256, 1, 1) block=(64, 1, 1)",vlm.vision.camera0/triton_red_fused_add_native_layer_norm_view_7,vlm.vision.camera0,vlm,35,bf16_tensor,25184.0,l2,2557216.0,,0.0,,,zero_counted_flops,
83,2728813,0,1,7,triton_red_fused_add_native_layer_norm_view_7,"(256, 1, 1)","(64, 1, 1)","Vision: residual/LayerNorm fusion 7 | triton_red_fused_add_native_layer_norm_view_7 | grid=(256, 1, 1) block=(64, 1, 1)",vlm.vision.camera0/triton_red_fused_add_native_layer_norm_view_7,vlm.vision.camera0,vlm,35,fp32_simt,25184.0,l2,2557216.0,,5391576.0,2.108377235243327,0.21408735705209656,ok,
84,2728813,0,1,7,nvjet_sm110_tst_224x128_64x7_1x2_2cta_h_bz_bias_TNN,"(40, 1, 1)","(256, 1, 1)","Vision: FFN expansion + bias | nvjet_sm110_tst_224x128_64x7_1x2_2cta_h_bz_bias_TNN | grid=(40, 1, 1) block=(256, 1, 1)",vlm.vision.camera0/nvjet_sm110_tst_224x128_64x7_1x2_2cta_h_bz_bias_TNN,vlm.vision.camera0,vlm,19,bf16_tensor,60288.0,l2,23418144.0,,2642411520.0,112.836077871927,43.829808917197454,ok,
84,2728813,0,1,7,nvjet_sm110_tst_224x128_64x7_1x2_2cta_h_bz_bias_TNN,"(40, 1, 1)","(256, 1, 1)","Vision: FFN expansion + bias | nvjet_sm110_tst_224x128_64x7_1x2_2cta_h_bz_bias_TNN | grid=(40, 1, 1) block=(256, 1, 1)",vlm.vision.camera0/nvjet_sm110_tst_224x128_64x7_1x2_2cta_h_bz_bias_TNN,vlm.vision.camera0,vlm,19,fp32_simt,60288.0,l2,23418144.0,,3440640.0,0.14692197639573829,0.05707006369426751,ok,
85,2728813,0,1,7,triton_poi_fused_gelu_view_5,"(2152, 1, 1)","(128, 1, 1)","Vision: FFN GELU | triton_poi_fused_gelu_view_5 | grid=(2152, 1, 1) block=(128, 1, 1)",vlm.vision.camera0/triton_poi_fused_gelu_view_5,vlm.vision.camera0,vlm,17,bf16_tensor,26720.0,l2,4462656.0,,0.0,,,zero_counted_flops,
85,2728813,0,1,7,triton_poi_fused_gelu_view_5,"(2152, 1, 1)","(128, 1, 1)","Vision: FFN GELU | triton_poi_fused_gelu_view_5 | grid=(2152, 1, 1) block=(128, 1, 1)",vlm.vision.camera0/triton_poi_fused_gelu_view_5,vlm.vision.camera0,vlm,17,fp32_simt,26720.0,l2,4462656.0,,15594751.0,3.4944999121599336,0.5836358907185628,ok,
86,2728813,0,1,7,nvjet_sm110_tst_144x128_64x6_4x1_v_bz_bias_TNN,"(16, 1, 1)","(256, 1, 1)","Vision: FFN contraction + bias | nvjet_sm110_tst_144x128_64x6_4x1_v_bz_bias_TNN | grid=(16, 1, 1) block=(256, 1, 1)",vlm.vision.camera0/nvjet_sm110_tst_144x128_64x6_4x1_v_bz_bias_TNN,vlm.vision.camera0,vlm,18,bf16_tensor,67648.0,l2,24620192.0,,2566914048.0,104.26052112022522,37.94515799432355,ok,
86,2728813,0,1,7,nvjet_sm110_tst_144x128_64x6_4x1_v_bz_bias_TNN,"(16, 1, 1)","(256, 1, 1)","Vision: FFN contraction + bias | nvjet_sm110_tst_144x128_64x6_4x1_v_bz_bias_TNN | grid=(16, 1, 1) block=(256, 1, 1)",vlm.vision.camera0/nvjet_sm110_tst_144x128_64x6_4x1_v_bz_bias_TNN,vlm.vision.camera0,vlm,18,fp32_simt,67648.0,l2,24620192.0,,884736.0,0.03593538181993057,0.01307852412488174,ok,
87,2728813,0,1,7,triton_red_fused_add_native_layer_norm_view_8,"(256, 1, 1)","(64, 1, 1)","Vision: residual/LayerNorm fusion 8 | triton_red_fused_add_native_layer_norm_view_8 | grid=(256, 1, 1) block=(64, 1, 1)",vlm.vision.camera0/triton_red_fused_add_native_layer_norm_view_8,vlm.vision.camera0,vlm,36,bf16_tensor,25760.0,l2,3192032.0,,0.0,,,zero_counted_flops,
87,2728813,0,1,7,triton_red_fused_add_native_layer_norm_view_8,"(256, 1, 1)","(64, 1, 1)","Vision: residual/LayerNorm fusion 8 | triton_red_fused_add_native_layer_norm_view_8 | grid=(256, 1, 1) block=(64, 1, 1)",vlm.vision.camera0/triton_red_fused_add_native_layer_norm_view_8,vlm.vision.camera0,vlm,36,fp32_simt,25760.0,l2,3192032.0,,6619136.0,2.073643371996271,0.25695403726708077,ok,
88,2728813,0,1,7,nvjet_sm110_tst_128x128_64x6_1x2_h_bz_bias_TNT,"(18, 1, 1)","(256, 1, 1)","Vision: attention Q/K/V/O projections | nvjet_sm110_tst_128x128_64x6_1x2_h_bz_bias_TNT | grid=(18, 1, 1) block=(256, 1, 1)",vlm.vision.camera0/nvjet_sm110_tst_128x128_64x6_1x2_h_bz_bias_TNT,vlm.vision.camera0,vlm,24,bf16_tensor,27232.000000000004,l2,8001024.0,,679477248.0,84.92378575542331,24.951426556991773,ok,
88,2728813,0,1,7,nvjet_sm110_tst_128x128_64x6_1x2_h_bz_bias_TNT,"(18, 1, 1)","(256, 1, 1)","Vision: attention Q/K/V/O projections | nvjet_sm110_tst_128x128_64x6_1x2_h_bz_bias_TNT | grid=(18, 1, 1) block=(256, 1, 1)",vlm.vision.camera0/nvjet_sm110_tst_128x128_64x6_1x2_h_bz_bias_TNT,vlm.vision.camera0,vlm,24,fp32_simt,27232.000000000004,l2,8001024.0,,884736.0,0.11057784603570743,0.0324888366627497,ok,
89,2728813,0,1,7,nvjet_sm110_tst_128x128_64x6_1x2_h_bz_bias_TNT,"(18, 1, 1)","(256, 1, 1)","Vision: attention Q/K/V/O projections | nvjet_sm110_tst_128x128_64x6_1x2_h_bz_bias_TNT | grid=(18, 1, 1) block=(256, 1, 1)",vlm.vision.camera0/nvjet_sm110_tst_128x128_64x6_1x2_h_bz_bias_TNT,vlm.vision.camera0,vlm,24,bf16_tensor,29120.000000000004,l2,8003200.0,,679477248.0,84.90069572171132,23.333696703296702,ok,
89,2728813,0,1,7,nvjet_sm110_tst_128x128_64x6_1x2_h_bz_bias_TNT,"(18, 1, 1)","(256, 1, 1)","Vision: attention Q/K/V/O projections | nvjet_sm110_tst_128x128_64x6_1x2_h_bz_bias_TNT | grid=(18, 1, 1) block=(256, 1, 1)",vlm.vision.camera0/nvjet_sm110_tst_128x128_64x6_1x2_h_bz_bias_TNT,vlm.vision.camera0,vlm,24,fp32_simt,29120.000000000004,l2,8003200.0,,884736.0,0.11054778088764494,0.03038241758241758,ok,
90,2728813,0,1,7,nvjet_sm110_tst_128x128_64x6_1x2_h_bz_bias_TNT,"(18, 1, 1)","(256, 1, 1)","Vision: attention Q/K/V/O projections | nvjet_sm110_tst_128x128_64x6_1x2_h_bz_bias_TNT | grid=(18, 1, 1) block=(256, 1, 1)",vlm.vision.camera0/nvjet_sm110_tst_128x128_64x6_1x2_h_bz_bias_TNT,vlm.vision.camera0,vlm,24,bf16_tensor,31040.0,l2,7996416.0,,679477248.0,84.97272378025356,21.890375257731957,ok,
90,2728813,0,1,7,nvjet_sm110_tst_128x128_64x6_1x2_h_bz_bias_TNT,"(18, 1, 1)","(256, 1, 1)","Vision: attention Q/K/V/O projections | nvjet_sm110_tst_128x128_64x6_1x2_h_bz_bias_TNT | grid=(18, 1, 1) block=(256, 1, 1)",vlm.vision.camera0/nvjet_sm110_tst_128x128_64x6_1x2_h_bz_bias_TNT,vlm.vision.camera0,vlm,24,fp32_simt,31040.0,l2,7996416.0,,884736.0,0.11064156742220514,0.028503092783505154,ok,
91,2728813,0,1,7,"void pytorch_flash::flash_fwd_kernel<Flash_fwd_kernel_traits<96, 128, 64, 4, 0, 0, cutlass::bfloat16_t, Flash_kernel_traits<96, 128, 64, 4, cutlass::bfloat16_t>>, 0, 0, 0, 0, 0, 0, 0, 0>(pytorch_flash::Flash_fwd_params)","(2, 1, 16)","(128, 1, 1)","Vision: FlashAttention | void pytorch_flash::flash_fwd_kernel<Flash_fwd_kernel_traits<96, 128, 64, 4, 0, 0, cutlass::bfloat16_t, Flash_kernel_traits<96, 128, 64, 4, cutlass::bfloat16_t>>, 0, 0, 0, 0, 0, 0, 0, 0>(pytorch_flash::Flash_fwd_params) | grid=(2, 1, 16) block=(128, 1, 1)","vlm.vision.camera0/void pytorch_flash::flash_fwd_kernel<Flash_fwd_kernel_traits<(int)96, (int)128, (int)64, (int)4, (bool)0, (bool)0, cutlass::bfloat16_t, Flash_kernel_traits<(int)96, (int)128, (int)64, (int)4, cutlass::bfloat16_t>>, (bool)0, (bool)0, (bool)0, (bool)0, (bool)0, (bool)0, (bool)0, (bool)0>(pytorch_flash::Flash_fwd_params)",vlm.vision.camera0,vlm,20,bf16_tensor,35488.0,l2,5486848.0,,402653184.0,73.38515373489479,11.346178539224525,ok,
91,2728813,0,1,7,"void pytorch_flash::flash_fwd_kernel<Flash_fwd_kernel_traits<96, 128, 64, 4, 0, 0, cutlass::bfloat16_t, Flash_kernel_traits<96, 128, 64, 4, cutlass::bfloat16_t>>, 0, 0, 0, 0, 0, 0, 0, 0>(pytorch_flash::Flash_fwd_params)","(2, 1, 16)","(128, 1, 1)","Vision: FlashAttention | void pytorch_flash::flash_fwd_kernel<Flash_fwd_kernel_traits<96, 128, 64, 4, 0, 0, cutlass::bfloat16_t, Flash_kernel_traits<96, 128, 64, 4, cutlass::bfloat16_t>>, 0, 0, 0, 0, 0, 0, 0, 0>(pytorch_flash::Flash_fwd_params) | grid=(2, 1, 16) block=(128, 1, 1)","vlm.vision.camera0/void pytorch_flash::flash_fwd_kernel<Flash_fwd_kernel_traits<(int)96, (int)128, (int)64, (int)4, (bool)0, (bool)0, cutlass::bfloat16_t, Flash_kernel_traits<(int)96, (int)128, (int)64, (int)4, cutlass::bfloat16_t>>, (bool)0, (bool)0, (bool)0, (bool)0, (bool)0, (bool)0, (bool)0, (bool)0>(pytorch_flash::Flash_fwd_params)",vlm.vision.camera0,vlm,20,fp32_simt,35488.0,l2,5486848.0,,5079040.0,0.925675360425512,0.1431199278629396,ok,
92,2728813,0,1,7,nvjet_sm110_tst_128x128_64x6_1x2_h_bz_bias_TNT,"(18, 1, 1)","(256, 1, 1)","Vision: attention Q/K/V/O projections | nvjet_sm110_tst_128x128_64x6_1x2_h_bz_bias_TNT | grid=(18, 1, 1) block=(256, 1, 1)",vlm.vision.camera0/nvjet_sm110_tst_128x128_64x6_1x2_h_bz_bias_TNT,vlm.vision.camera0,vlm,24,bf16_tensor,28736.0,l2,8002464.0,,679477248.0,84.90850418071234,23.64550556792873,ok,
92,2728813,0,1,7,nvjet_sm110_tst_128x128_64x6_1x2_h_bz_bias_TNT,"(18, 1, 1)","(256, 1, 1)","Vision: attention Q/K/V/O projections | nvjet_sm110_tst_128x128_64x6_1x2_h_bz_bias_TNT | grid=(18, 1, 1) block=(256, 1, 1)",vlm.vision.camera0/nvjet_sm110_tst_128x128_64x6_1x2_h_bz_bias_TNT,vlm.vision.camera0,vlm,24,fp32_simt,28736.0,l2,8002464.0,,884736.0,0.11055794815196919,0.030788418708240534,ok,
93,2728813,0,1,7,triton_red_fused_add_native_layer_norm_view_9,"(256, 1, 1)","(512, 1, 1)","Vision: residual/LayerNorm fusion 9 | triton_red_fused_add_native_layer_norm_view_9 | grid=(256, 1, 1) block=(512, 1, 1)",vlm.vision.camera0/triton_red_fused_add_native_layer_norm_view_9,vlm.vision.camera0,vlm,37,bf16_tensor,28800.000000000004,l2,4270176.0,,0.0,,,zero_counted_flops,
93,2728813,0,1,7,triton_red_fused_add_native_layer_norm_view_9,"(256, 1, 1)","(512, 1, 1)","Vision: residual/LayerNorm fusion 9 | triton_red_fused_add_native_layer_norm_view_9 | grid=(256, 1, 1) block=(512, 1, 1)",vlm.vision.camera0/triton_red_fused_add_native_layer_norm_view_9,vlm.vision.camera0,vlm,37,fp32_simt,28800.000000000004,l2,4270176.0,,21914496.0,5.131988939097592,0.76092,ok,
94,2728813,0,1,7,nvjet_sm110_tst_224x128_64x7_1x2_2cta_h_bz_bias_TNN,"(40, 1, 1)","(256, 1, 1)","Vision: FFN expansion + bias | nvjet_sm110_tst_224x128_64x7_1x2_2cta_h_bz_bias_TNN | grid=(40, 1, 1) block=(256, 1, 1)",vlm.vision.camera0/nvjet_sm110_tst_224x128_64x7_1x2_2cta_h_bz_bias_TNN,vlm.vision.camera0,vlm,19,bf16_tensor,63872.0,l2,23268960.0,,2642411520.0,113.5595024444582,41.37042084168337,ok,
94,2728813,0,1,7,nvjet_sm110_tst_224x128_64x7_1x2_2cta_h_bz_bias_TNN,"(40, 1, 1)","(256, 1, 1)","Vision: FFN expansion + bias | nvjet_sm110_tst_224x128_64x7_1x2_2cta_h_bz_bias_TNN | grid=(40, 1, 1) block=(256, 1, 1)",vlm.vision.camera0/nvjet_sm110_tst_224x128_64x7_1x2_2cta_h_bz_bias_TNN,vlm.vision.camera0,vlm,19,fp32_simt,63872.0,l2,23268960.0,,3440640.0,0.14786393547455495,0.05386773547094188,ok,
95,2728813,0,1,7,triton_poi_fused_gelu_view_5,"(2152, 1, 1)","(128, 1, 1)","Vision: FFN GELU | triton_poi_fused_gelu_view_5 | grid=(2152, 1, 1) block=(128, 1, 1)",vlm.vision.camera0/triton_poi_fused_gelu_view_5,vlm.vision.camera0,vlm,17,bf16_tensor,26784.000000000004,l2,4462112.0,,0.0,,,zero_counted_flops,
95,2728813,0,1,7,triton_poi_fused_gelu_view_5,"(2152, 1, 1)","(128, 1, 1)","Vision: FFN GELU | triton_poi_fused_gelu_view_5 | grid=(2152, 1, 1) block=(128, 1, 1)",vlm.vision.camera0/triton_poi_fused_gelu_view_5,vlm.vision.camera0,vlm,17,fp32_simt,26784.000000000004,l2,4462112.0,,15503135.0,3.4743939641138546,0.5788207511947431,ok,
96,2728813,0,1,7,nvjet_sm110_tst_144x128_64x6_4x1_v_bz_bias_TNN,"(16, 1, 1)","(256, 1, 1)","Vision: FFN contraction + bias | nvjet_sm110_tst_144x128_64x6_4x1_v_bz_bias_TNN | grid=(16, 1, 1) block=(256, 1, 1)",vlm.vision.camera0/nvjet_sm110_tst_144x128_64x6_4x1_v_bz_bias_TNN,vlm.vision.camera0,vlm,18,bf16_tensor,97632.0,l2,24636128.0,,2566914048.0,104.19307969174376,26.29172861356932,ok,
96,2728813,0,1,7,nvjet_sm110_tst_144x128_64x6_4x1_v_bz_bias_TNN,"(16, 1, 1)","(256, 1, 1)","Vision: FFN contraction + bias | nvjet_sm110_tst_144x128_64x6_4x1_v_bz_bias_TNN | grid=(16, 1, 1) block=(256, 1, 1)",vlm.vision.camera0/nvjet_sm110_tst_144x128_64x6_4x1_v_bz_bias_TNN,vlm.vision.camera0,vlm,18,fp32_simt,97632.0,l2,24636128.0,,884736.0,0.03591213684228301,0.009061946902654867,ok,
97,2728813,0,1,7,triton_red_fused_add_native_layer_norm_view_6,"(128, 1, 1)","(128, 1, 1)","Vision: residual/LayerNorm fusion 6 | triton_red_fused_add_native_layer_norm_view_6 | grid=(128, 1, 1) block=(128, 1, 1)",vlm.vision.camera0/triton_red_fused_add_native_layer_norm_view_6,vlm.vision.camera0,vlm,34,bf16_tensor,25248.000000000004,l2,1927104.0,,0.0,,,zero_counted_flops,
97,2728813,0,1,7,triton_red_fused_add_native_layer_norm_view_6,"(128, 1, 1)","(128, 1, 1)","Vision: residual/LayerNorm fusion 6 | triton_red_fused_add_native_layer_norm_view_6 | grid=(128, 1, 1) block=(128, 1, 1)",vlm.vision.camera0/triton_red_fused_add_native_layer_norm_view_6,vlm.vision.camera0,vlm,34,fp32_simt,25248.000000000004,l2,1927104.0,,5202480.0,2.6996363455215704,0.2060551330798479,ok,
98,2728813,0,1,7,nvjet_sm110_tst_128x128_64x6_1x2_h_bz_bias_TNT,"(18, 1, 1)","(256, 1, 1)","Vision: attention Q/K/V/O projections | nvjet_sm110_tst_128x128_64x6_1x2_h_bz_bias_TNT | grid=(18, 1, 1) block=(256, 1, 1)",vlm.vision.camera0/nvjet_sm110_tst_128x128_64x6_1x2_h_bz_bias_TNT,vlm.vision.camera0,vlm,24,bf16_tensor,28448.000000000004,l2,8000128.0,,679477248.0,84.93329706724693,23.88488638920135,ok,
98,2728813,0,1,7,nvjet_sm110_tst_128x128_64x6_1x2_h_bz_bias_TNT,"(18, 1, 1)","(256, 1, 1)","Vision: attention Q/K/V/O projections | nvjet_sm110_tst_128x128_64x6_1x2_h_bz_bias_TNT | grid=(18, 1, 1) block=(256, 1, 1)",vlm.vision.camera0/nvjet_sm110_tst_128x128_64x6_1x2_h_bz_bias_TNT,vlm.vision.camera0,vlm,24,fp32_simt,28448.000000000004,l2,8000128.0,,884736.0,0.11059023055631109,0.031100112485939253,ok,
99,2728813,0,1,7,nvjet_sm110_tst_128x128_64x6_1x2_h_bz_bias_TNT,"(18, 1, 1)","(256, 1, 1)","Vision: attention Q/K/V/O projections | nvjet_sm110_tst_128x128_64x6_1x2_h_bz_bias_TNT | grid=(18, 1, 1) block=(256, 1, 1)",vlm.vision.camera0/nvjet_sm110_tst_128x128_64x6_1x2_h_bz_bias_TNT,vlm.vision.camera0,vlm,24,bf16_tensor,28960.0,l2,8002240.0,,679477248.0,84.91088095333306,23.46261215469613,ok,
99,2728813,0,1,7,nvjet_sm110_tst_128x128_64x6_1x2_h_bz_bias_TNT,"(18, 1, 1)","(256, 1, 1)","Vision: attention Q/K/V/O projections | nvjet_sm110_tst_128x128_64x6_1x2_h_bz_bias_TNT | grid=(18, 1, 1) block=(256, 1, 1)",vlm.vision.camera0/nvjet_sm110_tst_128x128_64x6_1x2_h_bz_bias_TNT,vlm.vision.camera0,vlm,24,fp32_simt,28960.0,l2,8002240.0,,884736.0,0.11056104290798577,0.03055027624309392,ok,
100,2728813,0,1,7,nvjet_sm110_tst_128x128_64x6_1x2_h_bz_bias_TNT,"(18, 1, 1)","(256, 1, 1)","Vision: attention Q/K/V/O projections | nvjet_sm110_tst_128x128_64x6_1x2_h_bz_bias_TNT | grid=(18, 1, 1) block=(256, 1, 1)",vlm.vision.camera0/nvjet_sm110_tst_128x128_64x6_1x2_h_bz_bias_TNT,vlm.vision.camera0,vlm,24,bf16_tensor,29472.0,l2,8002944.0,,679477248.0,84.9034115445516,23.05500977198697,ok,
100,2728813,0,1,7,nvjet_sm110_tst_128x128_64x6_1x2_h_bz_bias_TNT,"(18, 1, 1)","(256, 1, 1)","Vision: attention Q/K/V/O projections | nvjet_sm110_tst_128x128_64x6_1x2_h_bz_bias_TNT | grid=(18, 1, 1) block=(256, 1, 1)",vlm.vision.camera0/nvjet_sm110_tst_128x128_64x6_1x2_h_bz_bias_TNT,vlm.vision.camera0,vlm,24,fp32_simt,29472.0,l2,8002944.0,,884736.0,0.11055131711530157,0.030019543973941368,ok,
101,2728813,0,1,7,"void pytorch_flash::flash_fwd_kernel<Flash_fwd_kernel_traits<96, 128, 64, 4, 0, 0, cutlass::bfloat16_t, Flash_kernel_traits<96, 128, 64, 4, cutlass::bfloat16_t>>, 0, 0, 0, 0, 0, 0, 0, 0>(pytorch_flash::Flash_fwd_params)","(2, 1, 16)","(128, 1, 1)","Vision: FlashAttention | void pytorch_flash::flash_fwd_kernel<Flash_fwd_kernel_traits<96, 128, 64, 4, 0, 0, cutlass::bfloat16_t, Flash_kernel_traits<96, 128, 64, 4, cutlass::bfloat16_t>>, 0, 0, 0, 0, 0, 0, 0, 0>(pytorch_flash::Flash_fwd_params) | grid=(2, 1, 16) block=(128, 1, 1)","vlm.vision.camera0/void pytorch_flash::flash_fwd_kernel<Flash_fwd_kernel_traits<(int)96, (int)128, (int)64, (int)4, (bool)0, (bool)0, cutlass::bfloat16_t, Flash_kernel_traits<(int)96, (int)128, (int)64, (int)4, cutlass::bfloat16_t>>, (bool)0, (bool)0, (bool)0, (bool)0, (bool)0, (bool)0, (bool)0, (bool)0>(pytorch_flash::Flash_fwd_params)",vlm.vision.camera0,vlm,20,bf16_tensor,31872.000000000004,l2,5477696.0,,402653184.0,73.50776384815806,12.63344578313253,ok,
101,2728813,0,1,7,"void pytorch_flash::flash_fwd_kernel<Flash_fwd_kernel_traits<96, 128, 64, 4, 0, 0, cutlass::bfloat16_t, Flash_kernel_traits<96, 128, 64, 4, cutlass::bfloat16_t>>, 0, 0, 0, 0, 0, 0, 0, 0>(pytorch_flash::Flash_fwd_params)","(2, 1, 16)","(128, 1, 1)","Vision: FlashAttention | void pytorch_flash::flash_fwd_kernel<Flash_fwd_kernel_traits<96, 128, 64, 4, 0, 0, cutlass::bfloat16_t, Flash_kernel_traits<96, 128, 64, 4, cutlass::bfloat16_t>>, 0, 0, 0, 0, 0, 0, 0, 0>(pytorch_flash::Flash_fwd_params) | grid=(2, 1, 16) block=(128, 1, 1)","vlm.vision.camera0/void pytorch_flash::flash_fwd_kernel<Flash_fwd_kernel_traits<(int)96, (int)128, (int)64, (int)4, (bool)0, (bool)0, cutlass::bfloat16_t, Flash_kernel_traits<(int)96, (int)128, (int)64, (int)4, cutlass::bfloat16_t>>, (bool)0, (bool)0, (bool)0, (bool)0, (bool)0, (bool)0, (bool)0, (bool)0>(pytorch_flash::Flash_fwd_params)",vlm.vision.camera0,vlm,20,fp32_simt,31872.000000000004,l2,5477696.0,,5079040.0,0.9272219560924885,0.15935742971887548,ok,
102,2728813,0,1,7,nvjet_sm110_tst_128x128_64x6_1x2_h_bz_bias_TNT,"(18, 1, 1)","(256, 1, 1)","Vision: attention Q/K/V/O projections | nvjet_sm110_tst_128x128_64x6_1x2_h_bz_bias_TNT | grid=(18, 1, 1) block=(256, 1, 1)",vlm.vision.camera0/nvjet_sm110_tst_128x128_64x6_1x2_h_bz_bias_TNT,vlm.vision.camera0,vlm,24,bf16_tensor,25184.0,l2,7997664.0,,679477248.0,84.95946416353576,26.980513341804322,ok,
102,2728813,0,1,7,nvjet_sm110_tst_128x128_64x6_1x2_h_bz_bias_TNT,"(18, 1, 1)","(256, 1, 1)","Vision: attention Q/K/V/O projections | nvjet_sm110_tst_128x128_64x6_1x2_h_bz_bias_TNT | grid=(18, 1, 1) block=(256, 1, 1)",vlm.vision.camera0/nvjet_sm110_tst_128x128_64x6_1x2_h_bz_bias_TNT,vlm.vision.camera0,vlm,24,fp32_simt,25184.0,l2,7997664.0,,884736.0,0.11062430229627052,0.035130876747141035,ok,
103,2728813,0,1,7,triton_red_fused_add_native_layer_norm_view_7,"(256, 1, 1)","(64, 1, 1)","Vision: residual/LayerNorm fusion 7 | triton_red_fused_add_native_layer_norm_view_7 | grid=(256, 1, 1) block=(64, 1, 1)",vlm.vision.camera0/triton_red_fused_add_native_layer_norm_view_7,vlm.vision.camera0,vlm,35,bf16_tensor,25184.0,l2,2555200.0,,0.0,,,zero_counted_flops,
103,2728813,0,1,7,triton_red_fused_add_native_layer_norm_view_7,"(256, 1, 1)","(64, 1, 1)","Vision: residual/LayerNorm fusion 7 | triton_red_fused_add_native_layer_norm_view_7 | grid=(256, 1, 1) block=(64, 1, 1)",vlm.vision.camera0/triton_red_fused_add_native_layer_norm_view_7,vlm.vision.camera0,vlm,35,fp32_simt,25184.0,l2,2555200.0,,5392444.0,2.110380400751409,0.21412182337992375,ok,
104,2728813,0,1,7,nvjet_sm110_tst_224x128_64x7_1x2_2cta_h_bz_bias_TNN,"(40, 1, 1)","(256, 1, 1)","Vision: FFN expansion + bias | nvjet_sm110_tst_224x128_64x7_1x2_2cta_h_bz_bias_TNN | grid=(40, 1, 1) block=(256, 1, 1)",vlm.vision.camera0/nvjet_sm110_tst_224x128_64x7_1x2_2cta_h_bz_bias_TNN,vlm.vision.camera0,vlm,19,bf16_tensor,58784.00000000001,l2,23195552.0,,2642411520.0,113.9188892767027,44.951203048448555,ok,
104,2728813,0,1,7,nvjet_sm110_tst_224x128_64x7_1x2_2cta_h_bz_bias_TNN,"(40, 1, 1)","(256, 1, 1)","Vision: FFN expansion + bias | nvjet_sm110_tst_224x128_64x7_1x2_2cta_h_bz_bias_TNN | grid=(40, 1, 1) block=(256, 1, 1)",vlm.vision.camera0/nvjet_sm110_tst_224x128_64x7_1x2_2cta_h_bz_bias_TNN,vlm.vision.camera0,vlm,19,fp32_simt,58784.00000000001,l2,23195552.0,,3440640.0,0.14833188707904,0.05853021230266739,ok,
105,2728813,0,1,7,triton_poi_fused_gelu_view_5,"(2152, 1, 1)","(128, 1, 1)","Vision: FFN GELU | triton_poi_fused_gelu_view_5 | grid=(2152, 1, 1) block=(128, 1, 1)",vlm.vision.camera0/triton_poi_fused_gelu_view_5,vlm.vision.camera0,vlm,17,bf16_tensor,24352.0,l2,4461728.0,,0.0,,,zero_counted_flops,
105,2728813,0,1,7,triton_poi_fused_gelu_view_5,"(2152, 1, 1)","(128, 1, 1)","Vision: FFN GELU | triton_poi_fused_gelu_view_5 | grid=(2152, 1, 1) block=(128, 1, 1)",vlm.vision.camera0/triton_poi_fused_gelu_view_5,vlm.vision.camera0,vlm,17,fp32_simt,24352.0,l2,4461728.0,,15400823.0,3.4517619630779826,0.6324253860052562,ok,
106,2728813,0,1,7,nvjet_sm110_tst_144x128_64x6_4x1_v_bz_bias_TNN,"(16, 1, 1)","(256, 1, 1)","Vision: FFN contraction + bias | nvjet_sm110_tst_144x128_64x6_4x1_v_bz_bias_TNN | grid=(16, 1, 1) block=(256, 1, 1)",vlm.vision.camera0/nvjet_sm110_tst_144x128_64x6_4x1_v_bz_bias_TNN,vlm.vision.camera0,vlm,18,bf16_tensor,70368.0,l2,24643712.0,,2566914048.0,104.16101470427832,36.47842837653479,ok,
106,2728813,0,1,7,nvjet_sm110_tst_144x128_64x6_4x1_v_bz_bias_TNN,"(16, 1, 1)","(256, 1, 1)","Vision: FFN contraction + bias | nvjet_sm110_tst_144x128_64x6_4x1_v_bz_bias_TNN | grid=(16, 1, 1) block=(256, 1, 1)",vlm.vision.camera0/nvjet_sm110_tst_144x128_64x6_4x1_v_bz_bias_TNN,vlm.vision.camera0,vlm,18,fp32_simt,70368.0,l2,24643712.0,,884736.0,0.035901085031345925,0.012572987721691678,ok,
107,2728813,0,1,7,triton_red_fused_add_native_layer_norm_view_8,"(256, 1, 1)","(64, 1, 1)","Vision: residual/LayerNorm fusion 8 | triton_red_fused_add_native_layer_norm_view_8 | grid=(256, 1, 1) block=(64, 1, 1)",vlm.vision.camera0/triton_red_fused_add_native_layer_norm_view_8,vlm.vision.camera0,vlm,36,bf16_tensor,27168.0,l2,3234496.0,,0.0,,,zero_counted_flops,
107,2728813,0,1,7,triton_red_fused_add_native_layer_norm_view_8,"(256, 1, 1)","(64, 1, 1)","Vision: residual/LayerNorm fusion 8 | triton_red_fused_add_native_layer_norm_view_8 | grid=(256, 1, 1) block=(64, 1, 1)",vlm.vision.camera0/triton_red_fused_add_native_layer_norm_view_8,vlm.vision.camera0,vlm,36,fp32_simt,27168.0,l2,3234496.0,,6619136.0,2.0464195967470666,0.2436372202591284,ok,
108,2728813,0,1,7,nvjet_sm110_tst_128x128_64x6_1x2_h_bz_bias_TNT,"(18, 1, 1)","(256, 1, 1)","Vision: attention Q/K/V/O projections | nvjet_sm110_tst_128x128_64x6_1x2_h_bz_bias_TNT | grid=(18, 1, 1) block=(256, 1, 1)",vlm.vision.camera0/nvjet_sm110_tst_128x128_64x6_1x2_h_bz_bias_TNT,vlm.vision.camera0,vlm,24,bf16_tensor,28512.0,l2,8002592.0,,679477248.0,84.90714608466857,23.831272727272726,ok,
108,2728813,0,1,7,nvjet_sm110_tst_128x128_64x6_1x2_h_bz_bias_TNT,"(18, 1, 1)","(256, 1, 1)","Vision: attention Q/K/V/O projections | nvjet_sm110_tst_128x128_64x6_1x2_h_bz_bias_TNT | grid=(18, 1, 1) block=(256, 1, 1)",vlm.vision.camera0/nvjet_sm110_tst_128x128_64x6_1x2_h_bz_bias_TNT,vlm.vision.camera0,vlm,24,fp32_simt,28512.0,l2,8002592.0,,884736.0,0.11055617979774553,0.03103030303030303,ok,
109,2728813,0,1,7,nvjet_sm110_tst_128x128_64x6_1x2_h_bz_bias_TNT,"(18, 1, 1)","(256, 1, 1)","Vision: attention Q/K/V/O projections | nvjet_sm110_tst_128x128_64x6_1x2_h_bz_bias_TNT | grid=(18, 1, 1) block=(256, 1, 1)",vlm.vision.camera0/nvjet_sm110_tst_128x128_64x6_1x2_h_bz_bias_TNT,vlm.vision.camera0,vlm,24,bf16_tensor,27744.0,l2,8000448.0,,679477248.0,84.92989992560416,24.49096193771626,ok,
109,2728813,0,1,7,nvjet_sm110_tst_128x128_64x6_1x2_h_bz_bias_TNT,"(18, 1, 1)","(256, 1, 1)","Vision: attention Q/K/V/O projections | nvjet_sm110_tst_128x128_64x6_1x2_h_bz_bias_TNT | grid=(18, 1, 1) block=(256, 1, 1)",vlm.vision.camera0/nvjet_sm110_tst_128x128_64x6_1x2_h_bz_bias_TNT,vlm.vision.camera0,vlm,24,fp32_simt,27744.0,l2,8000448.0,,884736.0,0.11058580719479709,0.03188927335640138,ok,
110,2728813,0,1,7,nvjet_sm110_tst_128x128_64x6_1x2_h_bz_bias_TNT,"(18, 1, 1)","(256, 1, 1)","Vision: attention Q/K/V/O projections | nvjet_sm110_tst_128x128_64x6_1x2_h_bz_bias_TNT | grid=(18, 1, 1) block=(256, 1, 1)",vlm.vision.camera0/nvjet_sm110_tst_128x128_64x6_1x2_h_bz_bias_TNT,vlm.vision.camera0,vlm,24,bf16_tensor,29120.000000000004,l2,8000864.0,,679477248.0,84.92548404772285,23.333696703296702,ok,
110,2728813,0,1,7,nvjet_sm110_tst_128x128_64x6_1x2_h_bz_bias_TNT,"(18, 1, 1)","(256, 1, 1)","Vision: attention Q/K/V/O projections | nvjet_sm110_tst_128x128_64x6_1x2_h_bz_bias_TNT | grid=(18, 1, 1) block=(256, 1, 1)",vlm.vision.camera0/nvjet_sm110_tst_128x128_64x6_1x2_h_bz_bias_TNT,vlm.vision.camera0,vlm,24,fp32_simt,29120.000000000004,l2,8000864.0,,884736.0,0.11058005735380579,0.03038241758241758,ok,
111,2728813,0,1,7,"void pytorch_flash::flash_fwd_kernel<Flash_fwd_kernel_traits<96, 128, 64, 4, 0, 0, cutlass::bfloat16_t, Flash_kernel_traits<96, 128, 64, 4, cutlass::bfloat16_t>>, 0, 0, 0, 0, 0, 0, 0, 0>(pytorch_flash::Flash_fwd_params)","(2, 1, 16)","(128, 1, 1)","Vision: FlashAttention | void pytorch_flash::flash_fwd_kernel<Flash_fwd_kernel_traits<96, 128, 64, 4, 0, 0, cutlass::bfloat16_t, Flash_kernel_traits<96, 128, 64, 4, cutlass::bfloat16_t>>, 0, 0, 0, 0, 0, 0, 0, 0>(pytorch_flash::Flash_fwd_params) | grid=(2, 1, 16) block=(128, 1, 1)","vlm.vision.camera0/void pytorch_flash::flash_fwd_kernel<Flash_fwd_kernel_traits<(int)96, (int)128, (int)64, (int)4, (bool)0, (bool)0, cutlass::bfloat16_t, Flash_kernel_traits<(int)96, (int)128, (int)64, (int)4, cutlass::bfloat16_t>>, (bool)0, (bool)0, (bool)0, (bool)0, (bool)0, (bool)0, (bool)0, (bool)0>(pytorch_flash::Flash_fwd_params)",vlm.vision.camera0,vlm,20,bf16_tensor,30784.000000000004,l2,5486784.0,,402653184.0,73.38600972810302,13.079950103950104,ok,
111,2728813,0,1,7,"void pytorch_flash::flash_fwd_kernel<Flash_fwd_kernel_traits<96, 128, 64, 4, 0, 0, cutlass::bfloat16_t, Flash_kernel_traits<96, 128, 64, 4, cutlass::bfloat16_t>>, 0, 0, 0, 0, 0, 0, 0, 0>(pytorch_flash::Flash_fwd_params)","(2, 1, 16)","(128, 1, 1)","Vision: FlashAttention | void pytorch_flash::flash_fwd_kernel<Flash_fwd_kernel_traits<96, 128, 64, 4, 0, 0, cutlass::bfloat16_t, Flash_kernel_traits<96, 128, 64, 4, cutlass::bfloat16_t>>, 0, 0, 0, 0, 0, 0, 0, 0>(pytorch_flash::Flash_fwd_params) | grid=(2, 1, 16) block=(128, 1, 1)","vlm.vision.camera0/void pytorch_flash::flash_fwd_kernel<Flash_fwd_kernel_traits<(int)96, (int)128, (int)64, (int)4, (bool)0, (bool)0, cutlass::bfloat16_t, Flash_kernel_traits<(int)96, (int)128, (int)64, (int)4, cutlass::bfloat16_t>>, (bool)0, (bool)0, (bool)0, (bool)0, (bool)0, (bool)0, (bool)0, (bool)0>(pytorch_flash::Flash_fwd_params)",vlm.vision.camera0,vlm,20,fp32_simt,30784.000000000004,l2,5486784.0,,5079040.0,0.9256861578658828,0.164989604989605,ok,
112,2728813,0,1,7,nvjet_sm110_tst_128x128_64x6_1x2_h_bz_bias_TNT,"(18, 1, 1)","(256, 1, 1)","Vision: attention Q/K/V/O projections | nvjet_sm110_tst_128x128_64x6_1x2_h_bz_bias_TNT | grid=(18, 1, 1) block=(256, 1, 1)",vlm.vision.camera0/nvjet_sm110_tst_128x128_64x6_1x2_h_bz_bias_TNT,vlm.vision.camera0,vlm,24,bf16_tensor,26944.0,l2,8002272.0,,679477248.0,84.91054140624063,25.218128266033254,ok,
112,2728813,0,1,7,nvjet_sm110_tst_128x128_64x6_1x2_h_bz_bias_TNT,"(18, 1, 1)","(256, 1, 1)","Vision: attention Q/K/V/O projections | nvjet_sm110_tst_128x128_64x6_1x2_h_bz_bias_TNT | grid=(18, 1, 1) block=(256, 1, 1)",vlm.vision.camera0/nvjet_sm110_tst_128x128_64x6_1x2_h_bz_bias_TNT,vlm.vision.camera0,vlm,24,fp32_simt,26944.0,l2,8002272.0,,884736.0,0.11056060078937582,0.03283610451306413,ok,
113,2728813,0,1,7,triton_red_fused_add_native_layer_norm_view_9,"(256, 1, 1)","(512, 1, 1)","Vision: residual/LayerNorm fusion 9 | triton_red_fused_add_native_layer_norm_view_9 | grid=(256, 1, 1) block=(512, 1, 1)",vlm.vision.camera0/triton_red_fused_add_native_layer_norm_view_9,vlm.vision.camera0,vlm,37,bf16_tensor,33216.0,l2,4267776.0,,0.0,,,zero_counted_flops,
113,2728813,0,1,7,triton_red_fused_add_native_layer_norm_view_9,"(256, 1, 1)","(512, 1, 1)","Vision: residual/LayerNorm fusion 9 | triton_red_fused_add_native_layer_norm_view_9 | grid=(256, 1, 1) block=(512, 1, 1)",vlm.vision.camera0/triton_red_fused_add_native_layer_norm_view_9,vlm.vision.camera0,vlm,37,fp32_simt,33216.0,l2,4267776.0,,21916192.0,5.135272329194409,0.6598082851637765,ok,
114,2728813,0,1,7,nvjet_sm110_tst_224x128_64x7_1x2_2cta_h_bz_bias_TNN,"(40, 1, 1)","(256, 1, 1)","Vision: FFN expansion + bias | nvjet_sm110_tst_224x128_64x7_1x2_2cta_h_bz_bias_TNN | grid=(40, 1, 1) block=(256, 1, 1)",vlm.vision.camera0/nvjet_sm110_tst_224x128_64x7_1x2_2cta_h_bz_bias_TNN,vlm.vision.camera0,vlm,19,bf16_tensor,56736.0,l2,23389184.0,,2642411520.0,112.97578915108795,46.573807106598984,ok,
114,2728813,0,1,7,nvjet_sm110_tst_224x128_64x7_1x2_2cta_h_bz_bias_TNN,"(40, 1, 1)","(256, 1, 1)","Vision: FFN expansion + bias | nvjet_sm110_tst_224x128_64x7_1x2_2cta_h_bz_bias_TNN | grid=(40, 1, 1) block=(256, 1, 1)",vlm.vision.camera0/nvjet_sm110_tst_224x128_64x7_1x2_2cta_h_bz_bias_TNN,vlm.vision.camera0,vlm,19,fp32_simt,56736.0,l2,23389184.0,,3440640.0,0.14710389212381245,0.06064297800338409,ok,
115,2728813,0,1,7,triton_poi_fused_gelu_view_5,"(2152, 1, 1)","(128, 1, 1)","Vision: FFN GELU | triton_poi_fused_gelu_view_5 | grid=(2152, 1, 1) block=(128, 1, 1)",vlm.vision.camera0/triton_poi_fused_gelu_view_5,vlm.vision.camera0,vlm,17,bf16_tensor,26176.0,l2,4462208.0,,0.0,,,zero_counted_flops,
115,2728813,0,1,7,triton_poi_fused_gelu_view_5,"(2152, 1, 1)","(128, 1, 1)","Vision: FFN GELU | triton_poi_fused_gelu_view_5 | grid=(2152, 1, 1) block=(128, 1, 1)",vlm.vision.camera0/triton_poi_fused_gelu_view_5,vlm.vision.camera0,vlm,17,fp32_simt,26176.0,l2,4462208.0,,15316977.0,3.4326004076905425,0.5851534611858191,ok,
116,2728813,0,1,7,nvjet_sm110_tst_144x128_64x6_4x1_v_bz_bias_TNN,"(16, 1, 1)","(256, 1, 1)","Vision: FFN contraction + bias | nvjet_sm110_tst_144x128_64x6_4x1_v_bz_bias_TNN | grid=(16, 1, 1) block=(256, 1, 1)",vlm.vision.camera0/nvjet_sm110_tst_144x128_64x6_4x1_v_bz_bias_TNN,vlm.vision.camera0,vlm,18,bf16_tensor,67008.0,l2,24616832.0,,2566914048.0,104.27475184459153,38.30757593123209,ok,
116,2728813,0,1,7,nvjet_sm110_tst_144x128_64x6_4x1_v_bz_bias_TNN,"(16, 1, 1)","(256, 1, 1)","Vision: FFN contraction + bias | nvjet_sm110_tst_144x128_64x6_4x1_v_bz_bias_TNN | grid=(16, 1, 1) block=(256, 1, 1)",vlm.vision.camera0/nvjet_sm110_tst_144x128_64x6_4x1_v_bz_bias_TNN,vlm.vision.camera0,vlm,18,fp32_simt,67008.0,l2,24616832.0,,884736.0,0.035940286711141384,0.013203438395415473,ok,
117,2728813,0,1,7,triton_red_fused_add_native_layer_norm_view_6,"(128, 1, 1)","(128, 1, 1)","Vision: residual/LayerNorm fusion 6 | triton_red_fused_add_native_layer_norm_view_6 | grid=(128, 1, 1) block=(128, 1, 1)",vlm.vision.camera0/triton_red_fused_add_native_layer_norm_view_6,vlm.vision.camera0,vlm,34,bf16_tensor,23200.0,l2,1934336.0,,0.0,,,zero_counted_flops,
117,2728813,0,1,7,triton_red_fused_add_native_layer_norm_view_6,"(128, 1, 1)","(128, 1, 1)","Vision: residual/LayerNorm fusion 6 | triton_red_fused_add_native_layer_norm_view_6 | grid=(128, 1, 1) block=(128, 1, 1)",vlm.vision.camera0/triton_red_fused_add_native_layer_norm_view_6,vlm.vision.camera0,vlm,34,fp32_simt,23200.0,l2,1934336.0,,5214720.0,2.6958708311275807,0.22477241379310342,ok,
118,2728813,0,1,7,nvjet_sm110_tst_128x128_64x6_1x2_h_bz_bias_TNT,"(18, 1, 1)","(256, 1, 1)","Vision: attention Q/K/V/O projections | nvjet_sm110_tst_128x128_64x6_1x2_h_bz_bias_TNT | grid=(18, 1, 1) block=(256, 1, 1)",vlm.vision.camera0/nvjet_sm110_tst_128x128_64x6_1x2_h_bz_bias_TNT,vlm.vision.camera0,vlm,24,bf16_tensor,28928.0,l2,8002304.0,,679477248.0,84.91020186186378,23.488566371681415,ok,
118,2728813,0,1,7,nvjet_sm110_tst_128x128_64x6_1x2_h_bz_bias_TNT,"(18, 1, 1)","(256, 1, 1)","Vision: attention Q/K/V/O projections | nvjet_sm110_tst_128x128_64x6_1x2_h_bz_bias_TNT | grid=(18, 1, 1) block=(256, 1, 1)",vlm.vision.camera0/nvjet_sm110_tst_128x128_64x6_1x2_h_bz_bias_TNT,vlm.vision.camera0,vlm,24,fp32_simt,28928.0,l2,8002304.0,,884736.0,0.1105601586743018,0.030584070796460174,ok,
119,2728813,0,1,7,nvjet_sm110_tst_128x128_64x6_1x2_h_bz_bias_TNT,"(18, 1, 1)","(256, 1, 1)","Vision: attention Q/K/V/O projections | nvjet_sm110_tst_128x128_64x6_1x2_h_bz_bias_TNT | grid=(18, 1, 1) block=(256, 1, 1)",vlm.vision.camera0/nvjet_sm110_tst_128x128_64x6_1x2_h_bz_bias_TNT,vlm.vision.camera0,vlm,24,bf16_tensor,29856.000000000004,l2,7996160.0,,679477248.0,84.97544421322235,22.758482315112538,ok,
119,2728813,0,1,7,nvjet_sm110_tst_128x128_64x6_1x2_h_bz_bias_TNT,"(18, 1, 1)","(256, 1, 1)","Vision: attention Q/K/V/O projections | nvjet_sm110_tst_128x128_64x6_1x2_h_bz_bias_TNT | grid=(18, 1, 1) block=(256, 1, 1)",vlm.vision.camera0/nvjet_sm110_tst_128x128_64x6_1x2_h_bz_bias_TNT,vlm.vision.camera0,vlm,24,fp32_simt,29856.000000000004,l2,7996160.0,,884736.0,0.11064510965263326,0.029633440514469447,ok,
120,2728813,0,1,7,nvjet_sm110_tst_128x128_64x6_1x2_h_bz_bias_TNT,"(18, 1, 1)","(256, 1, 1)","Vision: attention Q/K/V/O projections | nvjet_sm110_tst_128x128_64x6_1x2_h_bz_bias_TNT | grid=(18, 1, 1) block=(256, 1, 1)",vlm.vision.camera0/nvjet_sm110_tst_128x128_64x6_1x2_h_bz_bias_TNT,vlm.vision.camera0,vlm,24,bf16_tensor,28128.000000000004,l2,8001472.0,,679477248.0,84.91903089831472,24.156614334470987,ok,
120,2728813,0,1,7,nvjet_sm110_tst_128x128_64x6_1x2_h_bz_bias_TNT,"(18, 1, 1)","(256, 1, 1)","Vision: attention Q/K/V/O projections | nvjet_sm110_tst_128x128_64x6_1x2_h_bz_bias_TNT | grid=(18, 1, 1) block=(256, 1, 1)",vlm.vision.camera0/nvjet_sm110_tst_128x128_64x6_1x2_h_bz_bias_TNT,vlm.vision.camera0,vlm,24,fp32_simt,28128.000000000004,l2,8001472.0,,884736.0,0.11057165481551394,0.03145392491467577,ok,
121,2728813,0,1,7,"void pytorch_flash::flash_fwd_kernel<Flash_fwd_kernel_traits<96, 128, 64, 4, 0, 0, cutlass::bfloat16_t, Flash_kernel_traits<96, 128, 64, 4, cutlass::bfloat16_t>>, 0, 0, 0, 0, 0, 0, 0, 0>(pytorch_flash::Flash_fwd_params)","(2, 1, 16)","(128, 1, 1)","Vision: FlashAttention | void pytorch_flash::flash_fwd_kernel<Flash_fwd_kernel_traits<96, 128, 64, 4, 0, 0, cutlass::bfloat16_t, Flash_kernel_traits<96, 128, 64, 4, cutlass::bfloat16_t>>, 0, 0, 0, 0, 0, 0, 0, 0>(pytorch_flash::Flash_fwd_params) | grid=(2, 1, 16) block=(128, 1, 1)","vlm.vision.camera0/void pytorch_flash::flash_fwd_kernel<Flash_fwd_kernel_traits<(int)96, (int)128, (int)64, (int)4, (bool)0, (bool)0, cutlass::bfloat16_t, Flash_kernel_traits<(int)96, (int)128, (int)64, (int)4, cutlass::bfloat16_t>>, (bool)0, (bool)0, (bool)0, (bool)0, (bool)0, (bool)0, (bool)0, (bool)0>(pytorch_flash::Flash_fwd_params)",vlm.vision.camera0,vlm,20,bf16_tensor,29536.000000000004,l2,5460256.0,,402653184.0,73.74254686959732,13.632624052004331,ok,
121,2728813,0,1,7,"void pytorch_flash::flash_fwd_kernel<Flash_fwd_kernel_traits<96, 128, 64, 4, 0, 0, cutlass::bfloat16_t, Flash_kernel_traits<96, 128, 64, 4, cutlass::bfloat16_t>>, 0, 0, 0, 0, 0, 0, 0, 0>(pytorch_flash::Flash_fwd_params)","(2, 1, 16)","(128, 1, 1)","Vision: FlashAttention | void pytorch_flash::flash_fwd_kernel<Flash_fwd_kernel_traits<96, 128, 64, 4, 0, 0, cutlass::bfloat16_t, Flash_kernel_traits<96, 128, 64, 4, cutlass::bfloat16_t>>, 0, 0, 0, 0, 0, 0, 0, 0>(pytorch_flash::Flash_fwd_params) | grid=(2, 1, 16) block=(128, 1, 1)","vlm.vision.camera0/void pytorch_flash::flash_fwd_kernel<Flash_fwd_kernel_traits<(int)96, (int)128, (int)64, (int)4, (bool)0, (bool)0, cutlass::bfloat16_t, Flash_kernel_traits<(int)96, (int)128, (int)64, (int)4, cutlass::bfloat16_t>>, (bool)0, (bool)0, (bool)0, (bool)0, (bool)0, (bool)0, (bool)0, (bool)0>(pytorch_flash::Flash_fwd_params)",vlm.vision.camera0,vlm,20,fp32_simt,29536.000000000004,l2,5460256.0,,5079040.0,0.9301834932281563,0.17196099674972912,ok,
122,2728813,0,1,7,nvjet_sm110_tst_128x128_64x6_1x2_h_bz_bias_TNT,"(18, 1, 1)","(256, 1, 1)","Vision: attention Q/K/V/O projections | nvjet_sm110_tst_128x128_64x6_1x2_h_bz_bias_TNT | grid=(18, 1, 1) block=(256, 1, 1)",vlm.vision.camera0/nvjet_sm110_tst_128x128_64x6_1x2_h_bz_bias_TNT,vlm.vision.camera0,vlm,24,bf16_tensor,29728.0,l2,7996064.0,,679477248.0,84.97646442049488,22.85647362755651,ok,
122,2728813,0,1,7,nvjet_sm110_tst_128x128_64x6_1x2_h_bz_bias_TNT,"(18, 1, 1)","(256, 1, 1)","Vision: attention Q/K/V/O projections | nvjet_sm110_tst_128x128_64x6_1x2_h_bz_bias_TNT | grid=(18, 1, 1) block=(256, 1, 1)",vlm.vision.camera0/nvjet_sm110_tst_128x128_64x6_1x2_h_bz_bias_TNT,vlm.vision.camera0,vlm,24,fp32_simt,29728.0,l2,7996064.0,,884736.0,0.11064643804751938,0.029761033369214207,ok,
123,2728813,0,1,7,triton_red_fused_add_native_layer_norm_view_7,"(256, 1, 1)","(64, 1, 1)","Vision: residual/LayerNorm fusion 7 | triton_red_fused_add_native_layer_norm_view_7 | grid=(256, 1, 1) block=(64, 1, 1)",vlm.vision.camera0/triton_red_fused_add_native_layer_norm_view_7,vlm.vision.camera0,vlm,35,bf16_tensor,25696.000000000004,l2,2562240.0,,0.0,,,zero_counted_flops,
123,2728813,0,1,7,triton_red_fused_add_native_layer_norm_view_7,"(256, 1, 1)","(64, 1, 1)","Vision: residual/LayerNorm fusion 7 | triton_red_fused_add_native_layer_norm_view_7 | grid=(256, 1, 1) block=(64, 1, 1)",vlm.vision.camera0/triton_red_fused_add_native_layer_norm_view_7,vlm.vision.camera0,vlm,35,fp32_simt,25696.000000000004,l2,2562240.0,,5392196.0,2.104485138004246,0.20984573474470733,ok,
124,2728813,0,1,7,nvjet_sm110_tst_224x128_64x7_1x2_2cta_h_bz_bias_TNN,"(40, 1, 1)","(256, 1, 1)","Vision: FFN expansion + bias | nvjet_sm110_tst_224x128_64x7_1x2_2cta_h_bz_bias_TNN | grid=(40, 1, 1) block=(256, 1, 1)",vlm.vision.camera0/nvjet_sm110_tst_224x128_64x7_1x2_2cta_h_bz_bias_TNN,vlm.vision.camera0,vlm,19,bf16_tensor,64512.00000000001,l2,23268864.0,,2642411520.0,113.55997095517856,40.959999999999994,ok,
124,2728813,0,1,7,nvjet_sm110_tst_224x128_64x7_1x2_2cta_h_bz_bias_TNN,"(40, 1, 1)","(256, 1, 1)","Vision: FFN expansion + bias | nvjet_sm110_tst_224x128_64x7_1x2_2cta_h_bz_bias_TNN | grid=(40, 1, 1) block=(256, 1, 1)",vlm.vision.camera0/nvjet_sm110_tst_224x128_64x7_1x2_2cta_h_bz_bias_TNN,vlm.vision.camera0,vlm,19,fp32_simt,64512.00000000001,l2,23268864.0,,3440640.0,0.1478645455145554,0.05333333333333333,ok,
125,2728813,0,1,7,triton_poi_fused_gelu_view_5,"(2152, 1, 1)","(128, 1, 1)","Vision: FFN GELU | triton_poi_fused_gelu_view_5 | grid=(2152, 1, 1) block=(128, 1, 1)",vlm.vision.camera0/triton_poi_fused_gelu_view_5,vlm.vision.camera0,vlm,17,bf16_tensor,25664.0,l2,4459200.0,,0.0,,,zero_counted_flops,
125,2728813,0,1,7,triton_poi_fused_gelu_view_5,"(2152, 1, 1)","(128, 1, 1)","Vision: FFN GELU | triton_poi_fused_gelu_view_5 | grid=(2152, 1, 1) block=(128, 1, 1)",vlm.vision.camera0/triton_poi_fused_gelu_view_5,vlm.vision.camera0,vlm,17,fp32_simt,25664.0,l2,4459200.0,,15353657.0,3.443141594904916,0.5982565850997507,ok,
126,2728813,0,1,7,nvjet_sm110_tst_144x128_64x6_4x1_v_bz_bias_TNN,"(16, 1, 1)","(256, 1, 1)","Vision: FFN contraction + bias | nvjet_sm110_tst_144x128_64x6_4x1_v_bz_bias_TNN | grid=(16, 1, 1) block=(256, 1, 1)",vlm.vision.camera0/nvjet_sm110_tst_144x128_64x6_4x1_v_bz_bias_TNN,vlm.vision.camera0,vlm,18,bf16_tensor,68864.00000000001,l2,24620480.0,,2566914048.0,104.25930152458442,37.27512267657992,ok,
126,2728813,0,1,7,nvjet_sm110_tst_144x128_64x6_4x1_v_bz_bias_TNN,"(16, 1, 1)","(256, 1, 1)","Vision: FFN contraction + bias | nvjet_sm110_tst_144x128_64x6_4x1_v_bz_bias_TNN | grid=(16, 1, 1) block=(256, 1, 1)",vlm.vision.camera0/nvjet_sm110_tst_144x128_64x6_4x1_v_bz_bias_TNN,vlm.vision.camera0,vlm,18,fp32_simt,68864.00000000001,l2,24620480.0,,884736.0,0.035934961462977165,0.012847583643122674,ok,
127,2728813,0,1,7,triton_red_fused_add_native_layer_norm_view_8,"(256, 1, 1)","(64, 1, 1)","Vision: residual/LayerNorm fusion 8 | triton_red_fused_add_native_layer_norm_view_8 | grid=(256, 1, 1) block=(64, 1, 1)",vlm.vision.camera0/triton_red_fused_add_native_layer_norm_view_8,vlm.vision.camera0,vlm,36,bf16_tensor,27360.000000000004,l2,3206368.0,,0.0,,,zero_counted_flops,
127,2728813,0,1,7,triton_red_fused_add_native_layer_norm_view_8,"(256, 1, 1)","(64, 1, 1)","Vision: residual/LayerNorm fusion 8 | triton_red_fused_add_native_layer_norm_view_8 | grid=(256, 1, 1) block=(64, 1, 1)",vlm.vision.camera0/triton_red_fused_add_native_layer_norm_view_8,vlm.vision.camera0,vlm,36,fp32_simt,27360.000000000004,l2,3206368.0,,6619136.0,2.064371899919161,0.24192748538011694,ok,
128,2728813,0,1,7,nvjet_sm110_tst_128x128_64x6_1x2_h_bz_bias_TNT,"(18, 1, 1)","(256, 1, 1)","Vision: attention Q/K/V/O projections | nvjet_sm110_tst_128x128_64x6_1x2_h_bz_bias_TNT | grid=(18, 1, 1) block=(256, 1, 1)",vlm.vision.camera0/nvjet_sm110_tst_128x128_64x6_1x2_h_bz_bias_TNT,vlm.vision.camera0,vlm,24,bf16_tensor,27072.0,l2,7999424.0,,679477248.0,84.94077173556497,25.09889361702128,ok,
128,2728813,0,1,7,nvjet_sm110_tst_128x128_64x6_1x2_h_bz_bias_TNT,"(18, 1, 1)","(256, 1, 1)","Vision: attention Q/K/V/O projections | nvjet_sm110_tst_128x128_64x6_1x2_h_bz_bias_TNT | grid=(18, 1, 1) block=(256, 1, 1)",vlm.vision.camera0/nvjet_sm110_tst_128x128_64x6_1x2_h_bz_bias_TNT,vlm.vision.camera0,vlm,24,fp32_simt,27072.0,l2,7999424.0,,884736.0,0.11059996319735022,0.032680851063829786,ok,
129,2728813,0,1,7,nvjet_sm110_tst_128x128_64x6_1x2_h_bz_bias_TNT,"(18, 1, 1)","(256, 1, 1)","Vision: attention Q/K/V/O projections | nvjet_sm110_tst_128x128_64x6_1x2_h_bz_bias_TNT | grid=(18, 1, 1) block=(256, 1, 1)",vlm.vision.camera0/nvjet_sm110_tst_128x128_64x6_1x2_h_bz_bias_TNT,vlm.vision.camera0,vlm,24,bf16_tensor,28448.000000000004,l2,8001312.0,,679477248.0,84.92072900044393,23.88488638920135,ok,
129,2728813,0,1,7,nvjet_sm110_tst_128x128_64x6_1x2_h_bz_bias_TNT,"(18, 1, 1)","(256, 1, 1)","Vision: attention Q/K/V/O projections | nvjet_sm110_tst_128x128_64x6_1x2_h_bz_bias_TNT | grid=(18, 1, 1) block=(256, 1, 1)",vlm.vision.camera0/nvjet_sm110_tst_128x128_64x6_1x2_h_bz_bias_TNT,vlm.vision.camera0,vlm,24,fp32_simt,28448.000000000004,l2,8001312.0,,884736.0,0.1105738658859947,0.031100112485939253,ok,
130,2728813,0,1,7,nvjet_sm110_tst_128x128_64x6_1x2_h_bz_bias_TNT,"(18, 1, 1)","(256, 1, 1)","Vision: attention Q/K/V/O projections | nvjet_sm110_tst_128x128_64x6_1x2_h_bz_bias_TNT | grid=(18, 1, 1) block=(256, 1, 1)",vlm.vision.camera0/nvjet_sm110_tst_128x128_64x6_1x2_h_bz_bias_TNT,vlm.vision.camera0,vlm,24,bf16_tensor,29696.0,l2,8002080.0,,679477248.0,84.91257872953032,22.88110344827586,ok,
130,2728813,0,1,7,nvjet_sm110_tst_128x128_64x6_1x2_h_bz_bias_TNT,"(18, 1, 1)","(256, 1, 1)","Vision: attention Q/K/V/O projections | nvjet_sm110_tst_128x128_64x6_1x2_h_bz_bias_TNT | grid=(18, 1, 1) block=(256, 1, 1)",vlm.vision.camera0/nvjet_sm110_tst_128x128_64x6_1x2_h_bz_bias_TNT,vlm.vision.camera0,vlm,24,fp32_simt,29696.0,l2,8002080.0,,884736.0,0.11056325355407594,0.02979310344827586,ok,
131,2728813,0,1,7,"void pytorch_flash::flash_fwd_kernel<Flash_fwd_kernel_traits<96, 128, 64, 4, 0, 0, cutlass::bfloat16_t, Flash_kernel_traits<96, 128, 64, 4, cutlass::bfloat16_t>>, 0, 0, 0, 0, 0, 0, 0, 0>(pytorch_flash::Flash_fwd_params)","(2, 1, 16)","(128, 1, 1)","Vision: FlashAttention | void pytorch_flash::flash_fwd_kernel<Flash_fwd_kernel_traits<96, 128, 64, 4, 0, 0, cutlass::bfloat16_t, Flash_kernel_traits<96, 128, 64, 4, cutlass::bfloat16_t>>, 0, 0, 0, 0, 0, 0, 0, 0>(pytorch_flash::Flash_fwd_params) | grid=(2, 1, 16) block=(128, 1, 1)","vlm.vision.camera0/void pytorch_flash::flash_fwd_kernel<Flash_fwd_kernel_traits<(int)96, (int)128, (int)64, (int)4, (bool)0, (bool)0, cutlass::bfloat16_t, Flash_kernel_traits<(int)96, (int)128, (int)64, (int)4, cutlass::bfloat16_t>>, (bool)0, (bool)0, (bool)0, (bool)0, (bool)0, (bool)0, (bool)0, (bool)0>(pytorch_flash::Flash_fwd_params)",vlm.vision.camera0,vlm,20,bf16_tensor,28288.0,l2,5480864.0,,402653184.0,73.46527554779685,14.234063348416289,ok,
131,2728813,0,1,7,"void pytorch_flash::flash_fwd_kernel<Flash_fwd_kernel_traits<96, 128, 64, 4, 0, 0, cutlass::bfloat16_t, Flash_kernel_traits<96, 128, 64, 4, cutlass::bfloat16_t>>, 0, 0, 0, 0, 0, 0, 0, 0>(pytorch_flash::Flash_fwd_params)","(2, 1, 16)","(128, 1, 1)","Vision: FlashAttention | void pytorch_flash::flash_fwd_kernel<Flash_fwd_kernel_traits<96, 128, 64, 4, 0, 0, cutlass::bfloat16_t, Flash_kernel_traits<96, 128, 64, 4, cutlass::bfloat16_t>>, 0, 0, 0, 0, 0, 0, 0, 0>(pytorch_flash::Flash_fwd_params) | grid=(2, 1, 16) block=(128, 1, 1)","vlm.vision.camera0/void pytorch_flash::flash_fwd_kernel<Flash_fwd_kernel_traits<(int)96, (int)128, (int)64, (int)4, (bool)0, (bool)0, cutlass::bfloat16_t, Flash_kernel_traits<(int)96, (int)128, (int)64, (int)4, cutlass::bfloat16_t>>, (bool)0, (bool)0, (bool)0, (bool)0, (bool)0, (bool)0, (bool)0, (bool)0>(pytorch_flash::Flash_fwd_params)",vlm.vision.camera0,vlm,20,fp32_simt,28288.0,l2,5480864.0,,5079040.0,0.9266860115485441,0.1795475113122172,ok,
132,2728813,0,1,7,nvjet_sm110_tst_128x128_64x6_1x2_h_bz_bias_TNT,"(18, 1, 1)","(256, 1, 1)","Vision: attention Q/K/V/O projections | nvjet_sm110_tst_128x128_64x6_1x2_h_bz_bias_TNT | grid=(18, 1, 1) block=(256, 1, 1)",vlm.vision.camera0/nvjet_sm110_tst_128x128_64x6_1x2_h_bz_bias_TNT,vlm.vision.camera0,vlm,24,bf16_tensor,32800.00000000001,l2,7996768.0,,679477248.0,84.9689834693216,20.715769756097558,ok,
132,2728813,0,1,7,nvjet_sm110_tst_128x128_64x6_1x2_h_bz_bias_TNT,"(18, 1, 1)","(256, 1, 1)","Vision: attention Q/K/V/O projections | nvjet_sm110_tst_128x128_64x6_1x2_h_bz_bias_TNT | grid=(18, 1, 1) block=(256, 1, 1)",vlm.vision.camera0/nvjet_sm110_tst_128x128_64x6_1x2_h_bz_bias_TNT,vlm.vision.camera0,vlm,24,fp32_simt,32800.00000000001,l2,7996768.0,,884736.0,0.11063669722567918,0.02697365853658536,ok,
133,2728813,0,1,7,triton_red_fused_add_native_layer_norm_view_9,"(256, 1, 1)","(512, 1, 1)","Vision: residual/LayerNorm fusion 9 | triton_red_fused_add_native_layer_norm_view_9 | grid=(256, 1, 1) block=(512, 1, 1)",vlm.vision.camera0/triton_red_fused_add_native_layer_norm_view_9,vlm.vision.camera0,vlm,37,bf16_tensor,29376.0,l2,4276960.0,,0.0,,,zero_counted_flops,
133,2728813,0,1,7,triton_red_fused_add_native_layer_norm_view_9,"(256, 1, 1)","(512, 1, 1)","Vision: residual/LayerNorm fusion 9 | triton_red_fused_add_native_layer_norm_view_9 | grid=(256, 1, 1) block=(512, 1, 1)",vlm.vision.camera0/triton_red_fused_add_native_layer_norm_view_9,vlm.vision.camera0,vlm,37,fp32_simt,29376.0,l2,4276960.0,,21910368.0,5.122883543451423,0.745859477124183,ok,
134,2728813,0,1,7,nvjet_sm110_tst_224x128_64x7_1x2_2cta_h_bz_bias_TNN,"(40, 1, 1)","(256, 1, 1)","Vision: FFN expansion + bias | nvjet_sm110_tst_224x128_64x7_1x2_2cta_h_bz_bias_TNN | grid=(40, 1, 1) block=(256, 1, 1)",vlm.vision.camera0/nvjet_sm110_tst_224x128_64x7_1x2_2cta_h_bz_bias_TNN,vlm.vision.camera0,vlm,19,bf16_tensor,61504.0,l2,23370336.0,,2642411520.0,113.06690327430465,42.96324661810614,ok,
134,2728813,0,1,7,nvjet_sm110_tst_224x128_64x7_1x2_2cta_h_bz_bias_TNN,"(40, 1, 1)","(256, 1, 1)","Vision: FFN expansion + bias | nvjet_sm110_tst_224x128_64x7_1x2_2cta_h_bz_bias_TNN | grid=(40, 1, 1) block=(256, 1, 1)",vlm.vision.camera0/nvjet_sm110_tst_224x128_64x7_1x2_2cta_h_bz_bias_TNN,vlm.vision.camera0,vlm,19,fp32_simt,61504.0,l2,23370336.0,,3440640.0,0.1472225303050842,0.05594172736732571,ok,
135,2728813,0,1,7,triton_poi_fused_gelu_view_5,"(2152, 1, 1)","(128, 1, 1)","Vision: FFN GELU | triton_poi_fused_gelu_view_5 | grid=(2152, 1, 1) block=(128, 1, 1)",vlm.vision.camera0/triton_poi_fused_gelu_view_5,vlm.vision.camera0,vlm,17,bf16_tensor,25600.000000000004,l2,4461792.0,,0.0,,,zero_counted_flops,
135,2728813,0,1,7,triton_poi_fused_gelu_view_5,"(2152, 1, 1)","(128, 1, 1)","Vision: FFN GELU | triton_poi_fused_gelu_view_5 | grid=(2152, 1, 1) block=(128, 1, 1)",vlm.vision.camera0/triton_poi_fused_gelu_view_5,vlm.vision.camera0,vlm,17,fp32_simt,25600.000000000004,l2,4461792.0,,15188569.0,3.4041409819193724,0.5933034765625,ok,
136,2728813,0,1,7,nvjet_sm110_tst_144x128_64x6_4x1_v_bz_bias_TNN,"(16, 1, 1)","(256, 1, 1)","Vision: FFN contraction + bias | nvjet_sm110_tst_144x128_64x6_4x1_v_bz_bias_TNN | grid=(16, 1, 1) block=(256, 1, 1)",vlm.vision.camera0/nvjet_sm110_tst_144x128_64x6_4x1_v_bz_bias_TNN,vlm.vision.camera0,vlm,18,bf16_tensor,82080.0,l2,24602144.0,,2566914048.0,104.33700607556804,31.273319298245614,ok,
136,2728813,0,1,7,nvjet_sm110_tst_144x128_64x6_4x1_v_bz_bias_TNN,"(16, 1, 1)","(256, 1, 1)","Vision: FFN contraction + bias | nvjet_sm110_tst_144x128_64x6_4x1_v_bz_bias_TNN | grid=(16, 1, 1) block=(256, 1, 1)",vlm.vision.camera0/nvjet_sm110_tst_144x128_64x6_4x1_v_bz_bias_TNN,vlm.vision.camera0,vlm,18,fp32_simt,82080.0,l2,24602144.0,,884736.0,0.03596174382200185,0.010778947368421053,ok,
137,2728813,0,1,7,triton_red_fused_add_native_layer_norm_view_6,"(128, 1, 1)","(128, 1, 1)","Vision: residual/LayerNorm fusion 6 | triton_red_fused_add_native_layer_norm_view_6 | grid=(128, 1, 1) block=(128, 1, 1)",vlm.vision.camera0/triton_red_fused_add_native_layer_norm_view_6,vlm.vision.camera0,vlm,34,bf16_tensor,22336.0,l2,1930752.0,,0.0,,,zero_counted_flops,
137,2728813,0,1,7,triton_red_fused_add_native_layer_norm_view_6,"(128, 1, 1)","(128, 1, 1)","Vision: residual/LayerNorm fusion 6 | triton_red_fused_add_native_layer_norm_view_6 | grid=(128, 1, 1) block=(128, 1, 1)",vlm.vision.camera0/triton_red_fused_add_native_layer_norm_view_6,vlm.vision.camera0,vlm,34,fp32_simt,22336.0,l2,1930752.0,,5202816.0,2.694709626093874,0.23293409742120344,ok,
138,2728813,0,1,7,nvjet_sm110_tst_128x128_64x6_1x2_h_bz_bias_TNT,"(18, 1, 1)","(256, 1, 1)","Vision: attention Q/K/V/O projections | nvjet_sm110_tst_128x128_64x6_1x2_h_bz_bias_TNT | grid=(18, 1, 1) block=(256, 1, 1)",vlm.vision.camera0/nvjet_sm110_tst_128x128_64x6_1x2_h_bz_bias_TNT,vlm.vision.camera0,vlm,24,bf16_tensor,30016.000000000004,l2,8003360.0,,679477248.0,84.89899842066332,22.6371684434968,ok,
138,2728813,0,1,7,nvjet_sm110_tst_128x128_64x6_1x2_h_bz_bias_TNT,"(18, 1, 1)","(256, 1, 1)","Vision: attention Q/K/V/O projections | nvjet_sm110_tst_128x128_64x6_1x2_h_bz_bias_TNT | grid=(18, 1, 1) block=(256, 1, 1)",vlm.vision.camera0/nvjet_sm110_tst_128x128_64x6_1x2_h_bz_bias_TNT,vlm.vision.camera0,vlm,24,fp32_simt,30016.000000000004,l2,8003360.0,,884736.0,0.1105455708602387,0.02947547974413646,ok,
139,2728813,0,1,7,nvjet_sm110_tst_128x128_64x6_1x2_h_bz_bias_TNT,"(18, 1, 1)","(256, 1, 1)","Vision: attention Q/K/V/O projections | nvjet_sm110_tst_128x128_64x6_1x2_h_bz_bias_TNT | grid=(18, 1, 1) block=(256, 1, 1)",vlm.vision.camera0/nvjet_sm110_tst_128x128_64x6_1x2_h_bz_bias_TNT,vlm.vision.camera0,vlm,24,bf16_tensor,28608.0,l2,8002272.0,,679477248.0,84.91054140624063,23.751302013422816,ok,
139,2728813,0,1,7,nvjet_sm110_tst_128x128_64x6_1x2_h_bz_bias_TNT,"(18, 1, 1)","(256, 1, 1)","Vision: attention Q/K/V/O projections | nvjet_sm110_tst_128x128_64x6_1x2_h_bz_bias_TNT | grid=(18, 1, 1) block=(256, 1, 1)",vlm.vision.camera0/nvjet_sm110_tst_128x128_64x6_1x2_h_bz_bias_TNT,vlm.vision.camera0,vlm,24,fp32_simt,28608.0,l2,8002272.0,,884736.0,0.11056060078937582,0.030926174496644296,ok,
140,2728813,0,1,7,nvjet_sm110_tst_128x128_64x6_1x2_h_bz_bias_TNT,"(18, 1, 1)","(256, 1, 1)","Vision: attention Q/K/V/O projections | nvjet_sm110_tst_128x128_64x6_1x2_h_bz_bias_TNT | grid=(18, 1, 1) block=(256, 1, 1)",vlm.vision.camera0/nvjet_sm110_tst_128x128_64x6_1x2_h_bz_bias_TNT,vlm.vision.camera0,vlm,24,bf16_tensor,27680.000000000004,l2,7999328.0,,679477248.0,84.94179111045328,24.547588439306356,ok,
140,2728813,0,1,7,nvjet_sm110_tst_128x128_64x6_1x2_h_bz_bias_TNT,"(18, 1, 1)","(256, 1, 1)","Vision: attention Q/K/V/O projections | nvjet_sm110_tst_128x128_64x6_1x2_h_bz_bias_TNT | grid=(18, 1, 1) block=(256, 1, 1)",vlm.vision.camera0/nvjet_sm110_tst_128x128_64x6_1x2_h_bz_bias_TNT,vlm.vision.camera0,vlm,24,fp32_simt,27680.000000000004,l2,7999328.0,,884736.0,0.1106012905084027,0.03196300578034682,ok,
141,2728813,0,1,7,"void pytorch_flash::flash_fwd_kernel<Flash_fwd_kernel_traits<96, 128, 64, 4, 0, 0, cutlass::bfloat16_t, Flash_kernel_traits<96, 128, 64, 4, cutlass::bfloat16_t>>, 0, 0, 0, 0, 0, 0, 0, 0>(pytorch_flash::Flash_fwd_params)","(2, 1, 16)","(128, 1, 1)","Vision: FlashAttention | void pytorch_flash::flash_fwd_kernel<Flash_fwd_kernel_traits<96, 128, 64, 4, 0, 0, cutlass::bfloat16_t, Flash_kernel_traits<96, 128, 64, 4, cutlass::bfloat16_t>>, 0, 0, 0, 0, 0, 0, 0, 0>(pytorch_flash::Flash_fwd_params) | grid=(2, 1, 16) block=(128, 1, 1)","vlm.vision.camera0/void pytorch_flash::flash_fwd_kernel<Flash_fwd_kernel_traits<(int)96, (int)128, (int)64, (int)4, (bool)0, (bool)0, cutlass::bfloat16_t, Flash_kernel_traits<(int)96, (int)128, (int)64, (int)4, cutlass::bfloat16_t>>, (bool)0, (bool)0, (bool)0, (bool)0, (bool)0, (bool)0, (bool)0, (bool)0>(pytorch_flash::Flash_fwd_params)",vlm.vision.camera0,vlm,20,bf16_tensor,32032.0,l2,5477888.0,,402653184.0,73.50518740069165,12.570341658341658,ok,
141,2728813,0,1,7,"void pytorch_flash::flash_fwd_kernel<Flash_fwd_kernel_traits<96, 128, 64, 4, 0, 0, cutlass::bfloat16_t, Flash_kernel_traits<96, 128, 64, 4, cutlass::bfloat16_t>>, 0, 0, 0, 0, 0, 0, 0, 0>(pytorch_flash::Flash_fwd_params)","(2, 1, 16)","(128, 1, 1)","Vision: FlashAttention | void pytorch_flash::flash_fwd_kernel<Flash_fwd_kernel_traits<96, 128, 64, 4, 0, 0, cutlass::bfloat16_t, Flash_kernel_traits<96, 128, 64, 4, cutlass::bfloat16_t>>, 0, 0, 0, 0, 0, 0, 0, 0>(pytorch_flash::Flash_fwd_params) | grid=(2, 1, 16) block=(128, 1, 1)","vlm.vision.camera0/void pytorch_flash::flash_fwd_kernel<Flash_fwd_kernel_traits<(int)96, (int)128, (int)64, (int)4, (bool)0, (bool)0, cutlass::bfloat16_t, Flash_kernel_traits<(int)96, (int)128, (int)64, (int)4, cutlass::bfloat16_t>>, (bool)0, (bool)0, (bool)0, (bool)0, (bool)0, (bool)0, (bool)0, (bool)0>(pytorch_flash::Flash_fwd_params)",vlm.vision.camera0,vlm,20,fp32_simt,32032.0,l2,5477888.0,,5079040.0,0.9271894569585942,0.15856143856143856,ok,
142,2728813,0,1,7,nvjet_sm110_tst_128x128_64x6_1x2_h_bz_bias_TNT,"(18, 1, 1)","(256, 1, 1)","Vision: attention Q/K/V/O projections | nvjet_sm110_tst_128x128_64x6_1x2_h_bz_bias_TNT | grid=(18, 1, 1) block=(256, 1, 1)",vlm.vision.camera0/nvjet_sm110_tst_128x128_64x6_1x2_h_bz_bias_TNT,vlm.vision.camera0,vlm,24,bf16_tensor,30688.0,l2,8003456.0,,679477248.0,84.89798007260863,22.141464025026067,ok,
142,2728813,0,1,7,nvjet_sm110_tst_128x128_64x6_1x2_h_bz_bias_TNT,"(18, 1, 1)","(256, 1, 1)","Vision: attention Q/K/V/O projections | nvjet_sm110_tst_128x128_64x6_1x2_h_bz_bias_TNT | grid=(18, 1, 1) block=(256, 1, 1)",vlm.vision.camera0/nvjet_sm110_tst_128x128_64x6_1x2_h_bz_bias_TNT,vlm.vision.camera0,vlm,24,fp32_simt,30688.0,l2,8003456.0,,884736.0,0.11054424488620916,0.028830031282586027,ok,
143,2728813,0,1,7,triton_red_fused_add_native_layer_norm_view_7,"(256, 1, 1)","(64, 1, 1)","Vision: residual/LayerNorm fusion 7 | triton_red_fused_add_native_layer_norm_view_7 | grid=(256, 1, 1) block=(64, 1, 1)",vlm.vision.camera0/triton_red_fused_add_native_layer_norm_view_7,vlm.vision.camera0,vlm,35,bf16_tensor,22176.000000000004,l2,2560000.0,,0.0,,,zero_counted_flops,
143,2728813,0,1,7,triton_red_fused_add_native_layer_norm_view_7,"(256, 1, 1)","(64, 1, 1)","Vision: residual/LayerNorm fusion 7 | triton_red_fused_add_native_layer_norm_view_7 | grid=(256, 1, 1) block=(64, 1, 1)",vlm.vision.camera0/triton_red_fused_add_native_layer_norm_view_7,vlm.vision.camera0,vlm,35,fp32_simt,22176.000000000004,l2,2560000.0,,5391576.0,2.106084375,0.24312662337662336,ok,
144,2728813,0,1,7,nvjet_sm110_tst_224x128_64x7_1x2_2cta_h_bz_bias_TNN,"(40, 1, 1)","(256, 1, 1)","Vision: FFN expansion + bias | nvjet_sm110_tst_224x128_64x7_1x2_2cta_h_bz_bias_TNN | grid=(40, 1, 1) block=(256, 1, 1)",vlm.vision.camera0/nvjet_sm110_tst_224x128_64x7_1x2_2cta_h_bz_bias_TNN,vlm.vision.camera0,vlm,19,bf16_tensor,57568.0,l2,23336672.0,,2642411520.0,113.23000640365515,45.900700389105054,ok,
144,2728813,0,1,7,nvjet_sm110_tst_224x128_64x7_1x2_2cta_h_bz_bias_TNN,"(40, 1, 1)","(256, 1, 1)","Vision: FFN expansion + bias | nvjet_sm110_tst_224x128_64x7_1x2_2cta_h_bz_bias_TNN | grid=(40, 1, 1) block=(256, 1, 1)",vlm.vision.camera0/nvjet_sm110_tst_224x128_64x7_1x2_2cta_h_bz_bias_TNN,vlm.vision.camera0,vlm,19,fp32_simt,57568.0,l2,23336672.0,,3440640.0,0.147434904171426,0.05976653696498054,ok,
145,2728813,0,1,7,triton_poi_fused_gelu_view_5,"(2152, 1, 1)","(128, 1, 1)","Vision: FFN GELU | triton_poi_fused_gelu_view_5 | grid=(2152, 1, 1) block=(128, 1, 1)",vlm.vision.camera0/triton_poi_fused_gelu_view_5,vlm.vision.camera0,vlm,17,bf16_tensor,23232.0,l2,4458560.0,,0.0,,,zero_counted_flops,
145,2728813,0,1,7,triton_poi_fused_gelu_view_5,"(2152, 1, 1)","(128, 1, 1)","Vision: FFN GELU | triton_poi_fused_gelu_view_5 | grid=(2152, 1, 1) block=(128, 1, 1)",vlm.vision.camera0/triton_poi_fused_gelu_view_5,vlm.vision.camera0,vlm,17,fp32_simt,23232.0,l2,4458560.0,,15151798.0,3.3983613543386206,0.65219516184573,ok,
146,2728813,0,1,7,nvjet_sm110_tst_144x128_64x6_4x1_v_bz_bias_TNN,"(16, 1, 1)","(256, 1, 1)","Vision: FFN contraction + bias | nvjet_sm110_tst_144x128_64x6_4x1_v_bz_bias_TNN | grid=(16, 1, 1) block=(256, 1, 1)",vlm.vision.camera0/nvjet_sm110_tst_144x128_64x6_4x1_v_bz_bias_TNN,vlm.vision.camera0,vlm,18,bf16_tensor,69888.0,l2,24617344.0,,2566914048.0,104.27258310238506,36.728967032967034,ok,
146,2728813,0,1,7,nvjet_sm110_tst_144x128_64x6_4x1_v_bz_bias_TNN,"(16, 1, 1)","(256, 1, 1)","Vision: FFN contraction + bias | nvjet_sm110_tst_144x128_64x6_4x1_v_bz_bias_TNN | grid=(16, 1, 1) block=(256, 1, 1)",vlm.vision.camera0/nvjet_sm110_tst_144x128_64x6_4x1_v_bz_bias_TNN,vlm.vision.camera0,vlm,18,fp32_simt,69888.0,l2,24617344.0,,884736.0,0.03593953921267867,0.012659340659340658,ok,
147,2728813,0,1,7,triton_red_fused_add_native_layer_norm_view_8,"(256, 1, 1)","(64, 1, 1)","Vision: residual/LayerNorm fusion 8 | triton_red_fused_add_native_layer_norm_view_8 | grid=(256, 1, 1) block=(64, 1, 1)",vlm.vision.camera0/triton_red_fused_add_native_layer_norm_view_8,vlm.vision.camera0,vlm,36,bf16_tensor,26912.000000000004,l2,3240192.0,,0.0,,,zero_counted_flops,
147,2728813,0,1,7,triton_red_fused_add_native_layer_norm_view_8,"(256, 1, 1)","(64, 1, 1)","Vision: residual/LayerNorm fusion 8 | triton_red_fused_add_native_layer_norm_view_8 | grid=(256, 1, 1) block=(64, 1, 1)",vlm.vision.camera0/triton_red_fused_add_native_layer_norm_view_8,vlm.vision.camera0,vlm,36,fp32_simt,26912.000000000004,l2,3240192.0,,6619136.0,2.0428221537489137,0.24595481569560046,ok,
148,2728813,0,1,7,nvjet_sm110_tst_128x128_64x6_1x2_h_bz_bias_TNT,"(18, 1, 1)","(256, 1, 1)","Vision: attention Q/K/V/O projections | nvjet_sm110_tst_128x128_64x6_1x2_h_bz_bias_TNT | grid=(18, 1, 1) block=(256, 1, 1)",vlm.vision.camera0/nvjet_sm110_tst_128x128_64x6_1x2_h_bz_bias_TNT,vlm.vision.camera0,vlm,24,bf16_tensor,28288.0,l2,7999904.0,,679477248.0,84.93567522810274,24.01998190045249,ok,
148,2728813,0,1,7,nvjet_sm110_tst_128x128_64x6_1x2_h_bz_bias_TNT,"(18, 1, 1)","(256, 1, 1)","Vision: attention Q/K/V/O projections | nvjet_sm110_tst_128x128_64x6_1x2_h_bz_bias_TNT | grid=(18, 1, 1) block=(256, 1, 1)",vlm.vision.camera0/nvjet_sm110_tst_128x128_64x6_1x2_h_bz_bias_TNT,vlm.vision.camera0,vlm,24,fp32_simt,28288.0,l2,7999904.0,,884736.0,0.11059332711992544,0.03127601809954751,ok,
149,2728813,0,1,7,nvjet_sm110_tst_128x128_64x6_1x2_h_bz_bias_TNT,"(18, 1, 1)","(256, 1, 1)","Vision: attention Q/K/V/O projections | nvjet_sm110_tst_128x128_64x6_1x2_h_bz_bias_TNT | grid=(18, 1, 1) block=(256, 1, 1)",vlm.vision.camera0/nvjet_sm110_tst_128x128_64x6_1x2_h_bz_bias_TNT,vlm.vision.camera0,vlm,24,bf16_tensor,27264.000000000004,l2,8002688.0,,679477248.0,84.90612754114618,24.922140845070423,ok,
149,2728813,0,1,7,nvjet_sm110_tst_128x128_64x6_1x2_h_bz_bias_TNT,"(18, 1, 1)","(256, 1, 1)","Vision: attention Q/K/V/O projections | nvjet_sm110_tst_128x128_64x6_1x2_h_bz_bias_TNT | grid=(18, 1, 1) block=(256, 1, 1)",vlm.vision.camera0/nvjet_sm110_tst_128x128_64x6_1x2_h_bz_bias_TNT,vlm.vision.camera0,vlm,24,fp32_simt,27264.000000000004,l2,8002688.0,,884736.0,0.11055485356920075,0.03245070422535211,ok,
150,2728813,0,1,7,nvjet_sm110_tst_128x128_64x6_1x2_h_bz_bias_TNT,"(18, 1, 1)","(256, 1, 1)","Vision: attention Q/K/V/O projections | nvjet_sm110_tst_128x128_64x6_1x2_h_bz_bias_TNT | grid=(18, 1, 1) block=(256, 1, 1)",vlm.vision.camera0/nvjet_sm110_tst_128x128_64x6_1x2_h_bz_bias_TNT,vlm.vision.camera0,vlm,24,bf16_tensor,26368.000000000004,l2,8004256.0,,679477248.0,84.88949478877237,25.769009708737862,ok,
150,2728813,0,1,7,nvjet_sm110_tst_128x128_64x6_1x2_h_bz_bias_TNT,"(18, 1, 1)","(256, 1, 1)","Vision: attention Q/K/V/O projections | nvjet_sm110_tst_128x128_64x6_1x2_h_bz_bias_TNT | grid=(18, 1, 1) block=(256, 1, 1)",vlm.vision.camera0/nvjet_sm110_tst_128x128_64x6_1x2_h_bz_bias_TNT,vlm.vision.camera0,vlm,24,fp32_simt,26368.000000000004,l2,8004256.0,,884736.0,0.11053319633954736,0.03355339805825242,ok,
151,2728813,0,1,7,"void pytorch_flash::flash_fwd_kernel<Flash_fwd_kernel_traits<96, 128, 64, 4, 0, 0, cutlass::bfloat16_t, Flash_kernel_traits<96, 128, 64, 4, cutlass::bfloat16_t>>, 0, 0, 0, 0, 0, 0, 0, 0>(pytorch_flash::Flash_fwd_params)","(2, 1, 16)","(128, 1, 1)","Vision: FlashAttention | void pytorch_flash::flash_fwd_kernel<Flash_fwd_kernel_traits<96, 128, 64, 4, 0, 0, cutlass::bfloat16_t, Flash_kernel_traits<96, 128, 64, 4, cutlass::bfloat16_t>>, 0, 0, 0, 0, 0, 0, 0, 0>(pytorch_flash::Flash_fwd_params) | grid=(2, 1, 16) block=(128, 1, 1)","vlm.vision.camera0/void pytorch_flash::flash_fwd_kernel<Flash_fwd_kernel_traits<(int)96, (int)128, (int)64, (int)4, (bool)0, (bool)0, cutlass::bfloat16_t, Flash_kernel_traits<(int)96, (int)128, (int)64, (int)4, cutlass::bfloat16_t>>, (bool)0, (bool)0, (bool)0, (bool)0, (bool)0, (bool)0, (bool)0, (bool)0>(pytorch_flash::Flash_fwd_params)",vlm.vision.camera0,vlm,20,bf16_tensor,31072.000000000004,l2,5485952.0,,402653184.0,73.39713945729018,12.958714727085477,ok,
151,2728813,0,1,7,"void pytorch_flash::flash_fwd_kernel<Flash_fwd_kernel_traits<96, 128, 64, 4, 0, 0, cutlass::bfloat16_t, Flash_kernel_traits<96, 128, 64, 4, cutlass::bfloat16_t>>, 0, 0, 0, 0, 0, 0, 0, 0>(pytorch_flash::Flash_fwd_params)","(2, 1, 16)","(128, 1, 1)","Vision: FlashAttention | void pytorch_flash::flash_fwd_kernel<Flash_fwd_kernel_traits<96, 128, 64, 4, 0, 0, cutlass::bfloat16_t, Flash_kernel_traits<96, 128, 64, 4, cutlass::bfloat16_t>>, 0, 0, 0, 0, 0, 0, 0, 0>(pytorch_flash::Flash_fwd_params) | grid=(2, 1, 16) block=(128, 1, 1)","vlm.vision.camera0/void pytorch_flash::flash_fwd_kernel<Flash_fwd_kernel_traits<(int)96, (int)128, (int)64, (int)4, (bool)0, (bool)0, cutlass::bfloat16_t, Flash_kernel_traits<(int)96, (int)128, (int)64, (int)4, cutlass::bfloat16_t>>, (bool)0, (bool)0, (bool)0, (bool)0, (bool)0, (bool)0, (bool)0, (bool)0>(pytorch_flash::Flash_fwd_params)",vlm.vision.camera0,vlm,20,fp32_simt,31072.000000000004,l2,5485952.0,,5079040.0,0.9258265475162742,0.16346035015447988,ok,
152,2728813,0,1,7,nvjet_sm110_tst_128x128_64x6_1x2_h_bz_bias_TNT,"(18, 1, 1)","(256, 1, 1)","Vision: attention Q/K/V/O projections | nvjet_sm110_tst_128x128_64x6_1x2_h_bz_bias_TNT | grid=(18, 1, 1) block=(256, 1, 1)",vlm.vision.camera0/nvjet_sm110_tst_128x128_64x6_1x2_h_bz_bias_TNT,vlm.vision.camera0,vlm,24,bf16_tensor,31168.000000000004,l2,7996544.0,,679477248.0,84.97136362908776,21.80047638603696,ok,
152,2728813,0,1,7,nvjet_sm110_tst_128x128_64x6_1x2_h_bz_bias_TNT,"(18, 1, 1)","(256, 1, 1)","Vision: attention Q/K/V/O projections | nvjet_sm110_tst_128x128_64x6_1x2_h_bz_bias_TNT | grid=(18, 1, 1) block=(256, 1, 1)",vlm.vision.camera0/nvjet_sm110_tst_128x128_64x6_1x2_h_bz_bias_TNT,vlm.vision.camera0,vlm,24,fp32_simt,31168.000000000004,l2,7996544.0,,884736.0,0.11063979639204136,0.02838603696098562,ok,
153,2728813,0,1,7,triton_red_fused_add_native_layer_norm_view_9,"(256, 1, 1)","(512, 1, 1)","Vision: residual/LayerNorm fusion 9 | triton_red_fused_add_native_layer_norm_view_9 | grid=(256, 1, 1) block=(512, 1, 1)",vlm.vision.camera0/triton_red_fused_add_native_layer_norm_view_9,vlm.vision.camera0,vlm,37,bf16_tensor,27680.000000000004,l2,4276032.0,,0.0,,,zero_counted_flops,
153,2728813,0,1,7,triton_red_fused_add_native_layer_norm_view_9,"(256, 1, 1)","(512, 1, 1)","Vision: residual/LayerNorm fusion 9 | triton_red_fused_add_native_layer_norm_view_9 | grid=(256, 1, 1) block=(512, 1, 1)",vlm.vision.camera0/triton_red_fused_add_native_layer_norm_view_9,vlm.vision.camera0,vlm,37,fp32_simt,27680.000000000004,l2,4276032.0,,21908864.0,5.123643602292967,0.7915052023121387,ok,
154,2728813,0,1,7,nvjet_sm110_tst_224x128_64x7_1x2_2cta_h_bz_bias_TNN,"(40, 1, 1)","(256, 1, 1)","Vision: FFN expansion + bias | nvjet_sm110_tst_224x128_64x7_1x2_2cta_h_bz_bias_TNN | grid=(40, 1, 1) block=(256, 1, 1)",vlm.vision.camera0/nvjet_sm110_tst_224x128_64x7_1x2_2cta_h_bz_bias_TNN,vlm.vision.camera0,vlm,19,bf16_tensor,62976.0,l2,23213856.0,,2642411520.0,113.82906484816654,41.9590243902439,ok,
154,2728813,0,1,7,nvjet_sm110_tst_224x128_64x7_1x2_2cta_h_bz_bias_TNN,"(40, 1, 1)","(256, 1, 1)","Vision: FFN expansion + bias | nvjet_sm110_tst_224x128_64x7_1x2_2cta_h_bz_bias_TNN | grid=(40, 1, 1) block=(256, 1, 1)",vlm.vision.camera0/nvjet_sm110_tst_224x128_64x7_1x2_2cta_h_bz_bias_TNN,vlm.vision.camera0,vlm,19,fp32_simt,62976.0,l2,23213856.0,,3440640.0,0.14821492818771687,0.054634146341463415,ok,
155,2728813,0,1,7,triton_poi_fused_gelu_view_5,"(2152, 1, 1)","(128, 1, 1)","Vision: FFN GELU | triton_poi_fused_gelu_view_5 | grid=(2152, 1, 1) block=(128, 1, 1)",vlm.vision.camera0/triton_poi_fused_gelu_view_5,vlm.vision.camera0,vlm,17,bf16_tensor,25024.000000000004,l2,4461024.0,,0.0,,,zero_counted_flops,
155,2728813,0,1,7,triton_poi_fused_gelu_view_5,"(2152, 1, 1)","(128, 1, 1)","Vision: FFN GELU | triton_poi_fused_gelu_view_5 | grid=(2152, 1, 1) block=(128, 1, 1)",vlm.vision.camera0/triton_poi_fused_gelu_view_5,vlm.vision.camera0,vlm,17,fp32_simt,25024.000000000004,l2,4461024.0,,15265576.0,3.421989211445623,0.6100374040920715,ok,
156,2728813,0,1,7,nvjet_sm110_tst_144x128_64x6_4x1_v_bz_bias_TNN,"(16, 1, 1)","(256, 1, 1)","Vision: FFN contraction + bias | nvjet_sm110_tst_144x128_64x6_4x1_v_bz_bias_TNN | grid=(16, 1, 1) block=(256, 1, 1)",vlm.vision.camera0/nvjet_sm110_tst_144x128_64x6_4x1_v_bz_bias_TNN,vlm.vision.camera0,vlm,18,bf16_tensor,80128.0,l2,24638784.0,,2566914048.0,104.18184793535265,32.03516932907348,ok,
156,2728813,0,1,7,nvjet_sm110_tst_144x128_64x6_4x1_v_bz_bias_TNN,"(16, 1, 1)","(256, 1, 1)","Vision: FFN contraction + bias | nvjet_sm110_tst_144x128_64x6_4x1_v_bz_bias_TNN | grid=(16, 1, 1) block=(256, 1, 1)",vlm.vision.camera0/nvjet_sm110_tst_144x128_64x6_4x1_v_bz_bias_TNN,vlm.vision.camera0,vlm,18,fp32_simt,80128.0,l2,24638784.0,,884736.0,0.03590826560271806,0.011041533546325878,ok,
157,2728813,0,1,7,triton_red_fused_add_native_layer_norm_view_6,"(128, 1, 1)","(128, 1, 1)","Vision: residual/LayerNorm fusion 6 | triton_red_fused_add_native_layer_norm_view_6 | grid=(128, 1, 1) block=(128, 1, 1)",vlm.vision.camera0/triton_red_fused_add_native_layer_norm_view_6,vlm.vision.camera0,vlm,34,bf16_tensor,24160.000000000004,l2,1923520.0,,0.0,,,zero_counted_flops,
157,2728813,0,1,7,triton_red_fused_add_native_layer_norm_view_6,"(128, 1, 1)","(128, 1, 1)","Vision: residual/LayerNorm fusion 6 | triton_red_fused_add_native_layer_norm_view_6 | grid=(128, 1, 1) block=(128, 1, 1)",vlm.vision.camera0/triton_red_fused_add_native_layer_norm_view_6,vlm.vision.camera0,vlm,34,fp32_simt,24160.000000000004,l2,1923520.0,,5215592.0,2.7114831142904676,0.21587715231788077,ok,
158,2728813,0,1,7,nvjet_sm110_tst_128x128_64x6_1x2_h_bz_bias_TNT,"(18, 1, 1)","(256, 1, 1)","Vision: attention Q/K/V/O projections | nvjet_sm110_tst_128x128_64x6_1x2_h_bz_bias_TNT | grid=(18, 1, 1) block=(256, 1, 1)",vlm.vision.camera0/nvjet_sm110_tst_128x128_64x6_1x2_h_bz_bias_TNT,vlm.vision.camera0,vlm,24,bf16_tensor,26688.000000000004,l2,8002592.0,,679477248.0,84.90714608466857,25.460028776978415,ok,
158,2728813,0,1,7,nvjet_sm110_tst_128x128_64x6_1x2_h_bz_bias_TNT,"(18, 1, 1)","(256, 1, 1)","Vision: attention Q/K/V/O projections | nvjet_sm110_tst_128x128_64x6_1x2_h_bz_bias_TNT | grid=(18, 1, 1) block=(256, 1, 1)",vlm.vision.camera0/nvjet_sm110_tst_128x128_64x6_1x2_h_bz_bias_TNT,vlm.vision.camera0,vlm,24,fp32_simt,26688.000000000004,l2,8002592.0,,884736.0,0.11055617979774553,0.033151079136690645,ok,
159,2728813,0,1,7,nvjet_sm110_tst_128x128_64x6_1x2_h_bz_bias_TNT,"(18, 1, 1)","(256, 1, 1)","Vision: attention Q/K/V/O projections | nvjet_sm110_tst_128x128_64x6_1x2_h_bz_bias_TNT | grid=(18, 1, 1) block=(256, 1, 1)",vlm.vision.camera0/nvjet_sm110_tst_128x128_64x6_1x2_h_bz_bias_TNT,vlm.vision.camera0,vlm,24,bf16_tensor,27360.000000000004,l2,8000736.0,,679477248.0,84.92684273046879,24.834694736842103,ok,
159,2728813,0,1,7,nvjet_sm110_tst_128x128_64x6_1x2_h_bz_bias_TNT,"(18, 1, 1)","(256, 1, 1)","Vision: attention Q/K/V/O projections | nvjet_sm110_tst_128x128_64x6_1x2_h_bz_bias_TNT | grid=(18, 1, 1) block=(256, 1, 1)",vlm.vision.camera0/nvjet_sm110_tst_128x128_64x6_1x2_h_bz_bias_TNT,vlm.vision.camera0,vlm,24,fp32_simt,27360.000000000004,l2,8000736.0,,884736.0,0.11058182647196457,0.03233684210526316,ok,
160,2728813,0,1,7,nvjet_sm110_tst_128x128_64x6_1x2_h_bz_bias_TNT,"(18, 1, 1)","(256, 1, 1)","Vision: attention Q/K/V/O projections | nvjet_sm110_tst_128x128_64x6_1x2_h_bz_bias_TNT | grid=(18, 1, 1) block=(256, 1, 1)",vlm.vision.camera0/nvjet_sm110_tst_128x128_64x6_1x2_h_bz_bias_TNT,vlm.vision.camera0,vlm,24,bf16_tensor,26592.000000000004,l2,7998912.0,,679477248.0,84.94620868438108,25.551942238267145,ok,
160,2728813,0,1,7,nvjet_sm110_tst_128x128_64x6_1x2_h_bz_bias_TNT,"(18, 1, 1)","(256, 1, 1)","Vision: attention Q/K/V/O projections | nvjet_sm110_tst_128x128_64x6_1x2_h_bz_bias_TNT | grid=(18, 1, 1) block=(256, 1, 1)",vlm.vision.camera0/nvjet_sm110_tst_128x128_64x6_1x2_h_bz_bias_TNT,vlm.vision.camera0,vlm,24,fp32_simt,26592.000000000004,l2,7998912.0,,884736.0,0.11060704255778786,0.03327075812274368,ok,
161,2728813,0,1,7,"void pytorch_flash::flash_fwd_kernel<Flash_fwd_kernel_traits<96, 128, 64, 4, 0, 0, cutlass::bfloat16_t, Flash_kernel_traits<96, 128, 64, 4, cutlass::bfloat16_t>>, 0, 0, 0, 0, 0, 0, 0, 0>(pytorch_flash::Flash_fwd_params)","(2, 1, 16)","(128, 1, 1)","Vision: FlashAttention | void pytorch_flash::flash_fwd_kernel<Flash_fwd_kernel_traits<96, 128, 64, 4, 0, 0, cutlass::bfloat16_t, Flash_kernel_traits<96, 128, 64, 4, cutlass::bfloat16_t>>, 0, 0, 0, 0, 0, 0, 0, 0>(pytorch_flash::Flash_fwd_params) | grid=(2, 1, 16) block=(128, 1, 1)","vlm.vision.camera0/void pytorch_flash::flash_fwd_kernel<Flash_fwd_kernel_traits<(int)96, (int)128, (int)64, (int)4, (bool)0, (bool)0, cutlass::bfloat16_t, Flash_kernel_traits<(int)96, (int)128, (int)64, (int)4, cutlass::bfloat16_t>>, (bool)0, (bool)0, (bool)0, (bool)0, (bool)0, (bool)0, (bool)0, (bool)0>(pytorch_flash::Flash_fwd_params)",vlm.vision.camera0,vlm,20,bf16_tensor,30464.0,l2,5480608.0,,402653184.0,73.46870712154563,13.217344537815125,ok,
161,2728813,0,1,7,"void pytorch_flash::flash_fwd_kernel<Flash_fwd_kernel_traits<96, 128, 64, 4, 0, 0, cutlass::bfloat16_t, Flash_kernel_traits<96, 128, 64, 4, cutlass::bfloat16_t>>, 0, 0, 0, 0, 0, 0, 0, 0>(pytorch_flash::Flash_fwd_params)","(2, 1, 16)","(128, 1, 1)","Vision: FlashAttention | void pytorch_flash::flash_fwd_kernel<Flash_fwd_kernel_traits<96, 128, 64, 4, 0, 0, cutlass::bfloat16_t, Flash_kernel_traits<96, 128, 64, 4, cutlass::bfloat16_t>>, 0, 0, 0, 0, 0, 0, 0, 0>(pytorch_flash::Flash_fwd_params) | grid=(2, 1, 16) block=(128, 1, 1)","vlm.vision.camera0/void pytorch_flash::flash_fwd_kernel<Flash_fwd_kernel_traits<(int)96, (int)128, (int)64, (int)4, (bool)0, (bool)0, cutlass::bfloat16_t, Flash_kernel_traits<(int)96, (int)128, (int)64, (int)4, cutlass::bfloat16_t>>, (bool)0, (bool)0, (bool)0, (bool)0, (bool)0, (bool)0, (bool)0, (bool)0>(pytorch_flash::Flash_fwd_params)",vlm.vision.camera0,vlm,20,fp32_simt,30464.0,l2,5480608.0,,5079040.0,0.9267292971874653,0.16672268907563026,ok,
162,2728813,0,1,7,nvjet_sm110_tst_128x128_64x6_1x2_h_bz_bias_TNT,"(18, 1, 1)","(256, 1, 1)","Vision: attention Q/K/V/O projections | nvjet_sm110_tst_128x128_64x6_1x2_h_bz_bias_TNT | grid=(18, 1, 1) block=(256, 1, 1)",vlm.vision.camera0/nvjet_sm110_tst_128x128_64x6_1x2_h_bz_bias_TNT,vlm.vision.camera0,vlm,24,bf16_tensor,27552.000000000004,l2,8000000.0,,679477248.0,84.934656,24.6616306620209,ok,
162,2728813,0,1,7,nvjet_sm110_tst_128x128_64x6_1x2_h_bz_bias_TNT,"(18, 1, 1)","(256, 1, 1)","Vision: attention Q/K/V/O projections | nvjet_sm110_tst_128x128_64x6_1x2_h_bz_bias_TNT | grid=(18, 1, 1) block=(256, 1, 1)",vlm.vision.camera0/nvjet_sm110_tst_128x128_64x6_1x2_h_bz_bias_TNT,vlm.vision.camera0,vlm,24,fp32_simt,27552.000000000004,l2,8000000.0,,884736.0,0.110592,0.03211149825783972,ok,
163,2728813,0,1,7,triton_red_fused_add_native_layer_norm_view_7,"(256, 1, 1)","(64, 1, 1)","Vision: residual/LayerNorm fusion 7 | triton_red_fused_add_native_layer_norm_view_7 | grid=(256, 1, 1) block=(64, 1, 1)",vlm.vision.camera0/triton_red_fused_add_native_layer_norm_view_7,vlm.vision.camera0,vlm,35,bf16_tensor,22560.0,l2,2557824.0,,0.0,,,zero_counted_flops,
163,2728813,0,1,7,triton_red_fused_add_native_layer_norm_view_7,"(256, 1, 1)","(64, 1, 1)","Vision: residual/LayerNorm fusion 7 | triton_red_fused_add_native_layer_norm_view_7 | grid=(256, 1, 1) block=(64, 1, 1)",vlm.vision.camera0/triton_red_fused_add_native_layer_norm_view_7,vlm.vision.camera0,vlm,35,fp32_simt,22560.0,l2,2557824.0,,5391824.0,2.107973027073012,0.23899929078014184,ok,
164,2728813,0,1,7,nvjet_sm110_tst_224x128_64x7_1x2_2cta_h_bz_bias_TNN,"(40, 1, 1)","(256, 1, 1)","Vision: FFN expansion + bias | nvjet_sm110_tst_224x128_64x7_1x2_2cta_h_bz_bias_TNN | grid=(40, 1, 1) block=(256, 1, 1)",vlm.vision.camera0/nvjet_sm110_tst_224x128_64x7_1x2_2cta_h_bz_bias_TNN,vlm.vision.camera0,vlm,19,bf16_tensor,59936.0,l2,23303456.0,,2642411520.0,113.39140082913023,44.08721836625734,ok,
164,2728813,0,1,7,nvjet_sm110_tst_224x128_64x7_1x2_2cta_h_bz_bias_TNN,"(40, 1, 1)","(256, 1, 1)","Vision: FFN expansion + bias | nvjet_sm110_tst_224x128_64x7_1x2_2cta_h_bz_bias_TNN | grid=(40, 1, 1) block=(256, 1, 1)",vlm.vision.camera0/nvjet_sm110_tst_224x128_64x7_1x2_2cta_h_bz_bias_TNN,vlm.vision.camera0,vlm,19,fp32_simt,59936.0,l2,23303456.0,,3440640.0,0.14764505316293,0.05740523224773091,ok,
165,2728813,0,1,7,triton_poi_fused_gelu_view_5,"(2152, 1, 1)","(128, 1, 1)","Vision: FFN GELU | triton_poi_fused_gelu_view_5 | grid=(2152, 1, 1) block=(128, 1, 1)",vlm.vision.camera0/triton_poi_fused_gelu_view_5,vlm.vision.camera0,vlm,17,bf16_tensor,25152.000000000004,l2,4461344.0,,0.0,,,zero_counted_flops,
165,2728813,0,1,7,triton_poi_fused_gelu_view_5,"(2152, 1, 1)","(128, 1, 1)","Vision: FFN GELU | triton_poi_fused_gelu_view_5 | grid=(2152, 1, 1) block=(128, 1, 1)",vlm.vision.camera0/triton_poi_fused_gelu_view_5,vlm.vision.camera0,vlm,17,fp32_simt,25152.000000000004,l2,4461344.0,,15085529.0,3.381386640438397,0.5997745308524173,ok,
166,2728813,0,1,7,nvjet_sm110_tst_144x128_64x6_4x1_v_bz_bias_TNN,"(16, 1, 1)","(256, 1, 1)","Vision: FFN contraction + bias | nvjet_sm110_tst_144x128_64x6_4x1_v_bz_bias_TNN | grid=(16, 1, 1) block=(256, 1, 1)",vlm.vision.camera0/nvjet_sm110_tst_144x128_64x6_4x1_v_bz_bias_TNN,vlm.vision.camera0,vlm,18,bf16_tensor,80736.00000000001,l2,24624672.0,,2566914048.0,104.24155286210512,31.793921521997618,ok,
166,2728813,0,1,7,nvjet_sm110_tst_144x128_64x6_4x1_v_bz_bias_TNN,"(16, 1, 1)","(256, 1, 1)","Vision: FFN contraction + bias | nvjet_sm110_tst_144x128_64x6_4x1_v_bz_bias_TNN | grid=(16, 1, 1) block=(256, 1, 1)",vlm.vision.camera0/nvjet_sm110_tst_144x128_64x6_4x1_v_bz_bias_TNN,vlm.vision.camera0,vlm,18,fp32_simt,80736.00000000001,l2,24624672.0,,884736.0,0.035928844047141015,0.010958382877526752,ok,
167,2728813,0,1,7,triton_red_fused_add_native_layer_norm_view_8,"(256, 1, 1)","(64, 1, 1)","Vision: residual/LayerNorm fusion 8 | triton_red_fused_add_native_layer_norm_view_8 | grid=(256, 1, 1) block=(64, 1, 1)",vlm.vision.camera0/triton_red_fused_add_native_layer_norm_view_8,vlm.vision.camera0,vlm,36,bf16_tensor,27168.0,l2,3193664.0,,0.0,,,zero_counted_flops,
167,2728813,0,1,7,triton_red_fused_add_native_layer_norm_view_8,"(256, 1, 1)","(64, 1, 1)","Vision: residual/LayerNorm fusion 8 | triton_red_fused_add_native_layer_norm_view_8 | grid=(256, 1, 1) block=(64, 1, 1)",vlm.vision.camera0/triton_red_fused_add_native_layer_norm_view_8,vlm.vision.camera0,vlm,36,fp32_simt,27168.0,l2,3193664.0,,6619136.0,2.072583715757199,0.2436372202591284,ok,
168,2728813,0,1,7,nvjet_sm110_tst_128x128_64x6_1x2_h_bz_bias_TNT,"(18, 1, 1)","(256, 1, 1)","Vision: attention Q/K/V/O projections | nvjet_sm110_tst_128x128_64x6_1x2_h_bz_bias_TNT | grid=(18, 1, 1) block=(256, 1, 1)",vlm.vision.camera0/nvjet_sm110_tst_128x128_64x6_1x2_h_bz_bias_TNT,vlm.vision.camera0,vlm,24,bf16_tensor,28224.000000000004,l2,8002272.0,,679477248.0,84.91054140624063,24.074448979591835,ok,
168,2728813,0,1,7,nvjet_sm110_tst_128x128_64x6_1x2_h_bz_bias_TNT,"(18, 1, 1)","(256, 1, 1)","Vision: attention Q/K/V/O projections | nvjet_sm110_tst_128x128_64x6_1x2_h_bz_bias_TNT | grid=(18, 1, 1) block=(256, 1, 1)",vlm.vision.camera0/nvjet_sm110_tst_128x128_64x6_1x2_h_bz_bias_TNT,vlm.vision.camera0,vlm,24,fp32_simt,28224.000000000004,l2,8002272.0,,884736.0,0.11056060078937582,0.0313469387755102,ok,
169,2728813,0,1,7,nvjet_sm110_tst_128x128_64x6_1x2_h_bz_bias_TNT,"(18, 1, 1)","(256, 1, 1)","Vision: attention Q/K/V/O projections | nvjet_sm110_tst_128x128_64x6_1x2_h_bz_bias_TNT | grid=(18, 1, 1) block=(256, 1, 1)",vlm.vision.camera0/nvjet_sm110_tst_128x128_64x6_1x2_h_bz_bias_TNT,vlm.vision.camera0,vlm,24,bf16_tensor,29120.000000000004,l2,8002432.0,,679477248.0,84.90884371151171,23.333696703296702,ok,
169,2728813,0,1,7,nvjet_sm110_tst_128x128_64x6_1x2_h_bz_bias_TNT,"(18, 1, 1)","(256, 1, 1)","Vision: attention Q/K/V/O projections | nvjet_sm110_tst_128x128_64x6_1x2_h_bz_bias_TNT | grid=(18, 1, 1) block=(256, 1, 1)",vlm.vision.camera0/nvjet_sm110_tst_128x128_64x6_1x2_h_bz_bias_TNT,vlm.vision.camera0,vlm,24,fp32_simt,29120.000000000004,l2,8002432.0,,884736.0,0.11055839024936419,0.03038241758241758,ok,
170,2728813,0,1,7,nvjet_sm110_tst_128x128_64x6_1x2_h_bz_bias_TNT,"(18, 1, 1)","(256, 1, 1)","Vision: attention Q/K/V/O projections | nvjet_sm110_tst_128x128_64x6_1x2_h_bz_bias_TNT | grid=(18, 1, 1) block=(256, 1, 1)",vlm.vision.camera0/nvjet_sm110_tst_128x128_64x6_1x2_h_bz_bias_TNT,vlm.vision.camera0,vlm,24,bf16_tensor,25120.0,l2,7992928.0,,679477248.0,85.00980466732591,27.049253503184715,ok,
170,2728813,0,1,7,nvjet_sm110_tst_128x128_64x6_1x2_h_bz_bias_TNT,"(18, 1, 1)","(256, 1, 1)","Vision: attention Q/K/V/O projections | nvjet_sm110_tst_128x128_64x6_1x2_h_bz_bias_TNT | grid=(18, 1, 1) block=(256, 1, 1)",vlm.vision.camera0/nvjet_sm110_tst_128x128_64x6_1x2_h_bz_bias_TNT,vlm.vision.camera0,vlm,24,fp32_simt,25120.0,l2,7992928.0,,884736.0,0.11068984982724729,0.035220382165605094,ok,
171,2728813,0,1,7,"void pytorch_flash::flash_fwd_kernel<Flash_fwd_kernel_traits<96, 128, 64, 4, 0, 0, cutlass::bfloat16_t, Flash_kernel_traits<96, 128, 64, 4, cutlass::bfloat16_t>>, 0, 0, 0, 0, 0, 0, 0, 0>(pytorch_flash::Flash_fwd_params)","(2, 1, 16)","(128, 1, 1)","Vision: FlashAttention | void pytorch_flash::flash_fwd_kernel<Flash_fwd_kernel_traits<96, 128, 64, 4, 0, 0, cutlass::bfloat16_t, Flash_kernel_traits<96, 128, 64, 4, cutlass::bfloat16_t>>, 0, 0, 0, 0, 0, 0, 0, 0>(pytorch_flash::Flash_fwd_params) | grid=(2, 1, 16) block=(128, 1, 1)","vlm.vision.camera0/void pytorch_flash::flash_fwd_kernel<Flash_fwd_kernel_traits<(int)96, (int)128, (int)64, (int)4, (bool)0, (bool)0, cutlass::bfloat16_t, Flash_kernel_traits<(int)96, (int)128, (int)64, (int)4, cutlass::bfloat16_t>>, (bool)0, (bool)0, (bool)0, (bool)0, (bool)0, (bool)0, (bool)0, (bool)0>(pytorch_flash::Flash_fwd_params)",vlm.vision.camera0,vlm,20,bf16_tensor,30048.0,l2,5482848.0,,402653184.0,73.43869171642183,13.400332268370608,ok,
171,2728813,0,1,7,"void pytorch_flash::flash_fwd_kernel<Flash_fwd_kernel_traits<96, 128, 64, 4, 0, 0, cutlass::bfloat16_t, Flash_kernel_traits<96, 128, 64, 4, cutlass::bfloat16_t>>, 0, 0, 0, 0, 0, 0, 0, 0>(pytorch_flash::Flash_fwd_params)","(2, 1, 16)","(128, 1, 1)","Vision: FlashAttention | void pytorch_flash::flash_fwd_kernel<Flash_fwd_kernel_traits<96, 128, 64, 4, 0, 0, cutlass::bfloat16_t, Flash_kernel_traits<96, 128, 64, 4, cutlass::bfloat16_t>>, 0, 0, 0, 0, 0, 0, 0, 0>(pytorch_flash::Flash_fwd_params) | grid=(2, 1, 16) block=(128, 1, 1)","vlm.vision.camera0/void pytorch_flash::flash_fwd_kernel<Flash_fwd_kernel_traits<(int)96, (int)128, (int)64, (int)4, (bool)0, (bool)0, cutlass::bfloat16_t, Flash_kernel_traits<(int)96, (int)128, (int)64, (int)4, cutlass::bfloat16_t>>, (bool)0, (bool)0, (bool)0, (bool)0, (bool)0, (bool)0, (bool)0, (bool)0>(pytorch_flash::Flash_fwd_params)",vlm.vision.camera0,vlm,20,fp32_simt,30048.0,l2,5482848.0,,5079040.0,0.9263506848995267,0.16903088391906285,ok,
172,2728813,0,1,7,nvjet_sm110_tst_128x128_64x6_1x2_h_bz_bias_TNT,"(18, 1, 1)","(256, 1, 1)","Vision: attention Q/K/V/O projections | nvjet_sm110_tst_128x128_64x6_1x2_h_bz_bias_TNT | grid=(18, 1, 1) block=(256, 1, 1)",vlm.vision.camera0/nvjet_sm110_tst_128x128_64x6_1x2_h_bz_bias_TNT,vlm.vision.camera0,vlm,24,bf16_tensor,28960.0,l2,8001856.0,,679477248.0,84.91495573027058,23.46261215469613,ok,
172,2728813,0,1,7,nvjet_sm110_tst_128x128_64x6_1x2_h_bz_bias_TNT,"(18, 1, 1)","(256, 1, 1)","Vision: attention Q/K/V/O projections | nvjet_sm110_tst_128x128_64x6_1x2_h_bz_bias_TNT | grid=(18, 1, 1) block=(256, 1, 1)",vlm.vision.camera0/nvjet_sm110_tst_128x128_64x6_1x2_h_bz_bias_TNT,vlm.vision.camera0,vlm,24,fp32_simt,28960.0,l2,8001856.0,,884736.0,0.11056634860712315,0.03055027624309392,ok,
173,2728813,0,1,7,triton_red_fused_add_native_layer_norm_view_9,"(256, 1, 1)","(512, 1, 1)","Vision: residual/LayerNorm fusion 9 | triton_red_fused_add_native_layer_norm_view_9 | grid=(256, 1, 1) block=(512, 1, 1)",vlm.vision.camera0/triton_red_fused_add_native_layer_norm_view_9,vlm.vision.camera0,vlm,37,bf16_tensor,28608.0,l2,4281792.0,,0.0,,,zero_counted_flops,
173,2728813,0,1,7,triton_red_fused_add_native_layer_norm_view_9,"(256, 1, 1)","(512, 1, 1)","Vision: residual/LayerNorm fusion 9 | triton_red_fused_add_native_layer_norm_view_9 | grid=(256, 1, 1) block=(512, 1, 1)",vlm.vision.camera0/triton_red_fused_add_native_layer_norm_view_9,vlm.vision.camera0,vlm,37,fp32_simt,28608.0,l2,4281792.0,,21910656.0,5.117169633648715,0.7658926174496644,ok,
174,2728813,0,1,7,nvjet_sm110_tst_224x128_64x7_1x2_2cta_h_bz_bias_TNN,"(40, 1, 1)","(256, 1, 1)","Vision: FFN expansion + bias | nvjet_sm110_tst_224x128_64x7_1x2_2cta_h_bz_bias_TNN | grid=(40, 1, 1) block=(256, 1, 1)",vlm.vision.camera0/nvjet_sm110_tst_224x128_64x7_1x2_2cta_h_bz_bias_TNN,vlm.vision.camera0,vlm,19,bf16_tensor,64512.00000000001,l2,23300736.0,,2642411520.0,113.40463751874618,40.959999999999994,ok,
174,2728813,0,1,7,nvjet_sm110_tst_224x128_64x7_1x2_2cta_h_bz_bias_TNN,"(40, 1, 1)","(256, 1, 1)","Vision: FFN expansion + bias | nvjet_sm110_tst_224x128_64x7_1x2_2cta_h_bz_bias_TNN | grid=(40, 1, 1) block=(256, 1, 1)",vlm.vision.camera0/nvjet_sm110_tst_224x128_64x7_1x2_2cta_h_bz_bias_TNN,vlm.vision.camera0,vlm,19,fp32_simt,64512.00000000001,l2,23300736.0,,3440640.0,0.14766228843586743,0.05333333333333333,ok,
175,2728813,0,1,7,triton_poi_fused_gelu_view_5,"(2152, 1, 1)","(128, 1, 1)","Vision: FFN GELU | triton_poi_fused_gelu_view_5 | grid=(2152, 1, 1) block=(128, 1, 1)",vlm.vision.camera0/triton_poi_fused_gelu_view_5,vlm.vision.camera0,vlm,17,bf16_tensor,23936.000000000004,l2,4461920.0,,0.0,,,zero_counted_flops,
175,2728813,0,1,7,triton_poi_fused_gelu_view_5,"(2152, 1, 1)","(128, 1, 1)","Vision: FFN GELU | triton_poi_fused_gelu_view_5 | grid=(2152, 1, 1) block=(128, 1, 1)",vlm.vision.camera0/triton_poi_fused_gelu_view_5,vlm.vision.camera0,vlm,17,fp32_simt,23936.000000000004,l2,4461920.0,,14900743.0,3.33953611898017,0.6225243566176469,ok,
176,2728813,0,1,7,nvjet_sm110_tst_144x128_64x6_4x1_v_bz_bias_TNN,"(16, 1, 1)","(256, 1, 1)","Vision: FFN contraction + bias | nvjet_sm110_tst_144x128_64x6_4x1_v_bz_bias_TNN | grid=(16, 1, 1) block=(256, 1, 1)",vlm.vision.camera0/nvjet_sm110_tst_144x128_64x6_4x1_v_bz_bias_TNN,vlm.vision.camera0,vlm,18,bf16_tensor,89440.00000000001,l2,24617056.0,,2566914048.0,104.2738030087757,28.699844007155633,ok,
176,2728813,0,1,7,nvjet_sm110_tst_144x128_64x6_4x1_v_bz_bias_TNN,"(16, 1, 1)","(256, 1, 1)","Vision: FFN contraction + bias | nvjet_sm110_tst_144x128_64x6_4x1_v_bz_bias_TNN | grid=(16, 1, 1) block=(256, 1, 1)",vlm.vision.camera0/nvjet_sm110_tst_144x128_64x6_4x1_v_bz_bias_TNN,vlm.vision.camera0,vlm,18,fp32_simt,89440.00000000001,l2,24617056.0,,884736.0,0.03593995967673795,0.00989194991055456,ok,
177,2728813,0,1,7,triton_red_fused_add_native_layer_norm_view_6,"(128, 1, 1)","(128, 1, 1)","Vision: residual/LayerNorm fusion 6 | triton_red_fused_add_native_layer_norm_view_6 | grid=(128, 1, 1) block=(128, 1, 1)",vlm.vision.camera0/triton_red_fused_add_native_layer_norm_view_6,vlm.vision.camera0,vlm,34,bf16_tensor,21920.0,l2,1925024.0,,0.0,,,zero_counted_flops,
177,2728813,0,1,7,triton_red_fused_add_native_layer_norm_view_6,"(128, 1, 1)","(128, 1, 1)","Vision: residual/LayerNorm fusion 6 | triton_red_fused_add_native_layer_norm_view_6 | grid=(128, 1, 1) block=(128, 1, 1)",vlm.vision.camera0/triton_red_fused_add_native_layer_norm_view_6,vlm.vision.camera0,vlm,34,fp32_simt,21920.0,l2,1925024.0,,5199928.0,2.701227621058231,0.2372229927007299,ok,
178,2728813,0,1,7,nvjet_sm110_tst_128x128_64x6_1x2_h_bz_bias_TNT,"(18, 1, 1)","(256, 1, 1)","Vision: attention Q/K/V/O projections | nvjet_sm110_tst_128x128_64x6_1x2_h_bz_bias_TNT | grid=(18, 1, 1) block=(256, 1, 1)",vlm.vision.camera0/nvjet_sm110_tst_128x128_64x6_1x2_h_bz_bias_TNT,vlm.vision.camera0,vlm,24,bf16_tensor,28160.0,l2,8000160.0,,679477248.0,84.93295734085318,24.129163636363636,ok,
178,2728813,0,1,7,nvjet_sm110_tst_128x128_64x6_1x2_h_bz_bias_TNT,"(18, 1, 1)","(256, 1, 1)","Vision: attention Q/K/V/O projections | nvjet_sm110_tst_128x128_64x6_1x2_h_bz_bias_TNT | grid=(18, 1, 1) block=(256, 1, 1)",vlm.vision.camera0/nvjet_sm110_tst_128x128_64x6_1x2_h_bz_bias_TNT,vlm.vision.camera0,vlm,24,fp32_simt,28160.0,l2,8000160.0,,884736.0,0.11058978820423591,0.03141818181818182,ok,
179,2728813,0,1,7,nvjet_sm110_tst_128x128_64x6_1x2_h_bz_bias_TNT,"(18, 1, 1)","(256, 1, 1)","Vision: attention Q/K/V/O projections | nvjet_sm110_tst_128x128_64x6_1x2_h_bz_bias_TNT | grid=(18, 1, 1) block=(256, 1, 1)",vlm.vision.camera0/nvjet_sm110_tst_128x128_64x6_1x2_h_bz_bias_TNT,vlm.vision.camera0,vlm,24,bf16_tensor,27136.000000000004,l2,7998144.0,,679477248.0,84.95436541277576,25.039698113207546,ok,
179,2728813,0,1,7,nvjet_sm110_tst_128x128_64x6_1x2_h_bz_bias_TNT,"(18, 1, 1)","(256, 1, 1)","Vision: attention Q/K/V/O projections | nvjet_sm110_tst_128x128_64x6_1x2_h_bz_bias_TNT | grid=(18, 1, 1) block=(256, 1, 1)",vlm.vision.camera0/nvjet_sm110_tst_128x128_64x6_1x2_h_bz_bias_TNT,vlm.vision.camera0,vlm,24,fp32_simt,27136.000000000004,l2,7998144.0,,884736.0,0.11061766329788511,0.03260377358490566,ok,
180,2728813,0,1,7,nvjet_sm110_tst_128x128_64x6_1x2_h_bz_bias_TNT,"(18, 1, 1)","(256, 1, 1)","Vision: attention Q/K/V/O projections | nvjet_sm110_tst_128x128_64x6_1x2_h_bz_bias_TNT | grid=(18, 1, 1) block=(256, 1, 1)",vlm.vision.camera0/nvjet_sm110_tst_128x128_64x6_1x2_h_bz_bias_TNT,vlm.vision.camera0,vlm,24,bf16_tensor,29216.000000000004,l2,8001120.0,,679477248.0,84.92276681264623,23.257025191675794,ok,
180,2728813,0,1,7,nvjet_sm110_tst_128x128_64x6_1x2_h_bz_bias_TNT,"(18, 1, 1)","(256, 1, 1)","Vision: attention Q/K/V/O projections | nvjet_sm110_tst_128x128_64x6_1x2_h_bz_bias_TNT | grid=(18, 1, 1) block=(256, 1, 1)",vlm.vision.camera0/nvjet_sm110_tst_128x128_64x6_1x2_h_bz_bias_TNT,vlm.vision.camera0,vlm,24,fp32_simt,29216.000000000004,l2,8001120.0,,884736.0,0.11057651928729978,0.030282584884994523,ok,
181,2728813,0,1,7,"void pytorch_flash::flash_fwd_kernel<Flash_fwd_kernel_traits<96, 128, 64, 4, 0, 0, cutlass::bfloat16_t, Flash_kernel_traits<96, 128, 64, 4, cutlass::bfloat16_t>>, 0, 0, 0, 0, 0, 0, 0, 0>(pytorch_flash::Flash_fwd_params)","(2, 1, 16)","(128, 1, 1)","Vision: FlashAttention | void pytorch_flash::flash_fwd_kernel<Flash_fwd_kernel_traits<96, 128, 64, 4, 0, 0, cutlass::bfloat16_t, Flash_kernel_traits<96, 128, 64, 4, cutlass::bfloat16_t>>, 0, 0, 0, 0, 0, 0, 0, 0>(pytorch_flash::Flash_fwd_params) | grid=(2, 1, 16) block=(128, 1, 1)","vlm.vision.camera0/void pytorch_flash::flash_fwd_kernel<Flash_fwd_kernel_traits<(int)96, (int)128, (int)64, (int)4, (bool)0, (bool)0, cutlass::bfloat16_t, Flash_kernel_traits<(int)96, (int)128, (int)64, (int)4, cutlass::bfloat16_t>>, (bool)0, (bool)0, (bool)0, (bool)0, (bool)0, (bool)0, (bool)0, (bool)0>(pytorch_flash::Flash_fwd_params)",vlm.vision.camera0,vlm,20,bf16_tensor,30944.0,l2,5466976.0,,402653184.0,73.65190262404664,13.012318510858325,ok,
181,2728813,0,1,7,"void pytorch_flash::flash_fwd_kernel<Flash_fwd_kernel_traits<96, 128, 64, 4, 0, 0, cutlass::bfloat16_t, Flash_kernel_traits<96, 128, 64, 4, cutlass::bfloat16_t>>, 0, 0, 0, 0, 0, 0, 0, 0>(pytorch_flash::Flash_fwd_params)","(2, 1, 16)","(128, 1, 1)","Vision: FlashAttention | void pytorch_flash::flash_fwd_kernel<Flash_fwd_kernel_traits<96, 128, 64, 4, 0, 0, cutlass::bfloat16_t, Flash_kernel_traits<96, 128, 64, 4, cutlass::bfloat16_t>>, 0, 0, 0, 0, 0, 0, 0, 0>(pytorch_flash::Flash_fwd_params) | grid=(2, 1, 16) block=(128, 1, 1)","vlm.vision.camera0/void pytorch_flash::flash_fwd_kernel<Flash_fwd_kernel_traits<(int)96, (int)128, (int)64, (int)4, (bool)0, (bool)0, cutlass::bfloat16_t, Flash_kernel_traits<(int)96, (int)128, (int)64, (int)4, cutlass::bfloat16_t>>, (bool)0, (bool)0, (bool)0, (bool)0, (bool)0, (bool)0, (bool)0, (bool)0>(pytorch_flash::Flash_fwd_params)",vlm.vision.camera0,vlm,20,fp32_simt,30944.0,l2,5466976.0,,5079040.0,0.9290401128521508,0.16413650465356772,ok,
182,2728813,0,1,7,nvjet_sm110_tst_128x128_64x6_1x2_h_bz_bias_TNT,"(18, 1, 1)","(256, 1, 1)","Vision: attention Q/K/V/O projections | nvjet_sm110_tst_128x128_64x6_1x2_h_bz_bias_TNT | grid=(18, 1, 1) block=(256, 1, 1)",vlm.vision.camera0/nvjet_sm110_tst_128x128_64x6_1x2_h_bz_bias_TNT,vlm.vision.camera0,vlm,24,bf16_tensor,27744.0,l2,7999648.0,,679477248.0,84.93839328930473,24.49096193771626,ok,
182,2728813,0,1,7,nvjet_sm110_tst_128x128_64x6_1x2_h_bz_bias_TNT,"(18, 1, 1)","(256, 1, 1)","Vision: attention Q/K/V/O projections | nvjet_sm110_tst_128x128_64x6_1x2_h_bz_bias_TNT | grid=(18, 1, 1) block=(256, 1, 1)",vlm.vision.camera0/nvjet_sm110_tst_128x128_64x6_1x2_h_bz_bias_TNT,vlm.vision.camera0,vlm,24,fp32_simt,27744.0,l2,7999648.0,,884736.0,0.11059686626211554,0.03188927335640138,ok,
183,2728813,0,1,7,triton_red_fused_add_native_layer_norm_view_7,"(256, 1, 1)","(64, 1, 1)","Vision: residual/LayerNorm fusion 7 | triton_red_fused_add_native_layer_norm_view_7 | grid=(256, 1, 1) block=(64, 1, 1)",vlm.vision.camera0/triton_red_fused_add_native_layer_norm_view_7,vlm.vision.camera0,vlm,35,bf16_tensor,23840.000000000004,l2,2563552.0,,0.0,,,zero_counted_flops,
183,2728813,0,1,7,triton_red_fused_add_native_layer_norm_view_7,"(256, 1, 1)","(64, 1, 1)","Vision: residual/LayerNorm fusion 7 | triton_red_fused_add_native_layer_norm_view_7 | grid=(256, 1, 1) block=(64, 1, 1)",vlm.vision.camera0/triton_red_fused_add_native_layer_norm_view_7,vlm.vision.camera0,vlm,35,fp32_simt,23840.000000000004,l2,2563552.0,,5391636.0,2.1031896368788305,0.22615922818791942,ok,
184,2728813,0,1,7,nvjet_sm110_tst_224x128_64x7_1x2_2cta_h_bz_bias_TNN,"(40, 1, 1)","(256, 1, 1)","Vision: FFN expansion + bias | nvjet_sm110_tst_224x128_64x7_1x2_2cta_h_bz_bias_TNN | grid=(40, 1, 1) block=(256, 1, 1)",vlm.vision.camera0/nvjet_sm110_tst_224x128_64x7_1x2_2cta_h_bz_bias_TNN,vlm.vision.camera0,vlm,19,bf16_tensor,60128.00000000001,l2,23243232.0,,2642411520.0,113.68520178260924,43.94643959552953,ok,
184,2728813,0,1,7,nvjet_sm110_tst_224x128_64x7_1x2_2cta_h_bz_bias_TNN,"(40, 1, 1)","(256, 1, 1)","Vision: FFN expansion + bias | nvjet_sm110_tst_224x128_64x7_1x2_2cta_h_bz_bias_TNN | grid=(40, 1, 1) block=(256, 1, 1)",vlm.vision.camera0/nvjet_sm110_tst_224x128_64x7_1x2_2cta_h_bz_bias_TNN,vlm.vision.camera0,vlm,19,fp32_simt,60128.00000000001,l2,23243232.0,,3440640.0,0.14802760648777244,0.05722192655667908,ok,
185,2728813,0,1,7,triton_poi_fused_gelu_view_5,"(2152, 1, 1)","(128, 1, 1)","Vision: FFN GELU | triton_poi_fused_gelu_view_5 | grid=(2152, 1, 1) block=(128, 1, 1)",vlm.vision.camera0/triton_poi_fused_gelu_view_5,vlm.vision.camera0,vlm,17,bf16_tensor,24448.0,l2,4461568.0,,0.0,,,zero_counted_flops,
185,2728813,0,1,7,triton_poi_fused_gelu_view_5,"(2152, 1, 1)","(128, 1, 1)","Vision: FFN GELU | triton_poi_fused_gelu_view_5 | grid=(2152, 1, 1) block=(128, 1, 1)",vlm.vision.camera0/triton_poi_fused_gelu_view_5,vlm.vision.camera0,vlm,17,fp32_simt,24448.0,l2,4461568.0,,14628240.0,3.27872174087675,0.5983409685863874,ok,
186,2728813,0,1,7,nvjet_sm110_tst_144x128_64x6_4x1_v_bz_bias_TNN,"(16, 1, 1)","(256, 1, 1)","Vision: FFN contraction + bias | nvjet_sm110_tst_144x128_64x6_4x1_v_bz_bias_TNN | grid=(16, 1, 1) block=(256, 1, 1)",vlm.vision.camera0/nvjet_sm110_tst_144x128_64x6_4x1_v_bz_bias_TNN,vlm.vision.camera0,vlm,18,bf16_tensor,66624.0,l2,24614656.0,,2566914048.0,104.28397000551216,38.52836887608069,ok,
186,2728813,0,1,7,nvjet_sm110_tst_144x128_64x6_4x1_v_bz_bias_TNN,"(16, 1, 1)","(256, 1, 1)","Vision: FFN contraction + bias | nvjet_sm110_tst_144x128_64x6_4x1_v_bz_bias_TNN | grid=(16, 1, 1) block=(256, 1, 1)",vlm.vision.camera0/nvjet_sm110_tst_144x128_64x6_4x1_v_bz_bias_TNN,vlm.vision.camera0,vlm,18,fp32_simt,66624.0,l2,24614656.0,,884736.0,0.03594346392653223,0.013279538904899134,ok,
187,2728813,0,1,7,triton_red_fused_add_native_layer_norm_view_8,"(256, 1, 1)","(64, 1, 1)","Vision: residual/LayerNorm fusion 8 | triton_red_fused_add_native_layer_norm_view_8 | grid=(256, 1, 1) block=(64, 1, 1)",vlm.vision.camera0/triton_red_fused_add_native_layer_norm_view_8,vlm.vision.camera0,vlm,36,bf16_tensor,27104.0,l2,3229536.0,,0.0,,,zero_counted_flops,
187,2728813,0,1,7,triton_red_fused_add_native_layer_norm_view_8,"(256, 1, 1)","(64, 1, 1)","Vision: residual/LayerNorm fusion 8 | triton_red_fused_add_native_layer_norm_view_8 | grid=(256, 1, 1) block=(64, 1, 1)",vlm.vision.camera0/triton_red_fused_add_native_layer_norm_view_8,vlm.vision.camera0,vlm,36,fp32_simt,27104.0,l2,3229536.0,,6619136.0,2.0495625377763247,0.2442125147579693,ok,
188,2728813,0,1,7,nvjet_sm110_tst_128x128_64x6_1x2_h_bz_bias_TNT,"(18, 1, 1)","(256, 1, 1)","Vision: attention Q/K/V/O projections | nvjet_sm110_tst_128x128_64x6_1x2_h_bz_bias_TNT | grid=(18, 1, 1) block=(256, 1, 1)",vlm.vision.camera0/nvjet_sm110_tst_128x128_64x6_1x2_h_bz_bias_TNT,vlm.vision.camera0,vlm,24,bf16_tensor,29856.000000000004,l2,8002848.0,,679477248.0,84.90443002291184,22.758482315112538,ok,
188,2728813,0,1,7,nvjet_sm110_tst_128x128_64x6_1x2_h_bz_bias_TNT,"(18, 1, 1)","(256, 1, 1)","Vision: attention Q/K/V/O projections | nvjet_sm110_tst_128x128_64x6_1x2_h_bz_bias_TNT | grid=(18, 1, 1) block=(256, 1, 1)",vlm.vision.camera0/nvjet_sm110_tst_128x128_64x6_1x2_h_bz_bias_TNT,vlm.vision.camera0,vlm,24,fp32_simt,29856.000000000004,l2,8002848.0,,884736.0,0.1105526432589998,0.029633440514469447,ok,
189,2728813,0,1,7,nvjet_sm110_tst_128x128_64x6_1x2_h_bz_bias_TNT,"(18, 1, 1)","(256, 1, 1)","Vision: attention Q/K/V/O projections | nvjet_sm110_tst_128x128_64x6_1x2_h_bz_bias_TNT | grid=(18, 1, 1) block=(256, 1, 1)",vlm.vision.camera0/nvjet_sm110_tst_128x128_64x6_1x2_h_bz_bias_TNT,vlm.vision.camera0,vlm,24,bf16_tensor,28960.0,l2,7995776.0,,679477248.0,84.97952518929995,23.46261215469613,ok,
189,2728813,0,1,7,nvjet_sm110_tst_128x128_64x6_1x2_h_bz_bias_TNT,"(18, 1, 1)","(256, 1, 1)","Vision: attention Q/K/V/O projections | nvjet_sm110_tst_128x128_64x6_1x2_h_bz_bias_TNT | grid=(18, 1, 1) block=(256, 1, 1)",vlm.vision.camera0/nvjet_sm110_tst_128x128_64x6_1x2_h_bz_bias_TNT,vlm.vision.camera0,vlm,24,fp32_simt,28960.0,l2,7995776.0,,884736.0,0.11065042342356764,0.03055027624309392,ok,
190,2728813,0,1,7,nvjet_sm110_tst_128x128_64x6_1x2_h_bz_bias_TNT,"(18, 1, 1)","(256, 1, 1)","Vision: attention Q/K/V/O projections | nvjet_sm110_tst_128x128_64x6_1x2_h_bz_bias_TNT | grid=(18, 1, 1) block=(256, 1, 1)",vlm.vision.camera0/nvjet_sm110_tst_128x128_64x6_1x2_h_bz_bias_TNT,vlm.vision.camera0,vlm,24,bf16_tensor,29184.0,l2,8001568.0,,679477248.0,84.91801206963436,23.28252631578947,ok,
190,2728813,0,1,7,nvjet_sm110_tst_128x128_64x6_1x2_h_bz_bias_TNT,"(18, 1, 1)","(256, 1, 1)","Vision: attention Q/K/V/O projections | nvjet_sm110_tst_128x128_64x6_1x2_h_bz_bias_TNT | grid=(18, 1, 1) block=(256, 1, 1)",vlm.vision.camera0/nvjet_sm110_tst_128x128_64x6_1x2_h_bz_bias_TNT,vlm.vision.camera0,vlm,24,fp32_simt,29184.0,l2,8001568.0,,884736.0,0.11057032821566973,0.030315789473684213,ok,
191,2728813,0,1,7,"void pytorch_flash::flash_fwd_kernel<Flash_fwd_kernel_traits<96, 128, 64, 4, 0, 0, cutlass::bfloat16_t, Flash_kernel_traits<96, 128, 64, 4, cutlass::bfloat16_t>>, 0, 0, 0, 0, 0, 0, 0, 0>(pytorch_flash::Flash_fwd_params)","(2, 1, 16)","(128, 1, 1)","Vision: FlashAttention | void pytorch_flash::flash_fwd_kernel<Flash_fwd_kernel_traits<96, 128, 64, 4, 0, 0, cutlass::bfloat16_t, Flash_kernel_traits<96, 128, 64, 4, cutlass::bfloat16_t>>, 0, 0, 0, 0, 0, 0, 0, 0>(pytorch_flash::Flash_fwd_params) | grid=(2, 1, 16) block=(128, 1, 1)","vlm.vision.camera0/void pytorch_flash::flash_fwd_kernel<Flash_fwd_kernel_traits<(int)96, (int)128, (int)64, (int)4, (bool)0, (bool)0, cutlass::bfloat16_t, Flash_kernel_traits<(int)96, (int)128, (int)64, (int)4, cutlass::bfloat16_t>>, (bool)0, (bool)0, (bool)0, (bool)0, (bool)0, (bool)0, (bool)0, (bool)0>(pytorch_flash::Flash_fwd_params)",vlm.vision.camera0,vlm,20,bf16_tensor,31968.000000000004,l2,5482432.0,,402653184.0,73.4442641513839,12.595507507507506,ok,
191,2728813,0,1,7,"void pytorch_flash::flash_fwd_kernel<Flash_fwd_kernel_traits<96, 128, 64, 4, 0, 0, cutlass::bfloat16_t, Flash_kernel_traits<96, 128, 64, 4, cutlass::bfloat16_t>>, 0, 0, 0, 0, 0, 0, 0, 0>(pytorch_flash::Flash_fwd_params)","(2, 1, 16)","(128, 1, 1)","Vision: FlashAttention | void pytorch_flash::flash_fwd_kernel<Flash_fwd_kernel_traits<96, 128, 64, 4, 0, 0, cutlass::bfloat16_t, Flash_kernel_traits<96, 128, 64, 4, cutlass::bfloat16_t>>, 0, 0, 0, 0, 0, 0, 0, 0>(pytorch_flash::Flash_fwd_params) | grid=(2, 1, 16) block=(128, 1, 1)","vlm.vision.camera0/void pytorch_flash::flash_fwd_kernel<Flash_fwd_kernel_traits<(int)96, (int)128, (int)64, (int)4, (bool)0, (bool)0, cutlass::bfloat16_t, Flash_kernel_traits<(int)96, (int)128, (int)64, (int)4, cutlass::bfloat16_t>>, (bool)0, (bool)0, (bool)0, (bool)0, (bool)0, (bool)0, (bool)0, (bool)0>(pytorch_flash::Flash_fwd_params)",vlm.vision.camera0,vlm,20,fp32_simt,31968.000000000004,l2,5482432.0,,5079040.0,0.9264209752168381,0.1588788788788789,ok,
192,2728813,0,1,7,nvjet_sm110_tst_128x128_64x6_1x2_h_bz_bias_TNT,"(18, 1, 1)","(256, 1, 1)","Vision: attention Q/K/V/O projections | nvjet_sm110_tst_128x128_64x6_1x2_h_bz_bias_TNT | grid=(18, 1, 1) block=(256, 1, 1)",vlm.vision.camera0/nvjet_sm110_tst_128x128_64x6_1x2_h_bz_bias_TNT,vlm.vision.camera0,vlm,24,bf16_tensor,26528.0,l2,7993344.0,,679477248.0,85.0053804765565,25.613587454764776,ok,
192,2728813,0,1,7,nvjet_sm110_tst_128x128_64x6_1x2_h_bz_bias_TNT,"(18, 1, 1)","(256, 1, 1)","Vision: attention Q/K/V/O projections | nvjet_sm110_tst_128x128_64x6_1x2_h_bz_bias_TNT | grid=(18, 1, 1) block=(256, 1, 1)",vlm.vision.camera0/nvjet_sm110_tst_128x128_64x6_1x2_h_bz_bias_TNT,vlm.vision.camera0,vlm,24,fp32_simt,26528.0,l2,7993344.0,,884736.0,0.11068408916218293,0.033351025331724966,ok,
193,2728813,0,1,7,triton_red_fused_add_native_layer_norm_view_9,"(256, 1, 1)","(512, 1, 1)","Vision: residual/LayerNorm fusion 9 | triton_red_fused_add_native_layer_norm_view_9 | grid=(256, 1, 1) block=(512, 1, 1)",vlm.vision.camera0/triton_red_fused_add_native_layer_norm_view_9,vlm.vision.camera0,vlm,37,bf16_tensor,29376.0,l2,4279072.0,,0.0,,,zero_counted_flops,
193,2728813,0,1,7,triton_red_fused_add_native_layer_norm_view_9,"(256, 1, 1)","(512, 1, 1)","Vision: residual/LayerNorm fusion 9 | triton_red_fused_add_native_layer_norm_view_9 | grid=(256, 1, 1) block=(512, 1, 1)",vlm.vision.camera0/triton_red_fused_add_native_layer_norm_view_9,vlm.vision.camera0,vlm,37,fp32_simt,29376.0,l2,4279072.0,,21912736.0,5.120908458656456,0.7459400871459695,ok,
194,2728813,0,1,7,nvjet_sm110_tst_224x128_64x7_1x2_2cta_h_bz_bias_TNN,"(40, 1, 1)","(256, 1, 1)","Vision: FFN expansion + bias | nvjet_sm110_tst_224x128_64x7_1x2_2cta_h_bz_bias_TNN | grid=(40, 1, 1) block=(256, 1, 1)",vlm.vision.camera0/nvjet_sm110_tst_224x128_64x7_1x2_2cta_h_bz_bias_TNN,vlm.vision.camera0,vlm,19,bf16_tensor,59904.0,l2,23323936.0,,2642411520.0,113.29183547751117,44.11076923076923,ok,
194,2728813,0,1,7,nvjet_sm110_tst_224x128_64x7_1x2_2cta_h_bz_bias_TNN,"(40, 1, 1)","(256, 1, 1)","Vision: FFN expansion + bias | nvjet_sm110_tst_224x128_64x7_1x2_2cta_h_bz_bias_TNN | grid=(40, 1, 1) block=(256, 1, 1)",vlm.vision.camera0/nvjet_sm110_tst_224x128_64x7_1x2_2cta_h_bz_bias_TNN,vlm.vision.camera0,vlm,19,fp32_simt,59904.0,l2,23323936.0,,3440640.0,0.14751541077800934,0.057435897435897436,ok,
195,2728813,0,1,7,triton_poi_fused_gelu_view_5,"(2152, 1, 1)","(128, 1, 1)","Vision: FFN GELU | triton_poi_fused_gelu_view_5 | grid=(2152, 1, 1) block=(128, 1, 1)",vlm.vision.camera0/triton_poi_fused_gelu_view_5,vlm.vision.camera0,vlm,17,bf16_tensor,24992.0,l2,4461440.0,,0.0,,,zero_counted_flops,
195,2728813,0,1,7,triton_poi_fused_gelu_view_5,"(2152, 1, 1)","(128, 1, 1)","Vision: FFN GELU | triton_poi_fused_gelu_view_5 | grid=(2152, 1, 1) block=(128, 1, 1)",vlm.vision.camera0/triton_poi_fused_gelu_view_5,vlm.vision.camera0,vlm,17,fp32_simt,24992.0,l2,4461440.0,,14593765.0,3.2710884826423756,0.5839374599871959,ok,
196,2728813,0,1,7,nvjet_sm110_tst_144x128_64x6_4x1_v_bz_bias_TNN,"(16, 1, 1)","(256, 1, 1)","Vision: FFN contraction + bias | nvjet_sm110_tst_144x128_64x6_4x1_v_bz_bias_TNN | grid=(16, 1, 1) block=(256, 1, 1)",vlm.vision.camera0/nvjet_sm110_tst_144x128_64x6_4x1_v_bz_bias_TNN,vlm.vision.camera0,vlm,18,bf16_tensor,88128.00000000001,l2,24619936.0,,2566914048.0,104.26160522919312,29.12711111111111,ok,
196,2728813,0,1,7,nvjet_sm110_tst_144x128_64x6_4x1_v_bz_bias_TNN,"(16, 1, 1)","(256, 1, 1)","Vision: FFN contraction + bias | nvjet_sm110_tst_144x128_64x6_4x1_v_bz_bias_TNN | grid=(16, 1, 1) block=(256, 1, 1)",vlm.vision.camera0/nvjet_sm110_tst_144x128_64x6_4x1_v_bz_bias_TNN,vlm.vision.camera0,vlm,18,fp32_simt,88128.00000000001,l2,24619936.0,,884736.0,0.03593575547881197,0.01003921568627451,ok,
197,2728813,0,1,7,triton_red_fused_add_native_layer_norm_view_6,"(128, 1, 1)","(128, 1, 1)","Vision: residual/LayerNorm fusion 6 | triton_red_fused_add_native_layer_norm_view_6 | grid=(128, 1, 1) block=(128, 1, 1)",vlm.vision.camera0/triton_red_fused_add_native_layer_norm_view_6,vlm.vision.camera0,vlm,34,bf16_tensor,23872.0,l2,1923328.0,,0.0,,,zero_counted_flops,
197,2728813,0,1,7,triton_red_fused_add_native_layer_norm_view_6,"(128, 1, 1)","(128, 1, 1)","Vision: residual/LayerNorm fusion 6 | triton_red_fused_add_native_layer_norm_view_6 | grid=(128, 1, 1) block=(128, 1, 1)",vlm.vision.camera0/triton_red_fused_add_native_layer_norm_view_6,vlm.vision.camera0,vlm,34,fp32_simt,23872.0,l2,1923328.0,,5216104.0,2.712019998668974,0.21850301608579087,ok,
198,2728813,0,1,7,nvjet_sm110_tst_128x128_64x6_1x2_h_bz_bias_TNT,"(18, 1, 1)","(256, 1, 1)","Vision: attention Q/K/V/O projections | nvjet_sm110_tst_128x128_64x6_1x2_h_bz_bias_TNT | grid=(18, 1, 1) block=(256, 1, 1)",vlm.vision.camera0/nvjet_sm110_tst_128x128_64x6_1x2_h_bz_bias_TNT,vlm.vision.camera0,vlm,24,bf16_tensor,29216.000000000004,l2,7992672.0,,679477248.0,85.01252747516725,23.257025191675794,ok,
198,2728813,0,1,7,nvjet_sm110_tst_128x128_64x6_1x2_h_bz_bias_TNT,"(18, 1, 1)","(256, 1, 1)","Vision: attention Q/K/V/O projections | nvjet_sm110_tst_128x128_64x6_1x2_h_bz_bias_TNT | grid=(18, 1, 1) block=(256, 1, 1)",vlm.vision.camera0/nvjet_sm110_tst_128x128_64x6_1x2_h_bz_bias_TNT,vlm.vision.camera0,vlm,24,fp32_simt,29216.000000000004,l2,7992672.0,,884736.0,0.11069339514995737,0.030282584884994523,ok,
199,2728813,0,1,7,nvjet_sm110_tst_128x128_64x6_1x2_h_bz_bias_TNT,"(18, 1, 1)","(256, 1, 1)","Vision: attention Q/K/V/O projections | nvjet_sm110_tst_128x128_64x6_1x2_h_bz_bias_TNT | grid=(18, 1, 1) block=(256, 1, 1)",vlm.vision.camera0/nvjet_sm110_tst_128x128_64x6_1x2_h_bz_bias_TNT,vlm.vision.camera0,vlm,24,bf16_tensor,27648.0,l2,8002784.0,,679477248.0,84.90510902206033,24.576,ok,
199,2728813,0,1,7,nvjet_sm110_tst_128x128_64x6_1x2_h_bz_bias_TNT,"(18, 1, 1)","(256, 1, 1)","Vision: attention Q/K/V/O projections | nvjet_sm110_tst_128x128_64x6_1x2_h_bz_bias_TNT | grid=(18, 1, 1) block=(256, 1, 1)",vlm.vision.camera0/nvjet_sm110_tst_128x128_64x6_1x2_h_bz_bias_TNT,vlm.vision.camera0,vlm,24,fp32_simt,27648.0,l2,8002784.0,,884736.0,0.11055352737247438,0.032,ok,
200,2728813,0,1,7,nvjet_sm110_tst_128x128_64x6_1x2_h_bz_bias_TNT,"(18, 1, 1)","(256, 1, 1)","Vision: attention Q/K/V/O projections | nvjet_sm110_tst_128x128_64x6_1x2_h_bz_bias_TNT | grid=(18, 1, 1) block=(256, 1, 1)",vlm.vision.camera0/nvjet_sm110_tst_128x128_64x6_1x2_h_bz_bias_TNT,vlm.vision.camera0,vlm,24,bf16_tensor,26944.0,l2,8002112.0,,679477248.0,84.91223916885941,25.218128266033254,ok,
200,2728813,0,1,7,nvjet_sm110_tst_128x128_64x6_1x2_h_bz_bias_TNT,"(18, 1, 1)","(256, 1, 1)","Vision: attention Q/K/V/O projections | nvjet_sm110_tst_128x128_64x6_1x2_h_bz_bias_TNT | grid=(18, 1, 1) block=(256, 1, 1)",vlm.vision.camera0/nvjet_sm110_tst_128x128_64x6_1x2_h_bz_bias_TNT,vlm.vision.camera0,vlm,24,fp32_simt,26944.0,l2,8002112.0,,884736.0,0.1105628114177857,0.03283610451306413,ok,
201,2728813,0,1,7,"void pytorch_flash::flash_fwd_kernel<Flash_fwd_kernel_traits<96, 128, 64, 4, 0, 0, cutlass::bfloat16_t, Flash_kernel_traits<96, 128, 64, 4, cutlass::bfloat16_t>>, 0, 0, 0, 0, 0, 0, 0, 0>(pytorch_flash::Flash_fwd_params)","(2, 1, 16)","(128, 1, 1)","Vision: FlashAttention | void pytorch_flash::flash_fwd_kernel<Flash_fwd_kernel_traits<96, 128, 64, 4, 0, 0, cutlass::bfloat16_t, Flash_kernel_traits<96, 128, 64, 4, cutlass::bfloat16_t>>, 0, 0, 0, 0, 0, 0, 0, 0>(pytorch_flash::Flash_fwd_params) | grid=(2, 1, 16) block=(128, 1, 1)","vlm.vision.camera0/void pytorch_flash::flash_fwd_kernel<Flash_fwd_kernel_traits<(int)96, (int)128, (int)64, (int)4, (bool)0, (bool)0, cutlass::bfloat16_t, Flash_kernel_traits<(int)96, (int)128, (int)64, (int)4, cutlass::bfloat16_t>>, (bool)0, (bool)0, (bool)0, (bool)0, (bool)0, (bool)0, (bool)0, (bool)0>(pytorch_flash::Flash_fwd_params)",vlm.vision.camera0,vlm,20,bf16_tensor,34528.00000000001,l2,5486400.0,,402653184.0,73.39114610673666,11.661642261353103,ok,
201,2728813,0,1,7,"void pytorch_flash::flash_fwd_kernel<Flash_fwd_kernel_traits<96, 128, 64, 4, 0, 0, cutlass::bfloat16_t, Flash_kernel_traits<96, 128, 64, 4, cutlass::bfloat16_t>>, 0, 0, 0, 0, 0, 0, 0, 0>(pytorch_flash::Flash_fwd_params)","(2, 1, 16)","(128, 1, 1)","Vision: FlashAttention | void pytorch_flash::flash_fwd_kernel<Flash_fwd_kernel_traits<96, 128, 64, 4, 0, 0, cutlass::bfloat16_t, Flash_kernel_traits<96, 128, 64, 4, cutlass::bfloat16_t>>, 0, 0, 0, 0, 0, 0, 0, 0>(pytorch_flash::Flash_fwd_params) | grid=(2, 1, 16) block=(128, 1, 1)","vlm.vision.camera0/void pytorch_flash::flash_fwd_kernel<Flash_fwd_kernel_traits<(int)96, (int)128, (int)64, (int)4, (bool)0, (bool)0, cutlass::bfloat16_t, Flash_kernel_traits<(int)96, (int)128, (int)64, (int)4, cutlass::bfloat16_t>>, (bool)0, (bool)0, (bool)0, (bool)0, (bool)0, (bool)0, (bool)0, (bool)0>(pytorch_flash::Flash_fwd_params)",vlm.vision.camera0,vlm,20,fp32_simt,34528.00000000001,l2,5486400.0,,5079040.0,0.9257509477981919,0.1470991658943466,ok,
202,2728813,0,1,7,nvjet_sm110_tst_128x128_64x6_1x2_h_bz_bias_TNT,"(18, 1, 1)","(256, 1, 1)","Vision: attention Q/K/V/O projections | nvjet_sm110_tst_128x128_64x6_1x2_h_bz_bias_TNT | grid=(18, 1, 1) block=(256, 1, 1)",vlm.vision.camera0/nvjet_sm110_tst_128x128_64x6_1x2_h_bz_bias_TNT,vlm.vision.camera0,vlm,24,bf16_tensor,29536.000000000004,l2,8002720.0,,679477248.0,84.9057880320691,23.00505308775731,ok,
202,2728813,0,1,7,nvjet_sm110_tst_128x128_64x6_1x2_h_bz_bias_TNT,"(18, 1, 1)","(256, 1, 1)","Vision: attention Q/K/V/O projections | nvjet_sm110_tst_128x128_64x6_1x2_h_bz_bias_TNT | grid=(18, 1, 1) block=(256, 1, 1)",vlm.vision.camera0/nvjet_sm110_tst_128x128_64x6_1x2_h_bz_bias_TNT,vlm.vision.camera0,vlm,24,fp32_simt,29536.000000000004,l2,8002720.0,,884736.0,0.11055441150008997,0.02995449620801733,ok,
203,2728813,0,1,7,triton_red_fused_add_native_layer_norm_view_7,"(256, 1, 1)","(64, 1, 1)","Vision: residual/LayerNorm fusion 7 | triton_red_fused_add_native_layer_norm_view_7 | grid=(256, 1, 1) block=(64, 1, 1)",vlm.vision.camera0/triton_red_fused_add_native_layer_norm_view_7,vlm.vision.camera0,vlm,35,bf16_tensor,26016.000000000004,l2,2566048.0,,0.0,,,zero_counted_flops,
203,2728813,0,1,7,triton_red_fused_add_native_layer_norm_view_7,"(256, 1, 1)","(64, 1, 1)","Vision: residual/LayerNorm fusion 7 | triton_red_fused_add_native_layer_norm_view_7 | grid=(256, 1, 1) block=(64, 1, 1)",vlm.vision.camera0/triton_red_fused_add_native_layer_norm_view_7,vlm.vision.camera0,vlm,35,fp32_simt,26016.000000000004,l2,2566048.0,,5391700.0,2.101168801207148,0.20724554120541203,ok,
204,2728813,0,1,7,nvjet_sm110_tst_224x128_64x7_1x2_2cta_h_bz_bias_TNN,"(40, 1, 1)","(256, 1, 1)","Vision: FFN expansion + bias | nvjet_sm110_tst_224x128_64x7_1x2_2cta_h_bz_bias_TNN | grid=(40, 1, 1) block=(256, 1, 1)",vlm.vision.camera0/nvjet_sm110_tst_224x128_64x7_1x2_2cta_h_bz_bias_TNN,vlm.vision.camera0,vlm,19,bf16_tensor,62048.0,l2,23186272.0,,2642411520.0,113.96448381180036,42.58657039711191,ok,
204,2728813,0,1,7,nvjet_sm110_tst_224x128_64x7_1x2_2cta_h_bz_bias_TNN,"(40, 1, 1)","(256, 1, 1)","Vision: FFN expansion + bias | nvjet_sm110_tst_224x128_64x7_1x2_2cta_h_bz_bias_TNN | grid=(40, 1, 1) block=(256, 1, 1)",vlm.vision.camera0/nvjet_sm110_tst_224x128_64x7_1x2_2cta_h_bz_bias_TNN,vlm.vision.camera0,vlm,19,fp32_simt,62048.0,l2,23186272.0,,3440640.0,0.14839125496328173,0.05545126353790614,ok,
205,2728813,0,1,7,triton_poi_fused_gelu_view_5,"(2152, 1, 1)","(128, 1, 1)","Vision: FFN GELU | triton_poi_fused_gelu_view_5 | grid=(2152, 1, 1) block=(128, 1, 1)",vlm.vision.camera0/triton_poi_fused_gelu_view_5,vlm.vision.camera0,vlm,17,bf16_tensor,23936.000000000004,l2,4459520.0,,0.0,,,zero_counted_flops,
205,2728813,0,1,7,triton_poi_fused_gelu_view_5,"(2152, 1, 1)","(128, 1, 1)","Vision: FFN GELU | triton_poi_fused_gelu_view_5 | grid=(2152, 1, 1) block=(128, 1, 1)",vlm.vision.camera0/triton_poi_fused_gelu_view_5,vlm.vision.camera0,vlm,17,fp32_simt,23936.000000000004,l2,4459520.0,,14404380.0,3.230029240815155,0.6017872660427807,ok,
206,2728813,0,1,7,nvjet_sm110_tst_144x128_64x6_4x1_v_bz_bias_TNN,"(16, 1, 1)","(256, 1, 1)","Vision: FFN contraction + bias | nvjet_sm110_tst_144x128_64x6_4x1_v_bz_bias_TNN | grid=(16, 1, 1) block=(256, 1, 1)",vlm.vision.camera0/nvjet_sm110_tst_144x128_64x6_4x1_v_bz_bias_TNN,vlm.vision.camera0,vlm,18,bf16_tensor,87904.0,l2,24626272.0,,2566914048.0,104.23478015673668,29.20133381871132,ok,
206,2728813,0,1,7,nvjet_sm110_tst_144x128_64x6_4x1_v_bz_bias_TNN,"(16, 1, 1)","(256, 1, 1)","Vision: FFN contraction + bias | nvjet_sm110_tst_144x128_64x6_4x1_v_bz_bias_TNN | grid=(16, 1, 1) block=(256, 1, 1)",vlm.vision.camera0/nvjet_sm110_tst_144x128_64x6_4x1_v_bz_bias_TNN,vlm.vision.camera0,vlm,18,fp32_simt,87904.0,l2,24626272.0,,884736.0,0.03592650970475759,0.010064797961412448,ok,
207,2728813,0,1,7,triton_red_fused_add_native_layer_norm_view_8,"(256, 1, 1)","(64, 1, 1)","Vision: residual/LayerNorm fusion 8 | triton_red_fused_add_native_layer_norm_view_8 | grid=(256, 1, 1) block=(64, 1, 1)",vlm.vision.camera0/triton_red_fused_add_native_layer_norm_view_8,vlm.vision.camera0,vlm,36,bf16_tensor,29632.0,l2,3186752.0,,0.0,,,zero_counted_flops,
207,2728813,0,1,7,triton_red_fused_add_native_layer_norm_view_8,"(256, 1, 1)","(64, 1, 1)","Vision: residual/LayerNorm fusion 8 | triton_red_fused_add_native_layer_norm_view_8 | grid=(256, 1, 1) block=(64, 1, 1)",vlm.vision.camera0/triton_red_fused_add_native_layer_norm_view_8,vlm.vision.camera0,vlm,36,fp32_simt,29632.0,l2,3186752.0,,6619136.0,2.077079107505071,0.223377969762419,ok,
208,2728813,0,1,7,nvjet_sm110_tst_128x128_64x6_1x2_h_bz_bias_TNT,"(18, 1, 1)","(256, 1, 1)","Vision: attention Q/K/V/O projections | nvjet_sm110_tst_128x128_64x6_1x2_h_bz_bias_TNT | grid=(18, 1, 1) block=(256, 1, 1)",vlm.vision.camera0/nvjet_sm110_tst_128x128_64x6_1x2_h_bz_bias_TNT,vlm.vision.camera0,vlm,24,bf16_tensor,26848.0,l2,8002848.0,,679477248.0,84.90443002291184,25.30830035756853,ok,
208,2728813,0,1,7,nvjet_sm110_tst_128x128_64x6_1x2_h_bz_bias_TNT,"(18, 1, 1)","(256, 1, 1)","Vision: attention Q/K/V/O projections | nvjet_sm110_tst_128x128_64x6_1x2_h_bz_bias_TNT | grid=(18, 1, 1) block=(256, 1, 1)",vlm.vision.camera0/nvjet_sm110_tst_128x128_64x6_1x2_h_bz_bias_TNT,vlm.vision.camera0,vlm,24,fp32_simt,26848.0,l2,8002848.0,,884736.0,0.1105526432589998,0.03295351609058403,ok,
209,2728813,0,1,7,nvjet_sm110_tst_128x128_64x6_1x2_h_bz_bias_TNT,"(18, 1, 1)","(256, 1, 1)","Vision: attention Q/K/V/O projections | nvjet_sm110_tst_128x128_64x6_1x2_h_bz_bias_TNT | grid=(18, 1, 1) block=(256, 1, 1)",vlm.vision.camera0/nvjet_sm110_tst_128x128_64x6_1x2_h_bz_bias_TNT,vlm.vision.camera0,vlm,24,bf16_tensor,28896.000000000004,l2,8003104.0,,679477248.0,84.90171413491565,23.514578073089698,ok,
209,2728813,0,1,7,nvjet_sm110_tst_128x128_64x6_1x2_h_bz_bias_TNT,"(18, 1, 1)","(256, 1, 1)","Vision: attention Q/K/V/O projections | nvjet_sm110_tst_128x128_64x6_1x2_h_bz_bias_TNT | grid=(18, 1, 1) block=(256, 1, 1)",vlm.vision.camera0/nvjet_sm110_tst_128x128_64x6_1x2_h_bz_bias_TNT,vlm.vision.camera0,vlm,24,fp32_simt,28896.000000000004,l2,8003104.0,,884736.0,0.11054910694650476,0.030617940199335544,ok,
210,2728813,0,1,7,nvjet_sm110_tst_128x128_64x6_1x2_h_bz_bias_TNT,"(18, 1, 1)","(256, 1, 1)","Vision: attention Q/K/V/O projections | nvjet_sm110_tst_128x128_64x6_1x2_h_bz_bias_TNT | grid=(18, 1, 1) block=(256, 1, 1)",vlm.vision.camera0/nvjet_sm110_tst_128x128_64x6_1x2_h_bz_bias_TNT,vlm.vision.camera0,vlm,24,bf16_tensor,29184.0,l2,8000288.0,,679477248.0,84.93159846245536,23.28252631578947,ok,
210,2728813,0,1,7,nvjet_sm110_tst_128x128_64x6_1x2_h_bz_bias_TNT,"(18, 1, 1)","(256, 1, 1)","Vision: attention Q/K/V/O projections | nvjet_sm110_tst_128x128_64x6_1x2_h_bz_bias_TNT | grid=(18, 1, 1) block=(256, 1, 1)",vlm.vision.camera0/nvjet_sm110_tst_128x128_64x6_1x2_h_bz_bias_TNT,vlm.vision.camera0,vlm,24,fp32_simt,29184.0,l2,8000288.0,,884736.0,0.11058801883132208,0.030315789473684213,ok,
211,2728813,0,1,7,"void pytorch_flash::flash_fwd_kernel<Flash_fwd_kernel_traits<96, 128, 64, 4, 0, 0, cutlass::bfloat16_t, Flash_kernel_traits<96, 128, 64, 4, cutlass::bfloat16_t>>, 0, 0, 0, 0, 0, 0, 0, 0>(pytorch_flash::Flash_fwd_params)","(2, 1, 16)","(128, 1, 1)","Vision: FlashAttention | void pytorch_flash::flash_fwd_kernel<Flash_fwd_kernel_traits<96, 128, 64, 4, 0, 0, cutlass::bfloat16_t, Flash_kernel_traits<96, 128, 64, 4, cutlass::bfloat16_t>>, 0, 0, 0, 0, 0, 0, 0, 0>(pytorch_flash::Flash_fwd_params) | grid=(2, 1, 16) block=(128, 1, 1)","vlm.vision.camera0/void pytorch_flash::flash_fwd_kernel<Flash_fwd_kernel_traits<(int)96, (int)128, (int)64, (int)4, (bool)0, (bool)0, cutlass::bfloat16_t, Flash_kernel_traits<(int)96, (int)128, (int)64, (int)4, cutlass::bfloat16_t>>, (bool)0, (bool)0, (bool)0, (bool)0, (bool)0, (bool)0, (bool)0, (bool)0>(pytorch_flash::Flash_fwd_params)",vlm.vision.camera0,vlm,20,bf16_tensor,29472.0,l2,5469120.0,,402653184.0,73.62302966473582,13.662228013029315,ok,
211,2728813,0,1,7,"void pytorch_flash::flash_fwd_kernel<Flash_fwd_kernel_traits<96, 128, 64, 4, 0, 0, cutlass::bfloat16_t, Flash_kernel_traits<96, 128, 64, 4, cutlass::bfloat16_t>>, 0, 0, 0, 0, 0, 0, 0, 0>(pytorch_flash::Flash_fwd_params)","(2, 1, 16)","(128, 1, 1)","Vision: FlashAttention | void pytorch_flash::flash_fwd_kernel<Flash_fwd_kernel_traits<96, 128, 64, 4, 0, 0, cutlass::bfloat16_t, Flash_kernel_traits<96, 128, 64, 4, cutlass::bfloat16_t>>, 0, 0, 0, 0, 0, 0, 0, 0>(pytorch_flash::Flash_fwd_params) | grid=(2, 1, 16) block=(128, 1, 1)","vlm.vision.camera0/void pytorch_flash::flash_fwd_kernel<Flash_fwd_kernel_traits<(int)96, (int)128, (int)64, (int)4, (bool)0, (bool)0, cutlass::bfloat16_t, Flash_kernel_traits<(int)96, (int)128, (int)64, (int)4, cutlass::bfloat16_t>>, (bool)0, (bool)0, (bool)0, (bool)0, (bool)0, (bool)0, (bool)0, (bool)0>(pytorch_flash::Flash_fwd_params)",vlm.vision.camera0,vlm,20,fp32_simt,29472.0,l2,5469120.0,,5079040.0,0.9286759112983441,0.17233441910966338,ok,
212,2728813,0,1,7,nvjet_sm110_tst_128x128_64x6_1x2_h_bz_bias_TNT,"(18, 1, 1)","(256, 1, 1)","Vision: attention Q/K/V/O projections | nvjet_sm110_tst_128x128_64x6_1x2_h_bz_bias_TNT | grid=(18, 1, 1) block=(256, 1, 1)",vlm.vision.camera0/nvjet_sm110_tst_128x128_64x6_1x2_h_bz_bias_TNT,vlm.vision.camera0,vlm,24,bf16_tensor,29824.0,l2,8003392.0,,679477248.0,84.89865896859732,22.78290128755365,ok,
212,2728813,0,1,7,nvjet_sm110_tst_128x128_64x6_1x2_h_bz_bias_TNT,"(18, 1, 1)","(256, 1, 1)","Vision: attention Q/K/V/O projections | nvjet_sm110_tst_128x128_64x6_1x2_h_bz_bias_TNT | grid=(18, 1, 1) block=(256, 1, 1)",vlm.vision.camera0/nvjet_sm110_tst_128x128_64x6_1x2_h_bz_bias_TNT,vlm.vision.camera0,vlm,24,fp32_simt,29824.0,l2,8003392.0,,884736.0,0.11054512886536108,0.029665236051502144,ok,
213,2728813,0,1,7,triton_red_fused_add_native_layer_norm_view_9,"(256, 1, 1)","(512, 1, 1)","Vision: residual/LayerNorm fusion 9 | triton_red_fused_add_native_layer_norm_view_9 | grid=(256, 1, 1) block=(512, 1, 1)",vlm.vision.camera0/triton_red_fused_add_native_layer_norm_view_9,vlm.vision.camera0,vlm,37,bf16_tensor,27840.0,l2,4278240.0,,0.0,,,zero_counted_flops,
213,2728813,0,1,7,triton_red_fused_add_native_layer_norm_view_9,"(256, 1, 1)","(512, 1, 1)","Vision: residual/LayerNorm fusion 9 | triton_red_fused_add_native_layer_norm_view_9 | grid=(256, 1, 1) block=(512, 1, 1)",vlm.vision.camera0/triton_red_fused_add_native_layer_norm_view_9,vlm.vision.camera0,vlm,37,fp32_simt,27840.0,l2,4278240.0,,21916192.0,5.122712143311269,0.787219540229885,ok,
214,2728813,0,1,7,nvjet_sm110_tst_224x128_64x7_1x2_2cta_h_bz_bias_TNN,"(40, 1, 1)","(256, 1, 1)","Vision: FFN expansion + bias | nvjet_sm110_tst_224x128_64x7_1x2_2cta_h_bz_bias_TNN | grid=(40, 1, 1) block=(256, 1, 1)",vlm.vision.camera0/nvjet_sm110_tst_224x128_64x7_1x2_2cta_h_bz_bias_TNN,vlm.vision.camera0,vlm,19,bf16_tensor,65792.00000000001,l2,23383520.0,,2642411520.0,113.0031543582831,40.16311284046692,ok,
214,2728813,0,1,7,nvjet_sm110_tst_224x128_64x7_1x2_2cta_h_bz_bias_TNN,"(40, 1, 1)","(256, 1, 1)","Vision: FFN expansion + bias | nvjet_sm110_tst_224x128_64x7_1x2_2cta_h_bz_bias_TNN | grid=(40, 1, 1) block=(256, 1, 1)",vlm.vision.camera0/nvjet_sm110_tst_224x128_64x7_1x2_2cta_h_bz_bias_TNN,vlm.vision.camera0,vlm,19,fp32_simt,65792.00000000001,l2,23383520.0,,3440640.0,0.14713952390401444,0.05229571984435797,ok,
215,2728813,0,1,7,triton_poi_fused_gelu_view_5,"(2152, 1, 1)","(128, 1, 1)","Vision: FFN GELU | triton_poi_fused_gelu_view_5 | grid=(2152, 1, 1) block=(128, 1, 1)",vlm.vision.camera0/triton_poi_fused_gelu_view_5,vlm.vision.camera0,vlm,17,bf16_tensor,28096.000000000004,l2,4455584.0,,0.0,,,zero_counted_flops,
215,2728813,0,1,7,triton_poi_fused_gelu_view_5,"(2152, 1, 1)","(128, 1, 1)","Vision: FFN GELU | triton_poi_fused_gelu_view_5 | grid=(2152, 1, 1) block=(128, 1, 1)",vlm.vision.camera0/triton_poi_fused_gelu_view_5,vlm.vision.camera0,vlm,17,fp32_simt,28096.000000000004,l2,4455584.0,,14360728.0,3.2230854586065485,0.51113069476082,ok,
216,2728813,0,1,7,nvjet_sm110_tst_144x128_64x6_4x1_v_bz_bias_TNN,"(16, 1, 1)","(256, 1, 1)","Vision: FFN contraction + bias | nvjet_sm110_tst_144x128_64x6_4x1_v_bz_bias_TNN | grid=(16, 1, 1) block=(256, 1, 1)",vlm.vision.camera0/nvjet_sm110_tst_144x128_64x6_4x1_v_bz_bias_TNN,vlm.vision.camera0,vlm,18,bf16_tensor,79136.00000000001,l2,24620384.0,,2566914048.0,104.25970805329437,32.43674241811564,ok,
216,2728813,0,1,7,nvjet_sm110_tst_144x128_64x6_4x1_v_bz_bias_TNN,"(16, 1, 1)","(256, 1, 1)","Vision: FFN contraction + bias | nvjet_sm110_tst_144x128_64x6_4x1_v_bz_bias_TNN | grid=(16, 1, 1) block=(256, 1, 1)",vlm.vision.camera0/nvjet_sm110_tst_144x128_64x6_4x1_v_bz_bias_TNN,vlm.vision.camera0,vlm,18,fp32_simt,79136.00000000001,l2,24620384.0,,884736.0,0.035935101580868926,0.011179943388596843,ok,
217,2728813,0,1,7,triton_red_fused_add_native_layer_norm_view_6,"(128, 1, 1)","(128, 1, 1)","Vision: residual/LayerNorm fusion 6 | triton_red_fused_add_native_layer_norm_view_6 | grid=(128, 1, 1) block=(128, 1, 1)",vlm.vision.camera0/triton_red_fused_add_native_layer_norm_view_6,vlm.vision.camera0,vlm,34,bf16_tensor,21664.0,l2,1917632.0,,0.0,,,zero_counted_flops,
217,2728813,0,1,7,triton_red_fused_add_native_layer_norm_view_6,"(128, 1, 1)","(128, 1, 1)","Vision: residual/LayerNorm fusion 6 | triton_red_fused_add_native_layer_norm_view_6 | grid=(128, 1, 1) block=(128, 1, 1)",vlm.vision.camera0/triton_red_fused_add_native_layer_norm_view_6,vlm.vision.camera0,vlm,34,fp32_simt,21664.0,l2,1917632.0,,5201856.0,2.712645596235357,0.2401152141802068,ok,
218,2728813,0,1,7,nvjet_sm110_tst_128x128_64x6_1x2_h_bz_bias_TNT,"(18, 1, 1)","(256, 1, 1)","Vision: attention Q/K/V/O projections | nvjet_sm110_tst_128x128_64x6_1x2_h_bz_bias_TNT | grid=(18, 1, 1) block=(256, 1, 1)",vlm.vision.camera0/nvjet_sm110_tst_128x128_64x6_1x2_h_bz_bias_TNT,vlm.vision.camera0,vlm,24,bf16_tensor,28000.000000000004,l2,7999520.0,,679477248.0,84.93975238514311,24.26704457142857,ok,
218,2728813,0,1,7,nvjet_sm110_tst_128x128_64x6_1x2_h_bz_bias_TNT,"(18, 1, 1)","(256, 1, 1)","Vision: attention Q/K/V/O projections | nvjet_sm110_tst_128x128_64x6_1x2_h_bz_bias_TNT | grid=(18, 1, 1) block=(256, 1, 1)",vlm.vision.camera0/nvjet_sm110_tst_128x128_64x6_1x2_h_bz_bias_TNT,vlm.vision.camera0,vlm,24,fp32_simt,28000.000000000004,l2,7999520.0,,884736.0,0.1105986359181551,0.031597714285714285,ok,
219,2728813,0,1,7,nvjet_sm110_tst_128x128_64x6_1x2_h_bz_bias_TNT,"(18, 1, 1)","(256, 1, 1)","Vision: attention Q/K/V/O projections | nvjet_sm110_tst_128x128_64x6_1x2_h_bz_bias_TNT | grid=(18, 1, 1) block=(256, 1, 1)",vlm.vision.camera0/nvjet_sm110_tst_128x128_64x6_1x2_h_bz_bias_TNT,vlm.vision.camera0,vlm,24,bf16_tensor,27040.000000000004,l2,7999648.0,,679477248.0,84.93839328930473,25.12859644970414,ok,
219,2728813,0,1,7,nvjet_sm110_tst_128x128_64x6_1x2_h_bz_bias_TNT,"(18, 1, 1)","(256, 1, 1)","Vision: attention Q/K/V/O projections | nvjet_sm110_tst_128x128_64x6_1x2_h_bz_bias_TNT | grid=(18, 1, 1) block=(256, 1, 1)",vlm.vision.camera0/nvjet_sm110_tst_128x128_64x6_1x2_h_bz_bias_TNT,vlm.vision.camera0,vlm,24,fp32_simt,27040.000000000004,l2,7999648.0,,884736.0,0.11059686626211554,0.032719526627218935,ok,
220,2728813,0,1,7,nvjet_sm110_tst_128x128_64x6_1x2_h_bz_bias_TNT,"(18, 1, 1)","(256, 1, 1)","Vision: attention Q/K/V/O projections | nvjet_sm110_tst_128x128_64x6_1x2_h_bz_bias_TNT | grid=(18, 1, 1) block=(256, 1, 1)",vlm.vision.camera0/nvjet_sm110_tst_128x128_64x6_1x2_h_bz_bias_TNT,vlm.vision.camera0,vlm,24,bf16_tensor,29952.0,l2,8002528.0,,679477248.0,84.90782512725978,22.68553846153846,ok,
220,2728813,0,1,7,nvjet_sm110_tst_128x128_64x6_1x2_h_bz_bias_TNT,"(18, 1, 1)","(256, 1, 1)","Vision: attention Q/K/V/O projections | nvjet_sm110_tst_128x128_64x6_1x2_h_bz_bias_TNT | grid=(18, 1, 1) block=(256, 1, 1)",vlm.vision.camera0/nvjet_sm110_tst_128x128_64x6_1x2_h_bz_bias_TNT,vlm.vision.camera0,vlm,24,fp32_simt,29952.0,l2,8002528.0,,884736.0,0.11055706396778618,0.029538461538461538,ok,
221,2728813,0,1,7,"void pytorch_flash::flash_fwd_kernel<Flash_fwd_kernel_traits<96, 128, 64, 4, 0, 0, cutlass::bfloat16_t, Flash_kernel_traits<96, 128, 64, 4, cutlass::bfloat16_t>>, 0, 0, 0, 0, 0, 0, 0, 0>(pytorch_flash::Flash_fwd_params)","(2, 1, 16)","(128, 1, 1)","Vision: FlashAttention | void pytorch_flash::flash_fwd_kernel<Flash_fwd_kernel_traits<96, 128, 64, 4, 0, 0, cutlass::bfloat16_t, Flash_kernel_traits<96, 128, 64, 4, cutlass::bfloat16_t>>, 0, 0, 0, 0, 0, 0, 0, 0>(pytorch_flash::Flash_fwd_params) | grid=(2, 1, 16) block=(128, 1, 1)","vlm.vision.camera0/void pytorch_flash::flash_fwd_kernel<Flash_fwd_kernel_traits<(int)96, (int)128, (int)64, (int)4, (bool)0, (bool)0, cutlass::bfloat16_t, Flash_kernel_traits<(int)96, (int)128, (int)64, (int)4, cutlass::bfloat16_t>>, (bool)0, (bool)0, (bool)0, (bool)0, (bool)0, (bool)0, (bool)0, (bool)0>(pytorch_flash::Flash_fwd_params)",vlm.vision.camera0,vlm,20,bf16_tensor,33248.00000000001,l2,5472000.0,,402653184.0,73.58428070175438,12.110598652550527,ok,
221,2728813,0,1,7,"void pytorch_flash::flash_fwd_kernel<Flash_fwd_kernel_traits<96, 128, 64, 4, 0, 0, cutlass::bfloat16_t, Flash_kernel_traits<96, 128, 64, 4, cutlass::bfloat16_t>>, 0, 0, 0, 0, 0, 0, 0, 0>(pytorch_flash::Flash_fwd_params)","(2, 1, 16)","(128, 1, 1)","Vision: FlashAttention | void pytorch_flash::flash_fwd_kernel<Flash_fwd_kernel_traits<96, 128, 64, 4, 0, 0, cutlass::bfloat16_t, Flash_kernel_traits<96, 128, 64, 4, cutlass::bfloat16_t>>, 0, 0, 0, 0, 0, 0, 0, 0>(pytorch_flash::Flash_fwd_params) | grid=(2, 1, 16) block=(128, 1, 1)","vlm.vision.camera0/void pytorch_flash::flash_fwd_kernel<Flash_fwd_kernel_traits<(int)96, (int)128, (int)64, (int)4, (bool)0, (bool)0, cutlass::bfloat16_t, Flash_kernel_traits<(int)96, (int)128, (int)64, (int)4, cutlass::bfloat16_t>>, (bool)0, (bool)0, (bool)0, (bool)0, (bool)0, (bool)0, (bool)0, (bool)0>(pytorch_flash::Flash_fwd_params)",vlm.vision.camera0,vlm,20,fp32_simt,33248.00000000001,l2,5472000.0,,5079040.0,0.928187134502924,0.15276227141482193,ok,
222,2728813,0,1,7,nvjet_sm110_tst_128x128_64x6_1x2_h_bz_bias_TNT,"(18, 1, 1)","(256, 1, 1)","Vision: attention Q/K/V/O projections | nvjet_sm110_tst_128x128_64x6_1x2_h_bz_bias_TNT | grid=(18, 1, 1) block=(256, 1, 1)",vlm.vision.camera0/nvjet_sm110_tst_128x128_64x6_1x2_h_bz_bias_TNT,vlm.vision.camera0,vlm,24,bf16_tensor,29696.0,l2,7995680.0,,679477248.0,84.98054549456707,22.88110344827586,ok,
222,2728813,0,1,7,nvjet_sm110_tst_128x128_64x6_1x2_h_bz_bias_TNT,"(18, 1, 1)","(256, 1, 1)","Vision: attention Q/K/V/O projections | nvjet_sm110_tst_128x128_64x6_1x2_h_bz_bias_TNT | grid=(18, 1, 1) block=(256, 1, 1)",vlm.vision.camera0/nvjet_sm110_tst_128x128_64x6_1x2_h_bz_bias_TNT,vlm.vision.camera0,vlm,24,fp32_simt,29696.0,l2,7995680.0,,884736.0,0.11065175194605087,0.02979310344827586,ok,
223,2728813,0,1,7,triton_red_fused_add_native_layer_norm_view_7,"(256, 1, 1)","(64, 1, 1)","Vision: residual/LayerNorm fusion 7 | triton_red_fused_add_native_layer_norm_view_7 | grid=(256, 1, 1) block=(64, 1, 1)",vlm.vision.camera0/triton_red_fused_add_native_layer_norm_view_7,vlm.vision.camera0,vlm,35,bf16_tensor,23264.000000000004,l2,2563328.0,,0.0,,,zero_counted_flops,
223,2728813,0,1,7,triton_red_fused_add_native_layer_norm_view_7,"(256, 1, 1)","(64, 1, 1)","Vision: residual/LayerNorm fusion 7 | triton_red_fused_add_native_layer_norm_view_7 | grid=(256, 1, 1) block=(64, 1, 1)",vlm.vision.camera0/triton_red_fused_add_native_layer_norm_view_7,vlm.vision.camera0,vlm,35,fp32_simt,23264.000000000004,l2,2563328.0,,5391576.0,2.103350019974034,0.23175618982118293,ok,
224,2728813,0,1,7,nvjet_sm110_tst_224x128_64x7_1x2_2cta_h_bz_bias_TNN,"(40, 1, 1)","(256, 1, 1)","Vision: FFN expansion + bias | nvjet_sm110_tst_224x128_64x7_1x2_2cta_h_bz_bias_TNN | grid=(40, 1, 1) block=(256, 1, 1)",vlm.vision.camera0/nvjet_sm110_tst_224x128_64x7_1x2_2cta_h_bz_bias_TNN,vlm.vision.camera0,vlm,19,bf16_tensor,64832.00000000001,l2,23260320.0,,2642411520.0,113.60168389772798,40.75782823297137,ok,
224,2728813,0,1,7,nvjet_sm110_tst_224x128_64x7_1x2_2cta_h_bz_bias_TNN,"(40, 1, 1)","(256, 1, 1)","Vision: FFN expansion + bias | nvjet_sm110_tst_224x128_64x7_1x2_2cta_h_bz_bias_TNN | grid=(40, 1, 1) block=(256, 1, 1)",vlm.vision.camera0/nvjet_sm110_tst_224x128_64x7_1x2_2cta_h_bz_bias_TNN,vlm.vision.camera0,vlm,19,fp32_simt,64832.00000000001,l2,23260320.0,,3440640.0,0.1479188592418333,0.0530700888450148,ok,
225,2728813,0,1,7,triton_poi_fused_gelu_view_5,"(2152, 1, 1)","(128, 1, 1)","Vision: FFN GELU | triton_poi_fused_gelu_view_5 | grid=(2152, 1, 1) block=(128, 1, 1)",vlm.vision.camera0/triton_poi_fused_gelu_view_5,vlm.vision.camera0,vlm,17,bf16_tensor,24800.000000000004,l2,4461248.0,,0.0,,,zero_counted_flops,
225,2728813,0,1,7,triton_poi_fused_gelu_view_5,"(2152, 1, 1)","(128, 1, 1)","Vision: FFN GELU | triton_poi_fused_gelu_view_5 | grid=(2152, 1, 1) block=(128, 1, 1)",vlm.vision.camera0/triton_poi_fused_gelu_view_5,vlm.vision.camera0,vlm,17,fp32_simt,24800.000000000004,l2,4461248.0,,14345783.0,3.215643470167989,0.5784589919354838,ok,
226,2728813,0,1,7,nvjet_sm110_tst_144x128_64x6_4x1_v_bz_bias_TNN,"(16, 1, 1)","(256, 1, 1)","Vision: FFN contraction + bias | nvjet_sm110_tst_144x128_64x6_4x1_v_bz_bias_TNN | grid=(16, 1, 1) block=(256, 1, 1)",vlm.vision.camera0/nvjet_sm110_tst_144x128_64x6_4x1_v_bz_bias_TNN,vlm.vision.camera0,vlm,18,bf16_tensor,69664.0,l2,24624064.0,,2566914048.0,104.2441267209182,36.8470666054203,ok,
226,2728813,0,1,7,nvjet_sm110_tst_144x128_64x6_4x1_v_bz_bias_TNN,"(16, 1, 1)","(256, 1, 1)","Vision: FFN contraction + bias | nvjet_sm110_tst_144x128_64x6_4x1_v_bz_bias_TNN | grid=(16, 1, 1) block=(256, 1, 1)",vlm.vision.camera0/nvjet_sm110_tst_144x128_64x6_4x1_v_bz_bias_TNN,vlm.vision.camera0,vlm,18,fp32_simt,69664.0,l2,24624064.0,,884736.0,0.035929731176787064,0.012700045934772622,ok,
227,2728813,0,1,7,triton_red_fused_add_native_layer_norm_view_8,"(256, 1, 1)","(64, 1, 1)","Vision: residual/LayerNorm fusion 8 | triton_red_fused_add_native_layer_norm_view_8 | grid=(256, 1, 1) block=(64, 1, 1)",vlm.vision.camera0/triton_red_fused_add_native_layer_norm_view_8,vlm.vision.camera0,vlm,36,bf16_tensor,25152.000000000004,l2,3222752.0,,0.0,,,zero_counted_flops,
227,2728813,0,1,7,triton_red_fused_add_native_layer_norm_view_8,"(256, 1, 1)","(64, 1, 1)","Vision: residual/LayerNorm fusion 8 | triton_red_fused_add_native_layer_norm_view_8 | grid=(256, 1, 1) block=(64, 1, 1)",vlm.vision.camera0/triton_red_fused_add_native_layer_norm_view_8,vlm.vision.camera0,vlm,36,fp32_simt,25152.000000000004,l2,3222752.0,,6619136.0,2.0538769349922052,0.26316539440203557,ok,
228,2728813,0,1,7,nvjet_sm110_tst_128x128_64x6_1x2_h_bz_bias_TNT,"(18, 1, 1)","(256, 1, 1)","Vision: attention Q/K/V/O projections | nvjet_sm110_tst_128x128_64x6_1x2_h_bz_bias_TNT | grid=(18, 1, 1) block=(256, 1, 1)",vlm.vision.camera0/nvjet_sm110_tst_128x128_64x6_1x2_h_bz_bias_TNT,vlm.vision.camera0,vlm,24,bf16_tensor,28000.000000000004,l2,8002144.0,,679477248.0,84.91189961090427,24.26704457142857,ok,
228,2728813,0,1,7,nvjet_sm110_tst_128x128_64x6_1x2_h_bz_bias_TNT,"(18, 1, 1)","(256, 1, 1)","Vision: attention Q/K/V/O projections | nvjet_sm110_tst_128x128_64x6_1x2_h_bz_bias_TNT | grid=(18, 1, 1) block=(256, 1, 1)",vlm.vision.camera0/nvjet_sm110_tst_128x128_64x6_1x2_h_bz_bias_TNT,vlm.vision.camera0,vlm,24,fp32_simt,28000.000000000004,l2,8002144.0,,884736.0,0.11056236928503162,0.031597714285714285,ok,
229,2728813,0,1,7,nvjet_sm110_tst_128x128_64x6_1x2_h_bz_bias_TNT,"(18, 1, 1)","(256, 1, 1)","Vision: attention Q/K/V/O projections | nvjet_sm110_tst_128x128_64x6_1x2_h_bz_bias_TNT | grid=(18, 1, 1) block=(256, 1, 1)",vlm.vision.camera0/nvjet_sm110_tst_128x128_64x6_1x2_h_bz_bias_TNT,vlm.vision.camera0,vlm,24,bf16_tensor,30368.0,l2,7996416.0,,679477248.0,84.97272378025356,22.374777660695468,ok,
229,2728813,0,1,7,nvjet_sm110_tst_128x128_64x6_1x2_h_bz_bias_TNT,"(18, 1, 1)","(256, 1, 1)","Vision: attention Q/K/V/O projections | nvjet_sm110_tst_128x128_64x6_1x2_h_bz_bias_TNT | grid=(18, 1, 1) block=(256, 1, 1)",vlm.vision.camera0/nvjet_sm110_tst_128x128_64x6_1x2_h_bz_bias_TNT,vlm.vision.camera0,vlm,24,fp32_simt,30368.0,l2,7996416.0,,884736.0,0.11064156742220514,0.029133825079030555,ok,
230,2728813,0,1,7,nvjet_sm110_tst_128x128_64x6_1x2_h_bz_bias_TNT,"(18, 1, 1)","(256, 1, 1)","Vision: attention Q/K/V/O projections | nvjet_sm110_tst_128x128_64x6_1x2_h_bz_bias_TNT | grid=(18, 1, 1) block=(256, 1, 1)",vlm.vision.camera0/nvjet_sm110_tst_128x128_64x6_1x2_h_bz_bias_TNT,vlm.vision.camera0,vlm,24,bf16_tensor,27296.0,l2,8002560.0,,679477248.0,84.90748560460652,24.892923798358733,ok,
230,2728813,0,1,7,nvjet_sm110_tst_128x128_64x6_1x2_h_bz_bias_TNT,"(18, 1, 1)","(256, 1, 1)","Vision: attention Q/K/V/O projections | nvjet_sm110_tst_128x128_64x6_1x2_h_bz_bias_TNT | grid=(18, 1, 1) block=(256, 1, 1)",vlm.vision.camera0/nvjet_sm110_tst_128x128_64x6_1x2_h_bz_bias_TNT,vlm.vision.camera0,vlm,24,fp32_simt,27296.0,l2,8002560.0,,884736.0,0.11055662188099807,0.0324126611957796,ok,
231,2728813,0,1,7,"void pytorch_flash::flash_fwd_kernel<Flash_fwd_kernel_traits<96, 128, 64, 4, 0, 0, cutlass::bfloat16_t, Flash_kernel_traits<96, 128, 64, 4, cutlass::bfloat16_t>>, 0, 0, 0, 0, 0, 0, 0, 0>(pytorch_flash::Flash_fwd_params)","(2, 1, 16)","(128, 1, 1)","Vision: FlashAttention | void pytorch_flash::flash_fwd_kernel<Flash_fwd_kernel_traits<96, 128, 64, 4, 0, 0, cutlass::bfloat16_t, Flash_kernel_traits<96, 128, 64, 4, cutlass::bfloat16_t>>, 0, 0, 0, 0, 0, 0, 0, 0>(pytorch_flash::Flash_fwd_params) | grid=(2, 1, 16) block=(128, 1, 1)","vlm.vision.camera0/void pytorch_flash::flash_fwd_kernel<Flash_fwd_kernel_traits<(int)96, (int)128, (int)64, (int)4, (bool)0, (bool)0, cutlass::bfloat16_t, Flash_kernel_traits<(int)96, (int)128, (int)64, (int)4, cutlass::bfloat16_t>>, (bool)0, (bool)0, (bool)0, (bool)0, (bool)0, (bool)0, (bool)0, (bool)0>(pytorch_flash::Flash_fwd_params)",vlm.vision.camera0,vlm,20,bf16_tensor,30080.000000000004,l2,5476640.0,,402653184.0,73.52193753834467,13.38607659574468,ok,
231,2728813,0,1,7,"void pytorch_flash::flash_fwd_kernel<Flash_fwd_kernel_traits<96, 128, 64, 4, 0, 0, cutlass::bfloat16_t, Flash_kernel_traits<96, 128, 64, 4, cutlass::bfloat16_t>>, 0, 0, 0, 0, 0, 0, 0, 0>(pytorch_flash::Flash_fwd_params)","(2, 1, 16)","(128, 1, 1)","Vision: FlashAttention | void pytorch_flash::flash_fwd_kernel<Flash_fwd_kernel_traits<96, 128, 64, 4, 0, 0, cutlass::bfloat16_t, Flash_kernel_traits<96, 128, 64, 4, cutlass::bfloat16_t>>, 0, 0, 0, 0, 0, 0, 0, 0>(pytorch_flash::Flash_fwd_params) | grid=(2, 1, 16) block=(128, 1, 1)","vlm.vision.camera0/void pytorch_flash::flash_fwd_kernel<Flash_fwd_kernel_traits<(int)96, (int)128, (int)64, (int)4, (bool)0, (bool)0, cutlass::bfloat16_t, Flash_kernel_traits<(int)96, (int)128, (int)64, (int)4, cutlass::bfloat16_t>>, (bool)0, (bool)0, (bool)0, (bool)0, (bool)0, (bool)0, (bool)0, (bool)0>(pytorch_flash::Flash_fwd_params)",vlm.vision.camera0,vlm,20,fp32_simt,30080.000000000004,l2,5476640.0,,5079040.0,0.9274007420608256,0.1688510638297872,ok,
232,2728813,0,1,7,nvjet_sm110_tst_128x128_64x6_1x2_h_bz_bias_TNT,"(18, 1, 1)","(256, 1, 1)","Vision: attention Q/K/V/O projections | nvjet_sm110_tst_128x128_64x6_1x2_h_bz_bias_TNT | grid=(18, 1, 1) block=(256, 1, 1)",vlm.vision.camera0/nvjet_sm110_tst_128x128_64x6_1x2_h_bz_bias_TNT,vlm.vision.camera0,vlm,24,bf16_tensor,28064.0,l2,8002720.0,,679477248.0,84.9057880320691,24.211703534777648,ok,
232,2728813,0,1,7,nvjet_sm110_tst_128x128_64x6_1x2_h_bz_bias_TNT,"(18, 1, 1)","(256, 1, 1)","Vision: attention Q/K/V/O projections | nvjet_sm110_tst_128x128_64x6_1x2_h_bz_bias_TNT | grid=(18, 1, 1) block=(256, 1, 1)",vlm.vision.camera0/nvjet_sm110_tst_128x128_64x6_1x2_h_bz_bias_TNT,vlm.vision.camera0,vlm,24,fp32_simt,28064.0,l2,8002720.0,,884736.0,0.11055441150008997,0.031525655644241736,ok,
233,2728813,0,1,7,triton_red_fused_add_native_layer_norm_view_9,"(256, 1, 1)","(512, 1, 1)","Vision: residual/LayerNorm fusion 9 | triton_red_fused_add_native_layer_norm_view_9 | grid=(256, 1, 1) block=(512, 1, 1)",vlm.vision.camera0/triton_red_fused_add_native_layer_norm_view_9,vlm.vision.camera0,vlm,37,bf16_tensor,29408.0,l2,4272224.0,,0.0,,,zero_counted_flops,
233,2728813,0,1,7,triton_red_fused_add_native_layer_norm_view_9,"(256, 1, 1)","(512, 1, 1)","Vision: residual/LayerNorm fusion 9 | triton_red_fused_add_native_layer_norm_view_9 | grid=(256, 1, 1) block=(512, 1, 1)",vlm.vision.camera0/triton_red_fused_add_native_layer_norm_view_9,vlm.vision.camera0,vlm,37,fp32_simt,29408.0,l2,4272224.0,,21908928.0,5.128225486304089,0.7449989118607181,ok,
234,2728813,0,1,7,nvjet_sm110_tst_224x128_64x7_1x2_2cta_h_bz_bias_TNN,"(40, 1, 1)","(256, 1, 1)","Vision: FFN expansion + bias | nvjet_sm110_tst_224x128_64x7_1x2_2cta_h_bz_bias_TNN | grid=(40, 1, 1) block=(256, 1, 1)",vlm.vision.camera0/nvjet_sm110_tst_224x128_64x7_1x2_2cta_h_bz_bias_TNN,vlm.vision.camera0,vlm,19,bf16_tensor,60736.0,l2,23333984.0,,2642411520.0,113.24305013665905,43.50651211801897,ok,
234,2728813,0,1,7,nvjet_sm110_tst_224x128_64x7_1x2_2cta_h_bz_bias_TNN,"(40, 1, 1)","(256, 1, 1)","Vision: FFN expansion + bias | nvjet_sm110_tst_224x128_64x7_1x2_2cta_h_bz_bias_TNN | grid=(40, 1, 1) block=(256, 1, 1)",vlm.vision.camera0/nvjet_sm110_tst_224x128_64x7_1x2_2cta_h_bz_bias_TNN,vlm.vision.camera0,vlm,19,fp32_simt,60736.0,l2,23333984.0,,3440640.0,0.1474518881987748,0.05664910432033719,ok,
235,2728813,0,1,7,triton_poi_fused_gelu_view_5,"(2152, 1, 1)","(128, 1, 1)","Vision: FFN GELU | triton_poi_fused_gelu_view_5 | grid=(2152, 1, 1) block=(128, 1, 1)",vlm.vision.camera0/triton_poi_fused_gelu_view_5,vlm.vision.camera0,vlm,17,bf16_tensor,24000.0,l2,4461504.0,,0.0,,,zero_counted_flops,
235,2728813,0,1,7,triton_poi_fused_gelu_view_5,"(2152, 1, 1)","(128, 1, 1)","Vision: FFN GELU | triton_poi_fused_gelu_view_5 | grid=(2152, 1, 1) block=(128, 1, 1)",vlm.vision.camera0/triton_poi_fused_gelu_view_5,vlm.vision.camera0,vlm,17,fp32_simt,24000.0,l2,4461504.0,,14336375.0,3.2133502513950454,0.5973489583333333,ok,
236,2728813,0,1,7,nvjet_sm110_tst_144x128_64x6_4x1_v_bz_bias_TNN,"(16, 1, 1)","(256, 1, 1)","Vision: FFN contraction + bias | nvjet_sm110_tst_144x128_64x6_4x1_v_bz_bias_TNN | grid=(16, 1, 1) block=(256, 1, 1)",vlm.vision.camera0/nvjet_sm110_tst_144x128_64x6_4x1_v_bz_bias_TNN,vlm.vision.camera0,vlm,18,bf16_tensor,67104.0,l2,24611648.0,,2566914048.0,104.296715441404,38.25277253218884,ok,
236,2728813,0,1,7,nvjet_sm110_tst_144x128_64x6_4x1_v_bz_bias_TNN,"(16, 1, 1)","(256, 1, 1)","Vision: FFN contraction + bias | nvjet_sm110_tst_144x128_64x6_4x1_v_bz_bias_TNN | grid=(16, 1, 1) block=(256, 1, 1)",vlm.vision.camera0/nvjet_sm110_tst_144x128_64x6_4x1_v_bz_bias_TNN,vlm.vision.camera0,vlm,18,fp32_simt,67104.0,l2,24611648.0,,884736.0,0.03594785688467509,0.013184549356223174,ok,
237,2728813,0,1,7,triton_red_fused_add_native_layer_norm_view_6,"(128, 1, 1)","(128, 1, 1)","Vision: residual/LayerNorm fusion 6 | triton_red_fused_add_native_layer_norm_view_6 | grid=(128, 1, 1) block=(128, 1, 1)",vlm.vision.camera0/triton_red_fused_add_native_layer_norm_view_6,vlm.vision.camera0,vlm,34,bf16_tensor,22272.000000000004,l2,1925376.0,,0.0,,,zero_counted_flops,
237,2728813,0,1,7,triton_red_fused_add_native_layer_norm_view_6,"(128, 1, 1)","(128, 1, 1)","Vision: residual/LayerNorm fusion 6 | triton_red_fused_add_native_layer_norm_view_6 | grid=(128, 1, 1) block=(128, 1, 1)",vlm.vision.camera0/triton_red_fused_add_native_layer_norm_view_6,vlm.vision.camera0,vlm,34,fp32_simt,22272.000000000004,l2,1925376.0,,5215064.0,2.708595100385587,0.23415337643678158,ok,
238,2728813,0,1,7,nvjet_sm110_tst_128x128_64x6_1x2_h_bz_bias_TNT,"(18, 1, 1)","(256, 1, 1)","Vision: attention Q/K/V/O projections | nvjet_sm110_tst_128x128_64x6_1x2_h_bz_bias_TNT | grid=(18, 1, 1) block=(256, 1, 1)",vlm.vision.camera0/nvjet_sm110_tst_128x128_64x6_1x2_h_bz_bias_TNT,vlm.vision.camera0,vlm,24,bf16_tensor,28800.000000000004,l2,8003232.0,,679477248.0,84.90035625607254,23.59296,ok,
238,2728813,0,1,7,nvjet_sm110_tst_128x128_64x6_1x2_h_bz_bias_TNT,"(18, 1, 1)","(256, 1, 1)","Vision: attention Q/K/V/O projections | nvjet_sm110_tst_128x128_64x6_1x2_h_bz_bias_TNT | grid=(18, 1, 1) block=(256, 1, 1)",vlm.vision.camera0/nvjet_sm110_tst_128x128_64x6_1x2_h_bz_bias_TNT,vlm.vision.camera0,vlm,24,fp32_simt,28800.000000000004,l2,8003232.0,,884736.0,0.11054733887509446,0.030719999999999997,ok,
239,2728813,0,1,7,nvjet_sm110_tst_128x128_64x6_1x2_h_bz_bias_TNT,"(18, 1, 1)","(256, 1, 1)","Vision: attention Q/K/V/O projections | nvjet_sm110_tst_128x128_64x6_1x2_h_bz_bias_TNT | grid=(18, 1, 1) block=(256, 1, 1)",vlm.vision.camera0/nvjet_sm110_tst_128x128_64x6_1x2_h_bz_bias_TNT,vlm.vision.camera0,vlm,24,bf16_tensor,26016.000000000004,l2,8003520.0,,679477248.0,84.89730118747751,26.117667896678967,ok,
239,2728813,0,1,7,nvjet_sm110_tst_128x128_64x6_1x2_h_bz_bias_TNT,"(18, 1, 1)","(256, 1, 1)","Vision: attention Q/K/V/O projections | nvjet_sm110_tst_128x128_64x6_1x2_h_bz_bias_TNT | grid=(18, 1, 1) block=(256, 1, 1)",vlm.vision.camera0/nvjet_sm110_tst_128x128_64x6_1x2_h_bz_bias_TNT,vlm.vision.camera0,vlm,24,fp32_simt,26016.000000000004,l2,8003520.0,,884736.0,0.11054336092119467,0.03400738007380073,ok,
240,2728813,0,1,7,nvjet_sm110_tst_128x128_64x6_1x2_h_bz_bias_TNT,"(18, 1, 1)","(256, 1, 1)","Vision: attention Q/K/V/O projections | nvjet_sm110_tst_128x128_64x6_1x2_h_bz_bias_TNT | grid=(18, 1, 1) block=(256, 1, 1)",vlm.vision.camera0/nvjet_sm110_tst_128x128_64x6_1x2_h_bz_bias_TNT,vlm.vision.camera0,vlm,24,bf16_tensor,27712.0,l2,8003488.0,,679477248.0,84.89764062868589,24.51924249422633,ok,
240,2728813,0,1,7,nvjet_sm110_tst_128x128_64x6_1x2_h_bz_bias_TNT,"(18, 1, 1)","(256, 1, 1)","Vision: attention Q/K/V/O projections | nvjet_sm110_tst_128x128_64x6_1x2_h_bz_bias_TNT | grid=(18, 1, 1) block=(256, 1, 1)",vlm.vision.camera0/nvjet_sm110_tst_128x128_64x6_1x2_h_bz_bias_TNT,vlm.vision.camera0,vlm,24,fp32_simt,27712.0,l2,8003488.0,,884736.0,0.11054380290193476,0.03192609699769053,ok,
241,2728813,0,1,7,"void pytorch_flash::flash_fwd_kernel<Flash_fwd_kernel_traits<96, 128, 64, 4, 0, 0, cutlass::bfloat16_t, Flash_kernel_traits<96, 128, 64, 4, cutlass::bfloat16_t>>, 0, 0, 0, 0, 0, 0, 0, 0>(pytorch_flash::Flash_fwd_params)","(2, 1, 16)","(128, 1, 1)","Vision: FlashAttention | void pytorch_flash::flash_fwd_kernel<Flash_fwd_kernel_traits<96, 128, 64, 4, 0, 0, cutlass::bfloat16_t, Flash_kernel_traits<96, 128, 64, 4, cutlass::bfloat16_t>>, 0, 0, 0, 0, 0, 0, 0, 0>(pytorch_flash::Flash_fwd_params) | grid=(2, 1, 16) block=(128, 1, 1)","vlm.vision.camera0/void pytorch_flash::flash_fwd_kernel<Flash_fwd_kernel_traits<(int)96, (int)128, (int)64, (int)4, (bool)0, (bool)0, cutlass::bfloat16_t, Flash_kernel_traits<(int)96, (int)128, (int)64, (int)4, cutlass::bfloat16_t>>, (bool)0, (bool)0, (bool)0, (bool)0, (bool)0, (bool)0, (bool)0, (bool)0>(pytorch_flash::Flash_fwd_params)",vlm.vision.camera0,vlm,20,bf16_tensor,34848.0,l2,5479296.0,,402653184.0,73.48629896979466,11.554556473829201,ok,
241,2728813,0,1,7,"void pytorch_flash::flash_fwd_kernel<Flash_fwd_kernel_traits<96, 128, 64, 4, 0, 0, cutlass::bfloat16_t, Flash_kernel_traits<96, 128, 64, 4, cutlass::bfloat16_t>>, 0, 0, 0, 0, 0, 0, 0, 0>(pytorch_flash::Flash_fwd_params)","(2, 1, 16)","(128, 1, 1)","Vision: FlashAttention | void pytorch_flash::flash_fwd_kernel<Flash_fwd_kernel_traits<96, 128, 64, 4, 0, 0, cutlass::bfloat16_t, Flash_kernel_traits<96, 128, 64, 4, cutlass::bfloat16_t>>, 0, 0, 0, 0, 0, 0, 0, 0>(pytorch_flash::Flash_fwd_params) | grid=(2, 1, 16) block=(128, 1, 1)","vlm.vision.camera0/void pytorch_flash::flash_fwd_kernel<Flash_fwd_kernel_traits<(int)96, (int)128, (int)64, (int)4, (bool)0, (bool)0, cutlass::bfloat16_t, Flash_kernel_traits<(int)96, (int)128, (int)64, (int)4, cutlass::bfloat16_t>>, (bool)0, (bool)0, (bool)0, (bool)0, (bool)0, (bool)0, (bool)0, (bool)0>(pytorch_flash::Flash_fwd_params)",vlm.vision.camera0,vlm,20,fp32_simt,34848.0,l2,5479296.0,,5079040.0,0.9269511995701638,0.14574839302112028,ok,
242,2728813,0,1,7,nvjet_sm110_tst_128x128_64x6_1x2_h_bz_bias_TNT,"(18, 1, 1)","(256, 1, 1)","Vision: attention Q/K/V/O projections | nvjet_sm110_tst_128x128_64x6_1x2_h_bz_bias_TNT | grid=(18, 1, 1) block=(256, 1, 1)",vlm.vision.camera0/nvjet_sm110_tst_128x128_64x6_1x2_h_bz_bias_TNT,vlm.vision.camera0,vlm,24,bf16_tensor,25120.0,l2,8003936.0,,679477248.0,84.89288869876022,27.049253503184715,ok,
242,2728813,0,1,7,nvjet_sm110_tst_128x128_64x6_1x2_h_bz_bias_TNT,"(18, 1, 1)","(256, 1, 1)","Vision: attention Q/K/V/O projections | nvjet_sm110_tst_128x128_64x6_1x2_h_bz_bias_TNT | grid=(18, 1, 1) block=(256, 1, 1)",vlm.vision.camera0/nvjet_sm110_tst_128x128_64x6_1x2_h_bz_bias_TNT,vlm.vision.camera0,vlm,24,fp32_simt,25120.0,l2,8003936.0,,884736.0,0.11053761549317735,0.035220382165605094,ok,
243,2728813,0,1,7,triton_red_fused_add_native_layer_norm_view_7,"(256, 1, 1)","(64, 1, 1)","Vision: residual/LayerNorm fusion 7 | triton_red_fused_add_native_layer_norm_view_7 | grid=(256, 1, 1) block=(64, 1, 1)",vlm.vision.camera0/triton_red_fused_add_native_layer_norm_view_7,vlm.vision.camera0,vlm,35,bf16_tensor,23296.000000000004,l2,2562944.0,,0.0,,,zero_counted_flops,
243,2728813,0,1,7,triton_red_fused_add_native_layer_norm_view_7,"(256, 1, 1)","(64, 1, 1)","Vision: residual/LayerNorm fusion 7 | triton_red_fused_add_native_layer_norm_view_7 | grid=(256, 1, 1) block=(64, 1, 1)",vlm.vision.camera0/triton_red_fused_add_native_layer_norm_view_7,vlm.vision.camera0,vlm,35,fp32_simt,23296.000000000004,l2,2562944.0,,5392196.0,2.103907069370224,0.2314644574175824,ok,
244,2728813,0,1,7,nvjet_sm110_tst_224x128_64x7_1x2_2cta_h_bz_bias_TNN,"(40, 1, 1)","(256, 1, 1)","Vision: FFN expansion + bias | nvjet_sm110_tst_224x128_64x7_1x2_2cta_h_bz_bias_TNN | grid=(40, 1, 1) block=(256, 1, 1)",vlm.vision.camera0/nvjet_sm110_tst_224x128_64x7_1x2_2cta_h_bz_bias_TNN,vlm.vision.camera0,vlm,19,bf16_tensor,55264.00000000001,l2,23276448.0,,2642411520.0,113.5229705150889,47.81433700057903,ok,
244,2728813,0,1,7,nvjet_sm110_tst_224x128_64x7_1x2_2cta_h_bz_bias_TNN,"(40, 1, 1)","(256, 1, 1)","Vision: FFN expansion + bias | nvjet_sm110_tst_224x128_64x7_1x2_2cta_h_bz_bias_TNN | grid=(40, 1, 1) block=(256, 1, 1)",vlm.vision.camera0/nvjet_sm110_tst_224x128_64x7_1x2_2cta_h_bz_bias_TNN,vlm.vision.camera0,vlm,19,fp32_simt,55264.00000000001,l2,23276448.0,,3440640.0,0.14781636785818866,0.06225825130283729,ok,
245,2728813,0,1,7,triton_poi_fused_gelu_view_5,"(2152, 1, 1)","(128, 1, 1)","Vision: FFN GELU | triton_poi_fused_gelu_view_5 | grid=(2152, 1, 1) block=(128, 1, 1)",vlm.vision.camera0/triton_poi_fused_gelu_view_5,vlm.vision.camera0,vlm,17,bf16_tensor,23712.000000000004,l2,4461728.0,,0.0,,,zero_counted_flops,
245,2728813,0,1,7,triton_poi_fused_gelu_view_5,"(2152, 1, 1)","(128, 1, 1)","Vision: FFN GELU | triton_poi_fused_gelu_view_5 | grid=(2152, 1, 1) block=(128, 1, 1)",vlm.vision.camera0/triton_poi_fused_gelu_view_5,vlm.vision.camera0,vlm,17,fp32_simt,23712.000000000004,l2,4461728.0,,14329858.0,3.2117282810606116,0.6043293690958164,ok,
246,2728813,0,1,7,nvjet_sm110_tst_144x128_64x6_4x1_v_bz_bias_TNN,"(16, 1, 1)","(256, 1, 1)","Vision: FFN contraction + bias | nvjet_sm110_tst_144x128_64x6_4x1_v_bz_bias_TNN | grid=(16, 1, 1) block=(256, 1, 1)",vlm.vision.camera0/nvjet_sm110_tst_144x128_64x6_4x1_v_bz_bias_TNN,vlm.vision.camera0,vlm,18,bf16_tensor,91008.0,l2,24614304.0,,2566914048.0,104.28546133175246,28.205367088607595,ok,
246,2728813,0,1,7,nvjet_sm110_tst_144x128_64x6_4x1_v_bz_bias_TNN,"(16, 1, 1)","(256, 1, 1)","Vision: FFN contraction + bias | nvjet_sm110_tst_144x128_64x6_4x1_v_bz_bias_TNN | grid=(16, 1, 1) block=(256, 1, 1)",vlm.vision.camera0/nvjet_sm110_tst_144x128_64x6_4x1_v_bz_bias_TNN,vlm.vision.camera0,vlm,18,fp32_simt,91008.0,l2,24614304.0,,884736.0,0.035943977940631595,0.009721518987341773,ok,
247,2728813,0,1,7,triton_red_fused_add_native_layer_norm_view_8,"(256, 1, 1)","(64, 1, 1)","Vision: residual/LayerNorm fusion 8 | triton_red_fused_add_native_layer_norm_view_8 | grid=(256, 1, 1) block=(64, 1, 1)",vlm.vision.camera0/triton_red_fused_add_native_layer_norm_view_8,vlm.vision.camera0,vlm,36,bf16_tensor,26752.0,l2,3188320.0,,0.0,,,zero_counted_flops,
247,2728813,0,1,7,triton_red_fused_add_native_layer_norm_view_8,"(256, 1, 1)","(64, 1, 1)","Vision: residual/LayerNorm fusion 8 | triton_red_fused_add_native_layer_norm_view_8 | grid=(256, 1, 1) block=(64, 1, 1)",vlm.vision.camera0/triton_red_fused_add_native_layer_norm_view_8,vlm.vision.camera0,vlm,36,fp32_simt,26752.0,l2,3188320.0,,6619136.0,2.076057610277513,0.24742583732057416,ok,
248,2728813,0,1,7,nvjet_sm110_tst_128x128_64x6_1x2_h_bz_bias_TNT,"(18, 1, 1)","(256, 1, 1)","Vision: attention Q/K/V/O projections | nvjet_sm110_tst_128x128_64x6_1x2_h_bz_bias_TNT | grid=(18, 1, 1) block=(256, 1, 1)",vlm.vision.camera0/nvjet_sm110_tst_128x128_64x6_1x2_h_bz_bias_TNT,vlm.vision.camera0,vlm,24,bf16_tensor,27872.0,l2,8000256.0,,679477248.0,84.93193817797831,24.378489092996556,ok,
248,2728813,0,1,7,nvjet_sm110_tst_128x128_64x6_1x2_h_bz_bias_TNT,"(18, 1, 1)","(256, 1, 1)","Vision: attention Q/K/V/O projections | nvjet_sm110_tst_128x128_64x6_1x2_h_bz_bias_TNT | grid=(18, 1, 1) block=(256, 1, 1)",vlm.vision.camera0/nvjet_sm110_tst_128x128_64x6_1x2_h_bz_bias_TNT,vlm.vision.camera0,vlm,24,fp32_simt,27872.0,l2,8000256.0,,884736.0,0.11058846116924259,0.031742824339839264,ok,
249,2728813,0,1,7,nvjet_sm110_tst_128x128_64x6_1x2_h_bz_bias_TNT,"(18, 1, 1)","(256, 1, 1)","Vision: attention Q/K/V/O projections | nvjet_sm110_tst_128x128_64x6_1x2_h_bz_bias_TNT | grid=(18, 1, 1) block=(256, 1, 1)",vlm.vision.camera0/nvjet_sm110_tst_128x128_64x6_1x2_h_bz_bias_TNT,vlm.vision.camera0,vlm,24,bf16_tensor,29024.000000000004,l2,8000416.0,,679477248.0,84.93023962753936,23.41087541345094,ok,
249,2728813,0,1,7,nvjet_sm110_tst_128x128_64x6_1x2_h_bz_bias_TNT,"(18, 1, 1)","(256, 1, 1)","Vision: attention Q/K/V/O projections | nvjet_sm110_tst_128x128_64x6_1x2_h_bz_bias_TNT | grid=(18, 1, 1) block=(256, 1, 1)",vlm.vision.camera0/nvjet_sm110_tst_128x128_64x6_1x2_h_bz_bias_TNT,vlm.vision.camera0,vlm,24,fp32_simt,29024.000000000004,l2,8000416.0,,884736.0,0.11058624951502521,0.030482910694597572,ok,
250,2728813,0,1,7,nvjet_sm110_tst_128x128_64x6_1x2_h_bz_bias_TNT,"(18, 1, 1)","(256, 1, 1)","Vision: attention Q/K/V/O projections | nvjet_sm110_tst_128x128_64x6_1x2_h_bz_bias_TNT | grid=(18, 1, 1) block=(256, 1, 1)",vlm.vision.camera0/nvjet_sm110_tst_128x128_64x6_1x2_h_bz_bias_TNT,vlm.vision.camera0,vlm,24,bf16_tensor,28096.000000000004,l2,8000768.0,,679477248.0,84.92650305570665,24.184127562642367,ok,
250,2728813,0,1,7,nvjet_sm110_tst_128x128_64x6_1x2_h_bz_bias_TNT,"(18, 1, 1)","(256, 1, 1)","Vision: attention Q/K/V/O projections | nvjet_sm110_tst_128x128_64x6_1x2_h_bz_bias_TNT | grid=(18, 1, 1) block=(256, 1, 1)",vlm.vision.camera0/nvjet_sm110_tst_128x128_64x6_1x2_h_bz_bias_TNT,vlm.vision.camera0,vlm,24,fp32_simt,28096.000000000004,l2,8000768.0,,884736.0,0.11058138418711803,0.03148974943052391,ok,
251,2728813,0,1,7,"void pytorch_flash::flash_fwd_kernel<Flash_fwd_kernel_traits<96, 128, 64, 4, 0, 0, cutlass::bfloat16_t, Flash_kernel_traits<96, 128, 64, 4, cutlass::bfloat16_t>>, 0, 0, 0, 0, 0, 0, 0, 0>(pytorch_flash::Flash_fwd_params)","(2, 1, 16)","(128, 1, 1)","Vision: FlashAttention | void pytorch_flash::flash_fwd_kernel<Flash_fwd_kernel_traits<96, 128, 64, 4, 0, 0, cutlass::bfloat16_t, Flash_kernel_traits<96, 128, 64, 4, cutlass::bfloat16_t>>, 0, 0, 0, 0, 0, 0, 0, 0>(pytorch_flash::Flash_fwd_params) | grid=(2, 1, 16) block=(128, 1, 1)","vlm.vision.camera0/void pytorch_flash::flash_fwd_kernel<Flash_fwd_kernel_traits<(int)96, (int)128, (int)64, (int)4, (bool)0, (bool)0, cutlass::bfloat16_t, Flash_kernel_traits<(int)96, (int)128, (int)64, (int)4, cutlass::bfloat16_t>>, (bool)0, (bool)0, (bool)0, (bool)0, (bool)0, (bool)0, (bool)0, (bool)0>(pytorch_flash::Flash_fwd_params)",vlm.vision.camera0,vlm,20,bf16_tensor,30688.0,l2,5481472.0,,402653184.0,73.45712684475994,13.120867570385819,ok,
251,2728813,0,1,7,"void pytorch_flash::flash_fwd_kernel<Flash_fwd_kernel_traits<96, 128, 64, 4, 0, 0, cutlass::bfloat16_t, Flash_kernel_traits<96, 128, 64, 4, cutlass::bfloat16_t>>, 0, 0, 0, 0, 0, 0, 0, 0>(pytorch_flash::Flash_fwd_params)","(2, 1, 16)","(128, 1, 1)","Vision: FlashAttention | void pytorch_flash::flash_fwd_kernel<Flash_fwd_kernel_traits<96, 128, 64, 4, 0, 0, cutlass::bfloat16_t, Flash_kernel_traits<96, 128, 64, 4, cutlass::bfloat16_t>>, 0, 0, 0, 0, 0, 0, 0, 0>(pytorch_flash::Flash_fwd_params) | grid=(2, 1, 16) block=(128, 1, 1)","vlm.vision.camera0/void pytorch_flash::flash_fwd_kernel<Flash_fwd_kernel_traits<(int)96, (int)128, (int)64, (int)4, (bool)0, (bool)0, cutlass::bfloat16_t, Flash_kernel_traits<(int)96, (int)128, (int)64, (int)4, cutlass::bfloat16_t>>, (bool)0, (bool)0, (bool)0, (bool)0, (bool)0, (bool)0, (bool)0, (bool)0>(pytorch_flash::Flash_fwd_params)",vlm.vision.camera0,vlm,20,fp32_simt,30688.0,l2,5481472.0,,5079040.0,0.9265832243601718,0.16550573514077163,ok,
252,2728813,0,1,7,nvjet_sm110_tst_128x128_64x6_1x2_h_bz_bias_TNT,"(18, 1, 1)","(256, 1, 1)","Vision: attention Q/K/V/O projections | nvjet_sm110_tst_128x128_64x6_1x2_h_bz_bias_TNT | grid=(18, 1, 1) block=(256, 1, 1)",vlm.vision.camera0/nvjet_sm110_tst_128x128_64x6_1x2_h_bz_bias_TNT,vlm.vision.camera0,vlm,24,bf16_tensor,28672.000000000004,l2,8003040.0,,679477248.0,84.90239309062557,23.69828571428571,ok,
252,2728813,0,1,7,nvjet_sm110_tst_128x128_64x6_1x2_h_bz_bias_TNT,"(18, 1, 1)","(256, 1, 1)","Vision: attention Q/K/V/O projections | nvjet_sm110_tst_128x128_64x6_1x2_h_bz_bias_TNT | grid=(18, 1, 1) block=(256, 1, 1)",vlm.vision.camera0/nvjet_sm110_tst_128x128_64x6_1x2_h_bz_bias_TNT,vlm.vision.camera0,vlm,24,fp32_simt,28672.000000000004,l2,8003040.0,,884736.0,0.1105499910034187,0.030857142857142854,ok,
253,2728813,0,1,7,triton_red_fused_add_native_layer_norm_view_9,"(256, 1, 1)","(512, 1, 1)","Vision: residual/LayerNorm fusion 9 | triton_red_fused_add_native_layer_norm_view_9 | grid=(256, 1, 1) block=(512, 1, 1)",vlm.vision.camera0/triton_red_fused_add_native_layer_norm_view_9,vlm.vision.camera0,vlm,37,bf16_tensor,27456.000000000004,l2,4281664.0,,0.0,,,zero_counted_flops,
253,2728813,0,1,7,triton_red_fused_add_native_layer_norm_view_9,"(256, 1, 1)","(512, 1, 1)","Vision: residual/LayerNorm fusion 9 | triton_red_fused_add_native_layer_norm_view_9 | grid=(256, 1, 1) block=(512, 1, 1)",vlm.vision.camera0/triton_red_fused_add_native_layer_norm_view_9,vlm.vision.camera0,vlm,37,fp32_simt,27456.000000000004,l2,4281664.0,,21915616.0,5.1184810391473965,0.7982086247086246,ok,
254,2728813,0,1,7,nvjet_sm110_tst_224x128_64x7_1x2_2cta_h_bz_bias_TNN,"(40, 1, 1)","(256, 1, 1)","Vision: FFN expansion + bias | nvjet_sm110_tst_224x128_64x7_1x2_2cta_h_bz_bias_TNN | grid=(40, 1, 1) block=(256, 1, 1)",vlm.vision.camera0/nvjet_sm110_tst_224x128_64x7_1x2_2cta_h_bz_bias_TNN,vlm.vision.camera0,vlm,19,bf16_tensor,58848.0,l2,23362176.0,,2642411520.0,113.10639556863197,44.90231647634584,ok,
254,2728813,0,1,7,nvjet_sm110_tst_224x128_64x7_1x2_2cta_h_bz_bias_TNN,"(40, 1, 1)","(256, 1, 1)","Vision: FFN expansion + bias | nvjet_sm110_tst_224x128_64x7_1x2_2cta_h_bz_bias_TNN | grid=(40, 1, 1) block=(256, 1, 1)",vlm.vision.camera0/nvjet_sm110_tst_224x128_64x7_1x2_2cta_h_bz_bias_TNN,vlm.vision.camera0,vlm,19,fp32_simt,58848.0,l2,23362176.0,,3440640.0,0.14727395256332287,0.05846655791190865,ok,
255,2728813,0,1,7,triton_poi_fused_gelu_view_5,"(2152, 1, 1)","(128, 1, 1)","Vision: FFN GELU | triton_poi_fused_gelu_view_5 | grid=(2152, 1, 1) block=(128, 1, 1)",vlm.vision.camera0/triton_poi_fused_gelu_view_5,vlm.vision.camera0,vlm,17,bf16_tensor,22400.000000000004,l2,4458272.0,,0.0,,,zero_counted_flops,
255,2728813,0,1,7,triton_poi_fused_gelu_view_5,"(2152, 1, 1)","(128, 1, 1)","Vision: FFN GELU | triton_poi_fused_gelu_view_5 | grid=(2152, 1, 1) block=(128, 1, 1)",vlm.vision.camera0/triton_poi_fused_gelu_view_5,vlm.vision.camera0,vlm,17,fp32_simt,22400.000000000004,l2,4458272.0,,14335136.0,3.2154018417898236,0.6399614285714285,ok,
256,2728813,0,1,7,nvjet_sm110_tst_144x128_64x6_4x1_v_bz_bias_TNN,"(16, 1, 1)","(256, 1, 1)","Vision: FFN contraction + bias | nvjet_sm110_tst_144x128_64x6_4x1_v_bz_bias_TNN | grid=(16, 1, 1) block=(256, 1, 1)",vlm.vision.camera0/nvjet_sm110_tst_144x128_64x6_4x1_v_bz_bias_TNN,vlm.vision.camera0,vlm,18,bf16_tensor,85152.0,l2,24629184.0,,2566914048.0,104.22245609111532,30.14508229988726,ok,
256,2728813,0,1,7,nvjet_sm110_tst_144x128_64x6_4x1_v_bz_bias_TNN,"(16, 1, 1)","(256, 1, 1)","Vision: FFN contraction + bias | nvjet_sm110_tst_144x128_64x6_4x1_v_bz_bias_TNN | grid=(16, 1, 1) block=(256, 1, 1)",vlm.vision.camera0/nvjet_sm110_tst_144x128_64x6_4x1_v_bz_bias_TNN,vlm.vision.camera0,vlm,18,fp32_simt,85152.0,l2,24629184.0,,884736.0,0.03592226197993405,0.010390078917700113,ok,
257,2728813,0,1,7,triton_red_fused_add_native_layer_norm_view_6,"(128, 1, 1)","(128, 1, 1)","Vision: residual/LayerNorm fusion 6 | triton_red_fused_add_native_layer_norm_view_6 | grid=(128, 1, 1) block=(128, 1, 1)",vlm.vision.camera0/triton_red_fused_add_native_layer_norm_view_6,vlm.vision.camera0,vlm,34,bf16_tensor,21184.000000000004,l2,1921184.0,,0.0,,,zero_counted_flops,
257,2728813,0,1,7,triton_red_fused_add_native_layer_norm_view_6,"(128, 1, 1)","(128, 1, 1)","Vision: residual/LayerNorm fusion 6 | triton_red_fused_add_native_layer_norm_view_6 | grid=(128, 1, 1) block=(128, 1, 1)",vlm.vision.camera0/triton_red_fused_add_native_layer_norm_view_6,vlm.vision.camera0,vlm,34,fp32_simt,21184.000000000004,l2,1921184.0,,5203152.0,2.708304878658161,0.24561706948640483,ok,
258,2728813,0,1,7,nvjet_sm110_tst_128x128_64x6_1x2_h_bz_bias_TNT,"(18, 1, 1)","(256, 1, 1)","Vision: attention Q/K/V/O projections | nvjet_sm110_tst_128x128_64x6_1x2_h_bz_bias_TNT | grid=(18, 1, 1) block=(256, 1, 1)",vlm.vision.camera0/nvjet_sm110_tst_128x128_64x6_1x2_h_bz_bias_TNT,vlm.vision.camera0,vlm,24,bf16_tensor,29152.0,l2,8002464.0,,679477248.0,84.90850418071234,23.3080834248079,ok,
258,2728813,0,1,7,nvjet_sm110_tst_128x128_64x6_1x2_h_bz_bias_TNT,"(18, 1, 1)","(256, 1, 1)","Vision: attention Q/K/V/O projections | nvjet_sm110_tst_128x128_64x6_1x2_h_bz_bias_TNT | grid=(18, 1, 1) block=(256, 1, 1)",vlm.vision.camera0/nvjet_sm110_tst_128x128_64x6_1x2_h_bz_bias_TNT,vlm.vision.camera0,vlm,24,fp32_simt,29152.0,l2,8002464.0,,884736.0,0.11055794815196919,0.030349066959385287,ok,
259,2728813,0,1,7,nvjet_sm110_tst_128x128_64x6_1x2_h_bz_bias_TNT,"(18, 1, 1)","(256, 1, 1)","Vision: attention Q/K/V/O projections | nvjet_sm110_tst_128x128_64x6_1x2_h_bz_bias_TNT | grid=(18, 1, 1) block=(256, 1, 1)",vlm.vision.camera0/nvjet_sm110_tst_128x128_64x6_1x2_h_bz_bias_TNT,vlm.vision.camera0,vlm,24,bf16_tensor,28352.000000000004,l2,8003232.0,,679477248.0,84.90035625607254,23.96576072234763,ok,
259,2728813,0,1,7,nvjet_sm110_tst_128x128_64x6_1x2_h_bz_bias_TNT,"(18, 1, 1)","(256, 1, 1)","Vision: attention Q/K/V/O projections | nvjet_sm110_tst_128x128_64x6_1x2_h_bz_bias_TNT | grid=(18, 1, 1) block=(256, 1, 1)",vlm.vision.camera0/nvjet_sm110_tst_128x128_64x6_1x2_h_bz_bias_TNT,vlm.vision.camera0,vlm,24,fp32_simt,28352.000000000004,l2,8003232.0,,884736.0,0.11054733887509446,0.031205417607223472,ok,
260,2728813,0,1,7,nvjet_sm110_tst_128x128_64x6_1x2_h_bz_bias_TNT,"(18, 1, 1)","(256, 1, 1)","Vision: attention Q/K/V/O projections | nvjet_sm110_tst_128x128_64x6_1x2_h_bz_bias_TNT | grid=(18, 1, 1) block=(256, 1, 1)",vlm.vision.camera0/nvjet_sm110_tst_128x128_64x6_1x2_h_bz_bias_TNT,vlm.vision.camera0,vlm,24,bf16_tensor,27712.0,l2,8003520.0,,679477248.0,84.89730118747751,24.51924249422633,ok,
260,2728813,0,1,7,nvjet_sm110_tst_128x128_64x6_1x2_h_bz_bias_TNT,"(18, 1, 1)","(256, 1, 1)","Vision: attention Q/K/V/O projections | nvjet_sm110_tst_128x128_64x6_1x2_h_bz_bias_TNT | grid=(18, 1, 1) block=(256, 1, 1)",vlm.vision.camera0/nvjet_sm110_tst_128x128_64x6_1x2_h_bz_bias_TNT,vlm.vision.camera0,vlm,24,fp32_simt,27712.0,l2,8003520.0,,884736.0,0.11054336092119467,0.03192609699769053,ok,
261,2728813,0,1,7,"void pytorch_flash::flash_fwd_kernel<Flash_fwd_kernel_traits<96, 128, 64, 4, 0, 0, cutlass::bfloat16_t, Flash_kernel_traits<96, 128, 64, 4, cutlass::bfloat16_t>>, 0, 0, 0, 0, 0, 0, 0, 0>(pytorch_flash::Flash_fwd_params)","(2, 1, 16)","(128, 1, 1)","Vision: FlashAttention | void pytorch_flash::flash_fwd_kernel<Flash_fwd_kernel_traits<96, 128, 64, 4, 0, 0, cutlass::bfloat16_t, Flash_kernel_traits<96, 128, 64, 4, cutlass::bfloat16_t>>, 0, 0, 0, 0, 0, 0, 0, 0>(pytorch_flash::Flash_fwd_params) | grid=(2, 1, 16) block=(128, 1, 1)","vlm.vision.camera0/void pytorch_flash::flash_fwd_kernel<Flash_fwd_kernel_traits<(int)96, (int)128, (int)64, (int)4, (bool)0, (bool)0, cutlass::bfloat16_t, Flash_kernel_traits<(int)96, (int)128, (int)64, (int)4, cutlass::bfloat16_t>>, (bool)0, (bool)0, (bool)0, (bool)0, (bool)0, (bool)0, (bool)0, (bool)0>(pytorch_flash::Flash_fwd_params)",vlm.vision.camera0,vlm,20,bf16_tensor,34368.0,l2,5490976.0,,402653184.0,73.32998432336983,11.715932960893856,ok,
261,2728813,0,1,7,"void pytorch_flash::flash_fwd_kernel<Flash_fwd_kernel_traits<96, 128, 64, 4, 0, 0, cutlass::bfloat16_t, Flash_kernel_traits<96, 128, 64, 4, cutlass::bfloat16_t>>, 0, 0, 0, 0, 0, 0, 0, 0>(pytorch_flash::Flash_fwd_params)","(2, 1, 16)","(128, 1, 1)","Vision: FlashAttention | void pytorch_flash::flash_fwd_kernel<Flash_fwd_kernel_traits<96, 128, 64, 4, 0, 0, cutlass::bfloat16_t, Flash_kernel_traits<96, 128, 64, 4, cutlass::bfloat16_t>>, 0, 0, 0, 0, 0, 0, 0, 0>(pytorch_flash::Flash_fwd_params) | grid=(2, 1, 16) block=(128, 1, 1)","vlm.vision.camera0/void pytorch_flash::flash_fwd_kernel<Flash_fwd_kernel_traits<(int)96, (int)128, (int)64, (int)4, (bool)0, (bool)0, cutlass::bfloat16_t, Flash_kernel_traits<(int)96, (int)128, (int)64, (int)4, cutlass::bfloat16_t>>, (bool)0, (bool)0, (bool)0, (bool)0, (bool)0, (bool)0, (bool)0, (bool)0>(pytorch_flash::Flash_fwd_params)",vlm.vision.camera0,vlm,20,fp32_simt,34368.0,l2,5490976.0,,5079040.0,0.9249794572039652,0.14778398510242086,ok,
262,2728813,0,1,7,nvjet_sm110_tst_128x128_64x6_1x2_h_bz_bias_TNT,"(18, 1, 1)","(256, 1, 1)","Vision: attention Q/K/V/O projections | nvjet_sm110_tst_128x128_64x6_1x2_h_bz_bias_TNT | grid=(18, 1, 1) block=(256, 1, 1)",vlm.vision.camera0/nvjet_sm110_tst_128x128_64x6_1x2_h_bz_bias_TNT,vlm.vision.camera0,vlm,24,bf16_tensor,30144.0,l2,7999520.0,,679477248.0,84.93975238514311,22.54104458598726,ok,
262,2728813,0,1,7,nvjet_sm110_tst_128x128_64x6_1x2_h_bz_bias_TNT,"(18, 1, 1)","(256, 1, 1)","Vision: attention Q/K/V/O projections | nvjet_sm110_tst_128x128_64x6_1x2_h_bz_bias_TNT | grid=(18, 1, 1) block=(256, 1, 1)",vlm.vision.camera0/nvjet_sm110_tst_128x128_64x6_1x2_h_bz_bias_TNT,vlm.vision.camera0,vlm,24,fp32_simt,30144.0,l2,7999520.0,,884736.0,0.1105986359181551,0.029350318471337577,ok,
263,2728813,0,1,7,triton_red_fused_add_native_layer_norm_view_7,"(256, 1, 1)","(64, 1, 1)","Vision: residual/LayerNorm fusion 7 | triton_red_fused_add_native_layer_norm_view_7 | grid=(256, 1, 1) block=(64, 1, 1)",vlm.vision.camera0/triton_red_fused_add_native_layer_norm_view_7,vlm.vision.camera0,vlm,35,bf16_tensor,24288.000000000004,l2,2569440.0,,0.0,,,zero_counted_flops,
263,2728813,0,1,7,triton_red_fused_add_native_layer_norm_view_7,"(256, 1, 1)","(64, 1, 1)","Vision: residual/LayerNorm fusion 7 | triton_red_fused_add_native_layer_norm_view_7 | grid=(256, 1, 1) block=(64, 1, 1)",vlm.vision.camera0/triton_red_fused_add_native_layer_norm_view_7,vlm.vision.camera0,vlm,35,fp32_simt,24288.000000000004,l2,2569440.0,,5392320.0,2.098636278722212,0.2220158102766798,ok,
264,2728813,0,1,7,nvjet_sm110_tst_224x128_64x7_1x2_2cta_h_bz_bias_TNN,"(40, 1, 1)","(256, 1, 1)","Vision: FFN expansion + bias | nvjet_sm110_tst_224x128_64x7_1x2_2cta_h_bz_bias_TNN | grid=(40, 1, 1) block=(256, 1, 1)",vlm.vision.camera0/nvjet_sm110_tst_224x128_64x7_1x2_2cta_h_bz_bias_TNN,vlm.vision.camera0,vlm,19,bf16_tensor,59776.00000000001,l2,23231456.0,,2642411520.0,113.74282868882605,44.20522483940042,ok,
264,2728813,0,1,7,nvjet_sm110_tst_224x128_64x7_1x2_2cta_h_bz_bias_TNN,"(40, 1, 1)","(256, 1, 1)","Vision: FFN expansion + bias | nvjet_sm110_tst_224x128_64x7_1x2_2cta_h_bz_bias_TNN | grid=(40, 1, 1) block=(256, 1, 1)",vlm.vision.camera0/nvjet_sm110_tst_224x128_64x7_1x2_2cta_h_bz_bias_TNN,vlm.vision.camera0,vlm,19,fp32_simt,59776.00000000001,l2,23231456.0,,3440640.0,0.1481026415219089,0.05755888650963597,ok,
265,2728813,0,1,7,triton_poi_fused_gelu_view_5,"(2152, 1, 1)","(128, 1, 1)","Vision: FFN GELU | triton_poi_fused_gelu_view_5 | grid=(2152, 1, 1) block=(128, 1, 1)",vlm.vision.camera0/triton_poi_fused_gelu_view_5,vlm.vision.camera0,vlm,17,bf16_tensor,23904.0,l2,4460736.0,,0.0,,,zero_counted_flops,
265,2728813,0,1,7,triton_poi_fused_gelu_view_5,"(2152, 1, 1)","(128, 1, 1)","Vision: FFN GELU | triton_poi_fused_gelu_view_5 | grid=(2152, 1, 1) block=(128, 1, 1)",vlm.vision.camera0/triton_poi_fused_gelu_view_5,vlm.vision.camera0,vlm,17,fp32_simt,23904.0,l2,4460736.0,,14380538.0,3.2238038745175683,0.6015954651941098,ok,
266,2728813,0,1,7,nvjet_sm110_tst_144x128_64x6_4x1_v_bz_bias_TNN,"(16, 1, 1)","(256, 1, 1)","Vision: FFN contraction + bias | nvjet_sm110_tst_144x128_64x6_4x1_v_bz_bias_TNN | grid=(16, 1, 1) block=(256, 1, 1)",vlm.vision.camera0/nvjet_sm110_tst_144x128_64x6_4x1_v_bz_bias_TNN,vlm.vision.camera0,vlm,18,bf16_tensor,69952.00000000001,l2,24625184.0,,2566914048.0,104.2393855006322,36.695363220494045,ok,
266,2728813,0,1,7,nvjet_sm110_tst_144x128_64x6_4x1_v_bz_bias_TNN,"(16, 1, 1)","(256, 1, 1)","Vision: FFN contraction + bias | nvjet_sm110_tst_144x128_64x6_4x1_v_bz_bias_TNN | grid=(16, 1, 1) block=(256, 1, 1)",vlm.vision.camera0/nvjet_sm110_tst_144x128_64x6_4x1_v_bz_bias_TNN,vlm.vision.camera0,vlm,18,fp32_simt,69952.00000000001,l2,24625184.0,,884736.0,0.035928097024574515,0.012647758462946019,ok,
267,2728813,0,1,7,triton_red_fused_add_native_layer_norm_view_8,"(256, 1, 1)","(64, 1, 1)","Vision: residual/LayerNorm fusion 8 | triton_red_fused_add_native_layer_norm_view_8 | grid=(256, 1, 1) block=(64, 1, 1)",vlm.vision.camera0/triton_red_fused_add_native_layer_norm_view_8,vlm.vision.camera0,vlm,36,bf16_tensor,28128.000000000004,l2,3228672.0,,0.0,,,zero_counted_flops,
267,2728813,0,1,7,triton_red_fused_add_native_layer_norm_view_8,"(256, 1, 1)","(64, 1, 1)","Vision: residual/LayerNorm fusion 8 | triton_red_fused_add_native_layer_norm_view_8 | grid=(256, 1, 1) block=(64, 1, 1)",vlm.vision.camera0/triton_red_fused_add_native_layer_norm_view_8,vlm.vision.camera0,vlm,36,fp32_simt,28128.000000000004,l2,3228672.0,,6619136.0,2.0501110053916904,0.23532195676905573,ok,
268,2728813,0,1,7,nvjet_sm110_tst_128x128_64x6_1x2_h_bz_bias_TNT,"(18, 1, 1)","(256, 1, 1)","Vision: attention Q/K/V/O projections | nvjet_sm110_tst_128x128_64x6_1x2_h_bz_bias_TNT | grid=(18, 1, 1) block=(256, 1, 1)",vlm.vision.camera0/nvjet_sm110_tst_128x128_64x6_1x2_h_bz_bias_TNT,vlm.vision.camera0,vlm,24,bf16_tensor,28416.0,l2,8001920.0,,679477248.0,84.91427657362233,23.911783783783786,ok,
268,2728813,0,1,7,nvjet_sm110_tst_128x128_64x6_1x2_h_bz_bias_TNT,"(18, 1, 1)","(256, 1, 1)","Vision: attention Q/K/V/O projections | nvjet_sm110_tst_128x128_64x6_1x2_h_bz_bias_TNT | grid=(18, 1, 1) block=(256, 1, 1)",vlm.vision.camera0/nvjet_sm110_tst_128x128_64x6_1x2_h_bz_bias_TNT,vlm.vision.camera0,vlm,24,fp32_simt,28416.0,l2,8001920.0,,884736.0,0.11056546428857074,0.031135135135135137,ok,
269,2728813,0,1,7,nvjet_sm110_tst_128x128_64x6_1x2_h_bz_bias_TNT,"(18, 1, 1)","(256, 1, 1)","Vision: attention Q/K/V/O projections | nvjet_sm110_tst_128x128_64x6_1x2_h_bz_bias_TNT | grid=(18, 1, 1) block=(256, 1, 1)",vlm.vision.camera0/nvjet_sm110_tst_128x128_64x6_1x2_h_bz_bias_TNT,vlm.vision.camera0,vlm,24,bf16_tensor,27744.0,l2,8001248.0,,679477248.0,84.9214082603114,24.49096193771626,ok,
269,2728813,0,1,7,nvjet_sm110_tst_128x128_64x6_1x2_h_bz_bias_TNT,"(18, 1, 1)","(256, 1, 1)","Vision: attention Q/K/V/O projections | nvjet_sm110_tst_128x128_64x6_1x2_h_bz_bias_TNT | grid=(18, 1, 1) block=(256, 1, 1)",vlm.vision.camera0/nvjet_sm110_tst_128x128_64x6_1x2_h_bz_bias_TNT,vlm.vision.camera0,vlm,24,fp32_simt,27744.0,l2,8001248.0,,884736.0,0.11057475033894712,0.03188927335640138,ok,
270,2728813,0,1,7,nvjet_sm110_tst_128x128_64x6_1x2_h_bz_bias_TNT,"(18, 1, 1)","(256, 1, 1)","Vision: attention Q/K/V/O projections | nvjet_sm110_tst_128x128_64x6_1x2_h_bz_bias_TNT | grid=(18, 1, 1) block=(256, 1, 1)",vlm.vision.camera0/nvjet_sm110_tst_128x128_64x6_1x2_h_bz_bias_TNT,vlm.vision.camera0,vlm,24,bf16_tensor,27840.0,l2,8000416.0,,679477248.0,84.93023962753936,24.406510344827584,ok,
270,2728813,0,1,7,nvjet_sm110_tst_128x128_64x6_1x2_h_bz_bias_TNT,"(18, 1, 1)","(256, 1, 1)","Vision: attention Q/K/V/O projections | nvjet_sm110_tst_128x128_64x6_1x2_h_bz_bias_TNT | grid=(18, 1, 1) block=(256, 1, 1)",vlm.vision.camera0/nvjet_sm110_tst_128x128_64x6_1x2_h_bz_bias_TNT,vlm.vision.camera0,vlm,24,fp32_simt,27840.0,l2,8000416.0,,884736.0,0.11058624951502521,0.03177931034482758,ok,
271,2728813,0,1,7,"void pytorch_flash::flash_fwd_kernel<Flash_fwd_kernel_traits<96, 128, 64, 4, 0, 0, cutlass::bfloat16_t, Flash_kernel_traits<96, 128, 64, 4, cutlass::bfloat16_t>>, 0, 0, 0, 0, 0, 0, 0, 0>(pytorch_flash::Flash_fwd_params)","(2, 1, 16)","(128, 1, 1)","Vision: FlashAttention | void pytorch_flash::flash_fwd_kernel<Flash_fwd_kernel_traits<96, 128, 64, 4, 0, 0, cutlass::bfloat16_t, Flash_kernel_traits<96, 128, 64, 4, cutlass::bfloat16_t>>, 0, 0, 0, 0, 0, 0, 0, 0>(pytorch_flash::Flash_fwd_params) | grid=(2, 1, 16) block=(128, 1, 1)","vlm.vision.camera0/void pytorch_flash::flash_fwd_kernel<Flash_fwd_kernel_traits<(int)96, (int)128, (int)64, (int)4, (bool)0, (bool)0, cutlass::bfloat16_t, Flash_kernel_traits<(int)96, (int)128, (int)64, (int)4, cutlass::bfloat16_t>>, (bool)0, (bool)0, (bool)0, (bool)0, (bool)0, (bool)0, (bool)0, (bool)0>(pytorch_flash::Flash_fwd_params)",vlm.vision.camera0,vlm,20,bf16_tensor,30368.0,l2,5487360.0,,402653184.0,73.37830650804759,13.259127502634351,ok,
271,2728813,0,1,7,"void pytorch_flash::flash_fwd_kernel<Flash_fwd_kernel_traits<96, 128, 64, 4, 0, 0, cutlass::bfloat16_t, Flash_kernel_traits<96, 128, 64, 4, cutlass::bfloat16_t>>, 0, 0, 0, 0, 0, 0, 0, 0>(pytorch_flash::Flash_fwd_params)","(2, 1, 16)","(128, 1, 1)","Vision: FlashAttention | void pytorch_flash::flash_fwd_kernel<Flash_fwd_kernel_traits<96, 128, 64, 4, 0, 0, cutlass::bfloat16_t, Flash_kernel_traits<96, 128, 64, 4, cutlass::bfloat16_t>>, 0, 0, 0, 0, 0, 0, 0, 0>(pytorch_flash::Flash_fwd_params) | grid=(2, 1, 16) block=(128, 1, 1)","vlm.vision.camera0/void pytorch_flash::flash_fwd_kernel<Flash_fwd_kernel_traits<(int)96, (int)128, (int)64, (int)4, (bool)0, (bool)0, cutlass::bfloat16_t, Flash_kernel_traits<(int)96, (int)128, (int)64, (int)4, cutlass::bfloat16_t>>, (bool)0, (bool)0, (bool)0, (bool)0, (bool)0, (bool)0, (bool)0, (bool)0>(pytorch_flash::Flash_fwd_params)",vlm.vision.camera0,vlm,20,fp32_simt,30368.0,l2,5487360.0,,5079040.0,0.9255889899696758,0.16724973656480505,ok,
272,2728813,0,1,7,nvjet_sm110_tst_128x128_64x6_1x2_h_bz_bias_TNT,"(18, 1, 1)","(256, 1, 1)","Vision: attention Q/K/V/O projections | nvjet_sm110_tst_128x128_64x6_1x2_h_bz_bias_TNT | grid=(18, 1, 1) block=(256, 1, 1)",vlm.vision.camera0/nvjet_sm110_tst_128x128_64x6_1x2_h_bz_bias_TNT,vlm.vision.camera0,vlm,24,bf16_tensor,27968.0,l2,8000384.0,,679477248.0,84.93057933219205,24.294810068649888,ok,
272,2728813,0,1,7,nvjet_sm110_tst_128x128_64x6_1x2_h_bz_bias_TNT,"(18, 1, 1)","(256, 1, 1)","Vision: attention Q/K/V/O projections | nvjet_sm110_tst_128x128_64x6_1x2_h_bz_bias_TNT | grid=(18, 1, 1) block=(256, 1, 1)",vlm.vision.camera0/nvjet_sm110_tst_128x128_64x6_1x2_h_bz_bias_TNT,vlm.vision.camera0,vlm,24,fp32_simt,27968.0,l2,8000384.0,,884736.0,0.11058669183879173,0.03163386727688787,ok,
273,2728813,0,1,7,triton_red_fused_add_native_layer_norm_view_9,"(256, 1, 1)","(512, 1, 1)","Vision: residual/LayerNorm fusion 9 | triton_red_fused_add_native_layer_norm_view_9 | grid=(256, 1, 1) block=(512, 1, 1)",vlm.vision.camera0/triton_red_fused_add_native_layer_norm_view_9,vlm.vision.camera0,vlm,37,bf16_tensor,28448.000000000004,l2,4276320.0,,0.0,,,zero_counted_flops,
273,2728813,0,1,7,triton_red_fused_add_native_layer_norm_view_9,"(256, 1, 1)","(512, 1, 1)","Vision: residual/LayerNorm fusion 9 | triton_red_fused_add_native_layer_norm_view_9 | grid=(256, 1, 1) block=(512, 1, 1)",vlm.vision.camera0/triton_red_fused_add_native_layer_norm_view_9,vlm.vision.camera0,vlm,37,fp32_simt,28448.000000000004,l2,4276320.0,,21917376.0,5.125289033561567,0.7704364454443193,ok,
274,2728813,0,1,7,nvjet_sm110_tst_224x128_64x7_1x2_2cta_h_bz_bias_TNN,"(40, 1, 1)","(256, 1, 1)","Vision: FFN expansion + bias | nvjet_sm110_tst_224x128_64x7_1x2_2cta_h_bz_bias_TNN | grid=(40, 1, 1) block=(256, 1, 1)",vlm.vision.camera0/nvjet_sm110_tst_224x128_64x7_1x2_2cta_h_bz_bias_TNN,vlm.vision.camera0,vlm,19,bf16_tensor,63200.00000000001,l2,23286592.0,,2642411520.0,113.47351815156121,41.81030886075949,ok,
274,2728813,0,1,7,nvjet_sm110_tst_224x128_64x7_1x2_2cta_h_bz_bias_TNN,"(40, 1, 1)","(256, 1, 1)","Vision: FFN expansion + bias | nvjet_sm110_tst_224x128_64x7_1x2_2cta_h_bz_bias_TNN | grid=(40, 1, 1) block=(256, 1, 1)",vlm.vision.camera0/nvjet_sm110_tst_224x128_64x7_1x2_2cta_h_bz_bias_TNN,vlm.vision.camera0,vlm,19,fp32_simt,63200.00000000001,l2,23286592.0,,3440640.0,0.14775197675984533,0.05444050632911392,ok,
275,2728813,0,1,7,triton_poi_fused_gelu_view_5,"(2152, 1, 1)","(128, 1, 1)","Vision: FFN GELU | triton_poi_fused_gelu_view_5 | grid=(2152, 1, 1) block=(128, 1, 1)",vlm.vision.camera0/triton_poi_fused_gelu_view_5,vlm.vision.camera0,vlm,17,bf16_tensor,22592.0,l2,4457984.0,,0.0,,,zero_counted_flops,
275,2728813,0,1,7,triton_poi_fused_gelu_view_5,"(2152, 1, 1)","(128, 1, 1)","Vision: FFN GELU | triton_poi_fused_gelu_view_5 | grid=(2152, 1, 1) block=(128, 1, 1)",vlm.vision.camera0/triton_poi_fused_gelu_view_5,vlm.vision.camera0,vlm,17,fp32_simt,22592.0,l2,4457984.0,,14455823.0,3.242681669561847,0.6398646866147308,ok,
276,2728813,0,1,7,nvjet_sm110_tst_144x128_64x6_4x1_v_bz_bias_TNN,"(16, 1, 1)","(256, 1, 1)","Vision: FFN contraction + bias | nvjet_sm110_tst_144x128_64x6_4x1_v_bz_bias_TNN | grid=(16, 1, 1) block=(256, 1, 1)",vlm.vision.camera0/nvjet_sm110_tst_144x128_64x6_4x1_v_bz_bias_TNN,vlm.vision.camera0,vlm,18,bf16_tensor,71872.0,l2,24630528.0,,2566914048.0,104.21676904368432,35.71507747105966,ok,
276,2728813,0,1,7,nvjet_sm110_tst_144x128_64x6_4x1_v_bz_bias_TNN,"(16, 1, 1)","(256, 1, 1)","Vision: FFN contraction + bias | nvjet_sm110_tst_144x128_64x6_4x1_v_bz_bias_TNN | grid=(16, 1, 1) block=(256, 1, 1)",vlm.vision.camera0/nvjet_sm110_tst_144x128_64x6_4x1_v_bz_bias_TNN,vlm.vision.camera0,vlm,18,fp32_simt,71872.0,l2,24630528.0,,884736.0,0.03592030183031399,0.012309884238646483,ok,
277,2728813,0,1,7,triton_red_fused_add_native_layer_norm_view_10,"(256, 1, 1)","(64, 1, 1)","Vision: residual/LayerNorm fusion 10 | triton_red_fused_add_native_layer_norm_view_10 | grid=(256, 1, 1) block=(64, 1, 1)",vlm.vision.camera0/triton_red_fused_add_native_layer_norm_view_10,vlm.vision.camera0,vlm,32,bf16_tensor,23968.0,l2,1934720.0,,0.0,,,zero_counted_flops,
277,2728813,0,1,7,triton_red_fused_add_native_layer_norm_view_10,"(256, 1, 1)","(64, 1, 1)","Vision: residual/LayerNorm fusion 10 | triton_red_fused_add_native_layer_norm_view_10 | grid=(256, 1, 1) block=(64, 1, 1)",vlm.vision.camera0/triton_red_fused_add_native_layer_norm_view_10,vlm.vision.camera0,vlm,32,fp32_simt,23968.0,l2,1934720.0,,4801508.0,2.481758600727754,0.2003299399198932,ok,
278,2728813,0,1,7,nvjet_sm110_tst_512x64_64x2_1x4_h_bz_bias_TNT,"(16, 1, 1)","(256, 1, 1)","Vision: image-to-text projection + bias | nvjet_sm110_tst_512x64_64x2_1x4_h_bz_bias_TNT | grid=(16, 1, 1) block=(256, 1, 1)",vlm.vision.camera0/nvjet_sm110_tst_512x64_64x2_1x4_h_bz_bias_TNT,vlm.vision.camera0,vlm,26,bf16_tensor,41504.0,l2,8170144.0,,1207959552.0,147.85046040804176,29.104653816499614,ok,
278,2728813,0,1,7,nvjet_sm110_tst_512x64_64x2_1x4_h_bz_bias_TNT,"(16, 1, 1)","(256, 1, 1)","Vision: image-to-text projection + bias | nvjet_sm110_tst_512x64_64x2_1x4_h_bz_bias_TNT | grid=(16, 1, 1) block=(256, 1, 1)",vlm.vision.camera0/nvjet_sm110_tst_512x64_64x2_1x4_h_bz_bias_TNT,vlm.vision.camera0,vlm,26,fp32_simt,41504.0,l2,8170144.0,,1572864.0,0.19251362032297106,0.037896684656900534,ok,
279,2728813,0,1,7,triton_poi_fused_mul_view_11,"(1024, 1, 1)","(128, 1, 1)","Vision: image embedding scale | triton_poi_fused_mul_view_11 | grid=(1024, 1, 1) block=(128, 1, 1)",vlm.vision.camera0/triton_poi_fused_mul_view_11,vlm.vision.camera0,vlm,25,bf16_tensor,17984.000000000004,l2,2142944.0,,0.0,,,zero_counted_flops,
279,2728813,0,1,7,triton_poi_fused_mul_view_11,"(1024, 1, 1)","(128, 1, 1)","Vision: image embedding scale | triton_poi_fused_mul_view_11 | grid=(1024, 1, 1) block=(128, 1, 1)",vlm.vision.camera0/triton_poi_fused_mul_view_11,vlm.vision.camera0,vlm,25,fp32_simt,17984.000000000004,l2,2142944.0,,524288.0,0.24465781653650306,0.029153024911032024,ok,
280,2728813,0,1,7,triton_poi_fused__to_copy_convolution_0,"(25, 1, 1)","(128, 1, 1)","Vision: input cast/layout | triton_poi_fused__to_copy_convolution_0 | grid=(25, 1, 1) block=(128, 1, 1)",vlm.vision.camera1/triton_poi_fused__to_copy_convolution_0,vlm.vision.camera1,vlm,27,bf16_tensor,15392.000000000002,l2,971136.0,,0.0,,,zero_counted_flops,
280,2728813,0,1,7,triton_poi_fused__to_copy_convolution_0,"(25, 1, 1)","(128, 1, 1)","Vision: input cast/layout | triton_poi_fused__to_copy_convolution_0 | grid=(25, 1, 1) block=(128, 1, 1)",vlm.vision.camera1/triton_poi_fused__to_copy_convolution_0,vlm.vision.camera1,vlm,27,fp32_simt,15392.000000000002,l2,971136.0,,0.0,,,zero_counted_flops,
281,2728813,0,1,7,"void cudnn::nchwToNhwcKernel<__nv_bfloat16, __nv_bfloat16, float, 0, 1, 0>(cudnn::nchw2nhwc_params_t<T3>, const T1 *, T2 *)","(1568, 1, 1)","(256, 1, 1)","Vision: NCHW → NHWC (input) | void cudnn::nchwToNhwcKernel<__nv_bfloat16, __nv_bfloat16, float, 0, 1, 0>(cudnn::nchw2nhwc_params_t<T3>, const T1 *, T2 *) | grid=(1568, 1, 1) block=(256, 1, 1)","vlm.vision.camera1/void cudnn::engines_precompiled::nchwToNhwcKernel<__nv_bfloat16, __nv_bfloat16, float, (bool)0, (bool)1, (cudnnKernelDataType_t)0>(cudnn::engines_precompiled::nchw2nhwc_params_t<T3>, const T1 *, T2 *)",vlm.vision.camera1,vlm,21,bf16_tensor,26752.0,l2,1561472.0,,0.0,,,zero_counted_flops,
281,2728813,0,1,7,"void cudnn::nchwToNhwcKernel<__nv_bfloat16, __nv_bfloat16, float, 0, 1, 0>(cudnn::nchw2nhwc_params_t<T3>, const T1 *, T2 *)","(1568, 1, 1)","(256, 1, 1)","Vision: NCHW → NHWC (input) | void cudnn::nchwToNhwcKernel<__nv_bfloat16, __nv_bfloat16, float, 0, 1, 0>(cudnn::nchw2nhwc_params_t<T3>, const T1 *, T2 *) | grid=(1568, 1, 1) block=(256, 1, 1)","vlm.vision.camera1/void cudnn::engines_precompiled::nchwToNhwcKernel<__nv_bfloat16, __nv_bfloat16, float, (bool)0, (bool)1, (cudnnKernelDataType_t)0>(cudnn::engines_precompiled::nchw2nhwc_params_t<T3>, const T1 *, T2 *)",vlm.vision.camera1,vlm,21,fp32_simt,26752.0,l2,1561472.0,,150528.0,0.09640134437248955,0.005626794258373205,ok,
282,2728813,0,1,7,"void cudnn::nchwToNhwcKernel<__nv_bfloat16, __nv_bfloat16, float, 0, 1, 0>(cudnn::nchw2nhwc_params_t<T3>, const T1 *, T2 *)","(7, 1, 1152)","(256, 1, 1)","Vision: NCHW → NHWC (weights) | void cudnn::nchwToNhwcKernel<__nv_bfloat16, __nv_bfloat16, float, 0, 1, 0>(cudnn::nchw2nhwc_params_t<T3>, const T1 *, T2 *) | grid=(7, 1, 1152) block=(256, 1, 1)","vlm.vision.camera1/void cudnn::engines_precompiled::nchwToNhwcKernel<__nv_bfloat16, __nv_bfloat16, float, (bool)0, (bool)1, (cudnnKernelDataType_t)0>(cudnn::engines_precompiled::nchw2nhwc_params_t<T3>, const T1 *, T2 *)",vlm.vision.camera1,vlm,22,bf16_tensor,104064.00000000001,l2,7707904.0,,0.0,,,zero_counted_flops,
282,2728813,0,1,7,"void cudnn::nchwToNhwcKernel<__nv_bfloat16, __nv_bfloat16, float, 0, 1, 0>(cudnn::nchw2nhwc_params_t<T3>, const T1 *, T2 *)","(7, 1, 1152)","(256, 1, 1)","Vision: NCHW → NHWC (weights) | void cudnn::nchwToNhwcKernel<__nv_bfloat16, __nv_bfloat16, float, 0, 1, 0>(cudnn::nchw2nhwc_params_t<T3>, const T1 *, T2 *) | grid=(7, 1, 1152) block=(256, 1, 1)","vlm.vision.camera1/void cudnn::engines_precompiled::nchwToNhwcKernel<__nv_bfloat16, __nv_bfloat16, float, (bool)0, (bool)1, (cudnnKernelDataType_t)0>(cudnn::engines_precompiled::nchw2nhwc_params_t<T3>, const T1 *, T2 *)",vlm.vision.camera1,vlm,22,fp32_simt,104064.00000000001,l2,7707904.0,,677376.0,0.08788070012288685,0.006509225092250923,ok,
283,2728813,0,1,7,void cutlass__5x_cudnn::Kernel<cutlass_tensorop_bf16_s16816fprop_optimized_bf16_256x64_32x4_nhwc_align8>(T1::Params),"(4, 5, 1)","(128, 1, 1)","Vision: patch embedding convolution | void cutlass__5x_cudnn::Kernel<cutlass_tensorop_bf16_s16816fprop_optimized_bf16_256x64_32x4_nhwc_align8>(T1::Params) | grid=(4, 5, 1) block=(128, 1, 1)",vlm.vision.camera1/void cutlass__5x_cudnn::Kernel<cutlass_tensorop_bf16_s16816fprop_optimized_bf16_256x64_32x4_nhwc_align8>(T1::Params),vlm.vision.camera1,vlm,28,bf16_tensor,101216.0,l2,20504032.0,,3699376128.0,180.42188619292048,36.54932153019285,ok,
283,2728813,0,1,7,void cutlass__5x_cudnn::Kernel<cutlass_tensorop_bf16_s16816fprop_optimized_bf16_256x64_32x4_nhwc_align8>(T1::Params),"(4, 5, 1)","(128, 1, 1)","Vision: patch embedding convolution | void cutlass__5x_cudnn::Kernel<cutlass_tensorop_bf16_s16816fprop_optimized_bf16_256x64_32x4_nhwc_align8>(T1::Params) | grid=(4, 5, 1) block=(128, 1, 1)",vlm.vision.camera1/void cutlass__5x_cudnn::Kernel<cutlass_tensorop_bf16_s16816fprop_optimized_bf16_256x64_32x4_nhwc_align8>(T1::Params),vlm.vision.camera1,vlm,28,fp32_simt,101216.0,l2,20504032.0,,884736.0,0.04314936691476096,0.00874106860575403,ok,
284,2728813,0,1,7,"void cudnn::nhwcToNchwKernel<__nv_bfloat16, __nv_bfloat16, float, 1, 0, 0>(cudnn::nhwc2nchw_params_t<T3>, const T1 *, T2 *)","(8, 36, 1)","(256, 1, 1)","Vision: NHWC → NCHW | void cudnn::nhwcToNchwKernel<__nv_bfloat16, __nv_bfloat16, float, 1, 0, 0>(cudnn::nhwc2nchw_params_t<T3>, const T1 *, T2 *) | grid=(8, 36, 1) block=(256, 1, 1)","vlm.vision.camera1/void cudnn::engines_precompiled::nhwcToNchwKernel<__nv_bfloat16, __nv_bfloat16, float, (bool)1, (bool)0, (cudnnKernelDataType_t)0>(cudnn::engines_precompiled::nhwc2nchw_params_t<T3>, const T1 *, T2 *)",vlm.vision.camera1,vlm,23,bf16_tensor,18912.0,l2,1233344.0,,0.0,,,zero_counted_flops,
284,2728813,0,1,7,"void cudnn::nhwcToNchwKernel<__nv_bfloat16, __nv_bfloat16, float, 1, 0, 0>(cudnn::nhwc2nchw_params_t<T3>, const T1 *, T2 *)","(8, 36, 1)","(256, 1, 1)","Vision: NHWC → NCHW | void cudnn::nhwcToNchwKernel<__nv_bfloat16, __nv_bfloat16, float, 1, 0, 0>(cudnn::nhwc2nchw_params_t<T3>, const T1 *, T2 *) | grid=(8, 36, 1) block=(256, 1, 1)","vlm.vision.camera1/void cudnn::engines_precompiled::nhwcToNchwKernel<__nv_bfloat16, __nv_bfloat16, float, (bool)1, (bool)0, (cudnnKernelDataType_t)0>(cudnn::engines_precompiled::nhwc2nchw_params_t<T3>, const T1 *, T2 *)",vlm.vision.camera1,vlm,23,fp32_simt,18912.0,l2,1233344.0,,294912.0,0.2391157698095584,0.015593908629441624,ok,
285,2728813,0,1,7,triton_red_fused__to_copy_add_convolution_embedding_native_layer_norm_transpose_view_1,"(36, 1, 1)","(256, 1, 1)","Vision: patch/LayerNorm fusion 1 | triton_red_fused__to_copy_add_convolution_embedding_native_layer_norm_transpose_view_1 | grid=(36, 1, 1) block=(256, 1, 1)",vlm.vision.camera1/triton_red_fused__to_copy_add_convolution_embedding_native_layer_norm_transpose_view_1,vlm.vision.camera1,vlm,29,bf16_tensor,19264.0,l2,1317856.0,,0.0,,,zero_counted_flops,
285,2728813,0,1,7,triton_red_fused__to_copy_add_convolution_embedding_native_layer_norm_transpose_view_1,"(36, 1, 1)","(256, 1, 1)","Vision: patch/LayerNorm fusion 1 | triton_red_fused__to_copy_add_convolution_embedding_native_layer_norm_transpose_view_1 | grid=(36, 1, 1) block=(256, 1, 1)",vlm.vision.camera1/triton_red_fused__to_copy_add_convolution_embedding_native_layer_norm_transpose_view_1,vlm.vision.camera1,vlm,29,fp32_simt,19264.0,l2,1317856.0,,3824640.0,2.9021683704441155,0.19853820598006644,ok,
286,2728813,0,1,7,triton_per_fused__to_copy_add_convolution_embedding_native_layer_norm_transpose_view_2,"(16, 1, 1)","(128, 1, 1)","Vision: patch/LayerNorm fusion 2 | triton_per_fused__to_copy_add_convolution_embedding_native_layer_norm_transpose_view_2 | grid=(16, 1, 1) block=(128, 1, 1)",vlm.vision.camera1/triton_per_fused__to_copy_add_convolution_embedding_native_layer_norm_transpose_view_2,vlm.vision.camera1,vlm,30,bf16_tensor,14080.0,l2,78464.0,,0.0,,,zero_counted_flops,
286,2728813,0,1,7,triton_per_fused__to_copy_add_convolution_embedding_native_layer_norm_transpose_view_2,"(16, 1, 1)","(128, 1, 1)","Vision: patch/LayerNorm fusion 2 | triton_per_fused__to_copy_add_convolution_embedding_native_layer_norm_transpose_view_2 | grid=(16, 1, 1) block=(128, 1, 1)",vlm.vision.camera1/triton_per_fused__to_copy_add_convolution_embedding_native_layer_norm_transpose_view_2,vlm.vision.camera1,vlm,30,fp32_simt,14080.0,l2,78464.0,,140288.0,1.7879282218597063,0.009963636363636364,ok,
287,2728813,0,1,7,triton_poi_fused__to_copy_add_convolution_embedding_native_layer_norm_transpose_view_3,"(9, 1, 1)","(1024, 1, 1)","Vision: patch/LayerNorm fusion 3 | triton_poi_fused__to_copy_add_convolution_embedding_native_layer_norm_transpose_view_3 | grid=(9, 1, 1) block=(1024, 1, 1)",vlm.vision.camera1/triton_poi_fused__to_copy_add_convolution_embedding_native_layer_norm_transpose_view_3,vlm.vision.camera1,vlm,31,bf16_tensor,23552.0,l2,1882464.0,,0.0,,,zero_counted_flops,
287,2728813,0,1,7,triton_poi_fused__to_copy_add_convolution_embedding_native_layer_norm_transpose_view_3,"(9, 1, 1)","(1024, 1, 1)","Vision: patch/LayerNorm fusion 3 | triton_poi_fused__to_copy_add_convolution_embedding_native_layer_norm_transpose_view_3 | grid=(9, 1, 1) block=(1024, 1, 1)",vlm.vision.camera1/triton_poi_fused__to_copy_add_convolution_embedding_native_layer_norm_transpose_view_3,vlm.vision.camera1,vlm,31,fp32_simt,23552.0,l2,1882464.0,,1843200.0,0.9791422306083941,0.0782608695652174,ok,
288,2728813,0,1,7,nvjet_sm110_tst_128x128_64x6_1x2_h_bz_bias_TNT,"(18, 1, 1)","(256, 1, 1)","Vision: attention Q/K/V/O projections | nvjet_sm110_tst_128x128_64x6_1x2_h_bz_bias_TNT | grid=(18, 1, 1) block=(256, 1, 1)",vlm.vision.camera1/nvjet_sm110_tst_128x128_64x6_1x2_h_bz_bias_TNT,vlm.vision.camera1,vlm,24,bf16_tensor,27424.0,l2,8003072.0,,679477248.0,84.90205361141322,24.776737456242707,ok,
288,2728813,0,1,7,nvjet_sm110_tst_128x128_64x6_1x2_h_bz_bias_TNT,"(18, 1, 1)","(256, 1, 1)","Vision: attention Q/K/V/O projections | nvjet_sm110_tst_128x128_64x6_1x2_h_bz_bias_TNT | grid=(18, 1, 1) block=(256, 1, 1)",vlm.vision.camera1/nvjet_sm110_tst_128x128_64x6_1x2_h_bz_bias_TNT,vlm.vision.camera1,vlm,24,fp32_simt,27424.0,l2,8003072.0,,884736.0,0.11054954897319429,0.03226137689614936,ok,
289,2728813,0,1,7,nvjet_sm110_tst_128x128_64x6_1x2_h_bz_bias_TNT,"(18, 1, 1)","(256, 1, 1)","Vision: attention Q/K/V/O projections | nvjet_sm110_tst_128x128_64x6_1x2_h_bz_bias_TNT | grid=(18, 1, 1) block=(256, 1, 1)",vlm.vision.camera1/nvjet_sm110_tst_128x128_64x6_1x2_h_bz_bias_TNT,vlm.vision.camera1,vlm,24,bf16_tensor,27904.000000000004,l2,8006240.0,,679477248.0,84.86845860229022,24.35053211009174,ok,
289,2728813,0,1,7,nvjet_sm110_tst_128x128_64x6_1x2_h_bz_bias_TNT,"(18, 1, 1)","(256, 1, 1)","Vision: attention Q/K/V/O projections | nvjet_sm110_tst_128x128_64x6_1x2_h_bz_bias_TNT | grid=(18, 1, 1) block=(256, 1, 1)",vlm.vision.camera1/nvjet_sm110_tst_128x128_64x6_1x2_h_bz_bias_TNT,vlm.vision.camera1,vlm,24,fp32_simt,27904.000000000004,l2,8006240.0,,884736.0,0.11050580547173205,0.03170642201834862,ok,
290,2728813,0,1,7,nvjet_sm110_tst_128x128_64x6_1x2_h_bz_bias_TNT,"(18, 1, 1)","(256, 1, 1)","Vision: attention Q/K/V/O projections | nvjet_sm110_tst_128x128_64x6_1x2_h_bz_bias_TNT | grid=(18, 1, 1) block=(256, 1, 1)",vlm.vision.camera1/nvjet_sm110_tst_128x128_64x6_1x2_h_bz_bias_TNT,vlm.vision.camera1,vlm,24,bf16_tensor,28320.000000000004,l2,8004160.0,,679477248.0,84.89051293327469,23.992840677966097,ok,
290,2728813,0,1,7,nvjet_sm110_tst_128x128_64x6_1x2_h_bz_bias_TNT,"(18, 1, 1)","(256, 1, 1)","Vision: attention Q/K/V/O projections | nvjet_sm110_tst_128x128_64x6_1x2_h_bz_bias_TNT | grid=(18, 1, 1) block=(256, 1, 1)",vlm.vision.camera1/nvjet_sm110_tst_128x128_64x6_1x2_h_bz_bias_TNT,vlm.vision.camera1,vlm,24,fp32_simt,28320.000000000004,l2,8004160.0,,884736.0,0.11053452204853476,0.031240677966101693,ok,
291,2728813,0,1,7,"void pytorch_flash::flash_fwd_kernel<Flash_fwd_kernel_traits<96, 128, 64, 4, 0, 0, cutlass::bfloat16_t, Flash_kernel_traits<96, 128, 64, 4, cutlass::bfloat16_t>>, 0, 0, 0, 0, 0, 0, 0, 0>(pytorch_flash::Flash_fwd_params)","(2, 1, 16)","(128, 1, 1)","Vision: FlashAttention | void pytorch_flash::flash_fwd_kernel<Flash_fwd_kernel_traits<96, 128, 64, 4, 0, 0, cutlass::bfloat16_t, Flash_kernel_traits<96, 128, 64, 4, cutlass::bfloat16_t>>, 0, 0, 0, 0, 0, 0, 0, 0>(pytorch_flash::Flash_fwd_params) | grid=(2, 1, 16) block=(128, 1, 1)","vlm.vision.camera1/void pytorch_flash::flash_fwd_kernel<Flash_fwd_kernel_traits<(int)96, (int)128, (int)64, (int)4, (bool)0, (bool)0, cutlass::bfloat16_t, Flash_kernel_traits<(int)96, (int)128, (int)64, (int)4, cutlass::bfloat16_t>>, (bool)0, (bool)0, (bool)0, (bool)0, (bool)0, (bool)0, (bool)0, (bool)0>(pytorch_flash::Flash_fwd_params)",vlm.vision.camera1,vlm,20,bf16_tensor,30720.000000000004,l2,5474272.0,,402653184.0,73.5537408444447,13.107199999999999,ok,
291,2728813,0,1,7,"void pytorch_flash::flash_fwd_kernel<Flash_fwd_kernel_traits<96, 128, 64, 4, 0, 0, cutlass::bfloat16_t, Flash_kernel_traits<96, 128, 64, 4, cutlass::bfloat16_t>>, 0, 0, 0, 0, 0, 0, 0, 0>(pytorch_flash::Flash_fwd_params)","(2, 1, 16)","(128, 1, 1)","Vision: FlashAttention | void pytorch_flash::flash_fwd_kernel<Flash_fwd_kernel_traits<96, 128, 64, 4, 0, 0, cutlass::bfloat16_t, Flash_kernel_traits<96, 128, 64, 4, cutlass::bfloat16_t>>, 0, 0, 0, 0, 0, 0, 0, 0>(pytorch_flash::Flash_fwd_params) | grid=(2, 1, 16) block=(128, 1, 1)","vlm.vision.camera1/void pytorch_flash::flash_fwd_kernel<Flash_fwd_kernel_traits<(int)96, (int)128, (int)64, (int)4, (bool)0, (bool)0, cutlass::bfloat16_t, Flash_kernel_traits<(int)96, (int)128, (int)64, (int)4, cutlass::bfloat16_t>>, (bool)0, (bool)0, (bool)0, (bool)0, (bool)0, (bool)0, (bool)0, (bool)0>(pytorch_flash::Flash_fwd_params)",vlm.vision.camera1,vlm,20,fp32_simt,30720.000000000004,l2,5474272.0,,5079048.0,0.9278033681921541,0.16533359374999998,ok,
292,2728813,0,1,7,nvjet_sm110_tst_128x128_64x6_1x2_h_bz_bias_TNT,"(18, 1, 1)","(256, 1, 1)","Vision: attention Q/K/V/O projections | nvjet_sm110_tst_128x128_64x6_1x2_h_bz_bias_TNT | grid=(18, 1, 1) block=(256, 1, 1)",vlm.vision.camera1/nvjet_sm110_tst_128x128_64x6_1x2_h_bz_bias_TNT,vlm.vision.camera1,vlm,24,bf16_tensor,28736.0,l2,8003488.0,,679477248.0,84.89764062868589,23.64550556792873,ok,
292,2728813,0,1,7,nvjet_sm110_tst_128x128_64x6_1x2_h_bz_bias_TNT,"(18, 1, 1)","(256, 1, 1)","Vision: attention Q/K/V/O projections | nvjet_sm110_tst_128x128_64x6_1x2_h_bz_bias_TNT | grid=(18, 1, 1) block=(256, 1, 1)",vlm.vision.camera1/nvjet_sm110_tst_128x128_64x6_1x2_h_bz_bias_TNT,vlm.vision.camera1,vlm,24,fp32_simt,28736.0,l2,8003488.0,,884736.0,0.11054380290193476,0.030788418708240534,ok,
293,2728813,0,1,7,triton_red_fused__to_copy_add_convolution_embedding_native_layer_norm_transpose_view_4,"(64, 1, 1)","(256, 1, 1)","Vision: residual/LayerNorm fusion 4 | triton_red_fused__to_copy_add_convolution_embedding_native_layer_norm_transpose_view_4 | grid=(64, 1, 1) block=(256, 1, 1)",vlm.vision.camera1/triton_red_fused__to_copy_add_convolution_embedding_native_layer_norm_transpose_view_4,vlm.vision.camera1,vlm,33,bf16_tensor,26784.000000000004,l2,4897504.0,,0.0,,,zero_counted_flops,
293,2728813,0,1,7,triton_red_fused__to_copy_add_convolution_embedding_native_layer_norm_transpose_view_4,"(64, 1, 1)","(256, 1, 1)","Vision: residual/LayerNorm fusion 4 | triton_red_fused__to_copy_add_convolution_embedding_native_layer_norm_transpose_view_4 | grid=(64, 1, 1) block=(256, 1, 1)",vlm.vision.camera1/triton_red_fused__to_copy_add_convolution_embedding_native_layer_norm_transpose_view_4,vlm.vision.camera1,vlm,33,fp32_simt,26784.000000000004,l2,4897504.0,,6291456.0,1.284624984481891,0.23489605734767022,ok,
294,2728813,0,1,7,nvjet_sm110_tst_224x128_64x7_1x2_2cta_h_bz_bias_TNN,"(40, 1, 1)","(256, 1, 1)","Vision: FFN expansion + bias | nvjet_sm110_tst_224x128_64x7_1x2_2cta_h_bz_bias_TNN | grid=(40, 1, 1) block=(256, 1, 1)",vlm.vision.camera1/nvjet_sm110_tst_224x128_64x7_1x2_2cta_h_bz_bias_TNN,vlm.vision.camera1,vlm,19,bf16_tensor,60800.0,l2,23302752.0,,2642411520.0,113.39482649946238,43.46071578947369,ok,
294,2728813,0,1,7,nvjet_sm110_tst_224x128_64x7_1x2_2cta_h_bz_bias_TNN,"(40, 1, 1)","(256, 1, 1)","Vision: FFN expansion + bias | nvjet_sm110_tst_224x128_64x7_1x2_2cta_h_bz_bias_TNN | grid=(40, 1, 1) block=(256, 1, 1)",vlm.vision.camera1/nvjet_sm110_tst_224x128_64x7_1x2_2cta_h_bz_bias_TNN,vlm.vision.camera1,vlm,19,fp32_simt,60800.0,l2,23302752.0,,3440640.0,0.147649513671175,0.05658947368421052,ok,
295,2728813,0,1,7,triton_poi_fused_gelu_view_5,"(2152, 1, 1)","(128, 1, 1)","Vision: FFN GELU | triton_poi_fused_gelu_view_5 | grid=(2152, 1, 1) block=(128, 1, 1)",vlm.vision.camera1/triton_poi_fused_gelu_view_5,vlm.vision.camera1,vlm,17,bf16_tensor,23008.0,l2,4458432.0,,0.0,,,zero_counted_flops,
295,2728813,0,1,7,triton_poi_fused_gelu_view_5,"(2152, 1, 1)","(128, 1, 1)","Vision: FFN GELU | triton_poi_fused_gelu_view_5 | grid=(2152, 1, 1) block=(128, 1, 1)",vlm.vision.camera1/triton_poi_fused_gelu_view_5,vlm.vision.camera1,vlm,17,fp32_simt,23008.0,l2,4458432.0,,15375917.0,3.448727489843963,0.6682856832406119,ok,
296,2728813,0,1,7,nvjet_sm110_tst_144x128_64x6_4x1_v_bz_bias_TNN,"(16, 1, 1)","(256, 1, 1)","Vision: FFN contraction + bias | nvjet_sm110_tst_144x128_64x6_4x1_v_bz_bias_TNN | grid=(16, 1, 1) block=(256, 1, 1)",vlm.vision.camera1/nvjet_sm110_tst_144x128_64x6_4x1_v_bz_bias_TNN,vlm.vision.camera1,vlm,18,bf16_tensor,76672.0,l2,24614656.0,,2566914048.0,104.28397000551216,33.47915859766277,ok,
296,2728813,0,1,7,nvjet_sm110_tst_144x128_64x6_4x1_v_bz_bias_TNN,"(16, 1, 1)","(256, 1, 1)","Vision: FFN contraction + bias | nvjet_sm110_tst_144x128_64x6_4x1_v_bz_bias_TNN | grid=(16, 1, 1) block=(256, 1, 1)",vlm.vision.camera1/nvjet_sm110_tst_144x128_64x6_4x1_v_bz_bias_TNN,vlm.vision.camera1,vlm,18,fp32_simt,76672.0,l2,24614656.0,,884736.0,0.03594346392653223,0.01153923205342237,ok,
297,2728813,0,1,7,triton_red_fused_add_native_layer_norm_view_6,"(128, 1, 1)","(128, 1, 1)","Vision: residual/LayerNorm fusion 6 | triton_red_fused_add_native_layer_norm_view_6 | grid=(128, 1, 1) block=(128, 1, 1)",vlm.vision.camera1/triton_red_fused_add_native_layer_norm_view_6,vlm.vision.camera1,vlm,34,bf16_tensor,23424.0,l2,1924160.0,,0.0,,,zero_counted_flops,
297,2728813,0,1,7,triton_red_fused_add_native_layer_norm_view_6,"(128, 1, 1)","(128, 1, 1)","Vision: residual/LayerNorm fusion 6 | triton_red_fused_add_native_layer_norm_view_6 | grid=(128, 1, 1) block=(128, 1, 1)",vlm.vision.camera1/triton_red_fused_add_native_layer_norm_view_6,vlm.vision.camera1,vlm,34,fp32_simt,23424.0,l2,1924160.0,,5202152.0,2.703596374521869,0.22208640710382513,ok,
298,2728813,0,1,7,nvjet_sm110_tst_128x128_64x6_1x2_h_bz_bias_TNT,"(18, 1, 1)","(256, 1, 1)","Vision: attention Q/K/V/O projections | nvjet_sm110_tst_128x128_64x6_1x2_h_bz_bias_TNT | grid=(18, 1, 1) block=(256, 1, 1)",vlm.vision.camera1/nvjet_sm110_tst_128x128_64x6_1x2_h_bz_bias_TNT,vlm.vision.camera1,vlm,24,bf16_tensor,30272.0,l2,8003648.0,,679477248.0,84.8959434497869,22.44573361522199,ok,
298,2728813,0,1,7,nvjet_sm110_tst_128x128_64x6_1x2_h_bz_bias_TNT,"(18, 1, 1)","(256, 1, 1)","Vision: attention Q/K/V/O projections | nvjet_sm110_tst_128x128_64x6_1x2_h_bz_bias_TNT | grid=(18, 1, 1) block=(256, 1, 1)",vlm.vision.camera1/nvjet_sm110_tst_128x128_64x6_1x2_h_bz_bias_TNT,vlm.vision.camera1,vlm,24,fp32_simt,30272.0,l2,8003648.0,,884736.0,0.11054159303357669,0.029226215644820294,ok,
299,2728813,0,1,7,nvjet_sm110_tst_128x128_64x6_1x2_h_bz_bias_TNT,"(18, 1, 1)","(256, 1, 1)","Vision: attention Q/K/V/O projections | nvjet_sm110_tst_128x128_64x6_1x2_h_bz_bias_TNT | grid=(18, 1, 1) block=(256, 1, 1)",vlm.vision.camera1/nvjet_sm110_tst_128x128_64x6_1x2_h_bz_bias_TNT,vlm.vision.camera1,vlm,24,bf16_tensor,28288.0,l2,8003104.0,,679477248.0,84.90171413491565,24.01998190045249,ok,
299,2728813,0,1,7,nvjet_sm110_tst_128x128_64x6_1x2_h_bz_bias_TNT,"(18, 1, 1)","(256, 1, 1)","Vision: attention Q/K/V/O projections | nvjet_sm110_tst_128x128_64x6_1x2_h_bz_bias_TNT | grid=(18, 1, 1) block=(256, 1, 1)",vlm.vision.camera1/nvjet_sm110_tst_128x128_64x6_1x2_h_bz_bias_TNT,vlm.vision.camera1,vlm,24,fp32_simt,28288.0,l2,8003104.0,,884736.0,0.11054910694650476,0.03127601809954751,ok,
300,2728813,0,1,7,nvjet_sm110_tst_128x128_64x6_1x2_h_bz_bias_TNT,"(18, 1, 1)","(256, 1, 1)","Vision: attention Q/K/V/O projections | nvjet_sm110_tst_128x128_64x6_1x2_h_bz_bias_TNT | grid=(18, 1, 1) block=(256, 1, 1)",vlm.vision.camera1/nvjet_sm110_tst_128x128_64x6_1x2_h_bz_bias_TNT,vlm.vision.camera1,vlm,24,bf16_tensor,28576.000000000004,l2,8002592.0,,679477248.0,84.90714608466857,23.77789921612542,ok,
300,2728813,0,1,7,nvjet_sm110_tst_128x128_64x6_1x2_h_bz_bias_TNT,"(18, 1, 1)","(256, 1, 1)","Vision: attention Q/K/V/O projections | nvjet_sm110_tst_128x128_64x6_1x2_h_bz_bias_TNT | grid=(18, 1, 1) block=(256, 1, 1)",vlm.vision.camera1/nvjet_sm110_tst_128x128_64x6_1x2_h_bz_bias_TNT,vlm.vision.camera1,vlm,24,fp32_simt,28576.000000000004,l2,8002592.0,,884736.0,0.11055617979774553,0.03096080627099664,ok,
301,2728813,0,1,7,"void pytorch_flash::flash_fwd_kernel<Flash_fwd_kernel_traits<96, 128, 64, 4, 0, 0, cutlass::bfloat16_t, Flash_kernel_traits<96, 128, 64, 4, cutlass::bfloat16_t>>, 0, 0, 0, 0, 0, 0, 0, 0>(pytorch_flash::Flash_fwd_params)","(2, 1, 16)","(128, 1, 1)","Vision: FlashAttention | void pytorch_flash::flash_fwd_kernel<Flash_fwd_kernel_traits<96, 128, 64, 4, 0, 0, cutlass::bfloat16_t, Flash_kernel_traits<96, 128, 64, 4, cutlass::bfloat16_t>>, 0, 0, 0, 0, 0, 0, 0, 0>(pytorch_flash::Flash_fwd_params) | grid=(2, 1, 16) block=(128, 1, 1)","vlm.vision.camera1/void pytorch_flash::flash_fwd_kernel<Flash_fwd_kernel_traits<(int)96, (int)128, (int)64, (int)4, (bool)0, (bool)0, cutlass::bfloat16_t, Flash_kernel_traits<(int)96, (int)128, (int)64, (int)4, cutlass::bfloat16_t>>, (bool)0, (bool)0, (bool)0, (bool)0, (bool)0, (bool)0, (bool)0, (bool)0>(pytorch_flash::Flash_fwd_params)",vlm.vision.camera1,vlm,20,bf16_tensor,35744.0,l2,5487296.0,,402653184.0,73.37916234152486,11.264916741271263,ok,
301,2728813,0,1,7,"void pytorch_flash::flash_fwd_kernel<Flash_fwd_kernel_traits<96, 128, 64, 4, 0, 0, cutlass::bfloat16_t, Flash_kernel_traits<96, 128, 64, 4, cutlass::bfloat16_t>>, 0, 0, 0, 0, 0, 0, 0, 0>(pytorch_flash::Flash_fwd_params)","(2, 1, 16)","(128, 1, 1)","Vision: FlashAttention | void pytorch_flash::flash_fwd_kernel<Flash_fwd_kernel_traits<96, 128, 64, 4, 0, 0, cutlass::bfloat16_t, Flash_kernel_traits<96, 128, 64, 4, cutlass::bfloat16_t>>, 0, 0, 0, 0, 0, 0, 0, 0>(pytorch_flash::Flash_fwd_params) | grid=(2, 1, 16) block=(128, 1, 1)","vlm.vision.camera1/void pytorch_flash::flash_fwd_kernel<Flash_fwd_kernel_traits<(int)96, (int)128, (int)64, (int)4, (bool)0, (bool)0, cutlass::bfloat16_t, Flash_kernel_traits<(int)96, (int)128, (int)64, (int)4, cutlass::bfloat16_t>>, (bool)0, (bool)0, (bool)0, (bool)0, (bool)0, (bool)0, (bool)0, (bool)0>(pytorch_flash::Flash_fwd_params)",vlm.vision.camera1,vlm,20,fp32_simt,35744.0,l2,5487296.0,,5079040.0,0.925599785395211,0.142094897045658,ok,
302,2728813,0,1,7,nvjet_sm110_tst_128x128_64x6_1x2_h_bz_bias_TNT,"(18, 1, 1)","(256, 1, 1)","Vision: attention Q/K/V/O projections | nvjet_sm110_tst_128x128_64x6_1x2_h_bz_bias_TNT | grid=(18, 1, 1) block=(256, 1, 1)",vlm.vision.camera1/nvjet_sm110_tst_128x128_64x6_1x2_h_bz_bias_TNT,vlm.vision.camera1,vlm,24,bf16_tensor,29312.000000000004,l2,8001056.0,,679477248.0,84.92344610511412,23.180855895196505,ok,
302,2728813,0,1,7,nvjet_sm110_tst_128x128_64x6_1x2_h_bz_bias_TNT,"(18, 1, 1)","(256, 1, 1)","Vision: attention Q/K/V/O projections | nvjet_sm110_tst_128x128_64x6_1x2_h_bz_bias_TNT | grid=(18, 1, 1) block=(256, 1, 1)",vlm.vision.camera1/nvjet_sm110_tst_128x128_64x6_1x2_h_bz_bias_TNT,vlm.vision.camera1,vlm,24,fp32_simt,29312.000000000004,l2,8001056.0,,884736.0,0.11057740378270069,0.030183406113537113,ok,
303,2728813,0,1,7,triton_red_fused_add_native_layer_norm_view_7,"(256, 1, 1)","(64, 1, 1)","Vision: residual/LayerNorm fusion 7 | triton_red_fused_add_native_layer_norm_view_7 | grid=(256, 1, 1) block=(64, 1, 1)",vlm.vision.camera1/triton_red_fused_add_native_layer_norm_view_7,vlm.vision.camera1,vlm,35,bf16_tensor,24032.000000000004,l2,2556352.0,,0.0,,,zero_counted_flops,
303,2728813,0,1,7,triton_red_fused_add_native_layer_norm_view_7,"(256, 1, 1)","(64, 1, 1)","Vision: residual/LayerNorm fusion 7 | triton_red_fused_add_native_layer_norm_view_7 | grid=(256, 1, 1) block=(64, 1, 1)",vlm.vision.camera1/triton_red_fused_add_native_layer_norm_view_7,vlm.vision.camera1,vlm,35,fp32_simt,24032.000000000004,l2,2556352.0,,5391824.0,2.1091868412487793,0.22436018641810915,ok,
304,2728813,0,1,7,nvjet_sm110_tst_224x128_64x7_1x2_2cta_h_bz_bias_TNN,"(40, 1, 1)","(256, 1, 1)","Vision: FFN expansion + bias | nvjet_sm110_tst_224x128_64x7_1x2_2cta_h_bz_bias_TNN | grid=(40, 1, 1) block=(256, 1, 1)",vlm.vision.camera1/nvjet_sm110_tst_224x128_64x7_1x2_2cta_h_bz_bias_TNN,vlm.vision.camera1,vlm,19,bf16_tensor,58400.0,l2,23306688.0,,2642411520.0,113.37567654400317,45.246772602739725,ok,
304,2728813,0,1,7,nvjet_sm110_tst_224x128_64x7_1x2_2cta_h_bz_bias_TNN,"(40, 1, 1)","(256, 1, 1)","Vision: FFN expansion + bias | nvjet_sm110_tst_224x128_64x7_1x2_2cta_h_bz_bias_TNN | grid=(40, 1, 1) block=(256, 1, 1)",vlm.vision.camera1/nvjet_sm110_tst_224x128_64x7_1x2_2cta_h_bz_bias_TNN,vlm.vision.camera1,vlm,19,fp32_simt,58400.0,l2,23306688.0,,3440640.0,0.14762457883333746,0.05891506849315068,ok,
305,2728813,0,1,7,triton_poi_fused_gelu_view_5,"(2152, 1, 1)","(128, 1, 1)","Vision: FFN GELU | triton_poi_fused_gelu_view_5 | grid=(2152, 1, 1) block=(128, 1, 1)",vlm.vision.camera1/triton_poi_fused_gelu_view_5,vlm.vision.camera1,vlm,17,bf16_tensor,24288.000000000004,l2,4460000.0,,0.0,,,zero_counted_flops,
305,2728813,0,1,7,triton_poi_fused_gelu_view_5,"(2152, 1, 1)","(128, 1, 1)","Vision: FFN GELU | triton_poi_fused_gelu_view_5 | grid=(2152, 1, 1) block=(128, 1, 1)",vlm.vision.camera1/triton_poi_fused_gelu_view_5,vlm.vision.camera1,vlm,17,fp32_simt,24288.000000000004,l2,4460000.0,,15855970.0,3.5551502242152466,0.6528314393939393,ok,
306,2728813,0,1,7,nvjet_sm110_tst_144x128_64x6_4x1_v_bz_bias_TNN,"(16, 1, 1)","(256, 1, 1)","Vision: FFN contraction + bias | nvjet_sm110_tst_144x128_64x6_4x1_v_bz_bias_TNN | grid=(16, 1, 1) block=(256, 1, 1)",vlm.vision.camera1/nvjet_sm110_tst_144x128_64x6_4x1_v_bz_bias_TNN,vlm.vision.camera1,vlm,18,bf16_tensor,73344.00000000001,l2,24713056.0,,2566914048.0,103.86874241696373,34.99828272251309,ok,
306,2728813,0,1,7,nvjet_sm110_tst_144x128_64x6_4x1_v_bz_bias_TNN,"(16, 1, 1)","(256, 1, 1)","Vision: FFN contraction + bias | nvjet_sm110_tst_144x128_64x6_4x1_v_bz_bias_TNN | grid=(16, 1, 1) block=(256, 1, 1)",vlm.vision.camera1/nvjet_sm110_tst_144x128_64x6_4x1_v_bz_bias_TNN,vlm.vision.camera1,vlm,18,fp32_simt,73344.00000000001,l2,24713056.0,,884736.0,0.03580034779996452,0.012062827225130888,ok,
307,2728813,0,1,7,triton_red_fused_add_native_layer_norm_view_8,"(256, 1, 1)","(64, 1, 1)","Vision: residual/LayerNorm fusion 8 | triton_red_fused_add_native_layer_norm_view_8 | grid=(256, 1, 1) block=(64, 1, 1)",vlm.vision.camera1/triton_red_fused_add_native_layer_norm_view_8,vlm.vision.camera1,vlm,36,bf16_tensor,27616.0,l2,3210496.0,,0.0,,,zero_counted_flops,
307,2728813,0,1,7,triton_red_fused_add_native_layer_norm_view_8,"(256, 1, 1)","(64, 1, 1)","Vision: residual/LayerNorm fusion 8 | triton_red_fused_add_native_layer_norm_view_8 | grid=(256, 1, 1) block=(64, 1, 1)",vlm.vision.camera1/triton_red_fused_add_native_layer_norm_view_8,vlm.vision.camera1,vlm,36,fp32_simt,27616.0,l2,3210496.0,,6619136.0,2.061717566382266,0.23968482039397448,ok,
308,2728813,0,1,7,nvjet_sm110_tst_128x128_64x6_1x2_h_bz_bias_TNT,"(18, 1, 1)","(256, 1, 1)","Vision: attention Q/K/V/O projections | nvjet_sm110_tst_128x128_64x6_1x2_h_bz_bias_TNT | grid=(18, 1, 1) block=(256, 1, 1)",vlm.vision.camera1/nvjet_sm110_tst_128x128_64x6_1x2_h_bz_bias_TNT,vlm.vision.camera1,vlm,24,bf16_tensor,27776.000000000004,l2,8000256.0,,679477248.0,84.93193817797831,24.462746543778803,ok,
308,2728813,0,1,7,nvjet_sm110_tst_128x128_64x6_1x2_h_bz_bias_TNT,"(18, 1, 1)","(256, 1, 1)","Vision: attention Q/K/V/O projections | nvjet_sm110_tst_128x128_64x6_1x2_h_bz_bias_TNT | grid=(18, 1, 1) block=(256, 1, 1)",vlm.vision.camera1/nvjet_sm110_tst_128x128_64x6_1x2_h_bz_bias_TNT,vlm.vision.camera1,vlm,24,fp32_simt,27776.000000000004,l2,8000256.0,,884736.0,0.11058846116924259,0.03185253456221198,ok,
309,2728813,0,1,7,nvjet_sm110_tst_128x128_64x6_1x2_h_bz_bias_TNT,"(18, 1, 1)","(256, 1, 1)","Vision: attention Q/K/V/O projections | nvjet_sm110_tst_128x128_64x6_1x2_h_bz_bias_TNT | grid=(18, 1, 1) block=(256, 1, 1)",vlm.vision.camera1/nvjet_sm110_tst_128x128_64x6_1x2_h_bz_bias_TNT,vlm.vision.camera1,vlm,24,bf16_tensor,29696.0,l2,8002560.0,,679477248.0,84.90748560460652,22.88110344827586,ok,
309,2728813,0,1,7,nvjet_sm110_tst_128x128_64x6_1x2_h_bz_bias_TNT,"(18, 1, 1)","(256, 1, 1)","Vision: attention Q/K/V/O projections | nvjet_sm110_tst_128x128_64x6_1x2_h_bz_bias_TNT | grid=(18, 1, 1) block=(256, 1, 1)",vlm.vision.camera1/nvjet_sm110_tst_128x128_64x6_1x2_h_bz_bias_TNT,vlm.vision.camera1,vlm,24,fp32_simt,29696.0,l2,8002560.0,,884736.0,0.11055662188099807,0.02979310344827586,ok,
310,2728813,0,1,7,nvjet_sm110_tst_128x128_64x6_1x2_h_bz_bias_TNT,"(18, 1, 1)","(256, 1, 1)","Vision: attention Q/K/V/O projections | nvjet_sm110_tst_128x128_64x6_1x2_h_bz_bias_TNT | grid=(18, 1, 1) block=(256, 1, 1)",vlm.vision.camera1/nvjet_sm110_tst_128x128_64x6_1x2_h_bz_bias_TNT,vlm.vision.camera1,vlm,24,bf16_tensor,30240.000000000004,l2,8003168.0,,679477248.0,84.90103519006473,22.469485714285714,ok,
310,2728813,0,1,7,nvjet_sm110_tst_128x128_64x6_1x2_h_bz_bias_TNT,"(18, 1, 1)","(256, 1, 1)","Vision: attention Q/K/V/O projections | nvjet_sm110_tst_128x128_64x6_1x2_h_bz_bias_TNT | grid=(18, 1, 1) block=(256, 1, 1)",vlm.vision.camera1/nvjet_sm110_tst_128x128_64x6_1x2_h_bz_bias_TNT,vlm.vision.camera1,vlm,24,fp32_simt,30240.000000000004,l2,8003168.0,,884736.0,0.11054822290373012,0.029257142857142857,ok,
311,2728813,0,1,7,"void pytorch_flash::flash_fwd_kernel<Flash_fwd_kernel_traits<96, 128, 64, 4, 0, 0, cutlass::bfloat16_t, Flash_kernel_traits<96, 128, 64, 4, cutlass::bfloat16_t>>, 0, 0, 0, 0, 0, 0, 0, 0>(pytorch_flash::Flash_fwd_params)","(2, 1, 16)","(128, 1, 1)","Vision: FlashAttention | void pytorch_flash::flash_fwd_kernel<Flash_fwd_kernel_traits<96, 128, 64, 4, 0, 0, cutlass::bfloat16_t, Flash_kernel_traits<96, 128, 64, 4, cutlass::bfloat16_t>>, 0, 0, 0, 0, 0, 0, 0, 0>(pytorch_flash::Flash_fwd_params) | grid=(2, 1, 16) block=(128, 1, 1)","vlm.vision.camera1/void pytorch_flash::flash_fwd_kernel<Flash_fwd_kernel_traits<(int)96, (int)128, (int)64, (int)4, (bool)0, (bool)0, cutlass::bfloat16_t, Flash_kernel_traits<(int)96, (int)128, (int)64, (int)4, cutlass::bfloat16_t>>, (bool)0, (bool)0, (bool)0, (bool)0, (bool)0, (bool)0, (bool)0, (bool)0>(pytorch_flash::Flash_fwd_params)",vlm.vision.camera1,vlm,20,bf16_tensor,31712.000000000004,l2,5474272.0,,402653184.0,73.5537408444447,12.697186680121089,ok,
311,2728813,0,1,7,"void pytorch_flash::flash_fwd_kernel<Flash_fwd_kernel_traits<96, 128, 64, 4, 0, 0, cutlass::bfloat16_t, Flash_kernel_traits<96, 128, 64, 4, cutlass::bfloat16_t>>, 0, 0, 0, 0, 0, 0, 0, 0>(pytorch_flash::Flash_fwd_params)","(2, 1, 16)","(128, 1, 1)","Vision: FlashAttention | void pytorch_flash::flash_fwd_kernel<Flash_fwd_kernel_traits<96, 128, 64, 4, 0, 0, cutlass::bfloat16_t, Flash_kernel_traits<96, 128, 64, 4, cutlass::bfloat16_t>>, 0, 0, 0, 0, 0, 0, 0, 0>(pytorch_flash::Flash_fwd_params) | grid=(2, 1, 16) block=(128, 1, 1)","vlm.vision.camera1/void pytorch_flash::flash_fwd_kernel<Flash_fwd_kernel_traits<(int)96, (int)128, (int)64, (int)4, (bool)0, (bool)0, cutlass::bfloat16_t, Flash_kernel_traits<(int)96, (int)128, (int)64, (int)4, cutlass::bfloat16_t>>, (bool)0, (bool)0, (bool)0, (bool)0, (bool)0, (bool)0, (bool)0, (bool)0>(pytorch_flash::Flash_fwd_params)",vlm.vision.camera1,vlm,20,fp32_simt,31712.000000000004,l2,5474272.0,,5079040.0,0.9278019068106225,0.16016145307769927,ok,
312,2728813,0,1,7,nvjet_sm110_tst_128x128_64x6_1x2_h_bz_bias_TNT,"(18, 1, 1)","(256, 1, 1)","Vision: attention Q/K/V/O projections | nvjet_sm110_tst_128x128_64x6_1x2_h_bz_bias_TNT | grid=(18, 1, 1) block=(256, 1, 1)",vlm.vision.camera1/nvjet_sm110_tst_128x128_64x6_1x2_h_bz_bias_TNT,vlm.vision.camera1,vlm,24,bf16_tensor,28736.0,l2,8002432.0,,679477248.0,84.90884371151171,23.64550556792873,ok,
312,2728813,0,1,7,nvjet_sm110_tst_128x128_64x6_1x2_h_bz_bias_TNT,"(18, 1, 1)","(256, 1, 1)","Vision: attention Q/K/V/O projections | nvjet_sm110_tst_128x128_64x6_1x2_h_bz_bias_TNT | grid=(18, 1, 1) block=(256, 1, 1)",vlm.vision.camera1/nvjet_sm110_tst_128x128_64x6_1x2_h_bz_bias_TNT,vlm.vision.camera1,vlm,24,fp32_simt,28736.0,l2,8002432.0,,884736.0,0.11055839024936419,0.030788418708240534,ok,
313,2728813,0,1,7,triton_red_fused_add_native_layer_norm_view_9,"(256, 1, 1)","(512, 1, 1)","Vision: residual/LayerNorm fusion 9 | triton_red_fused_add_native_layer_norm_view_9 | grid=(256, 1, 1) block=(512, 1, 1)",vlm.vision.camera1/triton_red_fused_add_native_layer_norm_view_9,vlm.vision.camera1,vlm,37,bf16_tensor,28000.000000000004,l2,4269536.0,,0.0,,,zero_counted_flops,
313,2728813,0,1,7,triton_red_fused_add_native_layer_norm_view_9,"(256, 1, 1)","(512, 1, 1)","Vision: residual/LayerNorm fusion 9 | triton_red_fused_add_native_layer_norm_view_9 | grid=(256, 1, 1) block=(512, 1, 1)",vlm.vision.camera1/triton_red_fused_add_native_layer_norm_view_9,vlm.vision.camera1,vlm,37,fp32_simt,28000.000000000004,l2,4269536.0,,21890528.0,5.127144495326893,0.7818045714285713,ok,
314,2728813,0,1,7,nvjet_sm110_tst_224x128_64x7_1x2_2cta_h_bz_bias_TNN,"(40, 1, 1)","(256, 1, 1)","Vision: FFN expansion + bias | nvjet_sm110_tst_224x128_64x7_1x2_2cta_h_bz_bias_TNN | grid=(40, 1, 1) block=(256, 1, 1)",vlm.vision.camera1/nvjet_sm110_tst_224x128_64x7_1x2_2cta_h_bz_bias_TNN,vlm.vision.camera1,vlm,19,bf16_tensor,64064.0,l2,23223680.0,,2642411520.0,113.78091327472649,41.24643356643356,ok,
314,2728813,0,1,7,nvjet_sm110_tst_224x128_64x7_1x2_2cta_h_bz_bias_TNN,"(40, 1, 1)","(256, 1, 1)","Vision: FFN expansion + bias | nvjet_sm110_tst_224x128_64x7_1x2_2cta_h_bz_bias_TNN | grid=(40, 1, 1) block=(256, 1, 1)",vlm.vision.camera1/nvjet_sm110_tst_224x128_64x7_1x2_2cta_h_bz_bias_TNN,vlm.vision.camera1,vlm,19,fp32_simt,64064.0,l2,23223680.0,,3440640.0,0.14815223082646678,0.0537062937062937,ok,
315,2728813,0,1,7,triton_poi_fused_gelu_view_5,"(2152, 1, 1)","(128, 1, 1)","Vision: FFN GELU | triton_poi_fused_gelu_view_5 | grid=(2152, 1, 1) block=(128, 1, 1)",vlm.vision.camera1/triton_poi_fused_gelu_view_5,vlm.vision.camera1,vlm,17,bf16_tensor,24768.0,l2,4462464.0,,0.0,,,zero_counted_flops,
315,2728813,0,1,7,triton_poi_fused_gelu_view_5,"(2152, 1, 1)","(128, 1, 1)","Vision: FFN GELU | triton_poi_fused_gelu_view_5 | grid=(2152, 1, 1) block=(128, 1, 1)",vlm.vision.camera1/triton_poi_fused_gelu_view_5,vlm.vision.camera1,vlm,17,fp32_simt,24768.0,l2,4462464.0,,16378121.0,3.670196779178499,0.6612613452842376,ok,
316,2728813,0,1,7,nvjet_sm110_tst_144x128_64x6_4x1_v_bz_bias_TNN,"(16, 1, 1)","(256, 1, 1)","Vision: FFN contraction + bias | nvjet_sm110_tst_144x128_64x6_4x1_v_bz_bias_TNN | grid=(16, 1, 1) block=(256, 1, 1)",vlm.vision.camera1/nvjet_sm110_tst_144x128_64x6_4x1_v_bz_bias_TNN,vlm.vision.camera1,vlm,18,bf16_tensor,65120.0,l2,24622368.0,,2566914048.0,104.25130710417454,39.418213267813265,ok,
316,2728813,0,1,7,nvjet_sm110_tst_144x128_64x6_4x1_v_bz_bias_TNN,"(16, 1, 1)","(256, 1, 1)","Vision: FFN contraction + bias | nvjet_sm110_tst_144x128_64x6_4x1_v_bz_bias_TNN | grid=(16, 1, 1) block=(256, 1, 1)",vlm.vision.camera1/nvjet_sm110_tst_144x128_64x6_4x1_v_bz_bias_TNN,vlm.vision.camera1,vlm,18,fp32_simt,65120.0,l2,24622368.0,,884736.0,0.035932206033148395,0.013586240786240785,ok,
317,2728813,0,1,7,triton_red_fused_add_native_layer_norm_view_6,"(128, 1, 1)","(128, 1, 1)","Vision: residual/LayerNorm fusion 6 | triton_red_fused_add_native_layer_norm_view_6 | grid=(128, 1, 1) block=(128, 1, 1)",vlm.vision.camera1/triton_red_fused_add_native_layer_norm_view_6,vlm.vision.camera1,vlm,34,bf16_tensor,22784.0,l2,1931008.0,,0.0,,,zero_counted_flops,
317,2728813,0,1,7,triton_red_fused_add_native_layer_norm_view_6,"(128, 1, 1)","(128, 1, 1)","Vision: residual/LayerNorm fusion 6 | triton_red_fused_add_native_layer_norm_view_6 | grid=(128, 1, 1) block=(128, 1, 1)",vlm.vision.camera1/triton_red_fused_add_native_layer_norm_view_6,vlm.vision.camera1,vlm,34,fp32_simt,22784.0,l2,1931008.0,,5223360.0,2.7049913827389633,0.22925561797752808,ok,
318,2728813,0,1,7,nvjet_sm110_tst_128x128_64x6_1x2_h_bz_bias_TNT,"(18, 1, 1)","(256, 1, 1)","Vision: attention Q/K/V/O projections | nvjet_sm110_tst_128x128_64x6_1x2_h_bz_bias_TNT | grid=(18, 1, 1) block=(256, 1, 1)",vlm.vision.camera1/nvjet_sm110_tst_128x128_64x6_1x2_h_bz_bias_TNT,vlm.vision.camera1,vlm,24,bf16_tensor,27936.0,l2,8000928.0,,679477248.0,84.92480472265217,24.32263917525773,ok,
318,2728813,0,1,7,nvjet_sm110_tst_128x128_64x6_1x2_h_bz_bias_TNT,"(18, 1, 1)","(256, 1, 1)","Vision: attention Q/K/V/O projections | nvjet_sm110_tst_128x128_64x6_1x2_h_bz_bias_TNT | grid=(18, 1, 1) block=(256, 1, 1)",vlm.vision.camera1/nvjet_sm110_tst_128x128_64x6_1x2_h_bz_bias_TNT,vlm.vision.camera1,vlm,24,fp32_simt,27936.0,l2,8000928.0,,884736.0,0.11057917281595335,0.0316701030927835,ok,
319,2728813,0,1,7,nvjet_sm110_tst_128x128_64x6_1x2_h_bz_bias_TNT,"(18, 1, 1)","(256, 1, 1)","Vision: attention Q/K/V/O projections | nvjet_sm110_tst_128x128_64x6_1x2_h_bz_bias_TNT | grid=(18, 1, 1) block=(256, 1, 1)",vlm.vision.camera1/nvjet_sm110_tst_128x128_64x6_1x2_h_bz_bias_TNT,vlm.vision.camera1,vlm,24,bf16_tensor,28864.0,l2,8002976.0,,679477248.0,84.90307205719472,23.540647450110864,ok,
319,2728813,0,1,7,nvjet_sm110_tst_128x128_64x6_1x2_h_bz_bias_TNT,"(18, 1, 1)","(256, 1, 1)","Vision: attention Q/K/V/O projections | nvjet_sm110_tst_128x128_64x6_1x2_h_bz_bias_TNT | grid=(18, 1, 1) block=(256, 1, 1)",vlm.vision.camera1/nvjet_sm110_tst_128x128_64x6_1x2_h_bz_bias_TNT,vlm.vision.camera1,vlm,24,fp32_simt,28864.0,l2,8002976.0,,884736.0,0.1105508750744723,0.030651884700665186,ok,
320,2728813,0,1,7,nvjet_sm110_tst_128x128_64x6_1x2_h_bz_bias_TNT,"(18, 1, 1)","(256, 1, 1)","Vision: attention Q/K/V/O projections | nvjet_sm110_tst_128x128_64x6_1x2_h_bz_bias_TNT | grid=(18, 1, 1) block=(256, 1, 1)",vlm.vision.camera1/nvjet_sm110_tst_128x128_64x6_1x2_h_bz_bias_TNT,vlm.vision.camera1,vlm,24,bf16_tensor,28928.0,l2,8002880.0,,679477248.0,84.90409052741013,23.488566371681415,ok,
320,2728813,0,1,7,nvjet_sm110_tst_128x128_64x6_1x2_h_bz_bias_TNT,"(18, 1, 1)","(256, 1, 1)","Vision: attention Q/K/V/O projections | nvjet_sm110_tst_128x128_64x6_1x2_h_bz_bias_TNT | grid=(18, 1, 1) block=(256, 1, 1)",vlm.vision.camera1/nvjet_sm110_tst_128x128_64x6_1x2_h_bz_bias_TNT,vlm.vision.camera1,vlm,24,fp32_simt,28928.0,l2,8002880.0,,884736.0,0.11055220120756527,0.030584070796460174,ok,
321,2728813,0,1,7,"void pytorch_flash::flash_fwd_kernel<Flash_fwd_kernel_traits<96, 128, 64, 4, 0, 0, cutlass::bfloat16_t, Flash_kernel_traits<96, 128, 64, 4, cutlass::bfloat16_t>>, 0, 0, 0, 0, 0, 0, 0, 0>(pytorch_flash::Flash_fwd_params)","(2, 1, 16)","(128, 1, 1)","Vision: FlashAttention | void pytorch_flash::flash_fwd_kernel<Flash_fwd_kernel_traits<96, 128, 64, 4, 0, 0, cutlass::bfloat16_t, Flash_kernel_traits<96, 128, 64, 4, cutlass::bfloat16_t>>, 0, 0, 0, 0, 0, 0, 0, 0>(pytorch_flash::Flash_fwd_params) | grid=(2, 1, 16) block=(128, 1, 1)","vlm.vision.camera1/void pytorch_flash::flash_fwd_kernel<Flash_fwd_kernel_traits<(int)96, (int)128, (int)64, (int)4, (bool)0, (bool)0, cutlass::bfloat16_t, Flash_kernel_traits<(int)96, (int)128, (int)64, (int)4, cutlass::bfloat16_t>>, (bool)0, (bool)0, (bool)0, (bool)0, (bool)0, (bool)0, (bool)0, (bool)0>(pytorch_flash::Flash_fwd_params)",vlm.vision.camera1,vlm,20,bf16_tensor,29792.000000000004,l2,5479360.0,,402653184.0,73.48544063540267,13.515480128893662,ok,
321,2728813,0,1,7,"void pytorch_flash::flash_fwd_kernel<Flash_fwd_kernel_traits<96, 128, 64, 4, 0, 0, cutlass::bfloat16_t, Flash_kernel_traits<96, 128, 64, 4, cutlass::bfloat16_t>>, 0, 0, 0, 0, 0, 0, 0, 0>(pytorch_flash::Flash_fwd_params)","(2, 1, 16)","(128, 1, 1)","Vision: FlashAttention | void pytorch_flash::flash_fwd_kernel<Flash_fwd_kernel_traits<96, 128, 64, 4, 0, 0, cutlass::bfloat16_t, Flash_kernel_traits<96, 128, 64, 4, cutlass::bfloat16_t>>, 0, 0, 0, 0, 0, 0, 0, 0>(pytorch_flash::Flash_fwd_params) | grid=(2, 1, 16) block=(128, 1, 1)","vlm.vision.camera1/void pytorch_flash::flash_fwd_kernel<Flash_fwd_kernel_traits<(int)96, (int)128, (int)64, (int)4, (bool)0, (bool)0, cutlass::bfloat16_t, Flash_kernel_traits<(int)96, (int)128, (int)64, (int)4, cutlass::bfloat16_t>>, (bool)0, (bool)0, (bool)0, (bool)0, (bool)0, (bool)0, (bool)0, (bool)0>(pytorch_flash::Flash_fwd_params)",vlm.vision.camera1,vlm,20,fp32_simt,29792.000000000004,l2,5479360.0,,5079040.0,0.9269403725982597,0.17048335123523092,ok,
322,2728813,0,1,7,nvjet_sm110_tst_128x128_64x6_1x2_h_bz_bias_TNT,"(18, 1, 1)","(256, 1, 1)","Vision: attention Q/K/V/O projections | nvjet_sm110_tst_128x128_64x6_1x2_h_bz_bias_TNT | grid=(18, 1, 1) block=(256, 1, 1)",vlm.vision.camera1/nvjet_sm110_tst_128x128_64x6_1x2_h_bz_bias_TNT,vlm.vision.camera1,vlm,24,bf16_tensor,29888.000000000004,l2,8003776.0,,679477248.0,84.8945857555234,22.734115631691648,ok,
322,2728813,0,1,7,nvjet_sm110_tst_128x128_64x6_1x2_h_bz_bias_TNT,"(18, 1, 1)","(256, 1, 1)","Vision: attention Q/K/V/O projections | nvjet_sm110_tst_128x128_64x6_1x2_h_bz_bias_TNT | grid=(18, 1, 1) block=(256, 1, 1)",vlm.vision.camera1/nvjet_sm110_tst_128x128_64x6_1x2_h_bz_bias_TNT,vlm.vision.camera1,vlm,24,fp32_simt,29888.000000000004,l2,8003776.0,,884736.0,0.11053982520250442,0.029601713062098498,ok,
323,2728813,0,1,7,triton_red_fused_add_native_layer_norm_view_7,"(256, 1, 1)","(64, 1, 1)","Vision: residual/LayerNorm fusion 7 | triton_red_fused_add_native_layer_norm_view_7 | grid=(256, 1, 1) block=(64, 1, 1)",vlm.vision.camera1/triton_red_fused_add_native_layer_norm_view_7,vlm.vision.camera1,vlm,35,bf16_tensor,23648.0,l2,2544032.0,,0.0,,,zero_counted_flops,
323,2728813,0,1,7,triton_red_fused_add_native_layer_norm_view_7,"(256, 1, 1)","(64, 1, 1)","Vision: residual/LayerNorm fusion 7 | triton_red_fused_add_native_layer_norm_view_7 | grid=(256, 1, 1) block=(64, 1, 1)",vlm.vision.camera1/triton_red_fused_add_native_layer_norm_view_7,vlm.vision.camera1,vlm,35,fp32_simt,23648.0,l2,2544032.0,,5392444.0,2.1196447214500447,0.22802960081190796,ok,
324,2728813,0,1,7,nvjet_sm110_tst_224x128_64x7_1x2_2cta_h_bz_bias_TNN,"(40, 1, 1)","(256, 1, 1)","Vision: FFN expansion + bias | nvjet_sm110_tst_224x128_64x7_1x2_2cta_h_bz_bias_TNN | grid=(40, 1, 1) block=(256, 1, 1)",vlm.vision.camera1/nvjet_sm110_tst_224x128_64x7_1x2_2cta_h_bz_bias_TNN,vlm.vision.camera1,vlm,19,bf16_tensor,60896.0,l2,23207136.0,,2642411520.0,113.86202588720987,43.392201786652656,ok,
324,2728813,0,1,7,nvjet_sm110_tst_224x128_64x7_1x2_2cta_h_bz_bias_TNN,"(40, 1, 1)","(256, 1, 1)","Vision: FFN expansion + bias | nvjet_sm110_tst_224x128_64x7_1x2_2cta_h_bz_bias_TNN | grid=(40, 1, 1) block=(256, 1, 1)",vlm.vision.camera1/nvjet_sm110_tst_224x128_64x7_1x2_2cta_h_bz_bias_TNN,vlm.vision.camera1,vlm,19,fp32_simt,60896.0,l2,23207136.0,,3440640.0,0.1482578462073045,0.05650026274303731,ok,
325,2728813,0,1,7,triton_poi_fused_gelu_view_5,"(2152, 1, 1)","(128, 1, 1)","Vision: FFN GELU | triton_poi_fused_gelu_view_5 | grid=(2152, 1, 1) block=(128, 1, 1)",vlm.vision.camera1/triton_poi_fused_gelu_view_5,vlm.vision.camera1,vlm,17,bf16_tensor,24640.0,l2,4461312.0,,0.0,,,zero_counted_flops,
325,2728813,0,1,7,triton_poi_fused_gelu_view_5,"(2152, 1, 1)","(128, 1, 1)","Vision: FFN GELU | triton_poi_fused_gelu_view_5 | grid=(2152, 1, 1) block=(128, 1, 1)",vlm.vision.camera1/triton_poi_fused_gelu_view_5,vlm.vision.camera1,vlm,17,fp32_simt,24640.0,l2,4461312.0,,16161940.0,3.622687675733058,0.6559228896103896,ok,
326,2728813,0,1,7,nvjet_sm110_tst_144x128_64x6_4x1_v_bz_bias_TNN,"(16, 1, 1)","(256, 1, 1)","Vision: FFN contraction + bias | nvjet_sm110_tst_144x128_64x6_4x1_v_bz_bias_TNN | grid=(16, 1, 1) block=(256, 1, 1)",vlm.vision.camera1/nvjet_sm110_tst_144x128_64x6_4x1_v_bz_bias_TNN,vlm.vision.camera1,vlm,18,bf16_tensor,65408.00000000001,l2,24603392.0,,2566914048.0,104.33171361087122,39.24464970645792,ok,
326,2728813,0,1,7,nvjet_sm110_tst_144x128_64x6_4x1_v_bz_bias_TNN,"(16, 1, 1)","(256, 1, 1)","Vision: FFN contraction + bias | nvjet_sm110_tst_144x128_64x6_4x1_v_bz_bias_TNN | grid=(16, 1, 1) block=(256, 1, 1)",vlm.vision.camera1/nvjet_sm110_tst_144x128_64x6_4x1_v_bz_bias_TNN,vlm.vision.camera1,vlm,18,fp32_simt,65408.00000000001,l2,24603392.0,,884736.0,0.03595991967286462,0.013526418786692758,ok,
327,2728813,0,1,7,triton_red_fused_add_native_layer_norm_view_8,"(256, 1, 1)","(64, 1, 1)","Vision: residual/LayerNorm fusion 8 | triton_red_fused_add_native_layer_norm_view_8 | grid=(256, 1, 1) block=(64, 1, 1)",vlm.vision.camera1/triton_red_fused_add_native_layer_norm_view_8,vlm.vision.camera1,vlm,36,bf16_tensor,26240.000000000004,l2,3184512.0,,0.0,,,zero_counted_flops,
327,2728813,0,1,7,triton_red_fused_add_native_layer_norm_view_8,"(256, 1, 1)","(64, 1, 1)","Vision: residual/LayerNorm fusion 8 | triton_red_fused_add_native_layer_norm_view_8 | grid=(256, 1, 1) block=(64, 1, 1)",vlm.vision.camera1/triton_red_fused_add_native_layer_norm_view_8,vlm.vision.camera1,vlm,36,fp32_simt,26240.000000000004,l2,3184512.0,,6619136.0,2.078540134249769,0.2522536585365853,ok,
328,2728813,0,1,7,nvjet_sm110_tst_128x128_64x6_1x2_h_bz_bias_TNT,"(18, 1, 1)","(256, 1, 1)","Vision: attention Q/K/V/O projections | nvjet_sm110_tst_128x128_64x6_1x2_h_bz_bias_TNT | grid=(18, 1, 1) block=(256, 1, 1)",vlm.vision.camera1/nvjet_sm110_tst_128x128_64x6_1x2_h_bz_bias_TNT,vlm.vision.camera1,vlm,24,bf16_tensor,26784.000000000004,l2,8002752.0,,679477248.0,84.90544852570716,25.368774193548383,ok,
328,2728813,0,1,7,nvjet_sm110_tst_128x128_64x6_1x2_h_bz_bias_TNT,"(18, 1, 1)","(256, 1, 1)","Vision: attention Q/K/V/O projections | nvjet_sm110_tst_128x128_64x6_1x2_h_bz_bias_TNT | grid=(18, 1, 1) block=(256, 1, 1)",vlm.vision.camera1/nvjet_sm110_tst_128x128_64x6_1x2_h_bz_bias_TNT,vlm.vision.camera1,vlm,24,fp32_simt,26784.000000000004,l2,8002752.0,,884736.0,0.11055396943451452,0.03303225806451612,ok,
329,2728813,0,1,7,nvjet_sm110_tst_128x128_64x6_1x2_h_bz_bias_TNT,"(18, 1, 1)","(256, 1, 1)","Vision: attention Q/K/V/O projections | nvjet_sm110_tst_128x128_64x6_1x2_h_bz_bias_TNT | grid=(18, 1, 1) block=(256, 1, 1)",vlm.vision.camera1/nvjet_sm110_tst_128x128_64x6_1x2_h_bz_bias_TNT,vlm.vision.camera1,vlm,24,bf16_tensor,29504.0,l2,8002816.0,,679477248.0,84.90476952112856,23.030004338394793,ok,
329,2728813,0,1,7,nvjet_sm110_tst_128x128_64x6_1x2_h_bz_bias_TNT,"(18, 1, 1)","(256, 1, 1)","Vision: attention Q/K/V/O projections | nvjet_sm110_tst_128x128_64x6_1x2_h_bz_bias_TNT | grid=(18, 1, 1) block=(256, 1, 1)",vlm.vision.camera1/nvjet_sm110_tst_128x128_64x6_1x2_h_bz_bias_TNT,vlm.vision.camera1,vlm,24,fp32_simt,29504.0,l2,8002816.0,,884736.0,0.11055308531396948,0.02998698481561822,ok,
330,2728813,0,1,7,nvjet_sm110_tst_128x128_64x6_1x2_h_bz_bias_TNT,"(18, 1, 1)","(256, 1, 1)","Vision: attention Q/K/V/O projections | nvjet_sm110_tst_128x128_64x6_1x2_h_bz_bias_TNT | grid=(18, 1, 1) block=(256, 1, 1)",vlm.vision.camera1/nvjet_sm110_tst_128x128_64x6_1x2_h_bz_bias_TNT,vlm.vision.camera1,vlm,24,bf16_tensor,27328.000000000004,l2,8002976.0,,679477248.0,84.90307205719472,24.863775175644022,ok,
330,2728813,0,1,7,nvjet_sm110_tst_128x128_64x6_1x2_h_bz_bias_TNT,"(18, 1, 1)","(256, 1, 1)","Vision: attention Q/K/V/O projections | nvjet_sm110_tst_128x128_64x6_1x2_h_bz_bias_TNT | grid=(18, 1, 1) block=(256, 1, 1)",vlm.vision.camera1/nvjet_sm110_tst_128x128_64x6_1x2_h_bz_bias_TNT,vlm.vision.camera1,vlm,24,fp32_simt,27328.000000000004,l2,8002976.0,,884736.0,0.1105508750744723,0.03237470725995316,ok,
331,2728813,0,1,7,"void pytorch_flash::flash_fwd_kernel<Flash_fwd_kernel_traits<96, 128, 64, 4, 0, 0, cutlass::bfloat16_t, Flash_kernel_traits<96, 128, 64, 4, cutlass::bfloat16_t>>, 0, 0, 0, 0, 0, 0, 0, 0>(pytorch_flash::Flash_fwd_params)","(2, 1, 16)","(128, 1, 1)","Vision: FlashAttention | void pytorch_flash::flash_fwd_kernel<Flash_fwd_kernel_traits<96, 128, 64, 4, 0, 0, cutlass::bfloat16_t, Flash_kernel_traits<96, 128, 64, 4, cutlass::bfloat16_t>>, 0, 0, 0, 0, 0, 0, 0, 0>(pytorch_flash::Flash_fwd_params) | grid=(2, 1, 16) block=(128, 1, 1)","vlm.vision.camera1/void pytorch_flash::flash_fwd_kernel<Flash_fwd_kernel_traits<(int)96, (int)128, (int)64, (int)4, (bool)0, (bool)0, cutlass::bfloat16_t, Flash_kernel_traits<(int)96, (int)128, (int)64, (int)4, cutlass::bfloat16_t>>, (bool)0, (bool)0, (bool)0, (bool)0, (bool)0, (bool)0, (bool)0, (bool)0>(pytorch_flash::Flash_fwd_params)",vlm.vision.camera1,vlm,20,bf16_tensor,32576.0,l2,5481696.0,,402653184.0,73.45412514666994,12.360424361493124,ok,
331,2728813,0,1,7,"void pytorch_flash::flash_fwd_kernel<Flash_fwd_kernel_traits<96, 128, 64, 4, 0, 0, cutlass::bfloat16_t, Flash_kernel_traits<96, 128, 64, 4, cutlass::bfloat16_t>>, 0, 0, 0, 0, 0, 0, 0, 0>(pytorch_flash::Flash_fwd_params)","(2, 1, 16)","(128, 1, 1)","Vision: FlashAttention | void pytorch_flash::flash_fwd_kernel<Flash_fwd_kernel_traits<96, 128, 64, 4, 0, 0, cutlass::bfloat16_t, Flash_kernel_traits<96, 128, 64, 4, cutlass::bfloat16_t>>, 0, 0, 0, 0, 0, 0, 0, 0>(pytorch_flash::Flash_fwd_params) | grid=(2, 1, 16) block=(128, 1, 1)","vlm.vision.camera1/void pytorch_flash::flash_fwd_kernel<Flash_fwd_kernel_traits<(int)96, (int)128, (int)64, (int)4, (bool)0, (bool)0, cutlass::bfloat16_t, Flash_kernel_traits<(int)96, (int)128, (int)64, (int)4, cutlass::bfloat16_t>>, (bool)0, (bool)0, (bool)0, (bool)0, (bool)0, (bool)0, (bool)0, (bool)0>(pytorch_flash::Flash_fwd_params)",vlm.vision.camera1,vlm,20,fp32_simt,32576.0,l2,5481696.0,,5079040.0,0.9265453611437044,0.15591355599214146,ok,
332,2728813,0,1,7,nvjet_sm110_tst_128x128_64x6_1x2_h_bz_bias_TNT,"(18, 1, 1)","(256, 1, 1)","Vision: attention Q/K/V/O projections | nvjet_sm110_tst_128x128_64x6_1x2_h_bz_bias_TNT | grid=(18, 1, 1) block=(256, 1, 1)",vlm.vision.camera1/nvjet_sm110_tst_128x128_64x6_1x2_h_bz_bias_TNT,vlm.vision.camera1,vlm,24,bf16_tensor,27968.0,l2,8000256.0,,679477248.0,84.93193817797831,24.294810068649888,ok,
332,2728813,0,1,7,nvjet_sm110_tst_128x128_64x6_1x2_h_bz_bias_TNT,"(18, 1, 1)","(256, 1, 1)","Vision: attention Q/K/V/O projections | nvjet_sm110_tst_128x128_64x6_1x2_h_bz_bias_TNT | grid=(18, 1, 1) block=(256, 1, 1)",vlm.vision.camera1/nvjet_sm110_tst_128x128_64x6_1x2_h_bz_bias_TNT,vlm.vision.camera1,vlm,24,fp32_simt,27968.0,l2,8000256.0,,884736.0,0.11058846116924259,0.03163386727688787,ok,
333,2728813,0,1,7,triton_red_fused_add_native_layer_norm_view_9,"(256, 1, 1)","(512, 1, 1)","Vision: residual/LayerNorm fusion 9 | triton_red_fused_add_native_layer_norm_view_9 | grid=(256, 1, 1) block=(512, 1, 1)",vlm.vision.camera1/triton_red_fused_add_native_layer_norm_view_9,vlm.vision.camera1,vlm,37,bf16_tensor,27072.0,l2,4275744.0,,0.0,,,zero_counted_flops,
333,2728813,0,1,7,triton_red_fused_add_native_layer_norm_view_9,"(256, 1, 1)","(512, 1, 1)","Vision: residual/LayerNorm fusion 9 | triton_red_fused_add_native_layer_norm_view_9 | grid=(256, 1, 1) block=(512, 1, 1)",vlm.vision.camera1/triton_red_fused_add_native_layer_norm_view_9,vlm.vision.camera1,vlm,37,fp32_simt,27072.0,l2,4275744.0,,21901664.0,5.122304796545349,0.8090153664302601,ok,
334,2728813,0,1,7,nvjet_sm110_tst_224x128_64x7_1x2_2cta_h_bz_bias_TNN,"(40, 1, 1)","(256, 1, 1)","Vision: FFN expansion + bias | nvjet_sm110_tst_224x128_64x7_1x2_2cta_h_bz_bias_TNN | grid=(40, 1, 1) block=(256, 1, 1)",vlm.vision.camera1/nvjet_sm110_tst_224x128_64x7_1x2_2cta_h_bz_bias_TNN,vlm.vision.camera1,vlm,19,bf16_tensor,59776.00000000001,l2,23277792.0,,2642411520.0,113.51641598997018,44.20522483940042,ok,
334,2728813,0,1,7,nvjet_sm110_tst_224x128_64x7_1x2_2cta_h_bz_bias_TNN,"(40, 1, 1)","(256, 1, 1)","Vision: FFN expansion + bias | nvjet_sm110_tst_224x128_64x7_1x2_2cta_h_bz_bias_TNN | grid=(40, 1, 1) block=(256, 1, 1)",vlm.vision.camera1/nvjet_sm110_tst_224x128_64x7_1x2_2cta_h_bz_bias_TNN,vlm.vision.camera1,vlm,19,fp32_simt,59776.00000000001,l2,23277792.0,,3440640.0,0.14780783332027367,0.05755888650963597,ok,
335,2728813,0,1,7,triton_poi_fused_gelu_view_5,"(2152, 1, 1)","(128, 1, 1)","Vision: FFN GELU | triton_poi_fused_gelu_view_5 | grid=(2152, 1, 1) block=(128, 1, 1)",vlm.vision.camera1/triton_poi_fused_gelu_view_5,vlm.vision.camera1,vlm,17,bf16_tensor,19264.0,l2,4444064.0,,0.0,,,zero_counted_flops,
335,2728813,0,1,7,triton_poi_fused_gelu_view_5,"(2152, 1, 1)","(128, 1, 1)","Vision: FFN GELU | triton_poi_fused_gelu_view_5 | grid=(2152, 1, 1) block=(128, 1, 1)",vlm.vision.camera1/triton_poi_fused_gelu_view_5,vlm.vision.camera1,vlm,17,fp32_simt,19264.0,l2,4444064.0,,15758089.0,3.545873551776032,0.8180071117109634,ok,
336,2728813,0,1,7,nvjet_sm110_tst_144x128_64x6_4x1_v_bz_bias_TNN,"(16, 1, 1)","(256, 1, 1)","Vision: FFN contraction + bias | nvjet_sm110_tst_144x128_64x6_4x1_v_bz_bias_TNN | grid=(16, 1, 1) block=(256, 1, 1)",vlm.vision.camera1/nvjet_sm110_tst_144x128_64x6_4x1_v_bz_bias_TNN,vlm.vision.camera1,vlm,18,bf16_tensor,90144.00000000001,l2,24620160.0,,2566914048.0,104.26065663261328,28.475706070287536,ok,
336,2728813,0,1,7,nvjet_sm110_tst_144x128_64x6_4x1_v_bz_bias_TNN,"(16, 1, 1)","(256, 1, 1)","Vision: FFN contraction + bias | nvjet_sm110_tst_144x128_64x6_4x1_v_bz_bias_TNN | grid=(16, 1, 1) block=(256, 1, 1)",vlm.vision.camera1/nvjet_sm110_tst_144x128_64x6_4x1_v_bz_bias_TNN,vlm.vision.camera1,vlm,18,fp32_simt,90144.00000000001,l2,24620160.0,,884736.0,0.035935428526865786,0.009814696485623003,ok,
337,2728813,0,1,7,triton_red_fused_add_native_layer_norm_view_6,"(128, 1, 1)","(128, 1, 1)","Vision: residual/LayerNorm fusion 6 | triton_red_fused_add_native_layer_norm_view_6 | grid=(128, 1, 1) block=(128, 1, 1)",vlm.vision.camera1/triton_red_fused_add_native_layer_norm_view_6,vlm.vision.camera1,vlm,34,bf16_tensor,21568.0,l2,1928288.0,,0.0,,,zero_counted_flops,
337,2728813,0,1,7,triton_red_fused_add_native_layer_norm_view_6,"(128, 1, 1)","(128, 1, 1)","Vision: residual/LayerNorm fusion 6 | triton_red_fused_add_native_layer_norm_view_6 | grid=(128, 1, 1) block=(128, 1, 1)",vlm.vision.camera1/triton_red_fused_add_native_layer_norm_view_6,vlm.vision.camera1,vlm,34,fp32_simt,21568.0,l2,1928288.0,,5217504.0,2.7057700924343253,0.24190949554896143,ok,
338,2728813,0,1,7,nvjet_sm110_tst_128x128_64x6_1x2_h_bz_bias_TNT,"(18, 1, 1)","(256, 1, 1)","Vision: attention Q/K/V/O projections | nvjet_sm110_tst_128x128_64x6_1x2_h_bz_bias_TNT | grid=(18, 1, 1) block=(256, 1, 1)",vlm.vision.camera1/nvjet_sm110_tst_128x128_64x6_1x2_h_bz_bias_TNT,vlm.vision.camera1,vlm,24,bf16_tensor,27360.000000000004,l2,8002496.0,,679477248.0,84.90816465262839,24.834694736842103,ok,
338,2728813,0,1,7,nvjet_sm110_tst_128x128_64x6_1x2_h_bz_bias_TNT,"(18, 1, 1)","(256, 1, 1)","Vision: attention Q/K/V/O projections | nvjet_sm110_tst_128x128_64x6_1x2_h_bz_bias_TNT | grid=(18, 1, 1) block=(256, 1, 1)",vlm.vision.camera1/nvjet_sm110_tst_128x128_64x6_1x2_h_bz_bias_TNT,vlm.vision.camera1,vlm,24,fp32_simt,27360.000000000004,l2,8002496.0,,884736.0,0.11055750605810986,0.03233684210526316,ok,
339,2728813,0,1,7,nvjet_sm110_tst_128x128_64x6_1x2_h_bz_bias_TNT,"(18, 1, 1)","(256, 1, 1)","Vision: attention Q/K/V/O projections | nvjet_sm110_tst_128x128_64x6_1x2_h_bz_bias_TNT | grid=(18, 1, 1) block=(256, 1, 1)",vlm.vision.camera1/nvjet_sm110_tst_128x128_64x6_1x2_h_bz_bias_TNT,vlm.vision.camera1,vlm,24,bf16_tensor,32896.00000000001,l2,7999904.0,,679477248.0,84.93567522810274,20.65531517509727,ok,
339,2728813,0,1,7,nvjet_sm110_tst_128x128_64x6_1x2_h_bz_bias_TNT,"(18, 1, 1)","(256, 1, 1)","Vision: attention Q/K/V/O projections | nvjet_sm110_tst_128x128_64x6_1x2_h_bz_bias_TNT | grid=(18, 1, 1) block=(256, 1, 1)",vlm.vision.camera1/nvjet_sm110_tst_128x128_64x6_1x2_h_bz_bias_TNT,vlm.vision.camera1,vlm,24,fp32_simt,32896.00000000001,l2,7999904.0,,884736.0,0.11059332711992544,0.02689494163424124,ok,
340,2728813,0,1,7,nvjet_sm110_tst_128x128_64x6_1x2_h_bz_bias_TNT,"(18, 1, 1)","(256, 1, 1)","Vision: attention Q/K/V/O projections | nvjet_sm110_tst_128x128_64x6_1x2_h_bz_bias_TNT | grid=(18, 1, 1) block=(256, 1, 1)",vlm.vision.camera1/nvjet_sm110_tst_128x128_64x6_1x2_h_bz_bias_TNT,vlm.vision.camera1,vlm,24,bf16_tensor,27936.0,l2,8000480.0,,679477248.0,84.92956022638641,24.32263917525773,ok,
340,2728813,0,1,7,nvjet_sm110_tst_128x128_64x6_1x2_h_bz_bias_TNT,"(18, 1, 1)","(256, 1, 1)","Vision: attention Q/K/V/O projections | nvjet_sm110_tst_128x128_64x6_1x2_h_bz_bias_TNT | grid=(18, 1, 1) block=(256, 1, 1)",vlm.vision.camera1/nvjet_sm110_tst_128x128_64x6_1x2_h_bz_bias_TNT,vlm.vision.camera1,vlm,24,fp32_simt,27936.0,l2,8000480.0,,884736.0,0.11058536487810731,0.0316701030927835,ok,
341,2728813,0,1,7,"void pytorch_flash::flash_fwd_kernel<Flash_fwd_kernel_traits<96, 128, 64, 4, 0, 0, cutlass::bfloat16_t, Flash_kernel_traits<96, 128, 64, 4, cutlass::bfloat16_t>>, 0, 0, 0, 0, 0, 0, 0, 0>(pytorch_flash::Flash_fwd_params)","(2, 1, 16)","(128, 1, 1)","Vision: FlashAttention | void pytorch_flash::flash_fwd_kernel<Flash_fwd_kernel_traits<96, 128, 64, 4, 0, 0, cutlass::bfloat16_t, Flash_kernel_traits<96, 128, 64, 4, cutlass::bfloat16_t>>, 0, 0, 0, 0, 0, 0, 0, 0>(pytorch_flash::Flash_fwd_params) | grid=(2, 1, 16) block=(128, 1, 1)","vlm.vision.camera1/void pytorch_flash::flash_fwd_kernel<Flash_fwd_kernel_traits<(int)96, (int)128, (int)64, (int)4, (bool)0, (bool)0, cutlass::bfloat16_t, Flash_kernel_traits<(int)96, (int)128, (int)64, (int)4, cutlass::bfloat16_t>>, (bool)0, (bool)0, (bool)0, (bool)0, (bool)0, (bool)0, (bool)0, (bool)0>(pytorch_flash::Flash_fwd_params)",vlm.vision.camera1,vlm,20,bf16_tensor,32096.0,l2,5474912.0,,402653184.0,73.5451426433886,12.545276171485543,ok,
341,2728813,0,1,7,"void pytorch_flash::flash_fwd_kernel<Flash_fwd_kernel_traits<96, 128, 64, 4, 0, 0, cutlass::bfloat16_t, Flash_kernel_traits<96, 128, 64, 4, cutlass::bfloat16_t>>, 0, 0, 0, 0, 0, 0, 0, 0>(pytorch_flash::Flash_fwd_params)","(2, 1, 16)","(128, 1, 1)","Vision: FlashAttention | void pytorch_flash::flash_fwd_kernel<Flash_fwd_kernel_traits<96, 128, 64, 4, 0, 0, cutlass::bfloat16_t, Flash_kernel_traits<96, 128, 64, 4, cutlass::bfloat16_t>>, 0, 0, 0, 0, 0, 0, 0, 0>(pytorch_flash::Flash_fwd_params) | grid=(2, 1, 16) block=(128, 1, 1)","vlm.vision.camera1/void pytorch_flash::flash_fwd_kernel<Flash_fwd_kernel_traits<(int)96, (int)128, (int)64, (int)4, (bool)0, (bool)0, cutlass::bfloat16_t, Flash_kernel_traits<(int)96, (int)128, (int)64, (int)4, cutlass::bfloat16_t>>, (bool)0, (bool)0, (bool)0, (bool)0, (bool)0, (bool)0, (bool)0, (bool)0>(pytorch_flash::Flash_fwd_params)",vlm.vision.camera1,vlm,20,fp32_simt,32096.0,l2,5474912.0,,5079040.0,0.9276934496846707,0.15824526420737786,ok,
342,2728813,0,1,7,nvjet_sm110_tst_128x128_64x6_1x2_h_bz_bias_TNT,"(18, 1, 1)","(256, 1, 1)","Vision: attention Q/K/V/O projections | nvjet_sm110_tst_128x128_64x6_1x2_h_bz_bias_TNT | grid=(18, 1, 1) block=(256, 1, 1)",vlm.vision.camera1/nvjet_sm110_tst_128x128_64x6_1x2_h_bz_bias_TNT,vlm.vision.camera1,vlm,24,bf16_tensor,28928.0,l2,8003328.0,,679477248.0,84.89933787544382,23.488566371681415,ok,
342,2728813,0,1,7,nvjet_sm110_tst_128x128_64x6_1x2_h_bz_bias_TNT,"(18, 1, 1)","(256, 1, 1)","Vision: attention Q/K/V/O projections | nvjet_sm110_tst_128x128_64x6_1x2_h_bz_bias_TNT | grid=(18, 1, 1) block=(256, 1, 1)",vlm.vision.camera1/nvjet_sm110_tst_128x128_64x6_1x2_h_bz_bias_TNT,vlm.vision.camera1,vlm,24,fp32_simt,28928.0,l2,8003328.0,,884736.0,0.1105460128586508,0.030584070796460174,ok,
343,2728813,0,1,7,triton_red_fused_add_native_layer_norm_view_7,"(256, 1, 1)","(64, 1, 1)","Vision: residual/LayerNorm fusion 7 | triton_red_fused_add_native_layer_norm_view_7 | grid=(256, 1, 1) block=(64, 1, 1)",vlm.vision.camera1/triton_red_fused_add_native_layer_norm_view_7,vlm.vision.camera1,vlm,35,bf16_tensor,24800.000000000004,l2,2548064.0,,0.0,,,zero_counted_flops,
343,2728813,0,1,7,triton_red_fused_add_native_layer_norm_view_7,"(256, 1, 1)","(64, 1, 1)","Vision: residual/LayerNorm fusion 7 | triton_red_fused_add_native_layer_norm_view_7 | grid=(256, 1, 1) block=(64, 1, 1)",vlm.vision.camera1/triton_red_fused_add_native_layer_norm_view_7,vlm.vision.camera1,vlm,35,fp32_simt,24800.000000000004,l2,2548064.0,,5391948.0,2.1160959850302032,0.21741725806451612,ok,
344,2728813,0,1,7,nvjet_sm110_tst_224x128_64x7_1x2_2cta_h_bz_bias_TNN,"(40, 1, 1)","(256, 1, 1)","Vision: FFN expansion + bias | nvjet_sm110_tst_224x128_64x7_1x2_2cta_h_bz_bias_TNN | grid=(40, 1, 1) block=(256, 1, 1)",vlm.vision.camera1/nvjet_sm110_tst_224x128_64x7_1x2_2cta_h_bz_bias_TNN,vlm.vision.camera1,vlm,19,bf16_tensor,65248.00000000001,l2,23368416.0,,2642411520.0,113.07619309755526,40.497969592937714,ok,
344,2728813,0,1,7,nvjet_sm110_tst_224x128_64x7_1x2_2cta_h_bz_bias_TNN,"(40, 1, 1)","(256, 1, 1)","Vision: FFN expansion + bias | nvjet_sm110_tst_224x128_64x7_1x2_2cta_h_bz_bias_TNN | grid=(40, 1, 1) block=(256, 1, 1)",vlm.vision.camera1/nvjet_sm110_tst_224x128_64x7_1x2_2cta_h_bz_bias_TNN,vlm.vision.camera1,vlm,19,fp32_simt,65248.00000000001,l2,23368416.0,,3440640.0,0.14723462642910842,0.052731731240804304,ok,
345,2728813,0,1,7,triton_poi_fused_gelu_view_5,"(2152, 1, 1)","(128, 1, 1)","Vision: FFN GELU | triton_poi_fused_gelu_view_5 | grid=(2152, 1, 1) block=(128, 1, 1)",vlm.vision.camera1/triton_poi_fused_gelu_view_5,vlm.vision.camera1,vlm,17,bf16_tensor,30368.0,l2,4458208.0,,0.0,,,zero_counted_flops,
345,2728813,0,1,7,triton_poi_fused_gelu_view_5,"(2152, 1, 1)","(128, 1, 1)","Vision: FFN GELU | triton_poi_fused_gelu_view_5 | grid=(2152, 1, 1) block=(128, 1, 1)",vlm.vision.camera1/triton_poi_fused_gelu_view_5,vlm.vision.camera1,vlm,17,fp32_simt,30368.0,l2,4458208.0,,15597642.0,3.4986348775113227,0.5136209826132772,ok,
346,2728813,0,1,7,nvjet_sm110_tst_144x128_64x6_4x1_v_bz_bias_TNN,"(16, 1, 1)","(256, 1, 1)","Vision: FFN contraction + bias | nvjet_sm110_tst_144x128_64x6_4x1_v_bz_bias_TNN | grid=(16, 1, 1) block=(256, 1, 1)",vlm.vision.camera1/nvjet_sm110_tst_144x128_64x6_4x1_v_bz_bias_TNN,vlm.vision.camera1,vlm,18,bf16_tensor,80992.0,l2,24603168.0,,2566914048.0,104.33266350089549,31.693427103911496,ok,
346,2728813,0,1,7,nvjet_sm110_tst_144x128_64x6_4x1_v_bz_bias_TNN,"(16, 1, 1)","(256, 1, 1)","Vision: FFN contraction + bias | nvjet_sm110_tst_144x128_64x6_4x1_v_bz_bias_TNN | grid=(16, 1, 1) block=(256, 1, 1)",vlm.vision.camera1/nvjet_sm110_tst_144x128_64x6_4x1_v_bz_bias_TNN,vlm.vision.camera1,vlm,18,fp32_simt,80992.0,l2,24603168.0,,884736.0,0.03596024707062115,0.010923745555116554,ok,
347,2728813,0,1,7,triton_red_fused_add_native_layer_norm_view_8,"(256, 1, 1)","(64, 1, 1)","Vision: residual/LayerNorm fusion 8 | triton_red_fused_add_native_layer_norm_view_8 | grid=(256, 1, 1) block=(64, 1, 1)",vlm.vision.camera1/triton_red_fused_add_native_layer_norm_view_8,vlm.vision.camera1,vlm,36,bf16_tensor,26720.0,l2,3215360.0,,0.0,,,zero_counted_flops,
347,2728813,0,1,7,triton_red_fused_add_native_layer_norm_view_8,"(256, 1, 1)","(64, 1, 1)","Vision: residual/LayerNorm fusion 8 | triton_red_fused_add_native_layer_norm_view_8 | grid=(256, 1, 1) block=(64, 1, 1)",vlm.vision.camera1/triton_red_fused_add_native_layer_norm_view_8,vlm.vision.camera1,vlm,36,fp32_simt,26720.0,l2,3215360.0,,6619136.0,2.0585987261146497,0.24772215568862274,ok,
348,2728813,0,1,7,nvjet_sm110_tst_128x128_64x6_1x2_h_bz_bias_TNT,"(18, 1, 1)","(256, 1, 1)","Vision: attention Q/K/V/O projections | nvjet_sm110_tst_128x128_64x6_1x2_h_bz_bias_TNT | grid=(18, 1, 1) block=(256, 1, 1)",vlm.vision.camera1/nvjet_sm110_tst_128x128_64x6_1x2_h_bz_bias_TNT,vlm.vision.camera1,vlm,24,bf16_tensor,27904.000000000004,l2,8002656.0,,679477248.0,84.90646705293842,24.35053211009174,ok,
348,2728813,0,1,7,nvjet_sm110_tst_128x128_64x6_1x2_h_bz_bias_TNT,"(18, 1, 1)","(256, 1, 1)","Vision: attention Q/K/V/O projections | nvjet_sm110_tst_128x128_64x6_1x2_h_bz_bias_TNT | grid=(18, 1, 1) block=(256, 1, 1)",vlm.vision.camera1/nvjet_sm110_tst_128x128_64x6_1x2_h_bz_bias_TNT,vlm.vision.camera1,vlm,24,fp32_simt,27904.000000000004,l2,8002656.0,,884736.0,0.1105552956418469,0.03170642201834862,ok,
349,2728813,0,1,7,nvjet_sm110_tst_128x128_64x6_1x2_h_bz_bias_TNT,"(18, 1, 1)","(256, 1, 1)","Vision: attention Q/K/V/O projections | nvjet_sm110_tst_128x128_64x6_1x2_h_bz_bias_TNT | grid=(18, 1, 1) block=(256, 1, 1)",vlm.vision.camera1/nvjet_sm110_tst_128x128_64x6_1x2_h_bz_bias_TNT,vlm.vision.camera1,vlm,24,bf16_tensor,26912.000000000004,l2,7999968.0,,679477248.0,84.93499573998297,25.248114149821635,ok,
349,2728813,0,1,7,nvjet_sm110_tst_128x128_64x6_1x2_h_bz_bias_TNT,"(18, 1, 1)","(256, 1, 1)","Vision: attention Q/K/V/O projections | nvjet_sm110_tst_128x128_64x6_1x2_h_bz_bias_TNT | grid=(18, 1, 1) block=(256, 1, 1)",vlm.vision.camera1/nvjet_sm110_tst_128x128_64x6_1x2_h_bz_bias_TNT,vlm.vision.camera1,vlm,24,fp32_simt,26912.000000000004,l2,7999968.0,,884736.0,0.11059244236976948,0.03287514863258026,ok,
350,2728813,0,1,7,nvjet_sm110_tst_128x128_64x6_1x2_h_bz_bias_TNT,"(18, 1, 1)","(256, 1, 1)","Vision: attention Q/K/V/O projections | nvjet_sm110_tst_128x128_64x6_1x2_h_bz_bias_TNT | grid=(18, 1, 1) block=(256, 1, 1)",vlm.vision.camera1/nvjet_sm110_tst_128x128_64x6_1x2_h_bz_bias_TNT,vlm.vision.camera1,vlm,24,bf16_tensor,22336.0,l2,7991104.0,,679477248.0,85.02920847982958,30.420722063037246,ok,
350,2728813,0,1,7,nvjet_sm110_tst_128x128_64x6_1x2_h_bz_bias_TNT,"(18, 1, 1)","(256, 1, 1)","Vision: attention Q/K/V/O projections | nvjet_sm110_tst_128x128_64x6_1x2_h_bz_bias_TNT | grid=(18, 1, 1) block=(256, 1, 1)",vlm.vision.camera1/nvjet_sm110_tst_128x128_64x6_1x2_h_bz_bias_TNT,vlm.vision.camera1,vlm,24,fp32_simt,22336.0,l2,7991104.0,,884736.0,0.11071511520811142,0.039610315186246414,ok,
351,2728813,0,1,7,"void pytorch_flash::flash_fwd_kernel<Flash_fwd_kernel_traits<96, 128, 64, 4, 0, 0, cutlass::bfloat16_t, Flash_kernel_traits<96, 128, 64, 4, cutlass::bfloat16_t>>, 0, 0, 0, 0, 0, 0, 0, 0>(pytorch_flash::Flash_fwd_params)","(2, 1, 16)","(128, 1, 1)","Vision: FlashAttention | void pytorch_flash::flash_fwd_kernel<Flash_fwd_kernel_traits<96, 128, 64, 4, 0, 0, cutlass::bfloat16_t, Flash_kernel_traits<96, 128, 64, 4, cutlass::bfloat16_t>>, 0, 0, 0, 0, 0, 0, 0, 0>(pytorch_flash::Flash_fwd_params) | grid=(2, 1, 16) block=(128, 1, 1)","vlm.vision.camera1/void pytorch_flash::flash_fwd_kernel<Flash_fwd_kernel_traits<(int)96, (int)128, (int)64, (int)4, (bool)0, (bool)0, cutlass::bfloat16_t, Flash_kernel_traits<(int)96, (int)128, (int)64, (int)4, cutlass::bfloat16_t>>, (bool)0, (bool)0, (bool)0, (bool)0, (bool)0, (bool)0, (bool)0, (bool)0>(pytorch_flash::Flash_fwd_params)",vlm.vision.camera1,vlm,20,bf16_tensor,31936.0,l2,5485024.0,,402653184.0,73.4095573693023,12.608128256513025,ok,
351,2728813,0,1,7,"void pytorch_flash::flash_fwd_kernel<Flash_fwd_kernel_traits<96, 128, 64, 4, 0, 0, cutlass::bfloat16_t, Flash_kernel_traits<96, 128, 64, 4, cutlass::bfloat16_t>>, 0, 0, 0, 0, 0, 0, 0, 0>(pytorch_flash::Flash_fwd_params)","(2, 1, 16)","(128, 1, 1)","Vision: FlashAttention | void pytorch_flash::flash_fwd_kernel<Flash_fwd_kernel_traits<96, 128, 64, 4, 0, 0, cutlass::bfloat16_t, Flash_kernel_traits<96, 128, 64, 4, cutlass::bfloat16_t>>, 0, 0, 0, 0, 0, 0, 0, 0>(pytorch_flash::Flash_fwd_params) | grid=(2, 1, 16) block=(128, 1, 1)","vlm.vision.camera1/void pytorch_flash::flash_fwd_kernel<Flash_fwd_kernel_traits<(int)96, (int)128, (int)64, (int)4, (bool)0, (bool)0, cutlass::bfloat16_t, Flash_kernel_traits<(int)96, (int)128, (int)64, (int)4, cutlass::bfloat16_t>>, (bool)0, (bool)0, (bool)0, (bool)0, (bool)0, (bool)0, (bool)0, (bool)0>(pytorch_flash::Flash_fwd_params)",vlm.vision.camera1,vlm,20,fp32_simt,31936.0,l2,5485024.0,,5079040.0,0.925983186217599,0.15903807615230459,ok,
352,2728813,0,1,7,nvjet_sm110_tst_128x128_64x6_1x2_h_bz_bias_TNT,"(18, 1, 1)","(256, 1, 1)","Vision: attention Q/K/V/O projections | nvjet_sm110_tst_128x128_64x6_1x2_h_bz_bias_TNT | grid=(18, 1, 1) block=(256, 1, 1)",vlm.vision.camera1/nvjet_sm110_tst_128x128_64x6_1x2_h_bz_bias_TNT,vlm.vision.camera1,vlm,24,bf16_tensor,28416.0,l2,8002144.0,,679477248.0,84.91189961090427,23.911783783783786,ok,
352,2728813,0,1,7,nvjet_sm110_tst_128x128_64x6_1x2_h_bz_bias_TNT,"(18, 1, 1)","(256, 1, 1)","Vision: attention Q/K/V/O projections | nvjet_sm110_tst_128x128_64x6_1x2_h_bz_bias_TNT | grid=(18, 1, 1) block=(256, 1, 1)",vlm.vision.camera1/nvjet_sm110_tst_128x128_64x6_1x2_h_bz_bias_TNT,vlm.vision.camera1,vlm,24,fp32_simt,28416.0,l2,8002144.0,,884736.0,0.11056236928503162,0.031135135135135137,ok,
353,2728813,0,1,7,triton_red_fused_add_native_layer_norm_view_9,"(256, 1, 1)","(512, 1, 1)","Vision: residual/LayerNorm fusion 9 | triton_red_fused_add_native_layer_norm_view_9 | grid=(256, 1, 1) block=(512, 1, 1)",vlm.vision.camera1/triton_red_fused_add_native_layer_norm_view_9,vlm.vision.camera1,vlm,37,bf16_tensor,32512.000000000004,l2,4275232.0,,0.0,,,zero_counted_flops,
353,2728813,0,1,7,triton_red_fused_add_native_layer_norm_view_9,"(256, 1, 1)","(512, 1, 1)","Vision: residual/LayerNorm fusion 9 | triton_red_fused_add_native_layer_norm_view_9 | grid=(256, 1, 1) block=(512, 1, 1)",vlm.vision.camera1/triton_red_fused_add_native_layer_norm_view_9,vlm.vision.camera1,vlm,37,fp32_simt,32512.000000000004,l2,4275232.0,,21911808.0,5.12529097836094,0.6739606299212597,ok,
354,2728813,0,1,7,nvjet_sm110_tst_224x128_64x7_1x2_2cta_h_bz_bias_TNN,"(40, 1, 1)","(256, 1, 1)","Vision: FFN expansion + bias | nvjet_sm110_tst_224x128_64x7_1x2_2cta_h_bz_bias_TNN | grid=(40, 1, 1) block=(256, 1, 1)",vlm.vision.camera1/nvjet_sm110_tst_224x128_64x7_1x2_2cta_h_bz_bias_TNN,vlm.vision.camera1,vlm,19,bf16_tensor,62944.0,l2,23324096.0,,2642411520.0,113.29105831154185,41.980355871886125,ok,
354,2728813,0,1,7,nvjet_sm110_tst_224x128_64x7_1x2_2cta_h_bz_bias_TNN,"(40, 1, 1)","(256, 1, 1)","Vision: FFN expansion + bias | nvjet_sm110_tst_224x128_64x7_1x2_2cta_h_bz_bias_TNN | grid=(40, 1, 1) block=(256, 1, 1)",vlm.vision.camera1/nvjet_sm110_tst_224x128_64x7_1x2_2cta_h_bz_bias_TNN,vlm.vision.camera1,vlm,19,fp32_simt,62944.0,l2,23324096.0,,3440640.0,0.14751439884315345,0.05466192170818505,ok,
355,2728813,0,1,7,triton_poi_fused_gelu_view_5,"(2152, 1, 1)","(128, 1, 1)","Vision: FFN GELU | triton_poi_fused_gelu_view_5 | grid=(2152, 1, 1) block=(128, 1, 1)",vlm.vision.camera1/triton_poi_fused_gelu_view_5,vlm.vision.camera1,vlm,17,bf16_tensor,23104.0,l2,4459072.0,,0.0,,,zero_counted_flops,
355,2728813,0,1,7,triton_poi_fused_gelu_view_5,"(2152, 1, 1)","(128, 1, 1)","Vision: FFN GELU | triton_poi_fused_gelu_view_5 | grid=(2152, 1, 1) block=(128, 1, 1)",vlm.vision.camera1/triton_poi_fused_gelu_view_5,vlm.vision.camera1,vlm,17,fp32_simt,23104.0,l2,4459072.0,,15718014.0,3.524951828541903,0.6803157029085872,ok,
356,2728813,0,1,7,nvjet_sm110_tst_144x128_64x6_4x1_v_bz_bias_TNN,"(16, 1, 1)","(256, 1, 1)","Vision: FFN contraction + bias | nvjet_sm110_tst_144x128_64x6_4x1_v_bz_bias_TNN | grid=(16, 1, 1) block=(256, 1, 1)",vlm.vision.camera1/nvjet_sm110_tst_144x128_64x6_4x1_v_bz_bias_TNN,vlm.vision.camera1,vlm,18,bf16_tensor,86464.0,l2,24615712.0,,2566914048.0,104.27949628269944,29.68766247224278,ok,
356,2728813,0,1,7,nvjet_sm110_tst_144x128_64x6_4x1_v_bz_bias_TNN,"(16, 1, 1)","(256, 1, 1)","Vision: FFN contraction + bias | nvjet_sm110_tst_144x128_64x6_4x1_v_bz_bias_TNN | grid=(16, 1, 1) block=(256, 1, 1)",vlm.vision.camera1/nvjet_sm110_tst_144x128_64x6_4x1_v_bz_bias_TNN,vlm.vision.camera1,vlm,18,fp32_simt,86464.0,l2,24615712.0,,884736.0,0.035941921972437764,0.01023242042931162,ok,
357,2728813,0,1,7,triton_red_fused_add_native_layer_norm_view_6,"(128, 1, 1)","(128, 1, 1)","Vision: residual/LayerNorm fusion 6 | triton_red_fused_add_native_layer_norm_view_6 | grid=(128, 1, 1) block=(128, 1, 1)",vlm.vision.camera1/triton_red_fused_add_native_layer_norm_view_6,vlm.vision.camera1,vlm,34,bf16_tensor,22496.000000000004,l2,1928384.0,,0.0,,,zero_counted_flops,
357,2728813,0,1,7,triton_red_fused_add_native_layer_norm_view_6,"(128, 1, 1)","(128, 1, 1)","Vision: residual/LayerNorm fusion 6 | triton_red_fused_add_native_layer_norm_view_6 | grid=(128, 1, 1) block=(128, 1, 1)",vlm.vision.camera1/triton_red_fused_add_native_layer_norm_view_6,vlm.vision.camera1,vlm,34,fp32_simt,22496.000000000004,l2,1928384.0,,5221728.0,2.7078258272211344,0.23211806543385488,ok,
358,2728813,0,1,7,nvjet_sm110_tst_128x128_64x6_1x2_h_bz_bias_TNT,"(18, 1, 1)","(256, 1, 1)","Vision: attention Q/K/V/O projections | nvjet_sm110_tst_128x128_64x6_1x2_h_bz_bias_TNT | grid=(18, 1, 1) block=(256, 1, 1)",vlm.vision.camera1/nvjet_sm110_tst_128x128_64x6_1x2_h_bz_bias_TNT,vlm.vision.camera1,vlm,24,bf16_tensor,29376.0,l2,8002080.0,,679477248.0,84.91257872953032,23.13035294117647,ok,
358,2728813,0,1,7,nvjet_sm110_tst_128x128_64x6_1x2_h_bz_bias_TNT,"(18, 1, 1)","(256, 1, 1)","Vision: attention Q/K/V/O projections | nvjet_sm110_tst_128x128_64x6_1x2_h_bz_bias_TNT | grid=(18, 1, 1) block=(256, 1, 1)",vlm.vision.camera1/nvjet_sm110_tst_128x128_64x6_1x2_h_bz_bias_TNT,vlm.vision.camera1,vlm,24,fp32_simt,29376.0,l2,8002080.0,,884736.0,0.11056325355407594,0.030117647058823527,ok,
359,2728813,0,1,7,nvjet_sm110_tst_128x128_64x6_1x2_h_bz_bias_TNT,"(18, 1, 1)","(256, 1, 1)","Vision: attention Q/K/V/O projections | nvjet_sm110_tst_128x128_64x6_1x2_h_bz_bias_TNT | grid=(18, 1, 1) block=(256, 1, 1)",vlm.vision.camera1/nvjet_sm110_tst_128x128_64x6_1x2_h_bz_bias_TNT,vlm.vision.camera1,vlm,24,bf16_tensor,27168.0,l2,8001088.0,,679477248.0,84.92310645752178,25.010204946996463,ok,
359,2728813,0,1,7,nvjet_sm110_tst_128x128_64x6_1x2_h_bz_bias_TNT,"(18, 1, 1)","(256, 1, 1)","Vision: attention Q/K/V/O projections | nvjet_sm110_tst_128x128_64x6_1x2_h_bz_bias_TNT | grid=(18, 1, 1) block=(256, 1, 1)",vlm.vision.camera1/nvjet_sm110_tst_128x128_64x6_1x2_h_bz_bias_TNT,vlm.vision.camera1,vlm,24,fp32_simt,27168.0,l2,8001088.0,,884736.0,0.11057696153323147,0.03256537102473498,ok,
360,2728813,0,1,7,nvjet_sm110_tst_128x128_64x6_1x2_h_bz_bias_TNT,"(18, 1, 1)","(256, 1, 1)","Vision: attention Q/K/V/O projections | nvjet_sm110_tst_128x128_64x6_1x2_h_bz_bias_TNT | grid=(18, 1, 1) block=(256, 1, 1)",vlm.vision.camera1/nvjet_sm110_tst_128x128_64x6_1x2_h_bz_bias_TNT,vlm.vision.camera1,vlm,24,bf16_tensor,27552.000000000004,l2,7999712.0,,679477248.0,84.93771375769528,24.6616306620209,ok,
360,2728813,0,1,7,nvjet_sm110_tst_128x128_64x6_1x2_h_bz_bias_TNT,"(18, 1, 1)","(256, 1, 1)","Vision: attention Q/K/V/O projections | nvjet_sm110_tst_128x128_64x6_1x2_h_bz_bias_TNT | grid=(18, 1, 1) block=(256, 1, 1)",vlm.vision.camera1/nvjet_sm110_tst_128x128_64x6_1x2_h_bz_bias_TNT,vlm.vision.camera1,vlm,24,fp32_simt,27552.000000000004,l2,7999712.0,,884736.0,0.11059598145533239,0.03211149825783972,ok,
361,2728813,0,1,7,"void pytorch_flash::flash_fwd_kernel<Flash_fwd_kernel_traits<96, 128, 64, 4, 0, 0, cutlass::bfloat16_t, Flash_kernel_traits<96, 128, 64, 4, cutlass::bfloat16_t>>, 0, 0, 0, 0, 0, 0, 0, 0>(pytorch_flash::Flash_fwd_params)","(2, 1, 16)","(128, 1, 1)","Vision: FlashAttention | void pytorch_flash::flash_fwd_kernel<Flash_fwd_kernel_traits<96, 128, 64, 4, 0, 0, cutlass::bfloat16_t, Flash_kernel_traits<96, 128, 64, 4, cutlass::bfloat16_t>>, 0, 0, 0, 0, 0, 0, 0, 0>(pytorch_flash::Flash_fwd_params) | grid=(2, 1, 16) block=(128, 1, 1)","vlm.vision.camera1/void pytorch_flash::flash_fwd_kernel<Flash_fwd_kernel_traits<(int)96, (int)128, (int)64, (int)4, (bool)0, (bool)0, cutlass::bfloat16_t, Flash_kernel_traits<(int)96, (int)128, (int)64, (int)4, cutlass::bfloat16_t>>, (bool)0, (bool)0, (bool)0, (bool)0, (bool)0, (bool)0, (bool)0, (bool)0>(pytorch_flash::Flash_fwd_params)",vlm.vision.camera1,vlm,20,bf16_tensor,28416.0,l2,5492000.0,,402653184.0,73.31631172614712,14.169945945945946,ok,
361,2728813,0,1,7,"void pytorch_flash::flash_fwd_kernel<Flash_fwd_kernel_traits<96, 128, 64, 4, 0, 0, cutlass::bfloat16_t, Flash_kernel_traits<96, 128, 64, 4, cutlass::bfloat16_t>>, 0, 0, 0, 0, 0, 0, 0, 0>(pytorch_flash::Flash_fwd_params)","(2, 1, 16)","(128, 1, 1)","Vision: FlashAttention | void pytorch_flash::flash_fwd_kernel<Flash_fwd_kernel_traits<96, 128, 64, 4, 0, 0, cutlass::bfloat16_t, Flash_kernel_traits<96, 128, 64, 4, cutlass::bfloat16_t>>, 0, 0, 0, 0, 0, 0, 0, 0>(pytorch_flash::Flash_fwd_params) | grid=(2, 1, 16) block=(128, 1, 1)","vlm.vision.camera1/void pytorch_flash::flash_fwd_kernel<Flash_fwd_kernel_traits<(int)96, (int)128, (int)64, (int)4, (bool)0, (bool)0, cutlass::bfloat16_t, Flash_kernel_traits<(int)96, (int)128, (int)64, (int)4, cutlass::bfloat16_t>>, (bool)0, (bool)0, (bool)0, (bool)0, (bool)0, (bool)0, (bool)0, (bool)0>(pytorch_flash::Flash_fwd_params)",vlm.vision.camera1,vlm,20,fp32_simt,28416.0,l2,5492000.0,,5079040.0,0.9248069919883467,0.17873873873873874,ok,
362,2728813,0,1,7,nvjet_sm110_tst_128x128_64x6_1x2_h_bz_bias_TNT,"(18, 1, 1)","(256, 1, 1)","Vision: attention Q/K/V/O projections | nvjet_sm110_tst_128x128_64x6_1x2_h_bz_bias_TNT | grid=(18, 1, 1) block=(256, 1, 1)",vlm.vision.camera1/nvjet_sm110_tst_128x128_64x6_1x2_h_bz_bias_TNT,vlm.vision.camera1,vlm,24,bf16_tensor,22944.000000000004,l2,7992512.0,,679477248.0,85.01422931864225,29.61459414225941,ok,
362,2728813,0,1,7,nvjet_sm110_tst_128x128_64x6_1x2_h_bz_bias_TNT,"(18, 1, 1)","(256, 1, 1)","Vision: attention Q/K/V/O projections | nvjet_sm110_tst_128x128_64x6_1x2_h_bz_bias_TNT | grid=(18, 1, 1) block=(256, 1, 1)",vlm.vision.camera1/nvjet_sm110_tst_128x128_64x6_1x2_h_bz_bias_TNT,vlm.vision.camera1,vlm,24,fp32_simt,22944.000000000004,l2,7992512.0,,884736.0,0.1106956110919821,0.03856066945606694,ok,
363,2728813,0,1,7,triton_red_fused_add_native_layer_norm_view_7,"(256, 1, 1)","(64, 1, 1)","Vision: residual/LayerNorm fusion 7 | triton_red_fused_add_native_layer_norm_view_7 | grid=(256, 1, 1) block=(64, 1, 1)",vlm.vision.camera1/triton_red_fused_add_native_layer_norm_view_7,vlm.vision.camera1,vlm,35,bf16_tensor,24320.0,l2,2567232.0,,0.0,,,zero_counted_flops,
363,2728813,0,1,7,triton_red_fused_add_native_layer_norm_view_7,"(256, 1, 1)","(64, 1, 1)","Vision: residual/LayerNorm fusion 7 | triton_red_fused_add_native_layer_norm_view_7 | grid=(256, 1, 1) block=(64, 1, 1)",vlm.vision.camera1/triton_red_fused_add_native_layer_norm_view_7,vlm.vision.camera1,vlm,35,fp32_simt,24320.0,l2,2567232.0,,5392256.0,2.1004163238850246,0.22172105263157896,ok,
364,2728813,0,1,7,nvjet_sm110_tst_224x128_64x7_1x2_2cta_h_bz_bias_TNN,"(40, 1, 1)","(256, 1, 1)","Vision: FFN expansion + bias | nvjet_sm110_tst_224x128_64x7_1x2_2cta_h_bz_bias_TNN | grid=(40, 1, 1) block=(256, 1, 1)",vlm.vision.camera1/nvjet_sm110_tst_224x128_64x7_1x2_2cta_h_bz_bias_TNN,vlm.vision.camera1,vlm,19,bf16_tensor,62432.0,l2,23334720.0,,2642411520.0,113.23947833957297,42.32463352127114,ok,
364,2728813,0,1,7,nvjet_sm110_tst_224x128_64x7_1x2_2cta_h_bz_bias_TNN,"(40, 1, 1)","(256, 1, 1)","Vision: FFN expansion + bias | nvjet_sm110_tst_224x128_64x7_1x2_2cta_h_bz_bias_TNN | grid=(40, 1, 1) block=(256, 1, 1)",vlm.vision.camera1/nvjet_sm110_tst_224x128_64x7_1x2_2cta_h_bz_bias_TNN,vlm.vision.camera1,vlm,19,fp32_simt,62432.0,l2,23334720.0,,3440640.0,0.14744723742131896,0.055110199897488464,ok,
365,2728813,0,1,7,triton_poi_fused_gelu_view_5,"(2152, 1, 1)","(128, 1, 1)","Vision: FFN GELU | triton_poi_fused_gelu_view_5 | grid=(2152, 1, 1) block=(128, 1, 1)",vlm.vision.camera1/triton_poi_fused_gelu_view_5,vlm.vision.camera1,vlm,17,bf16_tensor,24704.000000000004,l2,4462912.0,,0.0,,,zero_counted_flops,
365,2728813,0,1,7,triton_poi_fused_gelu_view_5,"(2152, 1, 1)","(128, 1, 1)","Vision: FFN GELU | triton_poi_fused_gelu_view_5 | grid=(2152, 1, 1) block=(128, 1, 1)",vlm.vision.camera1/triton_poi_fused_gelu_view_5,vlm.vision.camera1,vlm,17,fp32_simt,24704.000000000004,l2,4462912.0,,15595640.0,3.494498659171411,0.6313001943005181,ok,
366,2728813,0,1,7,nvjet_sm110_tst_144x128_64x6_4x1_v_bz_bias_TNN,"(16, 1, 1)","(256, 1, 1)","Vision: FFN contraction + bias | nvjet_sm110_tst_144x128_64x6_4x1_v_bz_bias_TNN | grid=(16, 1, 1) block=(256, 1, 1)",vlm.vision.camera1/nvjet_sm110_tst_144x128_64x6_4x1_v_bz_bias_TNN,vlm.vision.camera1,vlm,18,bf16_tensor,79296.00000000001,l2,24634560.0,,2566914048.0,104.19971162464441,32.37129297820823,ok,
366,2728813,0,1,7,nvjet_sm110_tst_144x128_64x6_4x1_v_bz_bias_TNN,"(16, 1, 1)","(256, 1, 1)","Vision: FFN contraction + bias | nvjet_sm110_tst_144x128_64x6_4x1_v_bz_bias_TNN | grid=(16, 1, 1) block=(256, 1, 1)",vlm.vision.camera1/nvjet_sm110_tst_144x128_64x6_4x1_v_bz_bias_TNN,vlm.vision.camera1,vlm,18,fp32_simt,79296.00000000001,l2,24634560.0,,884736.0,0.035914422664744164,0.01115738498789346,ok,
367,2728813,0,1,7,triton_red_fused_add_native_layer_norm_view_8,"(256, 1, 1)","(64, 1, 1)","Vision: residual/LayerNorm fusion 8 | triton_red_fused_add_native_layer_norm_view_8 | grid=(256, 1, 1) block=(64, 1, 1)",vlm.vision.camera1/triton_red_fused_add_native_layer_norm_view_8,vlm.vision.camera1,vlm,36,bf16_tensor,25440.0,l2,3200480.0,,0.0,,,zero_counted_flops,
367,2728813,0,1,7,triton_red_fused_add_native_layer_norm_view_8,"(256, 1, 1)","(64, 1, 1)","Vision: residual/LayerNorm fusion 8 | triton_red_fused_add_native_layer_norm_view_8 | grid=(256, 1, 1) block=(64, 1, 1)",vlm.vision.camera1/triton_red_fused_add_native_layer_norm_view_8,vlm.vision.camera1,vlm,36,fp32_simt,25440.0,l2,3200480.0,,6619136.0,2.06816977453382,0.26018616352201257,ok,
368,2728813,0,1,7,nvjet_sm110_tst_128x128_64x6_1x2_h_bz_bias_TNT,"(18, 1, 1)","(256, 1, 1)","Vision: attention Q/K/V/O projections | nvjet_sm110_tst_128x128_64x6_1x2_h_bz_bias_TNT | grid=(18, 1, 1) block=(256, 1, 1)",vlm.vision.camera1/nvjet_sm110_tst_128x128_64x6_1x2_h_bz_bias_TNT,vlm.vision.camera1,vlm,24,bf16_tensor,27648.0,l2,8003520.0,,679477248.0,84.89730118747751,24.576,ok,
368,2728813,0,1,7,nvjet_sm110_tst_128x128_64x6_1x2_h_bz_bias_TNT,"(18, 1, 1)","(256, 1, 1)","Vision: attention Q/K/V/O projections | nvjet_sm110_tst_128x128_64x6_1x2_h_bz_bias_TNT | grid=(18, 1, 1) block=(256, 1, 1)",vlm.vision.camera1/nvjet_sm110_tst_128x128_64x6_1x2_h_bz_bias_TNT,vlm.vision.camera1,vlm,24,fp32_simt,27648.0,l2,8003520.0,,884736.0,0.11054336092119467,0.032,ok,
369,2728813,0,1,7,nvjet_sm110_tst_128x128_64x6_1x2_h_bz_bias_TNT,"(18, 1, 1)","(256, 1, 1)","Vision: attention Q/K/V/O projections | nvjet_sm110_tst_128x128_64x6_1x2_h_bz_bias_TNT | grid=(18, 1, 1) block=(256, 1, 1)",vlm.vision.camera1/nvjet_sm110_tst_128x128_64x6_1x2_h_bz_bias_TNT,vlm.vision.camera1,vlm,24,bf16_tensor,29248.000000000004,l2,8002880.0,,679477248.0,84.90409052741013,23.23157986870897,ok,
369,2728813,0,1,7,nvjet_sm110_tst_128x128_64x6_1x2_h_bz_bias_TNT,"(18, 1, 1)","(256, 1, 1)","Vision: attention Q/K/V/O projections | nvjet_sm110_tst_128x128_64x6_1x2_h_bz_bias_TNT | grid=(18, 1, 1) block=(256, 1, 1)",vlm.vision.camera1/nvjet_sm110_tst_128x128_64x6_1x2_h_bz_bias_TNT,vlm.vision.camera1,vlm,24,fp32_simt,29248.000000000004,l2,8002880.0,,884736.0,0.11055220120756527,0.03024945295404814,ok,
370,2728813,0,1,7,nvjet_sm110_tst_128x128_64x6_1x2_h_bz_bias_TNT,"(18, 1, 1)","(256, 1, 1)","Vision: attention Q/K/V/O projections | nvjet_sm110_tst_128x128_64x6_1x2_h_bz_bias_TNT | grid=(18, 1, 1) block=(256, 1, 1)",vlm.vision.camera1/nvjet_sm110_tst_128x128_64x6_1x2_h_bz_bias_TNT,vlm.vision.camera1,vlm,24,bf16_tensor,28736.0,l2,8002688.0,,679477248.0,84.90612754114618,23.64550556792873,ok,
370,2728813,0,1,7,nvjet_sm110_tst_128x128_64x6_1x2_h_bz_bias_TNT,"(18, 1, 1)","(256, 1, 1)","Vision: attention Q/K/V/O projections | nvjet_sm110_tst_128x128_64x6_1x2_h_bz_bias_TNT | grid=(18, 1, 1) block=(256, 1, 1)",vlm.vision.camera1/nvjet_sm110_tst_128x128_64x6_1x2_h_bz_bias_TNT,vlm.vision.camera1,vlm,24,fp32_simt,28736.0,l2,8002688.0,,884736.0,0.11055485356920075,0.030788418708240534,ok,
371,2728813,0,1,7,"void pytorch_flash::flash_fwd_kernel<Flash_fwd_kernel_traits<96, 128, 64, 4, 0, 0, cutlass::bfloat16_t, Flash_kernel_traits<96, 128, 64, 4, cutlass::bfloat16_t>>, 0, 0, 0, 0, 0, 0, 0, 0>(pytorch_flash::Flash_fwd_params)","(2, 1, 16)","(128, 1, 1)","Vision: FlashAttention | void pytorch_flash::flash_fwd_kernel<Flash_fwd_kernel_traits<96, 128, 64, 4, 0, 0, cutlass::bfloat16_t, Flash_kernel_traits<96, 128, 64, 4, cutlass::bfloat16_t>>, 0, 0, 0, 0, 0, 0, 0, 0>(pytorch_flash::Flash_fwd_params) | grid=(2, 1, 16) block=(128, 1, 1)","vlm.vision.camera1/void pytorch_flash::flash_fwd_kernel<Flash_fwd_kernel_traits<(int)96, (int)128, (int)64, (int)4, (bool)0, (bool)0, cutlass::bfloat16_t, Flash_kernel_traits<(int)96, (int)128, (int)64, (int)4, cutlass::bfloat16_t>>, (bool)0, (bool)0, (bool)0, (bool)0, (bool)0, (bool)0, (bool)0, (bool)0>(pytorch_flash::Flash_fwd_params)",vlm.vision.camera1,vlm,20,bf16_tensor,30368.0,l2,5477088.0,,402653184.0,73.51592379016003,13.259127502634351,ok,
371,2728813,0,1,7,"void pytorch_flash::flash_fwd_kernel<Flash_fwd_kernel_traits<96, 128, 64, 4, 0, 0, cutlass::bfloat16_t, Flash_kernel_traits<96, 128, 64, 4, cutlass::bfloat16_t>>, 0, 0, 0, 0, 0, 0, 0, 0>(pytorch_flash::Flash_fwd_params)","(2, 1, 16)","(128, 1, 1)","Vision: FlashAttention | void pytorch_flash::flash_fwd_kernel<Flash_fwd_kernel_traits<96, 128, 64, 4, 0, 0, cutlass::bfloat16_t, Flash_kernel_traits<96, 128, 64, 4, cutlass::bfloat16_t>>, 0, 0, 0, 0, 0, 0, 0, 0>(pytorch_flash::Flash_fwd_params) | grid=(2, 1, 16) block=(128, 1, 1)","vlm.vision.camera1/void pytorch_flash::flash_fwd_kernel<Flash_fwd_kernel_traits<(int)96, (int)128, (int)64, (int)4, (bool)0, (bool)0, cutlass::bfloat16_t, Flash_kernel_traits<(int)96, (int)128, (int)64, (int)4, cutlass::bfloat16_t>>, (bool)0, (bool)0, (bool)0, (bool)0, (bool)0, (bool)0, (bool)0, (bool)0>(pytorch_flash::Flash_fwd_params)",vlm.vision.camera1,vlm,20,fp32_simt,30368.0,l2,5477088.0,,5079040.0,0.9273248850484053,0.16724973656480505,ok,
372,2728813,0,1,7,nvjet_sm110_tst_128x128_64x6_1x2_h_bz_bias_TNT,"(18, 1, 1)","(256, 1, 1)","Vision: attention Q/K/V/O projections | nvjet_sm110_tst_128x128_64x6_1x2_h_bz_bias_TNT | grid=(18, 1, 1) block=(256, 1, 1)",vlm.vision.camera1/nvjet_sm110_tst_128x128_64x6_1x2_h_bz_bias_TNT,vlm.vision.camera1,vlm,24,bf16_tensor,29472.0,l2,8002784.0,,679477248.0,84.90510902206033,23.05500977198697,ok,
372,2728813,0,1,7,nvjet_sm110_tst_128x128_64x6_1x2_h_bz_bias_TNT,"(18, 1, 1)","(256, 1, 1)","Vision: attention Q/K/V/O projections | nvjet_sm110_tst_128x128_64x6_1x2_h_bz_bias_TNT | grid=(18, 1, 1) block=(256, 1, 1)",vlm.vision.camera1/nvjet_sm110_tst_128x128_64x6_1x2_h_bz_bias_TNT,vlm.vision.camera1,vlm,24,fp32_simt,29472.0,l2,8002784.0,,884736.0,0.11055352737247438,0.030019543973941368,ok,
373,2728813,0,1,7,triton_red_fused_add_native_layer_norm_view_9,"(256, 1, 1)","(512, 1, 1)","Vision: residual/LayerNorm fusion 9 | triton_red_fused_add_native_layer_norm_view_9 | grid=(256, 1, 1) block=(512, 1, 1)",vlm.vision.camera1/triton_red_fused_add_native_layer_norm_view_9,vlm.vision.camera1,vlm,37,bf16_tensor,28384.0,l2,4271232.0,,0.0,,,zero_counted_flops,
373,2728813,0,1,7,triton_red_fused_add_native_layer_norm_view_9,"(256, 1, 1)","(512, 1, 1)","Vision: residual/LayerNorm fusion 9 | triton_red_fused_add_native_layer_norm_view_9 | grid=(256, 1, 1) block=(512, 1, 1)",vlm.vision.camera1/triton_red_fused_add_native_layer_norm_view_9,vlm.vision.camera1,vlm,37,fp32_simt,28384.0,l2,4271232.0,,21914368.0,5.130690161527166,0.7720676437429538,ok,
374,2728813,0,1,7,nvjet_sm110_tst_224x128_64x7_1x2_2cta_h_bz_bias_TNN,"(40, 1, 1)","(256, 1, 1)","Vision: FFN expansion + bias | nvjet_sm110_tst_224x128_64x7_1x2_2cta_h_bz_bias_TNN | grid=(40, 1, 1) block=(256, 1, 1)",vlm.vision.camera1/nvjet_sm110_tst_224x128_64x7_1x2_2cta_h_bz_bias_TNN,vlm.vision.camera1,vlm,19,bf16_tensor,63520.0,l2,23276896.0,,2642411520.0,113.52078558928132,41.59967758186398,ok,
374,2728813,0,1,7,nvjet_sm110_tst_224x128_64x7_1x2_2cta_h_bz_bias_TNN,"(40, 1, 1)","(256, 1, 1)","Vision: FFN expansion + bias | nvjet_sm110_tst_224x128_64x7_1x2_2cta_h_bz_bias_TNN | grid=(40, 1, 1) block=(256, 1, 1)",vlm.vision.camera1/nvjet_sm110_tst_224x128_64x7_1x2_2cta_h_bz_bias_TNN,vlm.vision.camera1,vlm,19,fp32_simt,63520.0,l2,23276896.0,,3440640.0,0.14781352290271005,0.054166246851385394,ok,
375,2728813,0,1,7,triton_poi_fused_gelu_view_5,"(2152, 1, 1)","(128, 1, 1)","Vision: FFN GELU | triton_poi_fused_gelu_view_5 | grid=(2152, 1, 1) block=(128, 1, 1)",vlm.vision.camera1/triton_poi_fused_gelu_view_5,vlm.vision.camera1,vlm,17,bf16_tensor,26208.0,l2,4461568.0,,0.0,,,zero_counted_flops,
375,2728813,0,1,7,triton_poi_fused_gelu_view_5,"(2152, 1, 1)","(128, 1, 1)","Vision: FFN GELU | triton_poi_fused_gelu_view_5 | grid=(2152, 1, 1) block=(128, 1, 1)",vlm.vision.camera1/triton_poi_fused_gelu_view_5,vlm.vision.camera1,vlm,17,fp32_simt,26208.0,l2,4461568.0,,15510660.0,3.476504224523755,0.5918292124542124,ok,
376,2728813,0,1,7,nvjet_sm110_tst_144x128_64x6_4x1_v_bz_bias_TNN,"(16, 1, 1)","(256, 1, 1)","Vision: FFN contraction + bias | nvjet_sm110_tst_144x128_64x6_4x1_v_bz_bias_TNN | grid=(16, 1, 1) block=(256, 1, 1)",vlm.vision.camera1/nvjet_sm110_tst_144x128_64x6_4x1_v_bz_bias_TNN,vlm.vision.camera1,vlm,18,bf16_tensor,86048.0,l2,24660544.0,,2566914048.0,104.08991983307425,29.831187802156936,ok,
376,2728813,0,1,7,nvjet_sm110_tst_144x128_64x6_4x1_v_bz_bias_TNN,"(16, 1, 1)","(256, 1, 1)","Vision: FFN contraction + bias | nvjet_sm110_tst_144x128_64x6_4x1_v_bz_bias_TNN | grid=(16, 1, 1) block=(256, 1, 1)",vlm.vision.camera1/nvjet_sm110_tst_144x128_64x6_4x1_v_bz_bias_TNN,vlm.vision.camera1,vlm,18,fp32_simt,86048.0,l2,24660544.0,,884736.0,0.03587658082481879,0.010281889178133136,ok,
377,2728813,0,1,7,triton_red_fused_add_native_layer_norm_view_6,"(128, 1, 1)","(128, 1, 1)","Vision: residual/LayerNorm fusion 6 | triton_red_fused_add_native_layer_norm_view_6 | grid=(128, 1, 1) block=(128, 1, 1)",vlm.vision.camera1/triton_red_fused_add_native_layer_norm_view_6,vlm.vision.camera1,vlm,34,bf16_tensor,22336.0,l2,1930720.0,,0.0,,,zero_counted_flops,
377,2728813,0,1,7,triton_red_fused_add_native_layer_norm_view_6,"(128, 1, 1)","(128, 1, 1)","Vision: residual/LayerNorm fusion 6 | triton_red_fused_add_native_layer_norm_view_6 | grid=(128, 1, 1) block=(128, 1, 1)",vlm.vision.camera1/triton_red_fused_add_native_layer_norm_view_6,vlm.vision.camera1,vlm,34,fp32_simt,22336.0,l2,1930720.0,,5203232.0,2.6949697522167897,0.23295272206303724,ok,
378,2728813,0,1,7,nvjet_sm110_tst_128x128_64x6_1x2_h_bz_bias_TNT,"(18, 1, 1)","(256, 1, 1)","Vision: attention Q/K/V/O projections | nvjet_sm110_tst_128x128_64x6_1x2_h_bz_bias_TNT | grid=(18, 1, 1) block=(256, 1, 1)",vlm.vision.camera1/nvjet_sm110_tst_128x128_64x6_1x2_h_bz_bias_TNT,vlm.vision.camera1,vlm,24,bf16_tensor,27584.000000000004,l2,8000288.0,,679477248.0,84.93159846245536,24.633020881670532,ok,
378,2728813,0,1,7,nvjet_sm110_tst_128x128_64x6_1x2_h_bz_bias_TNT,"(18, 1, 1)","(256, 1, 1)","Vision: attention Q/K/V/O projections | nvjet_sm110_tst_128x128_64x6_1x2_h_bz_bias_TNT | grid=(18, 1, 1) block=(256, 1, 1)",vlm.vision.camera1/nvjet_sm110_tst_128x128_64x6_1x2_h_bz_bias_TNT,vlm.vision.camera1,vlm,24,fp32_simt,27584.000000000004,l2,8000288.0,,884736.0,0.11058801883132208,0.03207424593967517,ok,
379,2728813,0,1,7,nvjet_sm110_tst_128x128_64x6_1x2_h_bz_bias_TNT,"(18, 1, 1)","(256, 1, 1)","Vision: attention Q/K/V/O projections | nvjet_sm110_tst_128x128_64x6_1x2_h_bz_bias_TNT | grid=(18, 1, 1) block=(256, 1, 1)",vlm.vision.camera1/nvjet_sm110_tst_128x128_64x6_1x2_h_bz_bias_TNT,vlm.vision.camera1,vlm,24,bf16_tensor,26816.000000000004,l2,7999648.0,,679477248.0,84.93839328930473,25.338501193317423,ok,
379,2728813,0,1,7,nvjet_sm110_tst_128x128_64x6_1x2_h_bz_bias_TNT,"(18, 1, 1)","(256, 1, 1)","Vision: attention Q/K/V/O projections | nvjet_sm110_tst_128x128_64x6_1x2_h_bz_bias_TNT | grid=(18, 1, 1) block=(256, 1, 1)",vlm.vision.camera1/nvjet_sm110_tst_128x128_64x6_1x2_h_bz_bias_TNT,vlm.vision.camera1,vlm,24,fp32_simt,26816.000000000004,l2,7999648.0,,884736.0,0.11059686626211554,0.032992840095465395,ok,
380,2728813,0,1,7,nvjet_sm110_tst_128x128_64x6_1x2_h_bz_bias_TNT,"(18, 1, 1)","(256, 1, 1)","Vision: attention Q/K/V/O projections | nvjet_sm110_tst_128x128_64x6_1x2_h_bz_bias_TNT | grid=(18, 1, 1) block=(256, 1, 1)",vlm.vision.camera1/nvjet_sm110_tst_128x128_64x6_1x2_h_bz_bias_TNT,vlm.vision.camera1,vlm,24,bf16_tensor,27072.0,l2,8002048.0,,679477248.0,84.91291829291701,25.09889361702128,ok,
380,2728813,0,1,7,nvjet_sm110_tst_128x128_64x6_1x2_h_bz_bias_TNT,"(18, 1, 1)","(256, 1, 1)","Vision: attention Q/K/V/O projections | nvjet_sm110_tst_128x128_64x6_1x2_h_bz_bias_TNT | grid=(18, 1, 1) block=(256, 1, 1)",vlm.vision.camera1/nvjet_sm110_tst_128x128_64x6_1x2_h_bz_bias_TNT,vlm.vision.camera1,vlm,24,fp32_simt,27072.0,l2,8002048.0,,884736.0,0.11056369569390236,0.032680851063829786,ok,
381,2728813,0,1,7,"void pytorch_flash::flash_fwd_kernel<Flash_fwd_kernel_traits<96, 128, 64, 4, 0, 0, cutlass::bfloat16_t, Flash_kernel_traits<96, 128, 64, 4, cutlass::bfloat16_t>>, 0, 0, 0, 0, 0, 0, 0, 0>(pytorch_flash::Flash_fwd_params)","(2, 1, 16)","(128, 1, 1)","Vision: FlashAttention | void pytorch_flash::flash_fwd_kernel<Flash_fwd_kernel_traits<96, 128, 64, 4, 0, 0, cutlass::bfloat16_t, Flash_kernel_traits<96, 128, 64, 4, cutlass::bfloat16_t>>, 0, 0, 0, 0, 0, 0, 0, 0>(pytorch_flash::Flash_fwd_params) | grid=(2, 1, 16) block=(128, 1, 1)","vlm.vision.camera1/void pytorch_flash::flash_fwd_kernel<Flash_fwd_kernel_traits<(int)96, (int)128, (int)64, (int)4, (bool)0, (bool)0, cutlass::bfloat16_t, Flash_kernel_traits<(int)96, (int)128, (int)64, (int)4, cutlass::bfloat16_t>>, (bool)0, (bool)0, (bool)0, (bool)0, (bool)0, (bool)0, (bool)0, (bool)0>(pytorch_flash::Flash_fwd_params)",vlm.vision.camera1,vlm,20,bf16_tensor,31776.000000000004,l2,5471808.0,,402653184.0,73.58686269693673,12.67161329305136,ok,
381,2728813,0,1,7,"void pytorch_flash::flash_fwd_kernel<Flash_fwd_kernel_traits<96, 128, 64, 4, 0, 0, cutlass::bfloat16_t, Flash_kernel_traits<96, 128, 64, 4, cutlass::bfloat16_t>>, 0, 0, 0, 0, 0, 0, 0, 0>(pytorch_flash::Flash_fwd_params)","(2, 1, 16)","(128, 1, 1)","Vision: FlashAttention | void pytorch_flash::flash_fwd_kernel<Flash_fwd_kernel_traits<96, 128, 64, 4, 0, 0, cutlass::bfloat16_t, Flash_kernel_traits<96, 128, 64, 4, cutlass::bfloat16_t>>, 0, 0, 0, 0, 0, 0, 0, 0>(pytorch_flash::Flash_fwd_params) | grid=(2, 1, 16) block=(128, 1, 1)","vlm.vision.camera1/void pytorch_flash::flash_fwd_kernel<Flash_fwd_kernel_traits<(int)96, (int)128, (int)64, (int)4, (bool)0, (bool)0, cutlass::bfloat16_t, Flash_kernel_traits<(int)96, (int)128, (int)64, (int)4, cutlass::bfloat16_t>>, (bool)0, (bool)0, (bool)0, (bool)0, (bool)0, (bool)0, (bool)0, (bool)0>(pytorch_flash::Flash_fwd_params)",vlm.vision.camera1,vlm,20,fp32_simt,31776.000000000004,l2,5471808.0,,5079040.0,0.9282197036153316,0.15983887210473313,ok,
382,2728813,0,1,7,nvjet_sm110_tst_128x128_64x6_1x2_h_bz_bias_TNT,"(18, 1, 1)","(256, 1, 1)","Vision: attention Q/K/V/O projections | nvjet_sm110_tst_128x128_64x6_1x2_h_bz_bias_TNT | grid=(18, 1, 1) block=(256, 1, 1)",vlm.vision.camera1/nvjet_sm110_tst_128x128_64x6_1x2_h_bz_bias_TNT,vlm.vision.camera1,vlm,24,bf16_tensor,29056.0,l2,8002624.0,,679477248.0,84.90680656744588,23.385092511013216,ok,
382,2728813,0,1,7,nvjet_sm110_tst_128x128_64x6_1x2_h_bz_bias_TNT,"(18, 1, 1)","(256, 1, 1)","Vision: attention Q/K/V/O projections | nvjet_sm110_tst_128x128_64x6_1x2_h_bz_bias_TNT | grid=(18, 1, 1) block=(256, 1, 1)",vlm.vision.camera1/nvjet_sm110_tst_128x128_64x6_1x2_h_bz_bias_TNT,vlm.vision.camera1,vlm,24,fp32_simt,29056.0,l2,8002624.0,,884736.0,0.11055573771802849,0.030449339207048457,ok,
383,2728813,0,1,7,triton_red_fused_add_native_layer_norm_view_7,"(256, 1, 1)","(64, 1, 1)","Vision: residual/LayerNorm fusion 7 | triton_red_fused_add_native_layer_norm_view_7 | grid=(256, 1, 1) block=(64, 1, 1)",vlm.vision.camera1/triton_red_fused_add_native_layer_norm_view_7,vlm.vision.camera1,vlm,35,bf16_tensor,25024.000000000004,l2,2557696.0,,0.0,,,zero_counted_flops,
383,2728813,0,1,7,triton_red_fused_add_native_layer_norm_view_7,"(256, 1, 1)","(64, 1, 1)","Vision: residual/LayerNorm fusion 7 | triton_red_fused_add_native_layer_norm_view_7 | grid=(256, 1, 1) block=(64, 1, 1)",vlm.vision.camera1/triton_red_fused_add_native_layer_norm_view_7,vlm.vision.camera1,vlm,35,fp32_simt,25024.000000000004,l2,2557696.0,,5391328.0,2.1078845961365227,0.21544629156010225,ok,
384,2728813,0,1,7,nvjet_sm110_tst_224x128_64x7_1x2_2cta_h_bz_bias_TNN,"(40, 1, 1)","(256, 1, 1)","Vision: FFN expansion + bias | nvjet_sm110_tst_224x128_64x7_1x2_2cta_h_bz_bias_TNN | grid=(40, 1, 1) block=(256, 1, 1)",vlm.vision.camera1/nvjet_sm110_tst_224x128_64x7_1x2_2cta_h_bz_bias_TNN,vlm.vision.camera1,vlm,19,bf16_tensor,60064.00000000001,l2,23213472.0,,2642411520.0,113.83094782202335,43.99326584976025,ok,
384,2728813,0,1,7,nvjet_sm110_tst_224x128_64x7_1x2_2cta_h_bz_bias_TNN,"(40, 1, 1)","(256, 1, 1)","Vision: FFN expansion + bias | nvjet_sm110_tst_224x128_64x7_1x2_2cta_h_bz_bias_TNN | grid=(40, 1, 1) block=(256, 1, 1)",vlm.vision.camera1/nvjet_sm110_tst_224x128_64x7_1x2_2cta_h_bz_bias_TNN,vlm.vision.camera1,vlm,19,fp32_simt,60064.00000000001,l2,23213472.0,,3440640.0,0.1482173799765929,0.05728289824187533,ok,
385,2728813,0,1,7,triton_poi_fused_gelu_view_5,"(2152, 1, 1)","(128, 1, 1)","Vision: FFN GELU | triton_poi_fused_gelu_view_5 | grid=(2152, 1, 1) block=(128, 1, 1)",vlm.vision.camera1/triton_poi_fused_gelu_view_5,vlm.vision.camera1,vlm,17,bf16_tensor,24640.0,l2,4460512.0,,0.0,,,zero_counted_flops,
385,2728813,0,1,7,triton_poi_fused_gelu_view_5,"(2152, 1, 1)","(128, 1, 1)","Vision: FFN GELU | triton_poi_fused_gelu_view_5 | grid=(2152, 1, 1) block=(128, 1, 1)",vlm.vision.camera1/triton_poi_fused_gelu_view_5,vlm.vision.camera1,vlm,17,fp32_simt,24640.0,l2,4460512.0,,15408971.0,3.4545296593754258,0.6253640827922078,ok,
386,2728813,0,1,7,nvjet_sm110_tst_144x128_64x6_4x1_v_bz_bias_TNN,"(16, 1, 1)","(256, 1, 1)","Vision: FFN contraction + bias | nvjet_sm110_tst_144x128_64x6_4x1_v_bz_bias_TNN | grid=(16, 1, 1) block=(256, 1, 1)",vlm.vision.camera1/nvjet_sm110_tst_144x128_64x6_4x1_v_bz_bias_TNN,vlm.vision.camera1,vlm,18,bf16_tensor,88800.0,l2,24641600.0,,2566914048.0,104.16994221154471,28.90668972972973,ok,
386,2728813,0,1,7,nvjet_sm110_tst_144x128_64x6_4x1_v_bz_bias_TNN,"(16, 1, 1)","(256, 1, 1)","Vision: FFN contraction + bias | nvjet_sm110_tst_144x128_64x6_4x1_v_bz_bias_TNN | grid=(16, 1, 1) block=(256, 1, 1)",vlm.vision.camera1/nvjet_sm110_tst_144x128_64x6_4x1_v_bz_bias_TNN,vlm.vision.camera1,vlm,18,fp32_simt,88800.0,l2,24641600.0,,884736.0,0.03590416206739822,0.009963243243243242,ok,
387,2728813,0,1,7,triton_red_fused_add_native_layer_norm_view_8,"(256, 1, 1)","(64, 1, 1)","Vision: residual/LayerNorm fusion 8 | triton_red_fused_add_native_layer_norm_view_8 | grid=(256, 1, 1) block=(64, 1, 1)",vlm.vision.camera1/triton_red_fused_add_native_layer_norm_view_8,vlm.vision.camera1,vlm,36,bf16_tensor,26496.0,l2,3220832.0,,0.0,,,zero_counted_flops,
387,2728813,0,1,7,triton_red_fused_add_native_layer_norm_view_8,"(256, 1, 1)","(64, 1, 1)","Vision: residual/LayerNorm fusion 8 | triton_red_fused_add_native_layer_norm_view_8 | grid=(256, 1, 1) block=(64, 1, 1)",vlm.vision.camera1/triton_red_fused_add_native_layer_norm_view_8,vlm.vision.camera1,vlm,36,fp32_simt,26496.0,l2,3220832.0,,6619136.0,2.0551012905982056,0.24981642512077293,ok,
388,2728813,0,1,7,nvjet_sm110_tst_128x128_64x6_1x2_h_bz_bias_TNT,"(18, 1, 1)","(256, 1, 1)","Vision: attention Q/K/V/O projections | nvjet_sm110_tst_128x128_64x6_1x2_h_bz_bias_TNT | grid=(18, 1, 1) block=(256, 1, 1)",vlm.vision.camera1/nvjet_sm110_tst_128x128_64x6_1x2_h_bz_bias_TNT,vlm.vision.camera1,vlm,24,bf16_tensor,29952.0,l2,7999936.0,,679477248.0,84.93533548268387,22.68553846153846,ok,
388,2728813,0,1,7,nvjet_sm110_tst_128x128_64x6_1x2_h_bz_bias_TNT,"(18, 1, 1)","(256, 1, 1)","Vision: attention Q/K/V/O projections | nvjet_sm110_tst_128x128_64x6_1x2_h_bz_bias_TNT | grid=(18, 1, 1) block=(256, 1, 1)",vlm.vision.camera1/nvjet_sm110_tst_128x128_64x6_1x2_h_bz_bias_TNT,vlm.vision.camera1,vlm,24,fp32_simt,29952.0,l2,7999936.0,,884736.0,0.11059288474307795,0.029538461538461538,ok,
389,2728813,0,1,7,nvjet_sm110_tst_128x128_64x6_1x2_h_bz_bias_TNT,"(18, 1, 1)","(256, 1, 1)","Vision: attention Q/K/V/O projections | nvjet_sm110_tst_128x128_64x6_1x2_h_bz_bias_TNT | grid=(18, 1, 1) block=(256, 1, 1)",vlm.vision.camera1/nvjet_sm110_tst_128x128_64x6_1x2_h_bz_bias_TNT,vlm.vision.camera1,vlm,24,bf16_tensor,28160.0,l2,8003488.0,,679477248.0,84.89764062868589,24.129163636363636,ok,
389,2728813,0,1,7,nvjet_sm110_tst_128x128_64x6_1x2_h_bz_bias_TNT,"(18, 1, 1)","(256, 1, 1)","Vision: attention Q/K/V/O projections | nvjet_sm110_tst_128x128_64x6_1x2_h_bz_bias_TNT | grid=(18, 1, 1) block=(256, 1, 1)",vlm.vision.camera1/nvjet_sm110_tst_128x128_64x6_1x2_h_bz_bias_TNT,vlm.vision.camera1,vlm,24,fp32_simt,28160.0,l2,8003488.0,,884736.0,0.11054380290193476,0.03141818181818182,ok,
390,2728813,0,1,7,nvjet_sm110_tst_128x128_64x6_1x2_h_bz_bias_TNT,"(18, 1, 1)","(256, 1, 1)","Vision: attention Q/K/V/O projections | nvjet_sm110_tst_128x128_64x6_1x2_h_bz_bias_TNT | grid=(18, 1, 1) block=(256, 1, 1)",vlm.vision.camera1/nvjet_sm110_tst_128x128_64x6_1x2_h_bz_bias_TNT,vlm.vision.camera1,vlm,24,bf16_tensor,26912.000000000004,l2,7998880.0,,679477248.0,84.94654851679235,25.248114149821635,ok,
390,2728813,0,1,7,nvjet_sm110_tst_128x128_64x6_1x2_h_bz_bias_TNT,"(18, 1, 1)","(256, 1, 1)","Vision: attention Q/K/V/O projections | nvjet_sm110_tst_128x128_64x6_1x2_h_bz_bias_TNT | grid=(18, 1, 1) block=(256, 1, 1)",vlm.vision.camera1/nvjet_sm110_tst_128x128_64x6_1x2_h_bz_bias_TNT,vlm.vision.camera1,vlm,24,fp32_simt,26912.000000000004,l2,7998880.0,,884736.0,0.11060748504790671,0.03287514863258026,ok,
391,2728813,0,1,7,"void pytorch_flash::flash_fwd_kernel<Flash_fwd_kernel_traits<96, 128, 64, 4, 0, 0, cutlass::bfloat16_t, Flash_kernel_traits<96, 128, 64, 4, cutlass::bfloat16_t>>, 0, 0, 0, 0, 0, 0, 0, 0>(pytorch_flash::Flash_fwd_params)","(2, 1, 16)","(128, 1, 1)","Vision: FlashAttention | void pytorch_flash::flash_fwd_kernel<Flash_fwd_kernel_traits<96, 128, 64, 4, 0, 0, cutlass::bfloat16_t, Flash_kernel_traits<96, 128, 64, 4, cutlass::bfloat16_t>>, 0, 0, 0, 0, 0, 0, 0, 0>(pytorch_flash::Flash_fwd_params) | grid=(2, 1, 16) block=(128, 1, 1)","vlm.vision.camera1/void pytorch_flash::flash_fwd_kernel<Flash_fwd_kernel_traits<(int)96, (int)128, (int)64, (int)4, (bool)0, (bool)0, cutlass::bfloat16_t, Flash_kernel_traits<(int)96, (int)128, (int)64, (int)4, cutlass::bfloat16_t>>, (bool)0, (bool)0, (bool)0, (bool)0, (bool)0, (bool)0, (bool)0, (bool)0>(pytorch_flash::Flash_fwd_params)",vlm.vision.camera1,vlm,20,bf16_tensor,34080.0,l2,5495008.0,,402653184.0,73.27617794187015,11.814940845070424,ok,
391,2728813,0,1,7,"void pytorch_flash::flash_fwd_kernel<Flash_fwd_kernel_traits<96, 128, 64, 4, 0, 0, cutlass::bfloat16_t, Flash_kernel_traits<96, 128, 64, 4, cutlass::bfloat16_t>>, 0, 0, 0, 0, 0, 0, 0, 0>(pytorch_flash::Flash_fwd_params)","(2, 1, 16)","(128, 1, 1)","Vision: FlashAttention | void pytorch_flash::flash_fwd_kernel<Flash_fwd_kernel_traits<96, 128, 64, 4, 0, 0, cutlass::bfloat16_t, Flash_kernel_traits<96, 128, 64, 4, cutlass::bfloat16_t>>, 0, 0, 0, 0, 0, 0, 0, 0>(pytorch_flash::Flash_fwd_params) | grid=(2, 1, 16) block=(128, 1, 1)","vlm.vision.camera1/void pytorch_flash::flash_fwd_kernel<Flash_fwd_kernel_traits<(int)96, (int)128, (int)64, (int)4, (bool)0, (bool)0, cutlass::bfloat16_t, Flash_kernel_traits<(int)96, (int)128, (int)64, (int)4, cutlass::bfloat16_t>>, (bool)0, (bool)0, (bool)0, (bool)0, (bool)0, (bool)0, (bool)0, (bool)0>(pytorch_flash::Flash_fwd_params)",vlm.vision.camera1,vlm,20,fp32_simt,34080.0,l2,5495008.0,,5079040.0,0.9243007471508685,0.14903286384976525,ok,
392,2728813,0,1,7,nvjet_sm110_tst_128x128_64x6_1x2_h_bz_bias_TNT,"(18, 1, 1)","(256, 1, 1)","Vision: attention Q/K/V/O projections | nvjet_sm110_tst_128x128_64x6_1x2_h_bz_bias_TNT | grid=(18, 1, 1) block=(256, 1, 1)",vlm.vision.camera1/nvjet_sm110_tst_128x128_64x6_1x2_h_bz_bias_TNT,vlm.vision.camera1,vlm,24,bf16_tensor,28064.0,l2,8000416.0,,679477248.0,84.93023962753936,24.211703534777648,ok,
392,2728813,0,1,7,nvjet_sm110_tst_128x128_64x6_1x2_h_bz_bias_TNT,"(18, 1, 1)","(256, 1, 1)","Vision: attention Q/K/V/O projections | nvjet_sm110_tst_128x128_64x6_1x2_h_bz_bias_TNT | grid=(18, 1, 1) block=(256, 1, 1)",vlm.vision.camera1/nvjet_sm110_tst_128x128_64x6_1x2_h_bz_bias_TNT,vlm.vision.camera1,vlm,24,fp32_simt,28064.0,l2,8000416.0,,884736.0,0.11058624951502521,0.031525655644241736,ok,
393,2728813,0,1,7,triton_red_fused_add_native_layer_norm_view_9,"(256, 1, 1)","(512, 1, 1)","Vision: residual/LayerNorm fusion 9 | triton_red_fused_add_native_layer_norm_view_9 | grid=(256, 1, 1) block=(512, 1, 1)",vlm.vision.camera1/triton_red_fused_add_native_layer_norm_view_9,vlm.vision.camera1,vlm,37,bf16_tensor,28704.0,l2,4272032.0,,0.0,,,zero_counted_flops,
393,2728813,0,1,7,triton_red_fused_add_native_layer_norm_view_9,"(256, 1, 1)","(512, 1, 1)","Vision: residual/LayerNorm fusion 9 | triton_red_fused_add_native_layer_norm_view_9 | grid=(256, 1, 1) block=(512, 1, 1)",vlm.vision.camera1/triton_red_fused_add_native_layer_norm_view_9,vlm.vision.camera1,vlm,37,fp32_simt,28704.0,l2,4272032.0,,21901920.0,5.126815529471689,0.7630267558528427,ok,
394,2728813,0,1,7,nvjet_sm110_tst_224x128_64x7_1x2_2cta_h_bz_bias_TNN,"(40, 1, 1)","(256, 1, 1)","Vision: FFN expansion + bias | nvjet_sm110_tst_224x128_64x7_1x2_2cta_h_bz_bias_TNN | grid=(40, 1, 1) block=(256, 1, 1)",vlm.vision.camera1/nvjet_sm110_tst_224x128_64x7_1x2_2cta_h_bz_bias_TNN,vlm.vision.camera1,vlm,19,bf16_tensor,62400.0,l2,23246208.0,,2642411520.0,113.67064770305764,42.34633846153846,ok,
394,2728813,0,1,7,nvjet_sm110_tst_224x128_64x7_1x2_2cta_h_bz_bias_TNN,"(40, 1, 1)","(256, 1, 1)","Vision: FFN expansion + bias | nvjet_sm110_tst_224x128_64x7_1x2_2cta_h_bz_bias_TNN | grid=(40, 1, 1) block=(256, 1, 1)",vlm.vision.camera1/nvjet_sm110_tst_224x128_64x7_1x2_2cta_h_bz_bias_TNN,vlm.vision.camera1,vlm,19,fp32_simt,62400.0,l2,23246208.0,,3440640.0,0.1480086558633563,0.05513846153846154,ok,
395,2728813,0,1,7,triton_poi_fused_gelu_view_5,"(2152, 1, 1)","(128, 1, 1)","Vision: FFN GELU | triton_poi_fused_gelu_view_5 | grid=(2152, 1, 1) block=(128, 1, 1)",vlm.vision.camera1/triton_poi_fused_gelu_view_5,vlm.vision.camera1,vlm,17,bf16_tensor,24288.000000000004,l2,4461440.0,,0.0,,,zero_counted_flops,
395,2728813,0,1,7,triton_poi_fused_gelu_view_5,"(2152, 1, 1)","(128, 1, 1)","Vision: FFN GELU | triton_poi_fused_gelu_view_5 | grid=(2152, 1, 1) block=(128, 1, 1)",vlm.vision.camera1/triton_poi_fused_gelu_view_5,vlm.vision.camera1,vlm,17,fp32_simt,24288.000000000004,l2,4461440.0,,15317054.0,3.4332085604647826,0.6306428689064558,ok,
396,2728813,0,1,7,nvjet_sm110_tst_144x128_64x6_4x1_v_bz_bias_TNN,"(16, 1, 1)","(256, 1, 1)","Vision: FFN contraction + bias | nvjet_sm110_tst_144x128_64x6_4x1_v_bz_bias_TNN | grid=(16, 1, 1) block=(256, 1, 1)",vlm.vision.camera1/nvjet_sm110_tst_144x128_64x6_4x1_v_bz_bias_TNN,vlm.vision.camera1,vlm,18,bf16_tensor,66592.0,l2,24615520.0,,2566914048.0,104.28030965829689,38.54688322921672,ok,
396,2728813,0,1,7,nvjet_sm110_tst_144x128_64x6_4x1_v_bz_bias_TNN,"(16, 1, 1)","(256, 1, 1)","Vision: FFN contraction + bias | nvjet_sm110_tst_144x128_64x6_4x1_v_bz_bias_TNN | grid=(16, 1, 1) block=(256, 1, 1)",vlm.vision.camera1/nvjet_sm110_tst_144x128_64x6_4x1_v_bz_bias_TNN,vlm.vision.camera1,vlm,18,fp32_simt,66592.0,l2,24615520.0,,884736.0,0.03594220231788725,0.013285920230658336,ok,
397,2728813,0,1,7,triton_red_fused_add_native_layer_norm_view_6,"(128, 1, 1)","(128, 1, 1)","Vision: residual/LayerNorm fusion 6 | triton_red_fused_add_native_layer_norm_view_6 | grid=(128, 1, 1) block=(128, 1, 1)",vlm.vision.camera1/triton_red_fused_add_native_layer_norm_view_6,vlm.vision.camera1,vlm,34,bf16_tensor,25056.000000000004,l2,1931424.0,,0.0,,,zero_counted_flops,
397,2728813,0,1,7,triton_red_fused_add_native_layer_norm_view_6,"(128, 1, 1)","(128, 1, 1)","Vision: residual/LayerNorm fusion 6 | triton_red_fused_add_native_layer_norm_view_6 | grid=(128, 1, 1) block=(128, 1, 1)",vlm.vision.camera1/triton_red_fused_add_native_layer_norm_view_6,vlm.vision.camera1,vlm,34,fp32_simt,25056.000000000004,l2,1931424.0,,5215976.0,2.700585681859602,0.2081727330779055,ok,
398,2728813,0,1,7,nvjet_sm110_tst_128x128_64x6_1x2_h_bz_bias_TNT,"(18, 1, 1)","(256, 1, 1)","Vision: attention Q/K/V/O projections | nvjet_sm110_tst_128x128_64x6_1x2_h_bz_bias_TNT | grid=(18, 1, 1) block=(256, 1, 1)",vlm.vision.camera1/nvjet_sm110_tst_128x128_64x6_1x2_h_bz_bias_TNT,vlm.vision.camera1,vlm,24,bf16_tensor,27328.000000000004,l2,7999200.0,,679477248.0,84.9431503150315,24.863775175644022,ok,
398,2728813,0,1,7,nvjet_sm110_tst_128x128_64x6_1x2_h_bz_bias_TNT,"(18, 1, 1)","(256, 1, 1)","Vision: attention Q/K/V/O projections | nvjet_sm110_tst_128x128_64x6_1x2_h_bz_bias_TNT | grid=(18, 1, 1) block=(256, 1, 1)",vlm.vision.camera1/nvjet_sm110_tst_128x128_64x6_1x2_h_bz_bias_TNT,vlm.vision.camera1,vlm,24,fp32_simt,27328.000000000004,l2,7999200.0,,884736.0,0.1106030603060306,0.03237470725995316,ok,
399,2728813,0,1,7,nvjet_sm110_tst_128x128_64x6_1x2_h_bz_bias_TNT,"(18, 1, 1)","(256, 1, 1)","Vision: attention Q/K/V/O projections | nvjet_sm110_tst_128x128_64x6_1x2_h_bz_bias_TNT | grid=(18, 1, 1) block=(256, 1, 1)",vlm.vision.camera1/nvjet_sm110_tst_128x128_64x6_1x2_h_bz_bias_TNT,vlm.vision.camera1,vlm,24,bf16_tensor,29632.0,l2,8004768.0,,679477248.0,84.88406509720207,22.930522678185746,ok,
399,2728813,0,1,7,nvjet_sm110_tst_128x128_64x6_1x2_h_bz_bias_TNT,"(18, 1, 1)","(256, 1, 1)","Vision: attention Q/K/V/O projections | nvjet_sm110_tst_128x128_64x6_1x2_h_bz_bias_TNT | grid=(18, 1, 1) block=(256, 1, 1)",vlm.vision.camera1/nvjet_sm110_tst_128x128_64x6_1x2_h_bz_bias_TNT,vlm.vision.camera1,vlm,24,fp32_simt,29632.0,l2,8004768.0,,884736.0,0.11052612642864852,0.029857451403887687,ok,
400,2728813,0,1,7,nvjet_sm110_tst_128x128_64x6_1x2_h_bz_bias_TNT,"(18, 1, 1)","(256, 1, 1)","Vision: attention Q/K/V/O projections | nvjet_sm110_tst_128x128_64x6_1x2_h_bz_bias_TNT | grid=(18, 1, 1) block=(256, 1, 1)",vlm.vision.camera1/nvjet_sm110_tst_128x128_64x6_1x2_h_bz_bias_TNT,vlm.vision.camera1,vlm,24,bf16_tensor,27968.0,l2,8002336.0,,679477248.0,84.9098623202025,24.294810068649888,ok,
400,2728813,0,1,7,nvjet_sm110_tst_128x128_64x6_1x2_h_bz_bias_TNT,"(18, 1, 1)","(256, 1, 1)","Vision: attention Q/K/V/O projections | nvjet_sm110_tst_128x128_64x6_1x2_h_bz_bias_TNT | grid=(18, 1, 1) block=(256, 1, 1)",vlm.vision.camera1/nvjet_sm110_tst_128x128_64x6_1x2_h_bz_bias_TNT,vlm.vision.camera1,vlm,24,fp32_simt,27968.0,l2,8002336.0,,884736.0,0.11055971656276367,0.03163386727688787,ok,
401,2728813,0,1,7,"void pytorch_flash::flash_fwd_kernel<Flash_fwd_kernel_traits<96, 128, 64, 4, 0, 0, cutlass::bfloat16_t, Flash_kernel_traits<96, 128, 64, 4, cutlass::bfloat16_t>>, 0, 0, 0, 0, 0, 0, 0, 0>(pytorch_flash::Flash_fwd_params)","(2, 1, 16)","(128, 1, 1)","Vision: FlashAttention | void pytorch_flash::flash_fwd_kernel<Flash_fwd_kernel_traits<96, 128, 64, 4, 0, 0, cutlass::bfloat16_t, Flash_kernel_traits<96, 128, 64, 4, cutlass::bfloat16_t>>, 0, 0, 0, 0, 0, 0, 0, 0>(pytorch_flash::Flash_fwd_params) | grid=(2, 1, 16) block=(128, 1, 1)","vlm.vision.camera1/void pytorch_flash::flash_fwd_kernel<Flash_fwd_kernel_traits<(int)96, (int)128, (int)64, (int)4, (bool)0, (bool)0, cutlass::bfloat16_t, Flash_kernel_traits<(int)96, (int)128, (int)64, (int)4, cutlass::bfloat16_t>>, (bool)0, (bool)0, (bool)0, (bool)0, (bool)0, (bool)0, (bool)0, (bool)0>(pytorch_flash::Flash_fwd_params)",vlm.vision.camera1,vlm,20,bf16_tensor,31456.000000000004,l2,5492992.0,,402653184.0,73.30307125879666,12.800520854526956,ok,
401,2728813,0,1,7,"void pytorch_flash::flash_fwd_kernel<Flash_fwd_kernel_traits<96, 128, 64, 4, 0, 0, cutlass::bfloat16_t, Flash_kernel_traits<96, 128, 64, 4, cutlass::bfloat16_t>>, 0, 0, 0, 0, 0, 0, 0, 0>(pytorch_flash::Flash_fwd_params)","(2, 1, 16)","(128, 1, 1)","Vision: FlashAttention | void pytorch_flash::flash_fwd_kernel<Flash_fwd_kernel_traits<96, 128, 64, 4, 0, 0, cutlass::bfloat16_t, Flash_kernel_traits<96, 128, 64, 4, cutlass::bfloat16_t>>, 0, 0, 0, 0, 0, 0, 0, 0>(pytorch_flash::Flash_fwd_params) | grid=(2, 1, 16) block=(128, 1, 1)","vlm.vision.camera1/void pytorch_flash::flash_fwd_kernel<Flash_fwd_kernel_traits<(int)96, (int)128, (int)64, (int)4, (bool)0, (bool)0, cutlass::bfloat16_t, Flash_kernel_traits<(int)96, (int)128, (int)64, (int)4, cutlass::bfloat16_t>>, (bool)0, (bool)0, (bool)0, (bool)0, (bool)0, (bool)0, (bool)0, (bool)0>(pytorch_flash::Flash_fwd_params)",vlm.vision.camera1,vlm,20,fp32_simt,31456.000000000004,l2,5492992.0,,5079040.0,0.924639977629678,0.16146490335707017,ok,
402,2728813,0,1,7,nvjet_sm110_tst_128x128_64x6_1x2_h_bz_bias_TNT,"(18, 1, 1)","(256, 1, 1)","Vision: attention Q/K/V/O projections | nvjet_sm110_tst_128x128_64x6_1x2_h_bz_bias_TNT | grid=(18, 1, 1) block=(256, 1, 1)",vlm.vision.camera1/nvjet_sm110_tst_128x128_64x6_1x2_h_bz_bias_TNT,vlm.vision.camera1,vlm,24,bf16_tensor,27072.0,l2,8000128.0,,679477248.0,84.93329706724693,25.09889361702128,ok,
402,2728813,0,1,7,nvjet_sm110_tst_128x128_64x6_1x2_h_bz_bias_TNT,"(18, 1, 1)","(256, 1, 1)","Vision: attention Q/K/V/O projections | nvjet_sm110_tst_128x128_64x6_1x2_h_bz_bias_TNT | grid=(18, 1, 1) block=(256, 1, 1)",vlm.vision.camera1/nvjet_sm110_tst_128x128_64x6_1x2_h_bz_bias_TNT,vlm.vision.camera1,vlm,24,fp32_simt,27072.0,l2,8000128.0,,884736.0,0.11059023055631109,0.032680851063829786,ok,
403,2728813,0,1,7,triton_red_fused_add_native_layer_norm_view_7,"(256, 1, 1)","(64, 1, 1)","Vision: residual/LayerNorm fusion 7 | triton_red_fused_add_native_layer_norm_view_7 | grid=(256, 1, 1) block=(64, 1, 1)",vlm.vision.camera1/triton_red_fused_add_native_layer_norm_view_7,vlm.vision.camera1,vlm,35,bf16_tensor,22848.000000000004,l2,2557824.0,,0.0,,,zero_counted_flops,
403,2728813,0,1,7,triton_red_fused_add_native_layer_norm_view_7,"(256, 1, 1)","(64, 1, 1)","Vision: residual/LayerNorm fusion 7 | triton_red_fused_add_native_layer_norm_view_7 | grid=(256, 1, 1) block=(64, 1, 1)",vlm.vision.camera1/triton_red_fused_add_native_layer_norm_view_7,vlm.vision.camera1,vlm,35,fp32_simt,22848.000000000004,l2,2557824.0,,5390832.0,2.107585197417805,0.23594327731092435,ok,
404,2728813,0,1,7,nvjet_sm110_tst_224x128_64x7_1x2_2cta_h_bz_bias_TNN,"(40, 1, 1)","(256, 1, 1)","Vision: FFN expansion + bias | nvjet_sm110_tst_224x128_64x7_1x2_2cta_h_bz_bias_TNN | grid=(40, 1, 1) block=(256, 1, 1)",vlm.vision.camera1/nvjet_sm110_tst_224x128_64x7_1x2_2cta_h_bz_bias_TNN,vlm.vision.camera1,vlm,19,bf16_tensor,65856.0,l2,23131328.0,,2642411520.0,114.23518442175045,40.12408163265306,ok,
404,2728813,0,1,7,nvjet_sm110_tst_224x128_64x7_1x2_2cta_h_bz_bias_TNN,"(40, 1, 1)","(256, 1, 1)","Vision: FFN expansion + bias | nvjet_sm110_tst_224x128_64x7_1x2_2cta_h_bz_bias_TNN | grid=(40, 1, 1) block=(256, 1, 1)",vlm.vision.camera1/nvjet_sm110_tst_224x128_64x7_1x2_2cta_h_bz_bias_TNN,vlm.vision.camera1,vlm,19,fp32_simt,65856.0,l2,23131328.0,,3440640.0,0.1487437297158209,0.05224489795918367,ok,
405,2728813,0,1,7,triton_poi_fused_gelu_view_5,"(2152, 1, 1)","(128, 1, 1)","Vision: FFN GELU | triton_poi_fused_gelu_view_5 | grid=(2152, 1, 1) block=(128, 1, 1)",vlm.vision.camera1/triton_poi_fused_gelu_view_5,vlm.vision.camera1,vlm,17,bf16_tensor,23296.000000000004,l2,4460256.0,,0.0,,,zero_counted_flops,
405,2728813,0,1,7,triton_poi_fused_gelu_view_5,"(2152, 1, 1)","(128, 1, 1)","Vision: FFN GELU | triton_poi_fused_gelu_view_5 | grid=(2152, 1, 1) block=(128, 1, 1)",vlm.vision.camera1/triton_poi_fused_gelu_view_5,vlm.vision.camera1,vlm,17,fp32_simt,23296.000000000004,l2,4460256.0,,15359593.0,3.4436572698966157,0.6593231885302198,ok,
406,2728813,0,1,7,nvjet_sm110_tst_144x128_64x6_4x1_v_bz_bias_TNN,"(16, 1, 1)","(256, 1, 1)","Vision: FFN contraction + bias | nvjet_sm110_tst_144x128_64x6_4x1_v_bz_bias_TNN | grid=(16, 1, 1) block=(256, 1, 1)",vlm.vision.camera1/nvjet_sm110_tst_144x128_64x6_4x1_v_bz_bias_TNN,vlm.vision.camera1,vlm,18,bf16_tensor,88704.00000000001,l2,24629248.0,,2566914048.0,104.2221852652586,28.93797402597402,ok,
406,2728813,0,1,7,nvjet_sm110_tst_144x128_64x6_4x1_v_bz_bias_TNN,"(16, 1, 1)","(256, 1, 1)","Vision: FFN contraction + bias | nvjet_sm110_tst_144x128_64x6_4x1_v_bz_bias_TNN | grid=(16, 1, 1) block=(256, 1, 1)",vlm.vision.camera1/nvjet_sm110_tst_144x128_64x6_4x1_v_bz_bias_TNN,vlm.vision.camera1,vlm,18,fp32_simt,88704.00000000001,l2,24629248.0,,884736.0,0.03592216863462498,0.009974025974025972,ok,
407,2728813,0,1,7,triton_red_fused_add_native_layer_norm_view_8,"(256, 1, 1)","(64, 1, 1)","Vision: residual/LayerNorm fusion 8 | triton_red_fused_add_native_layer_norm_view_8 | grid=(256, 1, 1) block=(64, 1, 1)",vlm.vision.camera1/triton_red_fused_add_native_layer_norm_view_8,vlm.vision.camera1,vlm,36,bf16_tensor,30048.0,l2,3205984.0,,0.0,,,zero_counted_flops,
407,2728813,0,1,7,triton_red_fused_add_native_layer_norm_view_8,"(256, 1, 1)","(64, 1, 1)","Vision: residual/LayerNorm fusion 8 | triton_red_fused_add_native_layer_norm_view_8 | grid=(256, 1, 1) block=(64, 1, 1)",vlm.vision.camera1/triton_red_fused_add_native_layer_norm_view_8,vlm.vision.camera1,vlm,36,fp32_simt,30048.0,l2,3205984.0,,6619136.0,2.064619162166748,0.22028541001064963,ok,
408,2728813,0,1,7,nvjet_sm110_tst_128x128_64x6_1x2_h_bz_bias_TNT,"(18, 1, 1)","(256, 1, 1)","Vision: attention Q/K/V/O projections | nvjet_sm110_tst_128x128_64x6_1x2_h_bz_bias_TNT | grid=(18, 1, 1) block=(256, 1, 1)",vlm.vision.camera1/nvjet_sm110_tst_128x128_64x6_1x2_h_bz_bias_TNT,vlm.vision.camera1,vlm,24,bf16_tensor,29696.0,l2,8002400.0,,679477248.0,84.9091832450265,22.88110344827586,ok,
408,2728813,0,1,7,nvjet_sm110_tst_128x128_64x6_1x2_h_bz_bias_TNT,"(18, 1, 1)","(256, 1, 1)","Vision: attention Q/K/V/O projections | nvjet_sm110_tst_128x128_64x6_1x2_h_bz_bias_TNT | grid=(18, 1, 1) block=(256, 1, 1)",vlm.vision.camera1/nvjet_sm110_tst_128x128_64x6_1x2_h_bz_bias_TNT,vlm.vision.camera1,vlm,24,fp32_simt,29696.0,l2,8002400.0,,884736.0,0.11055883235029491,0.02979310344827586,ok,
409,2728813,0,1,7,nvjet_sm110_tst_128x128_64x6_1x2_h_bz_bias_TNT,"(18, 1, 1)","(256, 1, 1)","Vision: attention Q/K/V/O projections | nvjet_sm110_tst_128x128_64x6_1x2_h_bz_bias_TNT | grid=(18, 1, 1) block=(256, 1, 1)",vlm.vision.camera1/nvjet_sm110_tst_128x128_64x6_1x2_h_bz_bias_TNT,vlm.vision.camera1,vlm,24,bf16_tensor,27456.000000000004,l2,8003392.0,,679477248.0,84.89865896859732,24.747860139860137,ok,
409,2728813,0,1,7,nvjet_sm110_tst_128x128_64x6_1x2_h_bz_bias_TNT,"(18, 1, 1)","(256, 1, 1)","Vision: attention Q/K/V/O projections | nvjet_sm110_tst_128x128_64x6_1x2_h_bz_bias_TNT | grid=(18, 1, 1) block=(256, 1, 1)",vlm.vision.camera1/nvjet_sm110_tst_128x128_64x6_1x2_h_bz_bias_TNT,vlm.vision.camera1,vlm,24,fp32_simt,27456.000000000004,l2,8003392.0,,884736.0,0.11054512886536108,0.03222377622377622,ok,
410,2728813,0,1,7,nvjet_sm110_tst_128x128_64x6_1x2_h_bz_bias_TNT,"(18, 1, 1)","(256, 1, 1)","Vision: attention Q/K/V/O projections | nvjet_sm110_tst_128x128_64x6_1x2_h_bz_bias_TNT | grid=(18, 1, 1) block=(256, 1, 1)",vlm.vision.camera1/nvjet_sm110_tst_128x128_64x6_1x2_h_bz_bias_TNT,vlm.vision.camera1,vlm,24,bf16_tensor,28800.000000000004,l2,8001152.0,,679477248.0,84.92242717048745,23.59296,ok,
410,2728813,0,1,7,nvjet_sm110_tst_128x128_64x6_1x2_h_bz_bias_TNT,"(18, 1, 1)","(256, 1, 1)","Vision: attention Q/K/V/O projections | nvjet_sm110_tst_128x128_64x6_1x2_h_bz_bias_TNT | grid=(18, 1, 1) block=(256, 1, 1)",vlm.vision.camera1/nvjet_sm110_tst_128x128_64x6_1x2_h_bz_bias_TNT,vlm.vision.camera1,vlm,24,fp32_simt,28800.000000000004,l2,8001152.0,,884736.0,0.11057607704490553,0.030719999999999997,ok,
411,2728813,0,1,7,"void pytorch_flash::flash_fwd_kernel<Flash_fwd_kernel_traits<96, 128, 64, 4, 0, 0, cutlass::bfloat16_t, Flash_kernel_traits<96, 128, 64, 4, cutlass::bfloat16_t>>, 0, 0, 0, 0, 0, 0, 0, 0>(pytorch_flash::Flash_fwd_params)","(2, 1, 16)","(128, 1, 1)","Vision: FlashAttention | void pytorch_flash::flash_fwd_kernel<Flash_fwd_kernel_traits<96, 128, 64, 4, 0, 0, cutlass::bfloat16_t, Flash_kernel_traits<96, 128, 64, 4, cutlass::bfloat16_t>>, 0, 0, 0, 0, 0, 0, 0, 0>(pytorch_flash::Flash_fwd_params) | grid=(2, 1, 16) block=(128, 1, 1)","vlm.vision.camera1/void pytorch_flash::flash_fwd_kernel<Flash_fwd_kernel_traits<(int)96, (int)128, (int)64, (int)4, (bool)0, (bool)0, cutlass::bfloat16_t, Flash_kernel_traits<(int)96, (int)128, (int)64, (int)4, cutlass::bfloat16_t>>, (bool)0, (bool)0, (bool)0, (bool)0, (bool)0, (bool)0, (bool)0, (bool)0>(pytorch_flash::Flash_fwd_params)",vlm.vision.camera1,vlm,20,bf16_tensor,30784.000000000004,l2,5478336.0,,402653184.0,73.49917639224758,13.079950103950104,ok,
411,2728813,0,1,7,"void pytorch_flash::flash_fwd_kernel<Flash_fwd_kernel_traits<96, 128, 64, 4, 0, 0, cutlass::bfloat16_t, Flash_kernel_traits<96, 128, 64, 4, cutlass::bfloat16_t>>, 0, 0, 0, 0, 0, 0, 0, 0>(pytorch_flash::Flash_fwd_params)","(2, 1, 16)","(128, 1, 1)","Vision: FlashAttention | void pytorch_flash::flash_fwd_kernel<Flash_fwd_kernel_traits<96, 128, 64, 4, 0, 0, cutlass::bfloat16_t, Flash_kernel_traits<96, 128, 64, 4, cutlass::bfloat16_t>>, 0, 0, 0, 0, 0, 0, 0, 0>(pytorch_flash::Flash_fwd_params) | grid=(2, 1, 16) block=(128, 1, 1)","vlm.vision.camera1/void pytorch_flash::flash_fwd_kernel<Flash_fwd_kernel_traits<(int)96, (int)128, (int)64, (int)4, (bool)0, (bool)0, cutlass::bfloat16_t, Flash_kernel_traits<(int)96, (int)128, (int)64, (int)4, cutlass::bfloat16_t>>, (bool)0, (bool)0, (bool)0, (bool)0, (bool)0, (bool)0, (bool)0, (bool)0>(pytorch_flash::Flash_fwd_params)",vlm.vision.camera1,vlm,20,fp32_simt,30784.000000000004,l2,5478336.0,,5079040.0,0.927113634505076,0.164989604989605,ok,
412,2728813,0,1,7,nvjet_sm110_tst_128x128_64x6_1x2_h_bz_bias_TNT,"(18, 1, 1)","(256, 1, 1)","Vision: attention Q/K/V/O projections | nvjet_sm110_tst_128x128_64x6_1x2_h_bz_bias_TNT | grid=(18, 1, 1) block=(256, 1, 1)",vlm.vision.camera1/nvjet_sm110_tst_128x128_64x6_1x2_h_bz_bias_TNT,vlm.vision.camera1,vlm,24,bf16_tensor,28160.0,l2,8003904.0,,679477248.0,84.89322810468491,24.129163636363636,ok,
412,2728813,0,1,7,nvjet_sm110_tst_128x128_64x6_1x2_h_bz_bias_TNT,"(18, 1, 1)","(256, 1, 1)","Vision: attention Q/K/V/O projections | nvjet_sm110_tst_128x128_64x6_1x2_h_bz_bias_TNT | grid=(18, 1, 1) block=(256, 1, 1)",vlm.vision.camera1/nvjet_sm110_tst_128x128_64x6_1x2_h_bz_bias_TNT,vlm.vision.camera1,vlm,24,fp32_simt,28160.0,l2,8003904.0,,884736.0,0.11053805742797515,0.03141818181818182,ok,
413,2728813,0,1,7,triton_red_fused_add_native_layer_norm_view_9,"(256, 1, 1)","(512, 1, 1)","Vision: residual/LayerNorm fusion 9 | triton_red_fused_add_native_layer_norm_view_9 | grid=(256, 1, 1) block=(512, 1, 1)",vlm.vision.camera1/triton_red_fused_add_native_layer_norm_view_9,vlm.vision.camera1,vlm,37,bf16_tensor,28576.000000000004,l2,4278784.0,,0.0,,,zero_counted_flops,
413,2728813,0,1,7,triton_red_fused_add_native_layer_norm_view_9,"(256, 1, 1)","(512, 1, 1)","Vision: residual/LayerNorm fusion 9 | triton_red_fused_add_native_layer_norm_view_9 | grid=(256, 1, 1) block=(512, 1, 1)",vlm.vision.camera1/triton_red_fused_add_native_layer_norm_view_9,vlm.vision.camera1,vlm,37,fp32_simt,28576.000000000004,l2,4278784.0,,21909696.0,5.120542658848869,0.7667166853303471,ok,
414,2728813,0,1,7,nvjet_sm110_tst_224x128_64x7_1x2_2cta_h_bz_bias_TNN,"(40, 1, 1)","(256, 1, 1)","Vision: FFN expansion + bias | nvjet_sm110_tst_224x128_64x7_1x2_2cta_h_bz_bias_TNN | grid=(40, 1, 1) block=(256, 1, 1)",vlm.vision.camera1/nvjet_sm110_tst_224x128_64x7_1x2_2cta_h_bz_bias_TNN,vlm.vision.camera1,vlm,19,bf16_tensor,58272.0,l2,23289312.0,,2642411520.0,113.46026537838473,45.346161449752884,ok,
414,2728813,0,1,7,nvjet_sm110_tst_224x128_64x7_1x2_2cta_h_bz_bias_TNN,"(40, 1, 1)","(256, 1, 1)","Vision: FFN expansion + bias | nvjet_sm110_tst_224x128_64x7_1x2_2cta_h_bz_bias_TNN | grid=(40, 1, 1) block=(256, 1, 1)",vlm.vision.camera1/nvjet_sm110_tst_224x128_64x7_1x2_2cta_h_bz_bias_TNN,vlm.vision.camera1,vlm,19,fp32_simt,58272.0,l2,23289312.0,,3440640.0,0.14773472054477177,0.05904448105436573,ok,
415,2728813,0,1,7,triton_poi_fused_gelu_view_5,"(2152, 1, 1)","(128, 1, 1)","Vision: FFN GELU | triton_poi_fused_gelu_view_5 | grid=(2152, 1, 1) block=(128, 1, 1)",vlm.vision.camera1/triton_poi_fused_gelu_view_5,vlm.vision.camera1,vlm,17,bf16_tensor,24096.0,l2,4460768.0,,0.0,,,zero_counted_flops,
415,2728813,0,1,7,triton_poi_fused_gelu_view_5,"(2152, 1, 1)","(128, 1, 1)","Vision: FFN GELU | triton_poi_fused_gelu_view_5 | grid=(2152, 1, 1) block=(128, 1, 1)",vlm.vision.camera1/triton_poi_fused_gelu_view_5,vlm.vision.camera1,vlm,17,fp32_simt,24096.0,l2,4460768.0,,15188492.0,3.404905164312513,0.6303325033200531,ok,
416,2728813,0,1,7,nvjet_sm110_tst_144x128_64x6_4x1_v_bz_bias_TNN,"(16, 1, 1)","(256, 1, 1)","Vision: FFN contraction + bias | nvjet_sm110_tst_144x128_64x6_4x1_v_bz_bias_TNN | grid=(16, 1, 1) block=(256, 1, 1)",vlm.vision.camera1/nvjet_sm110_tst_144x128_64x6_4x1_v_bz_bias_TNN,vlm.vision.camera1,vlm,18,bf16_tensor,82400.00000000001,l2,24613280.0,,2566914048.0,104.28979997789811,31.151869514563103,ok,
416,2728813,0,1,7,nvjet_sm110_tst_144x128_64x6_4x1_v_bz_bias_TNN,"(16, 1, 1)","(256, 1, 1)","Vision: FFN contraction + bias | nvjet_sm110_tst_144x128_64x6_4x1_v_bz_bias_TNN | grid=(16, 1, 1) block=(256, 1, 1)",vlm.vision.camera1/nvjet_sm110_tst_144x128_64x6_4x1_v_bz_bias_TNN,vlm.vision.camera1,vlm,18,fp32_simt,82400.00000000001,l2,24613280.0,,884736.0,0.03594547333797039,0.010737087378640776,ok,
417,2728813,0,1,7,triton_red_fused_add_native_layer_norm_view_6,"(128, 1, 1)","(128, 1, 1)","Vision: residual/LayerNorm fusion 6 | triton_red_fused_add_native_layer_norm_view_6 | grid=(128, 1, 1) block=(128, 1, 1)",vlm.vision.camera1/triton_red_fused_add_native_layer_norm_view_6,vlm.vision.camera1,vlm,34,bf16_tensor,20992.0,l2,1932768.0,,0.0,,,zero_counted_flops,
417,2728813,0,1,7,triton_red_fused_add_native_layer_norm_view_6,"(128, 1, 1)","(128, 1, 1)","Vision: residual/LayerNorm fusion 6 | triton_red_fused_add_native_layer_norm_view_6 | grid=(128, 1, 1) block=(128, 1, 1)",vlm.vision.camera1/triton_red_fused_add_native_layer_norm_view_6,vlm.vision.camera1,vlm,34,fp32_simt,20992.0,l2,1932768.0,,5203576.0,2.6922920909286576,0.2478837652439024,ok,
418,2728813,0,1,7,nvjet_sm110_tst_128x128_64x6_1x2_h_bz_bias_TNT,"(18, 1, 1)","(256, 1, 1)","Vision: attention Q/K/V/O projections | nvjet_sm110_tst_128x128_64x6_1x2_h_bz_bias_TNT | grid=(18, 1, 1) block=(256, 1, 1)",vlm.vision.camera1/nvjet_sm110_tst_128x128_64x6_1x2_h_bz_bias_TNT,vlm.vision.camera1,vlm,24,bf16_tensor,27968.0,l2,7999264.0,,679477248.0,84.94247070730508,24.294810068649888,ok,
418,2728813,0,1,7,nvjet_sm110_tst_128x128_64x6_1x2_h_bz_bias_TNT,"(18, 1, 1)","(256, 1, 1)","Vision: attention Q/K/V/O projections | nvjet_sm110_tst_128x128_64x6_1x2_h_bz_bias_TNT | grid=(18, 1, 1) block=(256, 1, 1)",vlm.vision.camera1/nvjet_sm110_tst_128x128_64x6_1x2_h_bz_bias_TNT,vlm.vision.camera1,vlm,24,fp32_simt,27968.0,l2,7999264.0,,884736.0,0.11060217540013681,0.03163386727688787,ok,
419,2728813,0,1,7,nvjet_sm110_tst_128x128_64x6_1x2_h_bz_bias_TNT,"(18, 1, 1)","(256, 1, 1)","Vision: attention Q/K/V/O projections | nvjet_sm110_tst_128x128_64x6_1x2_h_bz_bias_TNT | grid=(18, 1, 1) block=(256, 1, 1)",vlm.vision.camera1/nvjet_sm110_tst_128x128_64x6_1x2_h_bz_bias_TNT,vlm.vision.camera1,vlm,24,bf16_tensor,28704.0,l2,8003424.0,,679477248.0,84.89831951924576,23.671866220735787,ok,
419,2728813,0,1,7,nvjet_sm110_tst_128x128_64x6_1x2_h_bz_bias_TNT,"(18, 1, 1)","(256, 1, 1)","Vision: attention Q/K/V/O projections | nvjet_sm110_tst_128x128_64x6_1x2_h_bz_bias_TNT | grid=(18, 1, 1) block=(256, 1, 1)",vlm.vision.camera1/nvjet_sm110_tst_128x128_64x6_1x2_h_bz_bias_TNT,vlm.vision.camera1,vlm,24,fp32_simt,28704.0,l2,8003424.0,,884736.0,0.11054468687401792,0.030822742474916384,ok,
420,2728813,0,1,7,nvjet_sm110_tst_128x128_64x6_1x2_h_bz_bias_TNT,"(18, 1, 1)","(256, 1, 1)","Vision: attention Q/K/V/O projections | nvjet_sm110_tst_128x128_64x6_1x2_h_bz_bias_TNT | grid=(18, 1, 1) block=(256, 1, 1)",vlm.vision.camera1/nvjet_sm110_tst_128x128_64x6_1x2_h_bz_bias_TNT,vlm.vision.camera1,vlm,24,bf16_tensor,27136.000000000004,l2,8002240.0,,679477248.0,84.91088095333306,25.039698113207546,ok,
420,2728813,0,1,7,nvjet_sm110_tst_128x128_64x6_1x2_h_bz_bias_TNT,"(18, 1, 1)","(256, 1, 1)","Vision: attention Q/K/V/O projections | nvjet_sm110_tst_128x128_64x6_1x2_h_bz_bias_TNT | grid=(18, 1, 1) block=(256, 1, 1)",vlm.vision.camera1/nvjet_sm110_tst_128x128_64x6_1x2_h_bz_bias_TNT,vlm.vision.camera1,vlm,24,fp32_simt,27136.000000000004,l2,8002240.0,,884736.0,0.11056104290798577,0.03260377358490566,ok,
421,2728813,0,1,7,"void pytorch_flash::flash_fwd_kernel<Flash_fwd_kernel_traits<96, 128, 64, 4, 0, 0, cutlass::bfloat16_t, Flash_kernel_traits<96, 128, 64, 4, cutlass::bfloat16_t>>, 0, 0, 0, 0, 0, 0, 0, 0>(pytorch_flash::Flash_fwd_params)","(2, 1, 16)","(128, 1, 1)","Vision: FlashAttention | void pytorch_flash::flash_fwd_kernel<Flash_fwd_kernel_traits<96, 128, 64, 4, 0, 0, cutlass::bfloat16_t, Flash_kernel_traits<96, 128, 64, 4, cutlass::bfloat16_t>>, 0, 0, 0, 0, 0, 0, 0, 0>(pytorch_flash::Flash_fwd_params) | grid=(2, 1, 16) block=(128, 1, 1)","vlm.vision.camera1/void pytorch_flash::flash_fwd_kernel<Flash_fwd_kernel_traits<(int)96, (int)128, (int)64, (int)4, (bool)0, (bool)0, cutlass::bfloat16_t, Flash_kernel_traits<(int)96, (int)128, (int)64, (int)4, cutlass::bfloat16_t>>, (bool)0, (bool)0, (bool)0, (bool)0, (bool)0, (bool)0, (bool)0, (bool)0>(pytorch_flash::Flash_fwd_params)",vlm.vision.camera1,vlm,20,bf16_tensor,35552.0,l2,5477632.0,,402653184.0,73.5086227041174,11.325753375337532,ok,
421,2728813,0,1,7,"void pytorch_flash::flash_fwd_kernel<Flash_fwd_kernel_traits<96, 128, 64, 4, 0, 0, cutlass::bfloat16_t, Flash_kernel_traits<96, 128, 64, 4, cutlass::bfloat16_t>>, 0, 0, 0, 0, 0, 0, 0, 0>(pytorch_flash::Flash_fwd_params)","(2, 1, 16)","(128, 1, 1)","Vision: FlashAttention | void pytorch_flash::flash_fwd_kernel<Flash_fwd_kernel_traits<96, 128, 64, 4, 0, 0, cutlass::bfloat16_t, Flash_kernel_traits<96, 128, 64, 4, cutlass::bfloat16_t>>, 0, 0, 0, 0, 0, 0, 0, 0>(pytorch_flash::Flash_fwd_params) | grid=(2, 1, 16) block=(128, 1, 1)","vlm.vision.camera1/void pytorch_flash::flash_fwd_kernel<Flash_fwd_kernel_traits<(int)96, (int)128, (int)64, (int)4, (bool)0, (bool)0, cutlass::bfloat16_t, Flash_kernel_traits<(int)96, (int)128, (int)64, (int)4, cutlass::bfloat16_t>>, (bool)0, (bool)0, (bool)0, (bool)0, (bool)0, (bool)0, (bool)0, (bool)0>(pytorch_flash::Flash_fwd_params)",vlm.vision.camera1,vlm,20,fp32_simt,35552.0,l2,5477632.0,,5079040.0,0.9272327896434079,0.14286228622862288,ok,
422,2728813,0,1,7,nvjet_sm110_tst_128x128_64x6_1x2_h_bz_bias_TNT,"(18, 1, 1)","(256, 1, 1)","Vision: attention Q/K/V/O projections | nvjet_sm110_tst_128x128_64x6_1x2_h_bz_bias_TNT | grid=(18, 1, 1) block=(256, 1, 1)",vlm.vision.camera1/nvjet_sm110_tst_128x128_64x6_1x2_h_bz_bias_TNT,vlm.vision.camera1,vlm,24,bf16_tensor,27200.0,l2,8000000.0,,679477248.0,84.934656,24.980781176470586,ok,
422,2728813,0,1,7,nvjet_sm110_tst_128x128_64x6_1x2_h_bz_bias_TNT,"(18, 1, 1)","(256, 1, 1)","Vision: attention Q/K/V/O projections | nvjet_sm110_tst_128x128_64x6_1x2_h_bz_bias_TNT | grid=(18, 1, 1) block=(256, 1, 1)",vlm.vision.camera1/nvjet_sm110_tst_128x128_64x6_1x2_h_bz_bias_TNT,vlm.vision.camera1,vlm,24,fp32_simt,27200.0,l2,8000000.0,,884736.0,0.110592,0.03252705882352941,ok,
423,2728813,0,1,7,triton_red_fused_add_native_layer_norm_view_7,"(256, 1, 1)","(64, 1, 1)","Vision: residual/LayerNorm fusion 7 | triton_red_fused_add_native_layer_norm_view_7 | grid=(256, 1, 1) block=(64, 1, 1)",vlm.vision.camera1/triton_red_fused_add_native_layer_norm_view_7,vlm.vision.camera1,vlm,35,bf16_tensor,24192.0,l2,2568576.0,,0.0,,,zero_counted_flops,
423,2728813,0,1,7,triton_red_fused_add_native_layer_norm_view_7,"(256, 1, 1)","(64, 1, 1)","Vision: residual/LayerNorm fusion 7 | triton_red_fused_add_native_layer_norm_view_7 | grid=(256, 1, 1) block=(64, 1, 1)",vlm.vision.camera1/triton_red_fused_add_native_layer_norm_view_7,vlm.vision.camera1,vlm,35,fp32_simt,24192.0,l2,2568576.0,,5392072.0,2.0992456520655804,0.22288657407407406,ok,
424,2728813,0,1,7,nvjet_sm110_tst_224x128_64x7_1x2_2cta_h_bz_bias_TNN,"(40, 1, 1)","(256, 1, 1)","Vision: FFN expansion + bias | nvjet_sm110_tst_224x128_64x7_1x2_2cta_h_bz_bias_TNN | grid=(40, 1, 1) block=(256, 1, 1)",vlm.vision.camera1/nvjet_sm110_tst_224x128_64x7_1x2_2cta_h_bz_bias_TNN,vlm.vision.camera1,vlm,19,bf16_tensor,58016.0,l2,23451392.0,,2642411520.0,112.67610553778641,45.54625482625483,ok,
424,2728813,0,1,7,nvjet_sm110_tst_224x128_64x7_1x2_2cta_h_bz_bias_TNN,"(40, 1, 1)","(256, 1, 1)","Vision: FFN expansion + bias | nvjet_sm110_tst_224x128_64x7_1x2_2cta_h_bz_bias_TNN | grid=(40, 1, 1) block=(256, 1, 1)",vlm.vision.camera1/nvjet_sm110_tst_224x128_64x7_1x2_2cta_h_bz_bias_TNN,vlm.vision.camera1,vlm,19,fp32_simt,58016.0,l2,23451392.0,,3440640.0,0.14671367908565938,0.0593050193050193,ok,
425,2728813,0,1,7,triton_poi_fused_gelu_view_5,"(2152, 1, 1)","(128, 1, 1)","Vision: FFN GELU | triton_poi_fused_gelu_view_5 | grid=(2152, 1, 1) block=(128, 1, 1)",vlm.vision.camera1/triton_poi_fused_gelu_view_5,vlm.vision.camera1,vlm,17,bf16_tensor,24416.0,l2,4461664.0,,0.0,,,zero_counted_flops,
425,2728813,0,1,7,triton_poi_fused_gelu_view_5,"(2152, 1, 1)","(128, 1, 1)","Vision: FFN GELU | triton_poi_fused_gelu_view_5 | grid=(2152, 1, 1) block=(128, 1, 1)",vlm.vision.camera1/triton_poi_fused_gelu_view_5,vlm.vision.camera1,vlm,17,fp32_simt,24416.0,l2,4461664.0,,15153716.0,3.3964269832959184,0.6206469528178243,ok,
426,2728813,0,1,7,nvjet_sm110_tst_144x128_64x6_4x1_v_bz_bias_TNN,"(16, 1, 1)","(256, 1, 1)","Vision: FFN contraction + bias | nvjet_sm110_tst_144x128_64x6_4x1_v_bz_bias_TNN | grid=(16, 1, 1) block=(256, 1, 1)",vlm.vision.camera1/nvjet_sm110_tst_144x128_64x6_4x1_v_bz_bias_TNN,vlm.vision.camera1,vlm,18,bf16_tensor,69632.0,l2,24614976.0,,2566914048.0,104.28261429139724,36.864,ok,
426,2728813,0,1,7,nvjet_sm110_tst_144x128_64x6_4x1_v_bz_bias_TNN,"(16, 1, 1)","(256, 1, 1)","Vision: FFN contraction + bias | nvjet_sm110_tst_144x128_64x6_4x1_v_bz_bias_TNN | grid=(16, 1, 1) block=(256, 1, 1)",vlm.vision.camera1/nvjet_sm110_tst_144x128_64x6_4x1_v_bz_bias_TNN,vlm.vision.camera1,vlm,18,fp32_simt,69632.0,l2,24614976.0,,884736.0,0.03594299665374445,0.012705882352941178,ok,
427,2728813,0,1,7,triton_red_fused_add_native_layer_norm_view_8,"(256, 1, 1)","(64, 1, 1)","Vision: residual/LayerNorm fusion 8 | triton_red_fused_add_native_layer_norm_view_8 | grid=(256, 1, 1) block=(64, 1, 1)",vlm.vision.camera1/triton_red_fused_add_native_layer_norm_view_8,vlm.vision.camera1,vlm,36,bf16_tensor,26560.000000000004,l2,3225344.0,,0.0,,,zero_counted_flops,
427,2728813,0,1,7,triton_red_fused_add_native_layer_norm_view_8,"(256, 1, 1)","(64, 1, 1)","Vision: residual/LayerNorm fusion 8 | triton_red_fused_add_native_layer_norm_view_8 | grid=(256, 1, 1) block=(64, 1, 1)",vlm.vision.camera1/triton_red_fused_add_native_layer_norm_view_8,vlm.vision.camera1,vlm,36,fp32_simt,26560.000000000004,l2,3225344.0,,6619136.0,2.052226367171998,0.24921445783132526,ok,
428,2728813,0,1,7,nvjet_sm110_tst_128x128_64x6_1x2_h_bz_bias_TNT,"(18, 1, 1)","(256, 1, 1)","Vision: attention Q/K/V/O projections | nvjet_sm110_tst_128x128_64x6_1x2_h_bz_bias_TNT | grid=(18, 1, 1) block=(256, 1, 1)",vlm.vision.camera1/nvjet_sm110_tst_128x128_64x6_1x2_h_bz_bias_TNT,vlm.vision.camera1,vlm,24,bf16_tensor,29600.0,l2,8000256.0,,679477248.0,84.93193817797831,22.95531243243243,ok,
428,2728813,0,1,7,nvjet_sm110_tst_128x128_64x6_1x2_h_bz_bias_TNT,"(18, 1, 1)","(256, 1, 1)","Vision: attention Q/K/V/O projections | nvjet_sm110_tst_128x128_64x6_1x2_h_bz_bias_TNT | grid=(18, 1, 1) block=(256, 1, 1)",vlm.vision.camera1/nvjet_sm110_tst_128x128_64x6_1x2_h_bz_bias_TNT,vlm.vision.camera1,vlm,24,fp32_simt,29600.0,l2,8000256.0,,884736.0,0.11058846116924259,0.02988972972972973,ok,
429,2728813,0,1,7,nvjet_sm110_tst_128x128_64x6_1x2_h_bz_bias_TNT,"(18, 1, 1)","(256, 1, 1)","Vision: attention Q/K/V/O projections | nvjet_sm110_tst_128x128_64x6_1x2_h_bz_bias_TNT | grid=(18, 1, 1) block=(256, 1, 1)",vlm.vision.camera1/nvjet_sm110_tst_128x128_64x6_1x2_h_bz_bias_TNT,vlm.vision.camera1,vlm,24,bf16_tensor,27776.000000000004,l2,8003424.0,,679477248.0,84.89831951924576,24.462746543778803,ok,
429,2728813,0,1,7,nvjet_sm110_tst_128x128_64x6_1x2_h_bz_bias_TNT,"(18, 1, 1)","(256, 1, 1)","Vision: attention Q/K/V/O projections | nvjet_sm110_tst_128x128_64x6_1x2_h_bz_bias_TNT | grid=(18, 1, 1) block=(256, 1, 1)",vlm.vision.camera1/nvjet_sm110_tst_128x128_64x6_1x2_h_bz_bias_TNT,vlm.vision.camera1,vlm,24,fp32_simt,27776.000000000004,l2,8003424.0,,884736.0,0.11054468687401792,0.03185253456221198,ok,
430,2728813,0,1,7,nvjet_sm110_tst_128x128_64x6_1x2_h_bz_bias_TNT,"(18, 1, 1)","(256, 1, 1)","Vision: attention Q/K/V/O projections | nvjet_sm110_tst_128x128_64x6_1x2_h_bz_bias_TNT | grid=(18, 1, 1) block=(256, 1, 1)",vlm.vision.camera1/nvjet_sm110_tst_128x128_64x6_1x2_h_bz_bias_TNT,vlm.vision.camera1,vlm,24,bf16_tensor,27584.000000000004,l2,8000576.0,,679477248.0,84.92854114503756,24.633020881670532,ok,
430,2728813,0,1,7,nvjet_sm110_tst_128x128_64x6_1x2_h_bz_bias_TNT,"(18, 1, 1)","(256, 1, 1)","Vision: attention Q/K/V/O projections | nvjet_sm110_tst_128x128_64x6_1x2_h_bz_bias_TNT | grid=(18, 1, 1) block=(256, 1, 1)",vlm.vision.camera1/nvjet_sm110_tst_128x128_64x6_1x2_h_bz_bias_TNT,vlm.vision.camera1,vlm,24,fp32_simt,27584.000000000004,l2,8000576.0,,884736.0,0.11058403794926765,0.03207424593967517,ok,
431,2728813,0,1,7,"void pytorch_flash::flash_fwd_kernel<Flash_fwd_kernel_traits<96, 128, 64, 4, 0, 0, cutlass::bfloat16_t, Flash_kernel_traits<96, 128, 64, 4, cutlass::bfloat16_t>>, 0, 0, 0, 0, 0, 0, 0, 0>(pytorch_flash::Flash_fwd_params)","(2, 1, 16)","(128, 1, 1)","Vision: FlashAttention | void pytorch_flash::flash_fwd_kernel<Flash_fwd_kernel_traits<96, 128, 64, 4, 0, 0, cutlass::bfloat16_t, Flash_kernel_traits<96, 128, 64, 4, cutlass::bfloat16_t>>, 0, 0, 0, 0, 0, 0, 0, 0>(pytorch_flash::Flash_fwd_params) | grid=(2, 1, 16) block=(128, 1, 1)","vlm.vision.camera1/void pytorch_flash::flash_fwd_kernel<Flash_fwd_kernel_traits<(int)96, (int)128, (int)64, (int)4, (bool)0, (bool)0, cutlass::bfloat16_t, Flash_kernel_traits<(int)96, (int)128, (int)64, (int)4, cutlass::bfloat16_t>>, (bool)0, (bool)0, (bool)0, (bool)0, (bool)0, (bool)0, (bool)0, (bool)0>(pytorch_flash::Flash_fwd_params)",vlm.vision.camera1,vlm,20,bf16_tensor,35744.0,l2,5486112.0,,402653184.0,73.39499886258247,11.264916741271263,ok,
431,2728813,0,1,7,"void pytorch_flash::flash_fwd_kernel<Flash_fwd_kernel_traits<96, 128, 64, 4, 0, 0, cutlass::bfloat16_t, Flash_kernel_traits<96, 128, 64, 4, cutlass::bfloat16_t>>, 0, 0, 0, 0, 0, 0, 0, 0>(pytorch_flash::Flash_fwd_params)","(2, 1, 16)","(128, 1, 1)","Vision: FlashAttention | void pytorch_flash::flash_fwd_kernel<Flash_fwd_kernel_traits<96, 128, 64, 4, 0, 0, cutlass::bfloat16_t, Flash_kernel_traits<96, 128, 64, 4, cutlass::bfloat16_t>>, 0, 0, 0, 0, 0, 0, 0, 0>(pytorch_flash::Flash_fwd_params) | grid=(2, 1, 16) block=(128, 1, 1)","vlm.vision.camera1/void pytorch_flash::flash_fwd_kernel<Flash_fwd_kernel_traits<(int)96, (int)128, (int)64, (int)4, (bool)0, (bool)0, cutlass::bfloat16_t, Flash_kernel_traits<(int)96, (int)128, (int)64, (int)4, cutlass::bfloat16_t>>, (bool)0, (bool)0, (bool)0, (bool)0, (bool)0, (bool)0, (bool)0, (bool)0>(pytorch_flash::Flash_fwd_params)",vlm.vision.camera1,vlm,20,fp32_simt,35744.0,l2,5486112.0,,5079040.0,0.9257995461995672,0.142094897045658,ok,
432,2728813,0,1,7,nvjet_sm110_tst_128x128_64x6_1x2_h_bz_bias_TNT,"(18, 1, 1)","(256, 1, 1)","Vision: attention Q/K/V/O projections | nvjet_sm110_tst_128x128_64x6_1x2_h_bz_bias_TNT | grid=(18, 1, 1) block=(256, 1, 1)",vlm.vision.camera1/nvjet_sm110_tst_128x128_64x6_1x2_h_bz_bias_TNT,vlm.vision.camera1,vlm,24,bf16_tensor,26336.000000000004,l2,8003584.0,,679477248.0,84.89662231320368,25.800320777642767,ok,
432,2728813,0,1,7,nvjet_sm110_tst_128x128_64x6_1x2_h_bz_bias_TNT,"(18, 1, 1)","(256, 1, 1)","Vision: attention Q/K/V/O projections | nvjet_sm110_tst_128x128_64x6_1x2_h_bz_bias_TNT | grid=(18, 1, 1) block=(256, 1, 1)",vlm.vision.camera1/nvjet_sm110_tst_128x128_64x6_1x2_h_bz_bias_TNT,vlm.vision.camera1,vlm,24,fp32_simt,26336.000000000004,l2,8003584.0,,884736.0,0.1105424769703173,0.03359416767922235,ok,
433,2728813,0,1,7,triton_red_fused_add_native_layer_norm_view_9,"(256, 1, 1)","(512, 1, 1)","Vision: residual/LayerNorm fusion 9 | triton_red_fused_add_native_layer_norm_view_9 | grid=(256, 1, 1) block=(512, 1, 1)",vlm.vision.camera1/triton_red_fused_add_native_layer_norm_view_9,vlm.vision.camera1,vlm,37,bf16_tensor,28672.000000000004,l2,4278016.0,,0.0,,,zero_counted_flops,
433,2728813,0,1,7,triton_red_fused_add_native_layer_norm_view_9,"(256, 1, 1)","(512, 1, 1)","Vision: residual/LayerNorm fusion 9 | triton_red_fused_add_native_layer_norm_view_9 | grid=(256, 1, 1) block=(512, 1, 1)",vlm.vision.camera1/triton_red_fused_add_native_layer_norm_view_9,vlm.vision.camera1,vlm,37,fp32_simt,28672.000000000004,l2,4278016.0,,21909344.0,5.121379630183712,0.7641372767857142,ok,
434,2728813,0,1,7,nvjet_sm110_tst_224x128_64x7_1x2_2cta_h_bz_bias_TNN,"(40, 1, 1)","(256, 1, 1)","Vision: FFN expansion + bias | nvjet_sm110_tst_224x128_64x7_1x2_2cta_h_bz_bias_TNN | grid=(40, 1, 1) block=(256, 1, 1)",vlm.vision.camera1/nvjet_sm110_tst_224x128_64x7_1x2_2cta_h_bz_bias_TNN,vlm.vision.camera1,vlm,19,bf16_tensor,61024.00000000001,l2,23167456.0,,2642411520.0,114.05704277586628,43.30118510749869,ok,
434,2728813,0,1,7,nvjet_sm110_tst_224x128_64x7_1x2_2cta_h_bz_bias_TNN,"(40, 1, 1)","(256, 1, 1)","Vision: FFN expansion + bias | nvjet_sm110_tst_224x128_64x7_1x2_2cta_h_bz_bias_TNN | grid=(40, 1, 1) block=(256, 1, 1)",vlm.vision.camera1/nvjet_sm110_tst_224x128_64x7_1x2_2cta_h_bz_bias_TNN,vlm.vision.camera1,vlm,19,fp32_simt,61024.00000000001,l2,23167456.0,,3440640.0,0.14851177444774255,0.05638175144205558,ok,
435,2728813,0,1,7,triton_poi_fused_gelu_view_5,"(2152, 1, 1)","(128, 1, 1)","Vision: FFN GELU | triton_poi_fused_gelu_view_5 | grid=(2152, 1, 1) block=(128, 1, 1)",vlm.vision.camera1/triton_poi_fused_gelu_view_5,vlm.vision.camera1,vlm,17,bf16_tensor,23936.000000000004,l2,4461824.0,,0.0,,,zero_counted_flops,
435,2728813,0,1,7,triton_poi_fused_gelu_view_5,"(2152, 1, 1)","(128, 1, 1)","Vision: FFN GELU | triton_poi_fused_gelu_view_5 | grid=(2152, 1, 1) block=(128, 1, 1)",vlm.vision.camera1/triton_poi_fused_gelu_view_5,vlm.vision.camera1,vlm,17,fp32_simt,23936.000000000004,l2,4461824.0,,15295676.0,3.4281217726203455,0.6390238970588235,ok,
436,2728813,0,1,7,nvjet_sm110_tst_144x128_64x6_4x1_v_bz_bias_TNN,"(16, 1, 1)","(256, 1, 1)","Vision: FFN contraction + bias | nvjet_sm110_tst_144x128_64x6_4x1_v_bz_bias_TNN | grid=(16, 1, 1) block=(256, 1, 1)",vlm.vision.camera1/nvjet_sm110_tst_144x128_64x6_4x1_v_bz_bias_TNN,vlm.vision.camera1,vlm,18,bf16_tensor,80608.00000000001,l2,24710464.0,,2566914048.0,103.87963771137603,31.844408098451762,ok,
436,2728813,0,1,7,nvjet_sm110_tst_144x128_64x6_4x1_v_bz_bias_TNN,"(16, 1, 1)","(256, 1, 1)","Vision: FFN contraction + bias | nvjet_sm110_tst_144x128_64x6_4x1_v_bz_bias_TNN | grid=(16, 1, 1) block=(256, 1, 1)",vlm.vision.camera1/nvjet_sm110_tst_144x128_64x6_4x1_v_bz_bias_TNN,vlm.vision.camera1,vlm,18,fp32_simt,80608.00000000001,l2,24710464.0,,884736.0,0.035804103071476114,0.010975784041286223,ok,
437,2728813,0,1,7,triton_red_fused_add_native_layer_norm_view_6,"(128, 1, 1)","(128, 1, 1)","Vision: residual/LayerNorm fusion 6 | triton_red_fused_add_native_layer_norm_view_6 | grid=(128, 1, 1) block=(128, 1, 1)",vlm.vision.camera1/triton_red_fused_add_native_layer_norm_view_6,vlm.vision.camera1,vlm,34,bf16_tensor,20896.0,l2,1920576.0,,0.0,,,zero_counted_flops,
437,2728813,0,1,7,triton_red_fused_add_native_layer_norm_view_6,"(128, 1, 1)","(128, 1, 1)","Vision: residual/LayerNorm fusion 6 | triton_red_fused_add_native_layer_norm_view_6 | grid=(128, 1, 1) block=(128, 1, 1)",vlm.vision.camera1/triton_red_fused_add_native_layer_norm_view_6,vlm.vision.camera1,vlm,34,fp32_simt,20896.0,l2,1920576.0,,5217024.0,2.7163850844746578,0.24966615620214394,ok,
438,2728813,0,1,7,nvjet_sm110_tst_128x128_64x6_1x2_h_bz_bias_TNT,"(18, 1, 1)","(256, 1, 1)","Vision: attention Q/K/V/O projections | nvjet_sm110_tst_128x128_64x6_1x2_h_bz_bias_TNT | grid=(18, 1, 1) block=(256, 1, 1)",vlm.vision.camera1/nvjet_sm110_tst_128x128_64x6_1x2_h_bz_bias_TNT,vlm.vision.camera1,vlm,24,bf16_tensor,21408.000000000004,l2,7988064.0,,679477248.0,85.061567859246,31.739408071748876,ok,
438,2728813,0,1,7,nvjet_sm110_tst_128x128_64x6_1x2_h_bz_bias_TNT,"(18, 1, 1)","(256, 1, 1)","Vision: attention Q/K/V/O projections | nvjet_sm110_tst_128x128_64x6_1x2_h_bz_bias_TNT | grid=(18, 1, 1) block=(256, 1, 1)",vlm.vision.camera1/nvjet_sm110_tst_128x128_64x6_1x2_h_bz_bias_TNT,vlm.vision.camera1,vlm,24,fp32_simt,21408.000000000004,l2,7988064.0,,884736.0,0.11075724981672655,0.04132735426008968,ok,
439,2728813,0,1,7,nvjet_sm110_tst_128x128_64x6_1x2_h_bz_bias_TNT,"(18, 1, 1)","(256, 1, 1)","Vision: attention Q/K/V/O projections | nvjet_sm110_tst_128x128_64x6_1x2_h_bz_bias_TNT | grid=(18, 1, 1) block=(256, 1, 1)",vlm.vision.camera1/nvjet_sm110_tst_128x128_64x6_1x2_h_bz_bias_TNT,vlm.vision.camera1,vlm,24,bf16_tensor,28192.0,l2,8008672.0,,679477248.0,84.84268652780386,24.1017752553916,ok,
439,2728813,0,1,7,nvjet_sm110_tst_128x128_64x6_1x2_h_bz_bias_TNT,"(18, 1, 1)","(256, 1, 1)","Vision: attention Q/K/V/O projections | nvjet_sm110_tst_128x128_64x6_1x2_h_bz_bias_TNT | grid=(18, 1, 1) block=(256, 1, 1)",vlm.vision.camera1/nvjet_sm110_tst_128x128_64x6_1x2_h_bz_bias_TNT,vlm.vision.camera1,vlm,24,fp32_simt,28192.0,l2,8008672.0,,884736.0,0.11047224808307794,0.03138251986379115,ok,
440,2728813,0,1,7,nvjet_sm110_tst_128x128_64x6_1x2_h_bz_bias_TNT,"(18, 1, 1)","(256, 1, 1)","Vision: attention Q/K/V/O projections | nvjet_sm110_tst_128x128_64x6_1x2_h_bz_bias_TNT | grid=(18, 1, 1) block=(256, 1, 1)",vlm.vision.camera1/nvjet_sm110_tst_128x128_64x6_1x2_h_bz_bias_TNT,vlm.vision.camera1,vlm,24,bf16_tensor,26400.0,l2,7999840.0,,679477248.0,84.93635472709454,25.737774545454542,ok,
440,2728813,0,1,7,nvjet_sm110_tst_128x128_64x6_1x2_h_bz_bias_TNT,"(18, 1, 1)","(256, 1, 1)","Vision: attention Q/K/V/O projections | nvjet_sm110_tst_128x128_64x6_1x2_h_bz_bias_TNT | grid=(18, 1, 1) block=(256, 1, 1)",vlm.vision.camera1/nvjet_sm110_tst_128x128_64x6_1x2_h_bz_bias_TNT,vlm.vision.camera1,vlm,24,fp32_simt,26400.0,l2,7999840.0,,884736.0,0.11059421188423768,0.03351272727272727,ok,
441,2728813,0,1,7,"void pytorch_flash::flash_fwd_kernel<Flash_fwd_kernel_traits<96, 128, 64, 4, 0, 0, cutlass::bfloat16_t, Flash_kernel_traits<96, 128, 64, 4, cutlass::bfloat16_t>>, 0, 0, 0, 0, 0, 0, 0, 0>(pytorch_flash::Flash_fwd_params)","(2, 1, 16)","(128, 1, 1)","Vision: FlashAttention | void pytorch_flash::flash_fwd_kernel<Flash_fwd_kernel_traits<96, 128, 64, 4, 0, 0, cutlass::bfloat16_t, Flash_kernel_traits<96, 128, 64, 4, cutlass::bfloat16_t>>, 0, 0, 0, 0, 0, 0, 0, 0>(pytorch_flash::Flash_fwd_params) | grid=(2, 1, 16) block=(128, 1, 1)","vlm.vision.camera1/void pytorch_flash::flash_fwd_kernel<Flash_fwd_kernel_traits<(int)96, (int)128, (int)64, (int)4, (bool)0, (bool)0, cutlass::bfloat16_t, Flash_kernel_traits<(int)96, (int)128, (int)64, (int)4, cutlass::bfloat16_t>>, (bool)0, (bool)0, (bool)0, (bool)0, (bool)0, (bool)0, (bool)0, (bool)0>(pytorch_flash::Flash_fwd_params)",vlm.vision.camera1,vlm,20,bf16_tensor,30944.0,l2,5489664.0,,402653184.0,73.34750979294908,13.012318510858325,ok,
441,2728813,0,1,7,"void pytorch_flash::flash_fwd_kernel<Flash_fwd_kernel_traits<96, 128, 64, 4, 0, 0, cutlass::bfloat16_t, Flash_kernel_traits<96, 128, 64, 4, cutlass::bfloat16_t>>, 0, 0, 0, 0, 0, 0, 0, 0>(pytorch_flash::Flash_fwd_params)","(2, 1, 16)","(128, 1, 1)","Vision: FlashAttention | void pytorch_flash::flash_fwd_kernel<Flash_fwd_kernel_traits<96, 128, 64, 4, 0, 0, cutlass::bfloat16_t, Flash_kernel_traits<96, 128, 64, 4, cutlass::bfloat16_t>>, 0, 0, 0, 0, 0, 0, 0, 0>(pytorch_flash::Flash_fwd_params) | grid=(2, 1, 16) block=(128, 1, 1)","vlm.vision.camera1/void pytorch_flash::flash_fwd_kernel<Flash_fwd_kernel_traits<(int)96, (int)128, (int)64, (int)4, (bool)0, (bool)0, cutlass::bfloat16_t, Flash_kernel_traits<(int)96, (int)128, (int)64, (int)4, cutlass::bfloat16_t>>, (bool)0, (bool)0, (bool)0, (bool)0, (bool)0, (bool)0, (bool)0, (bool)0>(pytorch_flash::Flash_fwd_params)",vlm.vision.camera1,vlm,20,fp32_simt,30944.0,l2,5489664.0,,5079040.0,0.9252005222906174,0.16413650465356772,ok,
442,2728813,0,1,7,nvjet_sm110_tst_128x128_64x6_1x2_h_bz_bias_TNT,"(18, 1, 1)","(256, 1, 1)","Vision: attention Q/K/V/O projections | nvjet_sm110_tst_128x128_64x6_1x2_h_bz_bias_TNT | grid=(18, 1, 1) block=(256, 1, 1)",vlm.vision.camera1/nvjet_sm110_tst_128x128_64x6_1x2_h_bz_bias_TNT,vlm.vision.camera1,vlm,24,bf16_tensor,27968.0,l2,8003232.0,,679477248.0,84.90035625607254,24.294810068649888,ok,
442,2728813,0,1,7,nvjet_sm110_tst_128x128_64x6_1x2_h_bz_bias_TNT,"(18, 1, 1)","(256, 1, 1)","Vision: attention Q/K/V/O projections | nvjet_sm110_tst_128x128_64x6_1x2_h_bz_bias_TNT | grid=(18, 1, 1) block=(256, 1, 1)",vlm.vision.camera1/nvjet_sm110_tst_128x128_64x6_1x2_h_bz_bias_TNT,vlm.vision.camera1,vlm,24,fp32_simt,27968.0,l2,8003232.0,,884736.0,0.11054733887509446,0.03163386727688787,ok,
443,2728813,0,1,7,triton_red_fused_add_native_layer_norm_view_7,"(256, 1, 1)","(64, 1, 1)","Vision: residual/LayerNorm fusion 7 | triton_red_fused_add_native_layer_norm_view_7 | grid=(256, 1, 1) block=(64, 1, 1)",vlm.vision.camera1/triton_red_fused_add_native_layer_norm_view_7,vlm.vision.camera1,vlm,35,bf16_tensor,25216.0,l2,2559776.0,,0.0,,,zero_counted_flops,
443,2728813,0,1,7,triton_red_fused_add_native_layer_norm_view_7,"(256, 1, 1)","(64, 1, 1)","Vision: residual/LayerNorm fusion 7 | triton_red_fused_add_native_layer_norm_view_7 | grid=(256, 1, 1) block=(64, 1, 1)",vlm.vision.camera1/triton_red_fused_add_native_layer_norm_view_7,vlm.vision.camera1,vlm,35,fp32_simt,25216.0,l2,2559776.0,,5392072.0,2.1064624404635404,0.2138353426395939,ok,
444,2728813,0,1,7,nvjet_sm110_tst_224x128_64x7_1x2_2cta_h_bz_bias_TNN,"(40, 1, 1)","(256, 1, 1)","Vision: FFN expansion + bias | nvjet_sm110_tst_224x128_64x7_1x2_2cta_h_bz_bias_TNN | grid=(40, 1, 1) block=(256, 1, 1)",vlm.vision.camera1/nvjet_sm110_tst_224x128_64x7_1x2_2cta_h_bz_bias_TNN,vlm.vision.camera1,vlm,19,bf16_tensor,62304.00000000001,l2,23453184.0,,2642411520.0,112.66749623420002,42.411587057010784,ok,
444,2728813,0,1,7,nvjet_sm110_tst_224x128_64x7_1x2_2cta_h_bz_bias_TNN,"(40, 1, 1)","(256, 1, 1)","Vision: FFN expansion + bias | nvjet_sm110_tst_224x128_64x7_1x2_2cta_h_bz_bias_TNN | grid=(40, 1, 1) block=(256, 1, 1)",vlm.vision.camera1/nvjet_sm110_tst_224x128_64x7_1x2_2cta_h_bz_bias_TNN,vlm.vision.camera1,vlm,19,fp32_simt,62304.00000000001,l2,23453184.0,,3440640.0,0.14670246905494794,0.05522342064714946,ok,
445,2728813,0,1,7,triton_poi_fused_gelu_view_5,"(2152, 1, 1)","(128, 1, 1)","Vision: FFN GELU | triton_poi_fused_gelu_view_5 | grid=(2152, 1, 1) block=(128, 1, 1)",vlm.vision.camera1/triton_poi_fused_gelu_view_5,vlm.vision.camera1,vlm,17,bf16_tensor,22816.0,l2,4458080.0,,0.0,,,zero_counted_flops,
445,2728813,0,1,7,triton_poi_fused_gelu_view_5,"(2152, 1, 1)","(128, 1, 1)","Vision: FFN GELU | triton_poi_fused_gelu_view_5 | grid=(2152, 1, 1) block=(128, 1, 1)",vlm.vision.camera1/triton_poi_fused_gelu_view_5,vlm.vision.camera1,vlm,17,fp32_simt,22816.0,l2,4458080.0,,15085319.0,3.3838152298747444,0.661172817321178,ok,
446,2728813,0,1,7,nvjet_sm110_tst_144x128_64x6_4x1_v_bz_bias_TNN,"(16, 1, 1)","(256, 1, 1)","Vision: FFN contraction + bias | nvjet_sm110_tst_144x128_64x6_4x1_v_bz_bias_TNN | grid=(16, 1, 1) block=(256, 1, 1)",vlm.vision.camera1/nvjet_sm110_tst_144x128_64x6_4x1_v_bz_bias_TNN,vlm.vision.camera1,vlm,18,bf16_tensor,66208.0,l2,24629152.0,,2566914048.0,104.2225915045715,38.77045142580957,ok,
446,2728813,0,1,7,nvjet_sm110_tst_144x128_64x6_4x1_v_bz_bias_TNN,"(16, 1, 1)","(256, 1, 1)","Vision: FFN contraction + bias | nvjet_sm110_tst_144x128_64x6_4x1_v_bz_bias_TNN | grid=(16, 1, 1) block=(256, 1, 1)",vlm.vision.camera1/nvjet_sm110_tst_144x128_64x6_4x1_v_bz_bias_TNN,vlm.vision.camera1,vlm,18,fp32_simt,66208.0,l2,24629152.0,,884736.0,0.035922308652770504,0.01336297728371194,ok,
447,2728813,0,1,7,triton_red_fused_add_native_layer_norm_view_8,"(256, 1, 1)","(64, 1, 1)","Vision: residual/LayerNorm fusion 8 | triton_red_fused_add_native_layer_norm_view_8 | grid=(256, 1, 1) block=(64, 1, 1)",vlm.vision.camera1/triton_red_fused_add_native_layer_norm_view_8,vlm.vision.camera1,vlm,36,bf16_tensor,26496.0,l2,3200480.0,,0.0,,,zero_counted_flops,
447,2728813,0,1,7,triton_red_fused_add_native_layer_norm_view_8,"(256, 1, 1)","(64, 1, 1)","Vision: residual/LayerNorm fusion 8 | triton_red_fused_add_native_layer_norm_view_8 | grid=(256, 1, 1) block=(64, 1, 1)",vlm.vision.camera1/triton_red_fused_add_native_layer_norm_view_8,vlm.vision.camera1,vlm,36,fp32_simt,26496.0,l2,3200480.0,,6619136.0,2.06816977453382,0.24981642512077293,ok,
448,2728813,0,1,7,nvjet_sm110_tst_128x128_64x6_1x2_h_bz_bias_TNT,"(18, 1, 1)","(256, 1, 1)","Vision: attention Q/K/V/O projections | nvjet_sm110_tst_128x128_64x6_1x2_h_bz_bias_TNT | grid=(18, 1, 1) block=(256, 1, 1)",vlm.vision.camera1/nvjet_sm110_tst_128x128_64x6_1x2_h_bz_bias_TNT,vlm.vision.camera1,vlm,24,bf16_tensor,28800.000000000004,l2,8002400.0,,679477248.0,84.9091832450265,23.59296,ok,
448,2728813,0,1,7,nvjet_sm110_tst_128x128_64x6_1x2_h_bz_bias_TNT,"(18, 1, 1)","(256, 1, 1)","Vision: attention Q/K/V/O projections | nvjet_sm110_tst_128x128_64x6_1x2_h_bz_bias_TNT | grid=(18, 1, 1) block=(256, 1, 1)",vlm.vision.camera1/nvjet_sm110_tst_128x128_64x6_1x2_h_bz_bias_TNT,vlm.vision.camera1,vlm,24,fp32_simt,28800.000000000004,l2,8002400.0,,884736.0,0.11055883235029491,0.030719999999999997,ok,
449,2728813,0,1,7,nvjet_sm110_tst_128x128_64x6_1x2_h_bz_bias_TNT,"(18, 1, 1)","(256, 1, 1)","Vision: attention Q/K/V/O projections | nvjet_sm110_tst_128x128_64x6_1x2_h_bz_bias_TNT | grid=(18, 1, 1) block=(256, 1, 1)",vlm.vision.camera1/nvjet_sm110_tst_128x128_64x6_1x2_h_bz_bias_TNT,vlm.vision.camera1,vlm,24,bf16_tensor,29120.000000000004,l2,8002400.0,,679477248.0,84.9091832450265,23.333696703296702,ok,
449,2728813,0,1,7,nvjet_sm110_tst_128x128_64x6_1x2_h_bz_bias_TNT,"(18, 1, 1)","(256, 1, 1)","Vision: attention Q/K/V/O projections | nvjet_sm110_tst_128x128_64x6_1x2_h_bz_bias_TNT | grid=(18, 1, 1) block=(256, 1, 1)",vlm.vision.camera1/nvjet_sm110_tst_128x128_64x6_1x2_h_bz_bias_TNT,vlm.vision.camera1,vlm,24,fp32_simt,29120.000000000004,l2,8002400.0,,884736.0,0.11055883235029491,0.03038241758241758,ok,
450,2728813,0,1,7,nvjet_sm110_tst_128x128_64x6_1x2_h_bz_bias_TNT,"(18, 1, 1)","(256, 1, 1)","Vision: attention Q/K/V/O projections | nvjet_sm110_tst_128x128_64x6_1x2_h_bz_bias_TNT | grid=(18, 1, 1) block=(256, 1, 1)",vlm.vision.camera1/nvjet_sm110_tst_128x128_64x6_1x2_h_bz_bias_TNT,vlm.vision.camera1,vlm,24,bf16_tensor,27584.000000000004,l2,8003264.0,,679477248.0,84.9000167931484,24.633020881670532,ok,
450,2728813,0,1,7,nvjet_sm110_tst_128x128_64x6_1x2_h_bz_bias_TNT,"(18, 1, 1)","(256, 1, 1)","Vision: attention Q/K/V/O projections | nvjet_sm110_tst_128x128_64x6_1x2_h_bz_bias_TNT | grid=(18, 1, 1) block=(256, 1, 1)",vlm.vision.camera1/nvjet_sm110_tst_128x128_64x6_1x2_h_bz_bias_TNT,vlm.vision.camera1,vlm,24,fp32_simt,27584.000000000004,l2,8003264.0,,884736.0,0.11054689686607864,0.03207424593967517,ok,
451,2728813,0,1,7,"void pytorch_flash::flash_fwd_kernel<Flash_fwd_kernel_traits<96, 128, 64, 4, 0, 0, cutlass::bfloat16_t, Flash_kernel_traits<96, 128, 64, 4, cutlass::bfloat16_t>>, 0, 0, 0, 0, 0, 0, 0, 0>(pytorch_flash::Flash_fwd_params)","(2, 1, 16)","(128, 1, 1)","Vision: FlashAttention | void pytorch_flash::flash_fwd_kernel<Flash_fwd_kernel_traits<96, 128, 64, 4, 0, 0, cutlass::bfloat16_t, Flash_kernel_traits<96, 128, 64, 4, cutlass::bfloat16_t>>, 0, 0, 0, 0, 0, 0, 0, 0>(pytorch_flash::Flash_fwd_params) | grid=(2, 1, 16) block=(128, 1, 1)","vlm.vision.camera1/void pytorch_flash::flash_fwd_kernel<Flash_fwd_kernel_traits<(int)96, (int)128, (int)64, (int)4, (bool)0, (bool)0, cutlass::bfloat16_t, Flash_kernel_traits<(int)96, (int)128, (int)64, (int)4, cutlass::bfloat16_t>>, (bool)0, (bool)0, (bool)0, (bool)0, (bool)0, (bool)0, (bool)0, (bool)0>(pytorch_flash::Flash_fwd_params)",vlm.vision.camera1,vlm,20,bf16_tensor,30208.000000000004,l2,5474848.0,,402653184.0,73.54600237303391,13.329355932203388,ok,
451,2728813,0,1,7,"void pytorch_flash::flash_fwd_kernel<Flash_fwd_kernel_traits<96, 128, 64, 4, 0, 0, cutlass::bfloat16_t, Flash_kernel_traits<96, 128, 64, 4, cutlass::bfloat16_t>>, 0, 0, 0, 0, 0, 0, 0, 0>(pytorch_flash::Flash_fwd_params)","(2, 1, 16)","(128, 1, 1)","Vision: FlashAttention | void pytorch_flash::flash_fwd_kernel<Flash_fwd_kernel_traits<96, 128, 64, 4, 0, 0, cutlass::bfloat16_t, Flash_kernel_traits<96, 128, 64, 4, cutlass::bfloat16_t>>, 0, 0, 0, 0, 0, 0, 0, 0>(pytorch_flash::Flash_fwd_params) | grid=(2, 1, 16) block=(128, 1, 1)","vlm.vision.camera1/void pytorch_flash::flash_fwd_kernel<Flash_fwd_kernel_traits<(int)96, (int)128, (int)64, (int)4, (bool)0, (bool)0, cutlass::bfloat16_t, Flash_kernel_traits<(int)96, (int)128, (int)64, (int)4, cutlass::bfloat16_t>>, (bool)0, (bool)0, (bool)0, (bool)0, (bool)0, (bool)0, (bool)0, (bool)0>(pytorch_flash::Flash_fwd_params)",vlm.vision.camera1,vlm,20,fp32_simt,30208.000000000004,l2,5474848.0,,5079040.0,0.9277042942562058,0.16813559322033897,ok,
452,2728813,0,1,7,nvjet_sm110_tst_128x128_64x6_1x2_h_bz_bias_TNT,"(18, 1, 1)","(256, 1, 1)","Vision: attention Q/K/V/O projections | nvjet_sm110_tst_128x128_64x6_1x2_h_bz_bias_TNT | grid=(18, 1, 1) block=(256, 1, 1)",vlm.vision.camera1/nvjet_sm110_tst_128x128_64x6_1x2_h_bz_bias_TNT,vlm.vision.camera1,vlm,24,bf16_tensor,29664.000000000004,l2,8000768.0,,679477248.0,84.92650305570665,22.90578640776699,ok,
452,2728813,0,1,7,nvjet_sm110_tst_128x128_64x6_1x2_h_bz_bias_TNT,"(18, 1, 1)","(256, 1, 1)","Vision: attention Q/K/V/O projections | nvjet_sm110_tst_128x128_64x6_1x2_h_bz_bias_TNT | grid=(18, 1, 1) block=(256, 1, 1)",vlm.vision.camera1/nvjet_sm110_tst_128x128_64x6_1x2_h_bz_bias_TNT,vlm.vision.camera1,vlm,24,fp32_simt,29664.000000000004,l2,8000768.0,,884736.0,0.11058138418711803,0.0298252427184466,ok,
453,2728813,0,1,7,triton_red_fused_add_native_layer_norm_view_9,"(256, 1, 1)","(512, 1, 1)","Vision: residual/LayerNorm fusion 9 | triton_red_fused_add_native_layer_norm_view_9 | grid=(256, 1, 1) block=(512, 1, 1)",vlm.vision.camera1/triton_red_fused_add_native_layer_norm_view_9,vlm.vision.camera1,vlm,37,bf16_tensor,29280.0,l2,4283008.0,,0.0,,,zero_counted_flops,
453,2728813,0,1,7,triton_red_fused_add_native_layer_norm_view_9,"(256, 1, 1)","(512, 1, 1)","Vision: residual/LayerNorm fusion 9 | triton_red_fused_add_native_layer_norm_view_9 | grid=(256, 1, 1) block=(512, 1, 1)",vlm.vision.camera1/triton_red_fused_add_native_layer_norm_view_9,vlm.vision.camera1,vlm,37,fp32_simt,29280.0,l2,4283008.0,,21913824.0,5.116456471713338,0.7484229508196721,ok,
454,2728813,0,1,7,nvjet_sm110_tst_224x128_64x7_1x2_2cta_h_bz_bias_TNN,"(40, 1, 1)","(256, 1, 1)","Vision: FFN expansion + bias | nvjet_sm110_tst_224x128_64x7_1x2_2cta_h_bz_bias_TNN | grid=(40, 1, 1) block=(256, 1, 1)",vlm.vision.camera1/nvjet_sm110_tst_224x128_64x7_1x2_2cta_h_bz_bias_TNN,vlm.vision.camera1,vlm,19,bf16_tensor,59904.0,l2,23159360.0,,2642411520.0,114.09691459522197,44.11076923076923,ok,
454,2728813,0,1,7,nvjet_sm110_tst_224x128_64x7_1x2_2cta_h_bz_bias_TNN,"(40, 1, 1)","(256, 1, 1)","Vision: FFN expansion + bias | nvjet_sm110_tst_224x128_64x7_1x2_2cta_h_bz_bias_TNN | grid=(40, 1, 1) block=(256, 1, 1)",vlm.vision.camera1/nvjet_sm110_tst_224x128_64x7_1x2_2cta_h_bz_bias_TNN,vlm.vision.camera1,vlm,19,fp32_simt,59904.0,l2,23159360.0,,3440640.0,0.14856369087919527,0.057435897435897436,ok,
455,2728813,0,1,7,triton_poi_fused_gelu_view_5,"(2152, 1, 1)","(128, 1, 1)","Vision: FFN GELU | triton_poi_fused_gelu_view_5 | grid=(2152, 1, 1) block=(128, 1, 1)",vlm.vision.camera1/triton_poi_fused_gelu_view_5,vlm.vision.camera1,vlm,17,bf16_tensor,24448.0,l2,4462112.0,,0.0,,,zero_counted_flops,
455,2728813,0,1,7,triton_poi_fused_gelu_view_5,"(2152, 1, 1)","(128, 1, 1)","Vision: FFN GELU | triton_poi_fused_gelu_view_5 | grid=(2152, 1, 1) block=(128, 1, 1)",vlm.vision.camera1/triton_poi_fused_gelu_view_5,vlm.vision.camera1,vlm,17,fp32_simt,24448.0,l2,4462112.0,,14894989.0,3.3381028983584455,0.6092518406413612,ok,
456,2728813,0,1,7,nvjet_sm110_tst_144x128_64x6_4x1_v_bz_bias_TNN,"(16, 1, 1)","(256, 1, 1)","Vision: FFN contraction + bias | nvjet_sm110_tst_144x128_64x6_4x1_v_bz_bias_TNN | grid=(16, 1, 1) block=(256, 1, 1)",vlm.vision.camera1/nvjet_sm110_tst_144x128_64x6_4x1_v_bz_bias_TNN,vlm.vision.camera1,vlm,18,bf16_tensor,89344.0,l2,24627168.0,,2566914048.0,104.23098782612763,28.730681948424067,ok,
456,2728813,0,1,7,nvjet_sm110_tst_144x128_64x6_4x1_v_bz_bias_TNN,"(16, 1, 1)","(256, 1, 1)","Vision: FFN contraction + bias | nvjet_sm110_tst_144x128_64x6_4x1_v_bz_bias_TNN | grid=(16, 1, 1) block=(256, 1, 1)",vlm.vision.camera1/nvjet_sm110_tst_144x128_64x6_4x1_v_bz_bias_TNN,vlm.vision.camera1,vlm,18,fp32_simt,89344.0,l2,24627168.0,,884736.0,0.03592520260551274,0.009902578796561604,ok,
457,2728813,0,1,7,triton_red_fused_add_native_layer_norm_view_6,"(128, 1, 1)","(128, 1, 1)","Vision: residual/LayerNorm fusion 6 | triton_red_fused_add_native_layer_norm_view_6 | grid=(128, 1, 1) block=(128, 1, 1)",vlm.vision.camera1/triton_red_fused_add_native_layer_norm_view_6,vlm.vision.camera1,vlm,34,bf16_tensor,18112.000000000004,l2,1918816.0,,0.0,,,zero_counted_flops,
457,2728813,0,1,7,triton_red_fused_add_native_layer_norm_view_6,"(128, 1, 1)","(128, 1, 1)","Vision: residual/LayerNorm fusion 6 | triton_red_fused_add_native_layer_norm_view_6 | grid=(128, 1, 1) block=(128, 1, 1)",vlm.vision.camera1/triton_red_fused_add_native_layer_norm_view_6,vlm.vision.camera1,vlm,34,fp32_simt,18112.000000000004,l2,1918816.0,,5202104.0,2.711101012290913,0.28721863957597166,ok,
458,2728813,0,1,7,nvjet_sm110_tst_128x128_64x6_1x2_h_bz_bias_TNT,"(18, 1, 1)","(256, 1, 1)","Vision: attention Q/K/V/O projections | nvjet_sm110_tst_128x128_64x6_1x2_h_bz_bias_TNT | grid=(18, 1, 1) block=(256, 1, 1)",vlm.vision.camera1/nvjet_sm110_tst_128x128_64x6_1x2_h_bz_bias_TNT,vlm.vision.camera1,vlm,24,bf16_tensor,28640.0,l2,8002688.0,,679477248.0,84.90612754114618,23.724764245810054,ok,
458,2728813,0,1,7,nvjet_sm110_tst_128x128_64x6_1x2_h_bz_bias_TNT,"(18, 1, 1)","(256, 1, 1)","Vision: attention Q/K/V/O projections | nvjet_sm110_tst_128x128_64x6_1x2_h_bz_bias_TNT | grid=(18, 1, 1) block=(256, 1, 1)",vlm.vision.camera1/nvjet_sm110_tst_128x128_64x6_1x2_h_bz_bias_TNT,vlm.vision.camera1,vlm,24,fp32_simt,28640.0,l2,8002688.0,,884736.0,0.11055485356920075,0.03089162011173184,ok,
459,2728813,0,1,7,nvjet_sm110_tst_128x128_64x6_1x2_h_bz_bias_TNT,"(18, 1, 1)","(256, 1, 1)","Vision: attention Q/K/V/O projections | nvjet_sm110_tst_128x128_64x6_1x2_h_bz_bias_TNT | grid=(18, 1, 1) block=(256, 1, 1)",vlm.vision.camera1/nvjet_sm110_tst_128x128_64x6_1x2_h_bz_bias_TNT,vlm.vision.camera1,vlm,24,bf16_tensor,28704.0,l2,8000032.0,,679477248.0,84.93431626273495,23.671866220735787,ok,
459,2728813,0,1,7,nvjet_sm110_tst_128x128_64x6_1x2_h_bz_bias_TNT,"(18, 1, 1)","(256, 1, 1)","Vision: attention Q/K/V/O projections | nvjet_sm110_tst_128x128_64x6_1x2_h_bz_bias_TNT | grid=(18, 1, 1) block=(256, 1, 1)",vlm.vision.camera1/nvjet_sm110_tst_128x128_64x6_1x2_h_bz_bias_TNT,vlm.vision.camera1,vlm,24,fp32_simt,28704.0,l2,8000032.0,,884736.0,0.11059155763376946,0.030822742474916384,ok,
460,2728813,0,1,7,nvjet_sm110_tst_128x128_64x6_1x2_h_bz_bias_TNT,"(18, 1, 1)","(256, 1, 1)","Vision: attention Q/K/V/O projections | nvjet_sm110_tst_128x128_64x6_1x2_h_bz_bias_TNT | grid=(18, 1, 1) block=(256, 1, 1)",vlm.vision.camera1/nvjet_sm110_tst_128x128_64x6_1x2_h_bz_bias_TNT,vlm.vision.camera1,vlm,24,bf16_tensor,30432.000000000004,l2,8003488.0,,679477248.0,84.89764062868589,22.32772239747634,ok,
460,2728813,0,1,7,nvjet_sm110_tst_128x128_64x6_1x2_h_bz_bias_TNT,"(18, 1, 1)","(256, 1, 1)","Vision: attention Q/K/V/O projections | nvjet_sm110_tst_128x128_64x6_1x2_h_bz_bias_TNT | grid=(18, 1, 1) block=(256, 1, 1)",vlm.vision.camera1/nvjet_sm110_tst_128x128_64x6_1x2_h_bz_bias_TNT,vlm.vision.camera1,vlm,24,fp32_simt,30432.000000000004,l2,8003488.0,,884736.0,0.11054380290193476,0.029072555205047316,ok,
461,2728813,0,1,7,"void pytorch_flash::flash_fwd_kernel<Flash_fwd_kernel_traits<96, 128, 64, 4, 0, 0, cutlass::bfloat16_t, Flash_kernel_traits<96, 128, 64, 4, cutlass::bfloat16_t>>, 0, 0, 0, 0, 0, 0, 0, 0>(pytorch_flash::Flash_fwd_params)","(2, 1, 16)","(128, 1, 1)","Vision: FlashAttention | void pytorch_flash::flash_fwd_kernel<Flash_fwd_kernel_traits<96, 128, 64, 4, 0, 0, cutlass::bfloat16_t, Flash_kernel_traits<96, 128, 64, 4, cutlass::bfloat16_t>>, 0, 0, 0, 0, 0, 0, 0, 0>(pytorch_flash::Flash_fwd_params) | grid=(2, 1, 16) block=(128, 1, 1)","vlm.vision.camera1/void pytorch_flash::flash_fwd_kernel<Flash_fwd_kernel_traits<(int)96, (int)128, (int)64, (int)4, (bool)0, (bool)0, cutlass::bfloat16_t, Flash_kernel_traits<(int)96, (int)128, (int)64, (int)4, cutlass::bfloat16_t>>, (bool)0, (bool)0, (bool)0, (bool)0, (bool)0, (bool)0, (bool)0, (bool)0>(pytorch_flash::Flash_fwd_params)",vlm.vision.camera1,vlm,20,bf16_tensor,31712.000000000004,l2,5467680.0,,402653184.0,73.64241945395487,12.697186680121089,ok,
461,2728813,0,1,7,"void pytorch_flash::flash_fwd_kernel<Flash_fwd_kernel_traits<96, 128, 64, 4, 0, 0, cutlass::bfloat16_t, Flash_kernel_traits<96, 128, 64, 4, cutlass::bfloat16_t>>, 0, 0, 0, 0, 0, 0, 0, 0>(pytorch_flash::Flash_fwd_params)","(2, 1, 16)","(128, 1, 1)","Vision: FlashAttention | void pytorch_flash::flash_fwd_kernel<Flash_fwd_kernel_traits<96, 128, 64, 4, 0, 0, cutlass::bfloat16_t, Flash_kernel_traits<96, 128, 64, 4, cutlass::bfloat16_t>>, 0, 0, 0, 0, 0, 0, 0, 0>(pytorch_flash::Flash_fwd_params) | grid=(2, 1, 16) block=(128, 1, 1)","vlm.vision.camera1/void pytorch_flash::flash_fwd_kernel<Flash_fwd_kernel_traits<(int)96, (int)128, (int)64, (int)4, (bool)0, (bool)0, cutlass::bfloat16_t, Flash_kernel_traits<(int)96, (int)128, (int)64, (int)4, cutlass::bfloat16_t>>, (bool)0, (bool)0, (bool)0, (bool)0, (bool)0, (bool)0, (bool)0, (bool)0>(pytorch_flash::Flash_fwd_params)",vlm.vision.camera1,vlm,20,fp32_simt,31712.000000000004,l2,5467680.0,,5079040.0,0.928920492786703,0.16016145307769927,ok,
462,2728813,0,1,7,nvjet_sm110_tst_128x128_64x6_1x2_h_bz_bias_TNT,"(18, 1, 1)","(256, 1, 1)","Vision: attention Q/K/V/O projections | nvjet_sm110_tst_128x128_64x6_1x2_h_bz_bias_TNT | grid=(18, 1, 1) block=(256, 1, 1)",vlm.vision.camera1/nvjet_sm110_tst_128x128_64x6_1x2_h_bz_bias_TNT,vlm.vision.camera1,vlm,24,bf16_tensor,29632.0,l2,8004160.0,,679477248.0,84.89051293327469,22.930522678185746,ok,
462,2728813,0,1,7,nvjet_sm110_tst_128x128_64x6_1x2_h_bz_bias_TNT,"(18, 1, 1)","(256, 1, 1)","Vision: attention Q/K/V/O projections | nvjet_sm110_tst_128x128_64x6_1x2_h_bz_bias_TNT | grid=(18, 1, 1) block=(256, 1, 1)",vlm.vision.camera1/nvjet_sm110_tst_128x128_64x6_1x2_h_bz_bias_TNT,vlm.vision.camera1,vlm,24,fp32_simt,29632.0,l2,8004160.0,,884736.0,0.11053452204853476,0.029857451403887687,ok,
463,2728813,0,1,7,triton_red_fused_add_native_layer_norm_view_7,"(256, 1, 1)","(64, 1, 1)","Vision: residual/LayerNorm fusion 7 | triton_red_fused_add_native_layer_norm_view_7 | grid=(256, 1, 1) block=(64, 1, 1)",vlm.vision.camera1/triton_red_fused_add_native_layer_norm_view_7,vlm.vision.camera1,vlm,35,bf16_tensor,22560.0,l2,2564128.0,,0.0,,,zero_counted_flops,
463,2728813,0,1,7,triton_red_fused_add_native_layer_norm_view_7,"(256, 1, 1)","(64, 1, 1)","Vision: residual/LayerNorm fusion 7 | triton_red_fused_add_native_layer_norm_view_7 | grid=(256, 1, 1) block=(64, 1, 1)",vlm.vision.camera1/triton_red_fused_add_native_layer_norm_view_7,vlm.vision.camera1,vlm,35,fp32_simt,22560.0,l2,2564128.0,,5391824.0,2.1027905003182368,0.23899929078014184,ok,
464,2728813,0,1,7,nvjet_sm110_tst_224x128_64x7_1x2_2cta_h_bz_bias_TNN,"(40, 1, 1)","(256, 1, 1)","Vision: FFN expansion + bias | nvjet_sm110_tst_224x128_64x7_1x2_2cta_h_bz_bias_TNN | grid=(40, 1, 1) block=(256, 1, 1)",vlm.vision.camera1/nvjet_sm110_tst_224x128_64x7_1x2_2cta_h_bz_bias_TNN,vlm.vision.camera1,vlm,19,bf16_tensor,62592.0,l2,23066592.0,,2642411520.0,114.55578353317213,42.21644171779141,ok,
464,2728813,0,1,7,nvjet_sm110_tst_224x128_64x7_1x2_2cta_h_bz_bias_TNN,"(40, 1, 1)","(256, 1, 1)","Vision: FFN expansion + bias | nvjet_sm110_tst_224x128_64x7_1x2_2cta_h_bz_bias_TNN | grid=(40, 1, 1) block=(256, 1, 1)",vlm.vision.camera1/nvjet_sm110_tst_224x128_64x7_1x2_2cta_h_bz_bias_TNN,vlm.vision.camera1,vlm,19,fp32_simt,62592.0,l2,23066592.0,,3440640.0,0.14916117647548455,0.054969325153374236,ok,
465,2728813,0,1,7,triton_poi_fused_gelu_view_5,"(2152, 1, 1)","(128, 1, 1)","Vision: FFN GELU | triton_poi_fused_gelu_view_5 | grid=(2152, 1, 1) block=(128, 1, 1)",vlm.vision.camera1/triton_poi_fused_gelu_view_5,vlm.vision.camera1,vlm,17,bf16_tensor,25120.0,l2,4461152.0,,0.0,,,zero_counted_flops,
465,2728813,0,1,7,triton_poi_fused_gelu_view_5,"(2152, 1, 1)","(128, 1, 1)","Vision: FFN GELU | triton_poi_fused_gelu_view_5 | grid=(2152, 1, 1) block=(128, 1, 1)",vlm.vision.camera1/triton_poi_fused_gelu_view_5,vlm.vision.camera1,vlm,17,fp32_simt,25120.0,l2,4461152.0,,14627953.0,3.2789631467387794,0.5823229697452229,ok,
466,2728813,0,1,7,nvjet_sm110_tst_144x128_64x6_4x1_v_bz_bias_TNN,"(16, 1, 1)","(256, 1, 1)","Vision: FFN contraction + bias | nvjet_sm110_tst_144x128_64x6_4x1_v_bz_bias_TNN | grid=(16, 1, 1) block=(256, 1, 1)",vlm.vision.camera1/nvjet_sm110_tst_144x128_64x6_4x1_v_bz_bias_TNN,vlm.vision.camera1,vlm,18,bf16_tensor,88288.0,l2,24609120.0,,2566914048.0,104.30742944079269,29.074325480246465,ok,
466,2728813,0,1,7,nvjet_sm110_tst_144x128_64x6_4x1_v_bz_bias_TNN,"(16, 1, 1)","(256, 1, 1)","Vision: FFN contraction + bias | nvjet_sm110_tst_144x128_64x6_4x1_v_bz_bias_TNN | grid=(16, 1, 1) block=(256, 1, 1)",vlm.vision.camera1/nvjet_sm110_tst_144x128_64x6_4x1_v_bz_bias_TNN,vlm.vision.camera1,vlm,18,fp32_simt,88288.0,l2,24609120.0,,884736.0,0.03595154966939086,0.010021022109459949,ok,
467,2728813,0,1,7,triton_red_fused_add_native_layer_norm_view_8,"(256, 1, 1)","(64, 1, 1)","Vision: residual/LayerNorm fusion 8 | triton_red_fused_add_native_layer_norm_view_8 | grid=(256, 1, 1) block=(64, 1, 1)",vlm.vision.camera1/triton_red_fused_add_native_layer_norm_view_8,vlm.vision.camera1,vlm,36,bf16_tensor,25024.000000000004,l2,3221536.0,,0.0,,,zero_counted_flops,
467,2728813,0,1,7,triton_red_fused_add_native_layer_norm_view_8,"(256, 1, 1)","(64, 1, 1)","Vision: residual/LayerNorm fusion 8 | triton_red_fused_add_native_layer_norm_view_8 | grid=(256, 1, 1) block=(64, 1, 1)",vlm.vision.camera1/triton_red_fused_add_native_layer_norm_view_8,vlm.vision.camera1,vlm,36,fp32_simt,25024.000000000004,l2,3221536.0,,6619136.0,2.0546521907562108,0.2645115089514066,ok,
468,2728813,0,1,7,nvjet_sm110_tst_128x128_64x6_1x2_h_bz_bias_TNT,"(18, 1, 1)","(256, 1, 1)","Vision: attention Q/K/V/O projections | nvjet_sm110_tst_128x128_64x6_1x2_h_bz_bias_TNT | grid=(18, 1, 1) block=(256, 1, 1)",vlm.vision.camera1/nvjet_sm110_tst_128x128_64x6_1x2_h_bz_bias_TNT,vlm.vision.camera1,vlm,24,bf16_tensor,29632.0,l2,8003040.0,,679477248.0,84.90239309062557,22.930522678185746,ok,
468,2728813,0,1,7,nvjet_sm110_tst_128x128_64x6_1x2_h_bz_bias_TNT,"(18, 1, 1)","(256, 1, 1)","Vision: attention Q/K/V/O projections | nvjet_sm110_tst_128x128_64x6_1x2_h_bz_bias_TNT | grid=(18, 1, 1) block=(256, 1, 1)",vlm.vision.camera1/nvjet_sm110_tst_128x128_64x6_1x2_h_bz_bias_TNT,vlm.vision.camera1,vlm,24,fp32_simt,29632.0,l2,8003040.0,,884736.0,0.1105499910034187,0.029857451403887687,ok,
469,2728813,0,1,7,nvjet_sm110_tst_128x128_64x6_1x2_h_bz_bias_TNT,"(18, 1, 1)","(256, 1, 1)","Vision: attention Q/K/V/O projections | nvjet_sm110_tst_128x128_64x6_1x2_h_bz_bias_TNT | grid=(18, 1, 1) block=(256, 1, 1)",vlm.vision.camera1/nvjet_sm110_tst_128x128_64x6_1x2_h_bz_bias_TNT,vlm.vision.camera1,vlm,24,bf16_tensor,30848.0,l2,8004864.0,,679477248.0,84.88304710735872,22.026622406639003,ok,
469,2728813,0,1,7,nvjet_sm110_tst_128x128_64x6_1x2_h_bz_bias_TNT,"(18, 1, 1)","(256, 1, 1)","Vision: attention Q/K/V/O projections | nvjet_sm110_tst_128x128_64x6_1x2_h_bz_bias_TNT | grid=(18, 1, 1) block=(256, 1, 1)",vlm.vision.camera1/nvjet_sm110_tst_128x128_64x6_1x2_h_bz_bias_TNT,vlm.vision.camera1,vlm,24,fp32_simt,30848.0,l2,8004864.0,,884736.0,0.11052480092104001,0.028680497925311202,ok,
470,2728813,0,1,7,nvjet_sm110_tst_128x128_64x6_1x2_h_bz_bias_TNT,"(18, 1, 1)","(256, 1, 1)","Vision: attention Q/K/V/O projections | nvjet_sm110_tst_128x128_64x6_1x2_h_bz_bias_TNT | grid=(18, 1, 1) block=(256, 1, 1)",vlm.vision.camera1/nvjet_sm110_tst_128x128_64x6_1x2_h_bz_bias_TNT,vlm.vision.camera1,vlm,24,bf16_tensor,27168.0,l2,7999136.0,,679477248.0,84.94382993363283,25.010204946996463,ok,
470,2728813,0,1,7,nvjet_sm110_tst_128x128_64x6_1x2_h_bz_bias_TNT,"(18, 1, 1)","(256, 1, 1)","Vision: attention Q/K/V/O projections | nvjet_sm110_tst_128x128_64x6_1x2_h_bz_bias_TNT | grid=(18, 1, 1) block=(256, 1, 1)",vlm.vision.camera1/nvjet_sm110_tst_128x128_64x6_1x2_h_bz_bias_TNT,vlm.vision.camera1,vlm,24,fp32_simt,27168.0,l2,7999136.0,,884736.0,0.11060394522608441,0.03256537102473498,ok,
471,2728813,0,1,7,"void pytorch_flash::flash_fwd_kernel<Flash_fwd_kernel_traits<96, 128, 64, 4, 0, 0, cutlass::bfloat16_t, Flash_kernel_traits<96, 128, 64, 4, cutlass::bfloat16_t>>, 0, 0, 0, 0, 0, 0, 0, 0>(pytorch_flash::Flash_fwd_params)","(2, 1, 16)","(128, 1, 1)","Vision: FlashAttention | void pytorch_flash::flash_fwd_kernel<Flash_fwd_kernel_traits<96, 128, 64, 4, 0, 0, cutlass::bfloat16_t, Flash_kernel_traits<96, 128, 64, 4, cutlass::bfloat16_t>>, 0, 0, 0, 0, 0, 0, 0, 0>(pytorch_flash::Flash_fwd_params) | grid=(2, 1, 16) block=(128, 1, 1)","vlm.vision.camera1/void pytorch_flash::flash_fwd_kernel<Flash_fwd_kernel_traits<(int)96, (int)128, (int)64, (int)4, (bool)0, (bool)0, cutlass::bfloat16_t, Flash_kernel_traits<(int)96, (int)128, (int)64, (int)4, cutlass::bfloat16_t>>, (bool)0, (bool)0, (bool)0, (bool)0, (bool)0, (bool)0, (bool)0, (bool)0>(pytorch_flash::Flash_fwd_params)",vlm.vision.camera1,vlm,20,bf16_tensor,35264.0,l2,5494208.0,,402653184.0,73.28684753107272,11.418250453720507,ok,
471,2728813,0,1,7,"void pytorch_flash::flash_fwd_kernel<Flash_fwd_kernel_traits<96, 128, 64, 4, 0, 0, cutlass::bfloat16_t, Flash_kernel_traits<96, 128, 64, 4, cutlass::bfloat16_t>>, 0, 0, 0, 0, 0, 0, 0, 0>(pytorch_flash::Flash_fwd_params)","(2, 1, 16)","(128, 1, 1)","Vision: FlashAttention | void pytorch_flash::flash_fwd_kernel<Flash_fwd_kernel_traits<96, 128, 64, 4, 0, 0, cutlass::bfloat16_t, Flash_kernel_traits<96, 128, 64, 4, cutlass::bfloat16_t>>, 0, 0, 0, 0, 0, 0, 0, 0>(pytorch_flash::Flash_fwd_params) | grid=(2, 1, 16) block=(128, 1, 1)","vlm.vision.camera1/void pytorch_flash::flash_fwd_kernel<Flash_fwd_kernel_traits<(int)96, (int)128, (int)64, (int)4, (bool)0, (bool)0, cutlass::bfloat16_t, Flash_kernel_traits<(int)96, (int)128, (int)64, (int)4, cutlass::bfloat16_t>>, (bool)0, (bool)0, (bool)0, (bool)0, (bool)0, (bool)0, (bool)0, (bool)0>(pytorch_flash::Flash_fwd_params)",vlm.vision.camera1,vlm,20,fp32_simt,35264.0,l2,5494208.0,,5079040.0,0.9244353326266498,0.14402903811252268,ok,
472,2728813,0,1,7,nvjet_sm110_tst_128x128_64x6_1x2_h_bz_bias_TNT,"(18, 1, 1)","(256, 1, 1)","Vision: attention Q/K/V/O projections | nvjet_sm110_tst_128x128_64x6_1x2_h_bz_bias_TNT | grid=(18, 1, 1) block=(256, 1, 1)",vlm.vision.camera1/nvjet_sm110_tst_128x128_64x6_1x2_h_bz_bias_TNT,vlm.vision.camera1,vlm,24,bf16_tensor,28320.000000000004,l2,8005952.0,,679477248.0,84.87151159537304,23.992840677966097,ok,
472,2728813,0,1,7,nvjet_sm110_tst_128x128_64x6_1x2_h_bz_bias_TNT,"(18, 1, 1)","(256, 1, 1)","Vision: attention Q/K/V/O projections | nvjet_sm110_tst_128x128_64x6_1x2_h_bz_bias_TNT | grid=(18, 1, 1) block=(256, 1, 1)",vlm.vision.camera1/nvjet_sm110_tst_128x128_64x6_1x2_h_bz_bias_TNT,vlm.vision.camera1,vlm,24,fp32_simt,28320.000000000004,l2,8005952.0,,884736.0,0.11050978072314198,0.031240677966101693,ok,
473,2728813,0,1,7,triton_red_fused_add_native_layer_norm_view_9,"(256, 1, 1)","(512, 1, 1)","Vision: residual/LayerNorm fusion 9 | triton_red_fused_add_native_layer_norm_view_9 | grid=(256, 1, 1) block=(512, 1, 1)",vlm.vision.camera1/triton_red_fused_add_native_layer_norm_view_9,vlm.vision.camera1,vlm,37,bf16_tensor,29056.0,l2,4278144.0,,0.0,,,zero_counted_flops,
473,2728813,0,1,7,triton_red_fused_add_native_layer_norm_view_9,"(256, 1, 1)","(512, 1, 1)","Vision: residual/LayerNorm fusion 9 | triton_red_fused_add_native_layer_norm_view_9 | grid=(256, 1, 1) block=(512, 1, 1)",vlm.vision.camera1/triton_red_fused_add_native_layer_norm_view_9,vlm.vision.camera1,vlm,37,fp32_simt,29056.0,l2,4278144.0,,21910976.0,5.121607874816743,0.7540947136563877,ok,
474,2728813,0,1,7,nvjet_sm110_tst_224x128_64x7_1x2_2cta_h_bz_bias_TNN,"(40, 1, 1)","(256, 1, 1)","Vision: FFN expansion + bias | nvjet_sm110_tst_224x128_64x7_1x2_2cta_h_bz_bias_TNN | grid=(40, 1, 1) block=(256, 1, 1)",vlm.vision.camera1/nvjet_sm110_tst_224x128_64x7_1x2_2cta_h_bz_bias_TNN,vlm.vision.camera1,vlm,19,bf16_tensor,57632.00000000001,l2,23164608.0,,2642411520.0,114.07106565325863,45.84972792892837,ok,
474,2728813,0,1,7,nvjet_sm110_tst_224x128_64x7_1x2_2cta_h_bz_bias_TNN,"(40, 1, 1)","(256, 1, 1)","Vision: FFN expansion + bias | nvjet_sm110_tst_224x128_64x7_1x2_2cta_h_bz_bias_TNN | grid=(40, 1, 1) block=(256, 1, 1)",vlm.vision.camera1/nvjet_sm110_tst_224x128_64x7_1x2_2cta_h_bz_bias_TNN,vlm.vision.camera1,vlm,19,fp32_simt,57632.00000000001,l2,23164608.0,,3440640.0,0.1485300334026805,0.05970016657412548,ok,
475,2728813,0,1,7,triton_poi_fused_gelu_view_5,"(2152, 1, 1)","(128, 1, 1)","Vision: FFN GELU | triton_poi_fused_gelu_view_5 | grid=(2152, 1, 1) block=(128, 1, 1)",vlm.vision.camera1/triton_poi_fused_gelu_view_5,vlm.vision.camera1,vlm,17,bf16_tensor,24832.000000000004,l2,4462848.0,,0.0,,,zero_counted_flops,
475,2728813,0,1,7,triton_poi_fused_gelu_view_5,"(2152, 1, 1)","(128, 1, 1)","Vision: FFN GELU | triton_poi_fused_gelu_view_5 | grid=(2152, 1, 1) block=(128, 1, 1)",vlm.vision.camera1/triton_poi_fused_gelu_view_5,vlm.vision.camera1,vlm,17,fp32_simt,24832.000000000004,l2,4462848.0,,14601311.0,3.271747323682097,0.5880038257087629,ok,
476,2728813,0,1,7,nvjet_sm110_tst_144x128_64x6_4x1_v_bz_bias_TNN,"(16, 1, 1)","(256, 1, 1)","Vision: FFN contraction + bias | nvjet_sm110_tst_144x128_64x6_4x1_v_bz_bias_TNN | grid=(16, 1, 1) block=(256, 1, 1)",vlm.vision.camera1/nvjet_sm110_tst_144x128_64x6_4x1_v_bz_bias_TNN,vlm.vision.camera1,vlm,18,bf16_tensor,65952.00000000001,l2,24638880.0,,2566914048.0,104.18144201359802,38.92094323144104,ok,
476,2728813,0,1,7,nvjet_sm110_tst_144x128_64x6_4x1_v_bz_bias_TNN,"(16, 1, 1)","(256, 1, 1)","Vision: FFN contraction + bias | nvjet_sm110_tst_144x128_64x6_4x1_v_bz_bias_TNN | grid=(16, 1, 1) block=(256, 1, 1)",vlm.vision.camera1/nvjet_sm110_tst_144x128_64x6_4x1_v_bz_bias_TNN,vlm.vision.camera1,vlm,18,fp32_simt,65952.00000000001,l2,24638880.0,,884736.0,0.03590812569402505,0.01341484716157205,ok,
477,2728813,0,1,7,triton_red_fused_add_native_layer_norm_view_6,"(128, 1, 1)","(128, 1, 1)","Vision: residual/LayerNorm fusion 6 | triton_red_fused_add_native_layer_norm_view_6 | grid=(128, 1, 1) block=(128, 1, 1)",vlm.vision.camera1/triton_red_fused_add_native_layer_norm_view_6,vlm.vision.camera1,vlm,34,bf16_tensor,22208.0,l2,1924192.0,,0.0,,,zero_counted_flops,
477,2728813,0,1,7,triton_red_fused_add_native_layer_norm_view_6,"(128, 1, 1)","(128, 1, 1)","Vision: residual/LayerNorm fusion 6 | triton_red_fused_add_native_layer_norm_view_6 | grid=(128, 1, 1) block=(128, 1, 1)",vlm.vision.camera1/triton_red_fused_add_native_layer_norm_view_6,vlm.vision.camera1,vlm,34,fp32_simt,22208.0,l2,1924192.0,,5215976.0,2.7107357269960586,0.23486923631123915,ok,
478,2728813,0,1,7,nvjet_sm110_tst_128x128_64x6_1x2_h_bz_bias_TNT,"(18, 1, 1)","(256, 1, 1)","Vision: attention Q/K/V/O projections | nvjet_sm110_tst_128x128_64x6_1x2_h_bz_bias_TNT | grid=(18, 1, 1) block=(256, 1, 1)",vlm.vision.camera1/nvjet_sm110_tst_128x128_64x6_1x2_h_bz_bias_TNT,vlm.vision.camera1,vlm,24,bf16_tensor,27200.0,l2,8004000.0,,679477248.0,84.89220989505247,24.980781176470586,ok,
478,2728813,0,1,7,nvjet_sm110_tst_128x128_64x6_1x2_h_bz_bias_TNT,"(18, 1, 1)","(256, 1, 1)","Vision: attention Q/K/V/O projections | nvjet_sm110_tst_128x128_64x6_1x2_h_bz_bias_TNT | grid=(18, 1, 1) block=(256, 1, 1)",vlm.vision.camera1/nvjet_sm110_tst_128x128_64x6_1x2_h_bz_bias_TNT,vlm.vision.camera1,vlm,24,fp32_simt,27200.0,l2,8004000.0,,884736.0,0.11053673163418291,0.03252705882352941,ok,
479,2728813,0,1,7,nvjet_sm110_tst_128x128_64x6_1x2_h_bz_bias_TNT,"(18, 1, 1)","(256, 1, 1)","Vision: attention Q/K/V/O projections | nvjet_sm110_tst_128x128_64x6_1x2_h_bz_bias_TNT | grid=(18, 1, 1) block=(256, 1, 1)",vlm.vision.camera1/nvjet_sm110_tst_128x128_64x6_1x2_h_bz_bias_TNT,vlm.vision.camera1,vlm,24,bf16_tensor,26208.0,l2,7999648.0,,679477248.0,84.93839328930473,25.926329670329668,ok,
479,2728813,0,1,7,nvjet_sm110_tst_128x128_64x6_1x2_h_bz_bias_TNT,"(18, 1, 1)","(256, 1, 1)","Vision: attention Q/K/V/O projections | nvjet_sm110_tst_128x128_64x6_1x2_h_bz_bias_TNT | grid=(18, 1, 1) block=(256, 1, 1)",vlm.vision.camera1/nvjet_sm110_tst_128x128_64x6_1x2_h_bz_bias_TNT,vlm.vision.camera1,vlm,24,fp32_simt,26208.0,l2,7999648.0,,884736.0,0.11059686626211554,0.033758241758241755,ok,
480,2728813,0,1,7,nvjet_sm110_tst_128x128_64x6_1x2_h_bz_bias_TNT,"(18, 1, 1)","(256, 1, 1)","Vision: attention Q/K/V/O projections | nvjet_sm110_tst_128x128_64x6_1x2_h_bz_bias_TNT | grid=(18, 1, 1) block=(256, 1, 1)",vlm.vision.camera1/nvjet_sm110_tst_128x128_64x6_1x2_h_bz_bias_TNT,vlm.vision.camera1,vlm,24,bf16_tensor,27904.000000000004,l2,7999936.0,,679477248.0,84.93533548268387,24.35053211009174,ok,
480,2728813,0,1,7,nvjet_sm110_tst_128x128_64x6_1x2_h_bz_bias_TNT,"(18, 1, 1)","(256, 1, 1)","Vision: attention Q/K/V/O projections | nvjet_sm110_tst_128x128_64x6_1x2_h_bz_bias_TNT | grid=(18, 1, 1) block=(256, 1, 1)",vlm.vision.camera1/nvjet_sm110_tst_128x128_64x6_1x2_h_bz_bias_TNT,vlm.vision.camera1,vlm,24,fp32_simt,27904.000000000004,l2,7999936.0,,884736.0,0.11059288474307795,0.03170642201834862,ok,
481,2728813,0,1,7,"void pytorch_flash::flash_fwd_kernel<Flash_fwd_kernel_traits<96, 128, 64, 4, 0, 0, cutlass::bfloat16_t, Flash_kernel_traits<96, 128, 64, 4, cutlass::bfloat16_t>>, 0, 0, 0, 0, 0, 0, 0, 0>(pytorch_flash::Flash_fwd_params)","(2, 1, 16)","(128, 1, 1)","Vision: FlashAttention | void pytorch_flash::flash_fwd_kernel<Flash_fwd_kernel_traits<96, 128, 64, 4, 0, 0, cutlass::bfloat16_t, Flash_kernel_traits<96, 128, 64, 4, cutlass::bfloat16_t>>, 0, 0, 0, 0, 0, 0, 0, 0>(pytorch_flash::Flash_fwd_params) | grid=(2, 1, 16) block=(128, 1, 1)","vlm.vision.camera1/void pytorch_flash::flash_fwd_kernel<Flash_fwd_kernel_traits<(int)96, (int)128, (int)64, (int)4, (bool)0, (bool)0, cutlass::bfloat16_t, Flash_kernel_traits<(int)96, (int)128, (int)64, (int)4, cutlass::bfloat16_t>>, (bool)0, (bool)0, (bool)0, (bool)0, (bool)0, (bool)0, (bool)0, (bool)0>(pytorch_flash::Flash_fwd_params)",vlm.vision.camera1,vlm,20,bf16_tensor,30336.000000000004,l2,5467136.0,,402653184.0,73.64974714365987,13.273113924050632,ok,
481,2728813,0,1,7,"void pytorch_flash::flash_fwd_kernel<Flash_fwd_kernel_traits<96, 128, 64, 4, 0, 0, cutlass::bfloat16_t, Flash_kernel_traits<96, 128, 64, 4, cutlass::bfloat16_t>>, 0, 0, 0, 0, 0, 0, 0, 0>(pytorch_flash::Flash_fwd_params)","(2, 1, 16)","(128, 1, 1)","Vision: FlashAttention | void pytorch_flash::flash_fwd_kernel<Flash_fwd_kernel_traits<96, 128, 64, 4, 0, 0, cutlass::bfloat16_t, Flash_kernel_traits<96, 128, 64, 4, cutlass::bfloat16_t>>, 0, 0, 0, 0, 0, 0, 0, 0>(pytorch_flash::Flash_fwd_params) | grid=(2, 1, 16) block=(128, 1, 1)","vlm.vision.camera1/void pytorch_flash::flash_fwd_kernel<Flash_fwd_kernel_traits<(int)96, (int)128, (int)64, (int)4, (bool)0, (bool)0, cutlass::bfloat16_t, Flash_kernel_traits<(int)96, (int)128, (int)64, (int)4, cutlass::bfloat16_t>>, (bool)0, (bool)0, (bool)0, (bool)0, (bool)0, (bool)0, (bool)0, (bool)0>(pytorch_flash::Flash_fwd_params)",vlm.vision.camera1,vlm,20,fp32_simt,30336.000000000004,l2,5467136.0,,5079040.0,0.929012923768496,0.16742616033755273,ok,
482,2728813,0,1,7,nvjet_sm110_tst_128x128_64x6_1x2_h_bz_bias_TNT,"(18, 1, 1)","(256, 1, 1)","Vision: attention Q/K/V/O projections | nvjet_sm110_tst_128x128_64x6_1x2_h_bz_bias_TNT | grid=(18, 1, 1) block=(256, 1, 1)",vlm.vision.camera1/nvjet_sm110_tst_128x128_64x6_1x2_h_bz_bias_TNT,vlm.vision.camera1,vlm,24,bf16_tensor,28000.000000000004,l2,7999712.0,,679477248.0,84.93771375769528,24.26704457142857,ok,
482,2728813,0,1,7,nvjet_sm110_tst_128x128_64x6_1x2_h_bz_bias_TNT,"(18, 1, 1)","(256, 1, 1)","Vision: attention Q/K/V/O projections | nvjet_sm110_tst_128x128_64x6_1x2_h_bz_bias_TNT | grid=(18, 1, 1) block=(256, 1, 1)",vlm.vision.camera1/nvjet_sm110_tst_128x128_64x6_1x2_h_bz_bias_TNT,vlm.vision.camera1,vlm,24,fp32_simt,28000.000000000004,l2,7999712.0,,884736.0,0.11059598145533239,0.031597714285714285,ok,
483,2728813,0,1,7,triton_red_fused_add_native_layer_norm_view_7,"(256, 1, 1)","(64, 1, 1)","Vision: residual/LayerNorm fusion 7 | triton_red_fused_add_native_layer_norm_view_7 | grid=(256, 1, 1) block=(64, 1, 1)",vlm.vision.camera1/triton_red_fused_add_native_layer_norm_view_7,vlm.vision.camera1,vlm,35,bf16_tensor,22272.000000000004,l2,2557824.0,,0.0,,,zero_counted_flops,
483,2728813,0,1,7,triton_red_fused_add_native_layer_norm_view_7,"(256, 1, 1)","(64, 1, 1)","Vision: residual/LayerNorm fusion 7 | triton_red_fused_add_native_layer_norm_view_7 | grid=(256, 1, 1) block=(64, 1, 1)",vlm.vision.camera1/triton_red_fused_add_native_layer_norm_view_7,vlm.vision.camera1,vlm,35,fp32_simt,22272.000000000004,l2,2557824.0,,5392072.0,2.108069984486814,0.24210093390804596,ok,
484,2728813,0,1,7,nvjet_sm110_tst_224x128_64x7_1x2_2cta_h_bz_bias_TNN,"(40, 1, 1)","(256, 1, 1)","Vision: FFN expansion + bias | nvjet_sm110_tst_224x128_64x7_1x2_2cta_h_bz_bias_TNN | grid=(40, 1, 1) block=(256, 1, 1)",vlm.vision.camera1/nvjet_sm110_tst_224x128_64x7_1x2_2cta_h_bz_bias_TNN,vlm.vision.camera1,vlm,19,bf16_tensor,60992.0,l2,23025760.0,,2642411520.0,114.75892739262461,43.32390346274921,ok,
484,2728813,0,1,7,nvjet_sm110_tst_224x128_64x7_1x2_2cta_h_bz_bias_TNN,"(40, 1, 1)","(256, 1, 1)","Vision: FFN expansion + bias | nvjet_sm110_tst_224x128_64x7_1x2_2cta_h_bz_bias_TNN | grid=(40, 1, 1) block=(256, 1, 1)",vlm.vision.camera1/nvjet_sm110_tst_224x128_64x7_1x2_2cta_h_bz_bias_TNN,vlm.vision.camera1,vlm,19,fp32_simt,60992.0,l2,23025760.0,,3440640.0,0.14942568670914663,0.05641133263378804,ok,
485,2728813,0,1,7,triton_poi_fused_gelu_view_5,"(2152, 1, 1)","(128, 1, 1)","Vision: FFN GELU | triton_poi_fused_gelu_view_5 | grid=(2152, 1, 1) block=(128, 1, 1)",vlm.vision.camera1/triton_poi_fused_gelu_view_5,vlm.vision.camera1,vlm,17,bf16_tensor,23808.000000000004,l2,4462432.0,,0.0,,,zero_counted_flops,
485,2728813,0,1,7,triton_poi_fused_gelu_view_5,"(2152, 1, 1)","(128, 1, 1)","Vision: FFN GELU | triton_poi_fused_gelu_view_5 | grid=(2152, 1, 1) block=(128, 1, 1)",vlm.vision.camera1/triton_poi_fused_gelu_view_5,vlm.vision.camera1,vlm,17,fp32_simt,23808.000000000004,l2,4462432.0,,14403302.0,3.227679883973582,0.6049774025537633,ok,
486,2728813,0,1,7,nvjet_sm110_tst_144x128_64x6_4x1_v_bz_bias_TNN,"(16, 1, 1)","(256, 1, 1)","Vision: FFN contraction + bias | nvjet_sm110_tst_144x128_64x6_4x1_v_bz_bias_TNN | grid=(16, 1, 1) block=(256, 1, 1)",vlm.vision.camera1/nvjet_sm110_tst_144x128_64x6_4x1_v_bz_bias_TNN,vlm.vision.camera1,vlm,18,bf16_tensor,66592.0,l2,24624416.0,,2566914048.0,104.24263657664002,38.54688322921672,ok,
486,2728813,0,1,7,nvjet_sm110_tst_144x128_64x6_4x1_v_bz_bias_TNN,"(16, 1, 1)","(256, 1, 1)","Vision: FFN contraction + bias | nvjet_sm110_tst_144x128_64x6_4x1_v_bz_bias_TNN | grid=(16, 1, 1) block=(256, 1, 1)",vlm.vision.camera1/nvjet_sm110_tst_144x128_64x6_4x1_v_bz_bias_TNN,vlm.vision.camera1,vlm,18,fp32_simt,66592.0,l2,24624416.0,,884736.0,0.03592921757007354,0.013285920230658336,ok,
487,2728813,0,1,7,triton_red_fused_add_native_layer_norm_view_8,"(256, 1, 1)","(64, 1, 1)","Vision: residual/LayerNorm fusion 8 | triton_red_fused_add_native_layer_norm_view_8 | grid=(256, 1, 1) block=(64, 1, 1)",vlm.vision.camera1/triton_red_fused_add_native_layer_norm_view_8,vlm.vision.camera1,vlm,36,bf16_tensor,27616.0,l2,3196512.0,,0.0,,,zero_counted_flops,
487,2728813,0,1,7,triton_red_fused_add_native_layer_norm_view_8,"(256, 1, 1)","(64, 1, 1)","Vision: residual/LayerNorm fusion 8 | triton_red_fused_add_native_layer_norm_view_8 | grid=(256, 1, 1) block=(64, 1, 1)",vlm.vision.camera1/triton_red_fused_add_native_layer_norm_view_8,vlm.vision.camera1,vlm,36,fp32_simt,27616.0,l2,3196512.0,,6619136.0,2.0707371034427524,0.23968482039397448,ok,
488,2728813,0,1,7,nvjet_sm110_tst_128x128_64x6_1x2_h_bz_bias_TNT,"(18, 1, 1)","(256, 1, 1)","Vision: attention Q/K/V/O projections | nvjet_sm110_tst_128x128_64x6_1x2_h_bz_bias_TNT | grid=(18, 1, 1) block=(256, 1, 1)",vlm.vision.camera1/nvjet_sm110_tst_128x128_64x6_1x2_h_bz_bias_TNT,vlm.vision.camera1,vlm,24,bf16_tensor,28192.0,l2,8001344.0,,679477248.0,84.92038937458507,24.1017752553916,ok,
488,2728813,0,1,7,nvjet_sm110_tst_128x128_64x6_1x2_h_bz_bias_TNT,"(18, 1, 1)","(256, 1, 1)","Vision: attention Q/K/V/O projections | nvjet_sm110_tst_128x128_64x6_1x2_h_bz_bias_TNT | grid=(18, 1, 1) block=(256, 1, 1)",vlm.vision.camera1/nvjet_sm110_tst_128x128_64x6_1x2_h_bz_bias_TNT,vlm.vision.camera1,vlm,24,fp32_simt,28192.0,l2,8001344.0,,884736.0,0.11057342366482431,0.03138251986379115,ok,
489,2728813,0,1,7,nvjet_sm110_tst_128x128_64x6_1x2_h_bz_bias_TNT,"(18, 1, 1)","(256, 1, 1)","Vision: attention Q/K/V/O projections | nvjet_sm110_tst_128x128_64x6_1x2_h_bz_bias_TNT | grid=(18, 1, 1) block=(256, 1, 1)",vlm.vision.camera1/nvjet_sm110_tst_128x128_64x6_1x2_h_bz_bias_TNT,vlm.vision.camera1,vlm,24,bf16_tensor,29056.0,l2,7999520.0,,679477248.0,84.93975238514311,23.385092511013216,ok,
489,2728813,0,1,7,nvjet_sm110_tst_128x128_64x6_1x2_h_bz_bias_TNT,"(18, 1, 1)","(256, 1, 1)","Vision: attention Q/K/V/O projections | nvjet_sm110_tst_128x128_64x6_1x2_h_bz_bias_TNT | grid=(18, 1, 1) block=(256, 1, 1)",vlm.vision.camera1/nvjet_sm110_tst_128x128_64x6_1x2_h_bz_bias_TNT,vlm.vision.camera1,vlm,24,fp32_simt,29056.0,l2,7999520.0,,884736.0,0.1105986359181551,0.030449339207048457,ok,
490,2728813,0,1,7,nvjet_sm110_tst_128x128_64x6_1x2_h_bz_bias_TNT,"(18, 1, 1)","(256, 1, 1)","Vision: attention Q/K/V/O projections | nvjet_sm110_tst_128x128_64x6_1x2_h_bz_bias_TNT | grid=(18, 1, 1) block=(256, 1, 1)",vlm.vision.camera1/nvjet_sm110_tst_128x128_64x6_1x2_h_bz_bias_TNT,vlm.vision.camera1,vlm,24,bf16_tensor,30400.0,l2,8003136.0,,679477248.0,84.90137466113283,22.351225263157893,ok,
490,2728813,0,1,7,nvjet_sm110_tst_128x128_64x6_1x2_h_bz_bias_TNT,"(18, 1, 1)","(256, 1, 1)","Vision: attention Q/K/V/O projections | nvjet_sm110_tst_128x128_64x6_1x2_h_bz_bias_TNT | grid=(18, 1, 1) block=(256, 1, 1)",vlm.vision.camera1/nvjet_sm110_tst_128x128_64x6_1x2_h_bz_bias_TNT,vlm.vision.camera1,vlm,24,fp32_simt,30400.0,l2,8003136.0,,884736.0,0.11054866492335004,0.029103157894736845,ok,
491,2728813,0,1,7,"void pytorch_flash::flash_fwd_kernel<Flash_fwd_kernel_traits<96, 128, 64, 4, 0, 0, cutlass::bfloat16_t, Flash_kernel_traits<96, 128, 64, 4, cutlass::bfloat16_t>>, 0, 0, 0, 0, 0, 0, 0, 0>(pytorch_flash::Flash_fwd_params)","(2, 1, 16)","(128, 1, 1)","Vision: FlashAttention | void pytorch_flash::flash_fwd_kernel<Flash_fwd_kernel_traits<96, 128, 64, 4, 0, 0, cutlass::bfloat16_t, Flash_kernel_traits<96, 128, 64, 4, cutlass::bfloat16_t>>, 0, 0, 0, 0, 0, 0, 0, 0>(pytorch_flash::Flash_fwd_params) | grid=(2, 1, 16) block=(128, 1, 1)","vlm.vision.camera1/void pytorch_flash::flash_fwd_kernel<Flash_fwd_kernel_traits<(int)96, (int)128, (int)64, (int)4, (bool)0, (bool)0, cutlass::bfloat16_t, Flash_kernel_traits<(int)96, (int)128, (int)64, (int)4, cutlass::bfloat16_t>>, (bool)0, (bool)0, (bool)0, (bool)0, (bool)0, (bool)0, (bool)0, (bool)0>(pytorch_flash::Flash_fwd_params)",vlm.vision.camera1,vlm,20,bf16_tensor,30816.000000000004,l2,5472192.0,,402653184.0,73.58169888775832,13.066367601246103,ok,
491,2728813,0,1,7,"void pytorch_flash::flash_fwd_kernel<Flash_fwd_kernel_traits<96, 128, 64, 4, 0, 0, cutlass::bfloat16_t, Flash_kernel_traits<96, 128, 64, 4, cutlass::bfloat16_t>>, 0, 0, 0, 0, 0, 0, 0, 0>(pytorch_flash::Flash_fwd_params)","(2, 1, 16)","(128, 1, 1)","Vision: FlashAttention | void pytorch_flash::flash_fwd_kernel<Flash_fwd_kernel_traits<96, 128, 64, 4, 0, 0, cutlass::bfloat16_t, Flash_kernel_traits<96, 128, 64, 4, cutlass::bfloat16_t>>, 0, 0, 0, 0, 0, 0, 0, 0>(pytorch_flash::Flash_fwd_params) | grid=(2, 1, 16) block=(128, 1, 1)","vlm.vision.camera1/void pytorch_flash::flash_fwd_kernel<Flash_fwd_kernel_traits<(int)96, (int)128, (int)64, (int)4, (bool)0, (bool)0, cutlass::bfloat16_t, Flash_kernel_traits<(int)96, (int)128, (int)64, (int)4, cutlass::bfloat16_t>>, (bool)0, (bool)0, (bool)0, (bool)0, (bool)0, (bool)0, (bool)0, (bool)0>(pytorch_flash::Flash_fwd_params)",vlm.vision.camera1,vlm,20,fp32_simt,30816.000000000004,l2,5472192.0,,5079040.0,0.928154567675988,0.16481827622014536,ok,
492,2728813,0,1,7,nvjet_sm110_tst_128x128_64x6_1x2_h_bz_bias_TNT,"(18, 1, 1)","(256, 1, 1)","Vision: attention Q/K/V/O projections | nvjet_sm110_tst_128x128_64x6_1x2_h_bz_bias_TNT | grid=(18, 1, 1) block=(256, 1, 1)",vlm.vision.camera1/nvjet_sm110_tst_128x128_64x6_1x2_h_bz_bias_TNT,vlm.vision.camera1,vlm,24,bf16_tensor,28512.0,l2,8002976.0,,679477248.0,84.90307205719472,23.831272727272726,ok,
492,2728813,0,1,7,nvjet_sm110_tst_128x128_64x6_1x2_h_bz_bias_TNT,"(18, 1, 1)","(256, 1, 1)","Vision: attention Q/K/V/O projections | nvjet_sm110_tst_128x128_64x6_1x2_h_bz_bias_TNT | grid=(18, 1, 1) block=(256, 1, 1)",vlm.vision.camera1/nvjet_sm110_tst_128x128_64x6_1x2_h_bz_bias_TNT,vlm.vision.camera1,vlm,24,fp32_simt,28512.0,l2,8002976.0,,884736.0,0.1105508750744723,0.03103030303030303,ok,
493,2728813,0,1,7,triton_red_fused_add_native_layer_norm_view_9,"(256, 1, 1)","(512, 1, 1)","Vision: residual/LayerNorm fusion 9 | triton_red_fused_add_native_layer_norm_view_9 | grid=(256, 1, 1) block=(512, 1, 1)",vlm.vision.camera1/triton_red_fused_add_native_layer_norm_view_9,vlm.vision.camera1,vlm,37,bf16_tensor,27936.0,l2,4279072.0,,0.0,,,zero_counted_flops,
493,2728813,0,1,7,triton_red_fused_add_native_layer_norm_view_9,"(256, 1, 1)","(512, 1, 1)","Vision: residual/LayerNorm fusion 9 | triton_red_fused_add_native_layer_norm_view_9 | grid=(256, 1, 1) block=(512, 1, 1)",vlm.vision.camera1/triton_red_fused_add_native_layer_norm_view_9,vlm.vision.camera1,vlm,37,fp32_simt,27936.0,l2,4279072.0,,21917664.0,5.122060110229508,0.7845670103092783,ok,
494,2728813,0,1,7,nvjet_sm110_tst_224x128_64x7_1x2_2cta_h_bz_bias_TNN,"(40, 1, 1)","(256, 1, 1)","Vision: FFN expansion + bias | nvjet_sm110_tst_224x128_64x7_1x2_2cta_h_bz_bias_TNN | grid=(40, 1, 1) block=(256, 1, 1)",vlm.vision.camera1/nvjet_sm110_tst_224x128_64x7_1x2_2cta_h_bz_bias_TNN,vlm.vision.camera1,vlm,19,bf16_tensor,56256.00000000001,l2,23389248.0,,2642411520.0,112.97548001543274,46.97119453924914,ok,
494,2728813,0,1,7,nvjet_sm110_tst_224x128_64x7_1x2_2cta_h_bz_bias_TNN,"(40, 1, 1)","(256, 1, 1)","Vision: FFN expansion + bias | nvjet_sm110_tst_224x128_64x7_1x2_2cta_h_bz_bias_TNN | grid=(40, 1, 1) block=(256, 1, 1)",vlm.vision.camera1/nvjet_sm110_tst_224x128_64x7_1x2_2cta_h_bz_bias_TNN,vlm.vision.camera1,vlm,19,fp32_simt,56256.00000000001,l2,23389248.0,,3440640.0,0.14710348960342803,0.06116040955631399,ok,
495,2728813,0,1,7,triton_poi_fused_gelu_view_5,"(2152, 1, 1)","(128, 1, 1)","Vision: FFN GELU | triton_poi_fused_gelu_view_5 | grid=(2152, 1, 1) block=(128, 1, 1)",vlm.vision.camera1/triton_poi_fused_gelu_view_5,vlm.vision.camera1,vlm,17,bf16_tensor,23136.0,l2,4460928.0,,0.0,,,zero_counted_flops,
495,2728813,0,1,7,triton_poi_fused_gelu_view_5,"(2152, 1, 1)","(128, 1, 1)","Vision: FFN GELU | triton_poi_fused_gelu_view_5 | grid=(2152, 1, 1) block=(128, 1, 1)",vlm.vision.camera1/triton_poi_fused_gelu_view_5,vlm.vision.camera1,vlm,17,fp32_simt,23136.0,l2,4460928.0,,14359958.0,3.2190517309402886,0.6206759163208853,ok,
496,2728813,0,1,7,nvjet_sm110_tst_144x128_64x6_4x1_v_bz_bias_TNN,"(16, 1, 1)","(256, 1, 1)","Vision: FFN contraction + bias | nvjet_sm110_tst_144x128_64x6_4x1_v_bz_bias_TNN | grid=(16, 1, 1) block=(256, 1, 1)",vlm.vision.camera1/nvjet_sm110_tst_144x128_64x6_4x1_v_bz_bias_TNN,vlm.vision.camera1,vlm,18,bf16_tensor,66240.0,l2,24620704.0,,2566914048.0,104.2583529699232,38.75172173913043,ok,
496,2728813,0,1,7,nvjet_sm110_tst_144x128_64x6_4x1_v_bz_bias_TNN,"(16, 1, 1)","(256, 1, 1)","Vision: FFN contraction + bias | nvjet_sm110_tst_144x128_64x6_4x1_v_bz_bias_TNN | grid=(16, 1, 1) block=(256, 1, 1)",vlm.vision.camera1/nvjet_sm110_tst_144x128_64x6_4x1_v_bz_bias_TNN,vlm.vision.camera1,vlm,18,fp32_simt,66240.0,l2,24620704.0,,884736.0,0.03593463452547904,0.013356521739130434,ok,
497,2728813,0,1,7,triton_red_fused_add_native_layer_norm_view_6,"(128, 1, 1)","(128, 1, 1)","Vision: residual/LayerNorm fusion 6 | triton_red_fused_add_native_layer_norm_view_6 | grid=(128, 1, 1) block=(128, 1, 1)",vlm.vision.camera1/triton_red_fused_add_native_layer_norm_view_6,vlm.vision.camera1,vlm,34,bf16_tensor,21056.0,l2,1915840.0,,0.0,,,zero_counted_flops,
497,2728813,0,1,7,triton_red_fused_add_native_layer_norm_view_6,"(128, 1, 1)","(128, 1, 1)","Vision: residual/LayerNorm fusion 6 | triton_red_fused_add_native_layer_norm_view_6 | grid=(128, 1, 1) block=(128, 1, 1)",vlm.vision.camera1/triton_red_fused_add_native_layer_norm_view_6,vlm.vision.camera1,vlm,34,fp32_simt,21056.0,l2,1915840.0,,5199432.0,2.713917654918991,0.24693351063829788,ok,
498,2728813,0,1,7,nvjet_sm110_tst_128x128_64x6_1x2_h_bz_bias_TNT,"(18, 1, 1)","(256, 1, 1)","Vision: attention Q/K/V/O projections | nvjet_sm110_tst_128x128_64x6_1x2_h_bz_bias_TNT | grid=(18, 1, 1) block=(256, 1, 1)",vlm.vision.camera1/nvjet_sm110_tst_128x128_64x6_1x2_h_bz_bias_TNT,vlm.vision.camera1,vlm,24,bf16_tensor,30048.0,l2,8002240.0,,679477248.0,84.91088095333306,22.613060702875398,ok,
498,2728813,0,1,7,nvjet_sm110_tst_128x128_64x6_1x2_h_bz_bias_TNT,"(18, 1, 1)","(256, 1, 1)","Vision: attention Q/K/V/O projections | nvjet_sm110_tst_128x128_64x6_1x2_h_bz_bias_TNT | grid=(18, 1, 1) block=(256, 1, 1)",vlm.vision.camera1/nvjet_sm110_tst_128x128_64x6_1x2_h_bz_bias_TNT,vlm.vision.camera1,vlm,24,fp32_simt,30048.0,l2,8002240.0,,884736.0,0.11056104290798577,0.029444089456869008,ok,
499,2728813,0,1,7,nvjet_sm110_tst_128x128_64x6_1x2_h_bz_bias_TNT,"(18, 1, 1)","(256, 1, 1)","Vision: attention Q/K/V/O projections | nvjet_sm110_tst_128x128_64x6_1x2_h_bz_bias_TNT | grid=(18, 1, 1) block=(256, 1, 1)",vlm.vision.camera1/nvjet_sm110_tst_128x128_64x6_1x2_h_bz_bias_TNT,vlm.vision.camera1,vlm,24,bf16_tensor,27808.000000000004,l2,7999296.0,,679477248.0,84.94213090751987,24.434596087456843,ok,
499,2728813,0,1,7,nvjet_sm110_tst_128x128_64x6_1x2_h_bz_bias_TNT,"(18, 1, 1)","(256, 1, 1)","Vision: attention Q/K/V/O projections | nvjet_sm110_tst_128x128_64x6_1x2_h_bz_bias_TNT | grid=(18, 1, 1) block=(256, 1, 1)",vlm.vision.camera1/nvjet_sm110_tst_128x128_64x6_1x2_h_bz_bias_TNT,vlm.vision.camera1,vlm,24,fp32_simt,27808.000000000004,l2,7999296.0,,884736.0,0.11060173295249982,0.03181588032220944,ok,
500,2728813,0,1,7,nvjet_sm110_tst_128x128_64x6_1x2_h_bz_bias_TNT,"(18, 1, 1)","(256, 1, 1)","Vision: attention Q/K/V/O projections | nvjet_sm110_tst_128x128_64x6_1x2_h_bz_bias_TNT | grid=(18, 1, 1) block=(256, 1, 1)",vlm.vision.camera1/nvjet_sm110_tst_128x128_64x6_1x2_h_bz_bias_TNT,vlm.vision.camera1,vlm,24,bf16_tensor,27232.000000000004,l2,7998496.0,,679477248.0,84.95062671782296,24.951426556991773,ok,
500,2728813,0,1,7,nvjet_sm110_tst_128x128_64x6_1x2_h_bz_bias_TNT,"(18, 1, 1)","(256, 1, 1)","Vision: attention Q/K/V/O projections | nvjet_sm110_tst_128x128_64x6_1x2_h_bz_bias_TNT | grid=(18, 1, 1) block=(256, 1, 1)",vlm.vision.camera1/nvjet_sm110_tst_128x128_64x6_1x2_h_bz_bias_TNT,vlm.vision.camera1,vlm,24,fp32_simt,27232.000000000004,l2,7998496.0,,884736.0,0.11061279520549863,0.0324888366627497,ok,
501,2728813,0,1,7,"void pytorch_flash::flash_fwd_kernel<Flash_fwd_kernel_traits<96, 128, 64, 4, 0, 0, cutlass::bfloat16_t, Flash_kernel_traits<96, 128, 64, 4, cutlass::bfloat16_t>>, 0, 0, 0, 0, 0, 0, 0, 0>(pytorch_flash::Flash_fwd_params)","(2, 1, 16)","(128, 1, 1)","Vision: FlashAttention | void pytorch_flash::flash_fwd_kernel<Flash_fwd_kernel_traits<96, 128, 64, 4, 0, 0, cutlass::bfloat16_t, Flash_kernel_traits<96, 128, 64, 4, cutlass::bfloat16_t>>, 0, 0, 0, 0, 0, 0, 0, 0>(pytorch_flash::Flash_fwd_params) | grid=(2, 1, 16) block=(128, 1, 1)","vlm.vision.camera1/void pytorch_flash::flash_fwd_kernel<Flash_fwd_kernel_traits<(int)96, (int)128, (int)64, (int)4, (bool)0, (bool)0, cutlass::bfloat16_t, Flash_kernel_traits<(int)96, (int)128, (int)64, (int)4, cutlass::bfloat16_t>>, (bool)0, (bool)0, (bool)0, (bool)0, (bool)0, (bool)0, (bool)0, (bool)0>(pytorch_flash::Flash_fwd_params)",vlm.vision.camera1,vlm,20,bf16_tensor,30752.0,l2,5477792.0,,402653184.0,73.50647560184834,13.09356087408949,ok,
501,2728813,0,1,7,"void pytorch_flash::flash_fwd_kernel<Flash_fwd_kernel_traits<96, 128, 64, 4, 0, 0, cutlass::bfloat16_t, Flash_kernel_traits<96, 128, 64, 4, cutlass::bfloat16_t>>, 0, 0, 0, 0, 0, 0, 0, 0>(pytorch_flash::Flash_fwd_params)","(2, 1, 16)","(128, 1, 1)","Vision: FlashAttention | void pytorch_flash::flash_fwd_kernel<Flash_fwd_kernel_traits<96, 128, 64, 4, 0, 0, cutlass::bfloat16_t, Flash_kernel_traits<96, 128, 64, 4, cutlass::bfloat16_t>>, 0, 0, 0, 0, 0, 0, 0, 0>(pytorch_flash::Flash_fwd_params) | grid=(2, 1, 16) block=(128, 1, 1)","vlm.vision.camera1/void pytorch_flash::flash_fwd_kernel<Flash_fwd_kernel_traits<(int)96, (int)128, (int)64, (int)4, (bool)0, (bool)0, cutlass::bfloat16_t, Flash_kernel_traits<(int)96, (int)128, (int)64, (int)4, cutlass::bfloat16_t>>, (bool)0, (bool)0, (bool)0, (bool)0, (bool)0, (bool)0, (bool)0, (bool)0>(pytorch_flash::Flash_fwd_params)",vlm.vision.camera1,vlm,20,fp32_simt,30752.0,l2,5477792.0,,5079040.0,0.9272057062407627,0.16516129032258065,ok,
502,2728813,0,1,7,nvjet_sm110_tst_128x128_64x6_1x2_h_bz_bias_TNT,"(18, 1, 1)","(256, 1, 1)","Vision: attention Q/K/V/O projections | nvjet_sm110_tst_128x128_64x6_1x2_h_bz_bias_TNT | grid=(18, 1, 1) block=(256, 1, 1)",vlm.vision.camera1/nvjet_sm110_tst_128x128_64x6_1x2_h_bz_bias_TNT,vlm.vision.camera1,vlm,24,bf16_tensor,27072.0,l2,7999168.0,,679477248.0,84.94349012297279,25.09889361702128,ok,
502,2728813,0,1,7,nvjet_sm110_tst_128x128_64x6_1x2_h_bz_bias_TNT,"(18, 1, 1)","(256, 1, 1)","Vision: attention Q/K/V/O projections | nvjet_sm110_tst_128x128_64x6_1x2_h_bz_bias_TNT | grid=(18, 1, 1) block=(256, 1, 1)",vlm.vision.camera1/nvjet_sm110_tst_128x128_64x6_1x2_h_bz_bias_TNT,vlm.vision.camera1,vlm,24,fp32_simt,27072.0,l2,7999168.0,,884736.0,0.11060350276428749,0.032680851063829786,ok,
503,2728813,0,1,7,triton_red_fused_add_native_layer_norm_view_7,"(256, 1, 1)","(64, 1, 1)","Vision: residual/LayerNorm fusion 7 | triton_red_fused_add_native_layer_norm_view_7 | grid=(256, 1, 1) block=(64, 1, 1)",vlm.vision.camera1/triton_red_fused_add_native_layer_norm_view_7,vlm.vision.camera1,vlm,35,bf16_tensor,22048.000000000004,l2,2562560.0,,0.0,,,zero_counted_flops,
503,2728813,0,1,7,triton_red_fused_add_native_layer_norm_view_7,"(256, 1, 1)","(64, 1, 1)","Vision: residual/LayerNorm fusion 7 | triton_red_fused_add_native_layer_norm_view_7 | grid=(256, 1, 1) block=(64, 1, 1)",vlm.vision.camera1/triton_red_fused_add_native_layer_norm_view_7,vlm.vision.camera1,vlm,35,fp32_simt,22048.000000000004,l2,2562560.0,,5391328.0,2.1038836163836163,0.24452685050798253,ok,
504,2728813,0,1,7,nvjet_sm110_tst_224x128_64x7_1x2_2cta_h_bz_bias_TNN,"(40, 1, 1)","(256, 1, 1)","Vision: FFN expansion + bias | nvjet_sm110_tst_224x128_64x7_1x2_2cta_h_bz_bias_TNN | grid=(40, 1, 1) block=(256, 1, 1)",vlm.vision.camera1/nvjet_sm110_tst_224x128_64x7_1x2_2cta_h_bz_bias_TNN,vlm.vision.camera1,vlm,19,bf16_tensor,59744.0,l2,23382240.0,,2642411520.0,113.0093404224745,44.22890198178896,ok,
504,2728813,0,1,7,nvjet_sm110_tst_224x128_64x7_1x2_2cta_h_bz_bias_TNN,"(40, 1, 1)","(256, 1, 1)","Vision: FFN expansion + bias | nvjet_sm110_tst_224x128_64x7_1x2_2cta_h_bz_bias_TNN | grid=(40, 1, 1) block=(256, 1, 1)",vlm.vision.camera1/nvjet_sm110_tst_224x128_64x7_1x2_2cta_h_bz_bias_TNN,vlm.vision.camera1,vlm,19,fp32_simt,59744.0,l2,23382240.0,,3440640.0,0.147147578675097,0.05758971612212105,ok,
505,2728813,0,1,7,triton_poi_fused_gelu_view_5,"(2152, 1, 1)","(128, 1, 1)","Vision: FFN GELU | triton_poi_fused_gelu_view_5 | grid=(2152, 1, 1) block=(128, 1, 1)",vlm.vision.camera1/triton_poi_fused_gelu_view_5,vlm.vision.camera1,vlm,17,bf16_tensor,21888.0,l2,4457856.0,,0.0,,,zero_counted_flops,
505,2728813,0,1,7,triton_poi_fused_gelu_view_5,"(2152, 1, 1)","(128, 1, 1)","Vision: FFN GELU | triton_poi_fused_gelu_view_5 | grid=(2152, 1, 1) block=(128, 1, 1)",vlm.vision.camera1/triton_poi_fused_gelu_view_5,vlm.vision.camera1,vlm,17,fp32_simt,21888.0,l2,4457856.0,,14346560.0,3.2182645648491115,0.6554532163742689,ok,
506,2728813,0,1,7,nvjet_sm110_tst_144x128_64x6_4x1_v_bz_bias_TNN,"(16, 1, 1)","(256, 1, 1)","Vision: FFN contraction + bias | nvjet_sm110_tst_144x128_64x6_4x1_v_bz_bias_TNN | grid=(16, 1, 1) block=(256, 1, 1)",vlm.vision.camera1/nvjet_sm110_tst_144x128_64x6_4x1_v_bz_bias_TNN,vlm.vision.camera1,vlm,18,bf16_tensor,81696.0,l2,24634464.0,,2566914048.0,104.20011768877943,31.420314923619273,ok,
506,2728813,0,1,7,nvjet_sm110_tst_144x128_64x6_4x1_v_bz_bias_TNN,"(16, 1, 1)","(256, 1, 1)","Vision: FFN contraction + bias | nvjet_sm110_tst_144x128_64x6_4x1_v_bz_bias_TNN | grid=(16, 1, 1) block=(256, 1, 1)",vlm.vision.camera1/nvjet_sm110_tst_144x128_64x6_4x1_v_bz_bias_TNN,vlm.vision.camera1,vlm,18,fp32_simt,81696.0,l2,24634464.0,,884736.0,0.03591456262251129,0.010829612220916569,ok,
507,2728813,0,1,7,triton_red_fused_add_native_layer_norm_view_8,"(256, 1, 1)","(64, 1, 1)","Vision: residual/LayerNorm fusion 8 | triton_red_fused_add_native_layer_norm_view_8 | grid=(256, 1, 1) block=(64, 1, 1)",vlm.vision.camera1/triton_red_fused_add_native_layer_norm_view_8,vlm.vision.camera1,vlm,36,bf16_tensor,25152.000000000004,l2,3215648.0,,0.0,,,zero_counted_flops,
507,2728813,0,1,7,triton_red_fused_add_native_layer_norm_view_8,"(256, 1, 1)","(64, 1, 1)","Vision: residual/LayerNorm fusion 8 | triton_red_fused_add_native_layer_norm_view_8 | grid=(256, 1, 1) block=(64, 1, 1)",vlm.vision.camera1/triton_red_fused_add_native_layer_norm_view_8,vlm.vision.camera1,vlm,36,fp32_simt,25152.000000000004,l2,3215648.0,,6619136.0,2.05841435380987,0.26316539440203557,ok,
508,2728813,0,1,7,nvjet_sm110_tst_128x128_64x6_1x2_h_bz_bias_TNT,"(18, 1, 1)","(256, 1, 1)","Vision: attention Q/K/V/O projections | nvjet_sm110_tst_128x128_64x6_1x2_h_bz_bias_TNT | grid=(18, 1, 1) block=(256, 1, 1)",vlm.vision.camera1/nvjet_sm110_tst_128x128_64x6_1x2_h_bz_bias_TNT,vlm.vision.camera1,vlm,24,bf16_tensor,29440.000000000004,l2,8000352.0,,679477248.0,84.93091903956226,23.08006956521739,ok,
508,2728813,0,1,7,nvjet_sm110_tst_128x128_64x6_1x2_h_bz_bias_TNT,"(18, 1, 1)","(256, 1, 1)","Vision: attention Q/K/V/O projections | nvjet_sm110_tst_128x128_64x6_1x2_h_bz_bias_TNT | grid=(18, 1, 1) block=(256, 1, 1)",vlm.vision.camera1/nvjet_sm110_tst_128x128_64x6_1x2_h_bz_bias_TNT,vlm.vision.camera1,vlm,24,fp32_simt,29440.000000000004,l2,8000352.0,,884736.0,0.1105871341660967,0.030052173913043476,ok,
509,2728813,0,1,7,nvjet_sm110_tst_128x128_64x6_1x2_h_bz_bias_TNT,"(18, 1, 1)","(256, 1, 1)","Vision: attention Q/K/V/O projections | nvjet_sm110_tst_128x128_64x6_1x2_h_bz_bias_TNT | grid=(18, 1, 1) block=(256, 1, 1)",vlm.vision.camera1/nvjet_sm110_tst_128x128_64x6_1x2_h_bz_bias_TNT,vlm.vision.camera1,vlm,24,bf16_tensor,27712.0,l2,8003584.0,,679477248.0,84.89662231320368,24.51924249422633,ok,
509,2728813,0,1,7,nvjet_sm110_tst_128x128_64x6_1x2_h_bz_bias_TNT,"(18, 1, 1)","(256, 1, 1)","Vision: attention Q/K/V/O projections | nvjet_sm110_tst_128x128_64x6_1x2_h_bz_bias_TNT | grid=(18, 1, 1) block=(256, 1, 1)",vlm.vision.camera1/nvjet_sm110_tst_128x128_64x6_1x2_h_bz_bias_TNT,vlm.vision.camera1,vlm,24,fp32_simt,27712.0,l2,8003584.0,,884736.0,0.1105424769703173,0.03192609699769053,ok,
510,2728813,0,1,7,nvjet_sm110_tst_128x128_64x6_1x2_h_bz_bias_TNT,"(18, 1, 1)","(256, 1, 1)","Vision: attention Q/K/V/O projections | nvjet_sm110_tst_128x128_64x6_1x2_h_bz_bias_TNT | grid=(18, 1, 1) block=(256, 1, 1)",vlm.vision.camera1/nvjet_sm110_tst_128x128_64x6_1x2_h_bz_bias_TNT,vlm.vision.camera1,vlm,24,bf16_tensor,29408.0,l2,8002272.0,,679477248.0,84.91054140624063,23.10518389553863,ok,
510,2728813,0,1,7,nvjet_sm110_tst_128x128_64x6_1x2_h_bz_bias_TNT,"(18, 1, 1)","(256, 1, 1)","Vision: attention Q/K/V/O projections | nvjet_sm110_tst_128x128_64x6_1x2_h_bz_bias_TNT | grid=(18, 1, 1) block=(256, 1, 1)",vlm.vision.camera1/nvjet_sm110_tst_128x128_64x6_1x2_h_bz_bias_TNT,vlm.vision.camera1,vlm,24,fp32_simt,29408.0,l2,8002272.0,,884736.0,0.11056060078937582,0.03008487486398259,ok,
511,2728813,0,1,7,"void pytorch_flash::flash_fwd_kernel<Flash_fwd_kernel_traits<96, 128, 64, 4, 0, 0, cutlass::bfloat16_t, Flash_kernel_traits<96, 128, 64, 4, cutlass::bfloat16_t>>, 0, 0, 0, 0, 0, 0, 0, 0>(pytorch_flash::Flash_fwd_params)","(2, 1, 16)","(128, 1, 1)","Vision: FlashAttention | void pytorch_flash::flash_fwd_kernel<Flash_fwd_kernel_traits<96, 128, 64, 4, 0, 0, cutlass::bfloat16_t, Flash_kernel_traits<96, 128, 64, 4, cutlass::bfloat16_t>>, 0, 0, 0, 0, 0, 0, 0, 0>(pytorch_flash::Flash_fwd_params) | grid=(2, 1, 16) block=(128, 1, 1)","vlm.vision.camera1/void pytorch_flash::flash_fwd_kernel<Flash_fwd_kernel_traits<(int)96, (int)128, (int)64, (int)4, (bool)0, (bool)0, cutlass::bfloat16_t, Flash_kernel_traits<(int)96, (int)128, (int)64, (int)4, cutlass::bfloat16_t>>, (bool)0, (bool)0, (bool)0, (bool)0, (bool)0, (bool)0, (bool)0, (bool)0>(pytorch_flash::Flash_fwd_params)",vlm.vision.camera1,vlm,20,bf16_tensor,32608.000000000004,l2,5482432.0,,402653184.0,73.4442641513839,12.348294406280665,ok,
511,2728813,0,1,7,"void pytorch_flash::flash_fwd_kernel<Flash_fwd_kernel_traits<96, 128, 64, 4, 0, 0, cutlass::bfloat16_t, Flash_kernel_traits<96, 128, 64, 4, cutlass::bfloat16_t>>, 0, 0, 0, 0, 0, 0, 0, 0>(pytorch_flash::Flash_fwd_params)","(2, 1, 16)","(128, 1, 1)","Vision: FlashAttention | void pytorch_flash::flash_fwd_kernel<Flash_fwd_kernel_traits<96, 128, 64, 4, 0, 0, cutlass::bfloat16_t, Flash_kernel_traits<96, 128, 64, 4, cutlass::bfloat16_t>>, 0, 0, 0, 0, 0, 0, 0, 0>(pytorch_flash::Flash_fwd_params) | grid=(2, 1, 16) block=(128, 1, 1)","vlm.vision.camera1/void pytorch_flash::flash_fwd_kernel<Flash_fwd_kernel_traits<(int)96, (int)128, (int)64, (int)4, (bool)0, (bool)0, cutlass::bfloat16_t, Flash_kernel_traits<(int)96, (int)128, (int)64, (int)4, cutlass::bfloat16_t>>, (bool)0, (bool)0, (bool)0, (bool)0, (bool)0, (bool)0, (bool)0, (bool)0>(pytorch_flash::Flash_fwd_params)",vlm.vision.camera1,vlm,20,fp32_simt,32608.000000000004,l2,5482432.0,,5079040.0,0.9264209752168381,0.15576054955839055,ok,
512,2728813,0,1,7,nvjet_sm110_tst_128x128_64x6_1x2_h_bz_bias_TNT,"(18, 1, 1)","(256, 1, 1)","Vision: attention Q/K/V/O projections | nvjet_sm110_tst_128x128_64x6_1x2_h_bz_bias_TNT | grid=(18, 1, 1) block=(256, 1, 1)",vlm.vision.camera1/nvjet_sm110_tst_128x128_64x6_1x2_h_bz_bias_TNT,vlm.vision.camera1,vlm,24,bf16_tensor,27936.0,l2,8001632.0,,679477248.0,84.91733286409573,24.32263917525773,ok,
512,2728813,0,1,7,nvjet_sm110_tst_128x128_64x6_1x2_h_bz_bias_TNT,"(18, 1, 1)","(256, 1, 1)","Vision: attention Q/K/V/O projections | nvjet_sm110_tst_128x128_64x6_1x2_h_bz_bias_TNT | grid=(18, 1, 1) block=(256, 1, 1)",vlm.vision.camera1/nvjet_sm110_tst_128x128_64x6_1x2_h_bz_bias_TNT,vlm.vision.camera1,vlm,24,fp32_simt,27936.0,l2,8001632.0,,884736.0,0.11056944383345797,0.0316701030927835,ok,
513,2728813,0,1,7,triton_red_fused_add_native_layer_norm_view_9,"(256, 1, 1)","(512, 1, 1)","Vision: residual/LayerNorm fusion 9 | triton_red_fused_add_native_layer_norm_view_9 | grid=(256, 1, 1) block=(512, 1, 1)",vlm.vision.camera1/triton_red_fused_add_native_layer_norm_view_9,vlm.vision.camera1,vlm,37,bf16_tensor,28416.0,l2,4272832.0,,0.0,,,zero_counted_flops,
513,2728813,0,1,7,triton_red_fused_add_native_layer_norm_view_9,"(256, 1, 1)","(512, 1, 1)","Vision: residual/LayerNorm fusion 9 | triton_red_fused_add_native_layer_norm_view_9 | grid=(256, 1, 1) block=(512, 1, 1)",vlm.vision.camera1/triton_red_fused_add_native_layer_norm_view_9,vlm.vision.camera1,vlm,37,fp32_simt,28416.0,l2,4272832.0,,21904704.0,5.1265071971001905,0.7708581081081082,ok,
514,2728813,0,1,7,nvjet_sm110_tst_224x128_64x7_1x2_2cta_h_bz_bias_TNN,"(40, 1, 1)","(256, 1, 1)","Vision: FFN expansion + bias | nvjet_sm110_tst_224x128_64x7_1x2_2cta_h_bz_bias_TNN | grid=(40, 1, 1) block=(256, 1, 1)",vlm.vision.camera1/nvjet_sm110_tst_224x128_64x7_1x2_2cta_h_bz_bias_TNN,vlm.vision.camera1,vlm,19,bf16_tensor,58656.0,l2,23124288.0,,2642411520.0,114.2699623875987,45.04929623567921,ok,
514,2728813,0,1,7,nvjet_sm110_tst_224x128_64x7_1x2_2cta_h_bz_bias_TNN,"(40, 1, 1)","(256, 1, 1)","Vision: FFN expansion + bias | nvjet_sm110_tst_224x128_64x7_1x2_2cta_h_bz_bias_TNN | grid=(40, 1, 1) block=(256, 1, 1)",vlm.vision.camera1/nvjet_sm110_tst_224x128_64x7_1x2_2cta_h_bz_bias_TNN,vlm.vision.camera1,vlm,19,fp32_simt,58656.0,l2,23124288.0,,3440640.0,0.14878901352551915,0.05865793780687398,ok,
515,2728813,0,1,7,triton_poi_fused_gelu_view_5,"(2152, 1, 1)","(128, 1, 1)","Vision: FFN GELU | triton_poi_fused_gelu_view_5 | grid=(2152, 1, 1) block=(128, 1, 1)",vlm.vision.camera1/triton_poi_fused_gelu_view_5,vlm.vision.camera1,vlm,17,bf16_tensor,25472.000000000004,l2,4461376.0,,0.0,,,zero_counted_flops,
515,2728813,0,1,7,triton_poi_fused_gelu_view_5,"(2152, 1, 1)","(128, 1, 1)","Vision: FFN GELU | triton_poi_fused_gelu_view_5 | grid=(2152, 1, 1) block=(128, 1, 1)",vlm.vision.camera1/triton_poi_fused_gelu_view_5,vlm.vision.camera1,vlm,17,fp32_simt,25472.000000000004,l2,4461376.0,,14336200.0,3.21340321909653,0.5628219221105527,ok,
516,2728813,0,1,7,nvjet_sm110_tst_144x128_64x6_4x1_v_bz_bias_TNN,"(16, 1, 1)","(256, 1, 1)","Vision: FFN contraction + bias | nvjet_sm110_tst_144x128_64x6_4x1_v_bz_bias_TNN | grid=(16, 1, 1) block=(256, 1, 1)",vlm.vision.camera1/nvjet_sm110_tst_144x128_64x6_4x1_v_bz_bias_TNN,vlm.vision.camera1,vlm,18,bf16_tensor,70944.0,l2,24651936.0,,2566914048.0,104.12626610745704,36.18225710419486,ok,
516,2728813,0,1,7,nvjet_sm110_tst_144x128_64x6_4x1_v_bz_bias_TNN,"(16, 1, 1)","(256, 1, 1)","Vision: FFN contraction + bias | nvjet_sm110_tst_144x128_64x6_4x1_v_bz_bias_TNN | grid=(16, 1, 1) block=(256, 1, 1)",vlm.vision.camera1/nvjet_sm110_tst_144x128_64x6_4x1_v_bz_bias_TNN,vlm.vision.camera1,vlm,18,fp32_simt,70944.0,l2,24651936.0,,884736.0,0.03588910826314006,0.012470906630581867,ok,
517,2728813,0,1,7,triton_red_fused_add_native_layer_norm_view_6,"(128, 1, 1)","(128, 1, 1)","Vision: residual/LayerNorm fusion 6 | triton_red_fused_add_native_layer_norm_view_6 | grid=(128, 1, 1) block=(128, 1, 1)",vlm.vision.camera1/triton_red_fused_add_native_layer_norm_view_6,vlm.vision.camera1,vlm,34,bf16_tensor,22016.0,l2,1926560.0,,0.0,,,zero_counted_flops,
517,2728813,0,1,7,triton_red_fused_add_native_layer_norm_view_6,"(128, 1, 1)","(128, 1, 1)","Vision: residual/LayerNorm fusion 6 | triton_red_fused_add_native_layer_norm_view_6 | grid=(128, 1, 1) block=(128, 1, 1)",vlm.vision.camera1/triton_red_fused_add_native_layer_norm_view_6,vlm.vision.camera1,vlm,34,fp32_simt,22016.0,l2,1926560.0,,5217640.0,2.708267585748692,0.23699309593023254,ok,
518,2728813,0,1,7,nvjet_sm110_tst_128x128_64x6_1x2_h_bz_bias_TNT,"(18, 1, 1)","(256, 1, 1)","Vision: attention Q/K/V/O projections | nvjet_sm110_tst_128x128_64x6_1x2_h_bz_bias_TNT | grid=(18, 1, 1) block=(256, 1, 1)",vlm.vision.camera1/nvjet_sm110_tst_128x128_64x6_1x2_h_bz_bias_TNT,vlm.vision.camera1,vlm,24,bf16_tensor,29088.000000000004,l2,8002176.0,,679477248.0,84.91156005566486,23.35936633663366,ok,
518,2728813,0,1,7,nvjet_sm110_tst_128x128_64x6_1x2_h_bz_bias_TNT,"(18, 1, 1)","(256, 1, 1)","Vision: attention Q/K/V/O projections | nvjet_sm110_tst_128x128_64x6_1x2_h_bz_bias_TNT | grid=(18, 1, 1) block=(256, 1, 1)",vlm.vision.camera1/nvjet_sm110_tst_128x128_64x6_1x2_h_bz_bias_TNT,vlm.vision.camera1,vlm,24,fp32_simt,29088.000000000004,l2,8002176.0,,884736.0,0.11056192715581362,0.03041584158415841,ok,
519,2728813,0,1,7,nvjet_sm110_tst_128x128_64x6_1x2_h_bz_bias_TNT,"(18, 1, 1)","(256, 1, 1)","Vision: attention Q/K/V/O projections | nvjet_sm110_tst_128x128_64x6_1x2_h_bz_bias_TNT | grid=(18, 1, 1) block=(256, 1, 1)",vlm.vision.camera1/nvjet_sm110_tst_128x128_64x6_1x2_h_bz_bias_TNT,vlm.vision.camera1,vlm,24,bf16_tensor,27168.0,l2,8011360.0,,679477248.0,84.81421980787282,25.010204946996463,ok,
519,2728813,0,1,7,nvjet_sm110_tst_128x128_64x6_1x2_h_bz_bias_TNT,"(18, 1, 1)","(256, 1, 1)","Vision: attention Q/K/V/O projections | nvjet_sm110_tst_128x128_64x6_1x2_h_bz_bias_TNT | grid=(18, 1, 1) block=(256, 1, 1)",vlm.vision.camera1/nvjet_sm110_tst_128x128_64x6_1x2_h_bz_bias_TNT,vlm.vision.camera1,vlm,24,fp32_simt,27168.0,l2,8011360.0,,884736.0,0.11043518204150107,0.03256537102473498,ok,
520,2728813,0,1,7,nvjet_sm110_tst_128x128_64x6_1x2_h_bz_bias_TNT,"(18, 1, 1)","(256, 1, 1)","Vision: attention Q/K/V/O projections | nvjet_sm110_tst_128x128_64x6_1x2_h_bz_bias_TNT | grid=(18, 1, 1) block=(256, 1, 1)",vlm.vision.camera1/nvjet_sm110_tst_128x128_64x6_1x2_h_bz_bias_TNT,vlm.vision.camera1,vlm,24,bf16_tensor,30496.0,l2,7997632.0,,679477248.0,84.95980410201419,22.28086463798531,ok,
520,2728813,0,1,7,nvjet_sm110_tst_128x128_64x6_1x2_h_bz_bias_TNT,"(18, 1, 1)","(256, 1, 1)","Vision: attention Q/K/V/O projections | nvjet_sm110_tst_128x128_64x6_1x2_h_bz_bias_TNT | grid=(18, 1, 1) block=(256, 1, 1)",vlm.vision.camera1/nvjet_sm110_tst_128x128_64x6_1x2_h_bz_bias_TNT,vlm.vision.camera1,vlm,24,fp32_simt,30496.0,l2,7997632.0,,884736.0,0.11062474492449766,0.029011542497376704,ok,
521,2728813,0,1,7,"void pytorch_flash::flash_fwd_kernel<Flash_fwd_kernel_traits<96, 128, 64, 4, 0, 0, cutlass::bfloat16_t, Flash_kernel_traits<96, 128, 64, 4, cutlass::bfloat16_t>>, 0, 0, 0, 0, 0, 0, 0, 0>(pytorch_flash::Flash_fwd_params)","(2, 1, 16)","(128, 1, 1)","Vision: FlashAttention | void pytorch_flash::flash_fwd_kernel<Flash_fwd_kernel_traits<96, 128, 64, 4, 0, 0, cutlass::bfloat16_t, Flash_kernel_traits<96, 128, 64, 4, cutlass::bfloat16_t>>, 0, 0, 0, 0, 0, 0, 0, 0>(pytorch_flash::Flash_fwd_params) | grid=(2, 1, 16) block=(128, 1, 1)","vlm.vision.camera1/void pytorch_flash::flash_fwd_kernel<Flash_fwd_kernel_traits<(int)96, (int)128, (int)64, (int)4, (bool)0, (bool)0, cutlass::bfloat16_t, Flash_kernel_traits<(int)96, (int)128, (int)64, (int)4, cutlass::bfloat16_t>>, (bool)0, (bool)0, (bool)0, (bool)0, (bool)0, (bool)0, (bool)0, (bool)0>(pytorch_flash::Flash_fwd_params)",vlm.vision.camera1,vlm,20,bf16_tensor,30112.000000000004,l2,5483072.0,,402653184.0,73.43569152475109,13.371851222104143,ok,
521,2728813,0,1,7,"void pytorch_flash::flash_fwd_kernel<Flash_fwd_kernel_traits<96, 128, 64, 4, 0, 0, cutlass::bfloat16_t, Flash_kernel_traits<96, 128, 64, 4, cutlass::bfloat16_t>>, 0, 0, 0, 0, 0, 0, 0, 0>(pytorch_flash::Flash_fwd_params)","(2, 1, 16)","(128, 1, 1)","Vision: FlashAttention | void pytorch_flash::flash_fwd_kernel<Flash_fwd_kernel_traits<96, 128, 64, 4, 0, 0, cutlass::bfloat16_t, Flash_kernel_traits<96, 128, 64, 4, cutlass::bfloat16_t>>, 0, 0, 0, 0, 0, 0, 0, 0>(pytorch_flash::Flash_fwd_params) | grid=(2, 1, 16) block=(128, 1, 1)","vlm.vision.camera1/void pytorch_flash::flash_fwd_kernel<Flash_fwd_kernel_traits<(int)96, (int)128, (int)64, (int)4, (bool)0, (bool)0, cutlass::bfloat16_t, Flash_kernel_traits<(int)96, (int)128, (int)64, (int)4, cutlass::bfloat16_t>>, (bool)0, (bool)0, (bool)0, (bool)0, (bool)0, (bool)0, (bool)0, (bool)0>(pytorch_flash::Flash_fwd_params)",vlm.vision.camera1,vlm,20,fp32_simt,30112.000000000004,l2,5483072.0,,5079040.0,0.9263128406849299,0.16867162592986185,ok,
522,2728813,0,1,7,nvjet_sm110_tst_128x128_64x6_1x2_h_bz_bias_TNT,"(18, 1, 1)","(256, 1, 1)","Vision: attention Q/K/V/O projections | nvjet_sm110_tst_128x128_64x6_1x2_h_bz_bias_TNT | grid=(18, 1, 1) block=(256, 1, 1)",vlm.vision.camera1/nvjet_sm110_tst_128x128_64x6_1x2_h_bz_bias_TNT,vlm.vision.camera1,vlm,24,bf16_tensor,28096.000000000004,l2,8000640.0,,679477248.0,84.92786177105832,24.184127562642367,ok,
522,2728813,0,1,7,nvjet_sm110_tst_128x128_64x6_1x2_h_bz_bias_TNT,"(18, 1, 1)","(256, 1, 1)","Vision: attention Q/K/V/O projections | nvjet_sm110_tst_128x128_64x6_1x2_h_bz_bias_TNT | grid=(18, 1, 1) block=(256, 1, 1)",vlm.vision.camera1/nvjet_sm110_tst_128x128_64x6_1x2_h_bz_bias_TNT,vlm.vision.camera1,vlm,24,fp32_simt,28096.000000000004,l2,8000640.0,,884736.0,0.11058315334773218,0.03148974943052391,ok,
523,2728813,0,1,7,triton_red_fused_add_native_layer_norm_view_7,"(256, 1, 1)","(64, 1, 1)","Vision: residual/LayerNorm fusion 7 | triton_red_fused_add_native_layer_norm_view_7 | grid=(256, 1, 1) block=(64, 1, 1)",vlm.vision.camera1/triton_red_fused_add_native_layer_norm_view_7,vlm.vision.camera1,vlm,35,bf16_tensor,23104.0,l2,2562560.0,,0.0,,,zero_counted_flops,
523,2728813,0,1,7,triton_red_fused_add_native_layer_norm_view_7,"(256, 1, 1)","(64, 1, 1)","Vision: residual/LayerNorm fusion 7 | triton_red_fused_add_native_layer_norm_view_7 | grid=(256, 1, 1) block=(64, 1, 1)",vlm.vision.camera1/triton_red_fused_add_native_layer_norm_view_7,vlm.vision.camera1,vlm,35,fp32_simt,23104.0,l2,2562560.0,,5391576.0,2.1039803946053945,0.23336114958448753,ok,
524,2728813,0,1,7,nvjet_sm110_tst_224x128_64x7_1x2_2cta_h_bz_bias_TNN,"(40, 1, 1)","(256, 1, 1)","Vision: FFN expansion + bias | nvjet_sm110_tst_224x128_64x7_1x2_2cta_h_bz_bias_TNN | grid=(40, 1, 1) block=(256, 1, 1)",vlm.vision.camera1/nvjet_sm110_tst_224x128_64x7_1x2_2cta_h_bz_bias_TNN,vlm.vision.camera1,vlm,19,bf16_tensor,58208.0,l2,23430112.0,,2642411520.0,112.77844169076101,45.396019791094005,ok,
524,2728813,0,1,7,nvjet_sm110_tst_224x128_64x7_1x2_2cta_h_bz_bias_TNN,"(40, 1, 1)","(256, 1, 1)","Vision: FFN expansion + bias | nvjet_sm110_tst_224x128_64x7_1x2_2cta_h_bz_bias_TNN | grid=(40, 1, 1) block=(256, 1, 1)",vlm.vision.camera1/nvjet_sm110_tst_224x128_64x7_1x2_2cta_h_bz_bias_TNN,vlm.vision.camera1,vlm,19,fp32_simt,58208.0,l2,23430112.0,,3440640.0,0.14684692928484508,0.05910940076965365,ok,
525,2728813,0,1,7,triton_poi_fused_gelu_view_5,"(2152, 1, 1)","(128, 1, 1)","Vision: FFN GELU | triton_poi_fused_gelu_view_5 | grid=(2152, 1, 1) block=(128, 1, 1)",vlm.vision.camera1/triton_poi_fused_gelu_view_5,vlm.vision.camera1,vlm,17,bf16_tensor,23648.0,l2,4460928.0,,0.0,,,zero_counted_flops,
525,2728813,0,1,7,triton_poi_fused_gelu_view_5,"(2152, 1, 1)","(128, 1, 1)","Vision: FFN GELU | triton_poi_fused_gelu_view_5 | grid=(2152, 1, 1) block=(128, 1, 1)",vlm.vision.camera1/triton_poi_fused_gelu_view_5,vlm.vision.camera1,vlm,17,fp32_simt,23648.0,l2,4460928.0,,14330488.0,3.212445482195633,0.6059915426251691,ok,
526,2728813,0,1,7,nvjet_sm110_tst_144x128_64x6_4x1_v_bz_bias_TNN,"(16, 1, 1)","(256, 1, 1)","Vision: FFN contraction + bias | nvjet_sm110_tst_144x128_64x6_4x1_v_bz_bias_TNN | grid=(16, 1, 1) block=(256, 1, 1)",vlm.vision.camera1/nvjet_sm110_tst_144x128_64x6_4x1_v_bz_bias_TNN,vlm.vision.camera1,vlm,18,bf16_tensor,83680.00000000001,l2,24618624.0,,2566914048.0,104.26716164152798,30.67535908221797,ok,
526,2728813,0,1,7,nvjet_sm110_tst_144x128_64x6_4x1_v_bz_bias_TNN,"(16, 1, 1)","(256, 1, 1)","Vision: FFN contraction + bias | nvjet_sm110_tst_144x128_64x6_4x1_v_bz_bias_TNN | grid=(16, 1, 1) block=(256, 1, 1)",vlm.vision.camera1/nvjet_sm110_tst_144x128_64x6_4x1_v_bz_bias_TNN,vlm.vision.camera1,vlm,18,fp32_simt,83680.00000000001,l2,24618624.0,,884736.0,0.0359376706025487,0.01057284894837476,ok,
527,2728813,0,1,7,triton_red_fused_add_native_layer_norm_view_8,"(256, 1, 1)","(64, 1, 1)","Vision: residual/LayerNorm fusion 8 | triton_red_fused_add_native_layer_norm_view_8 | grid=(256, 1, 1) block=(64, 1, 1)",vlm.vision.camera1/triton_red_fused_add_native_layer_norm_view_8,vlm.vision.camera1,vlm,36,bf16_tensor,27232.000000000004,l2,3200544.0,,0.0,,,zero_counted_flops,
527,2728813,0,1,7,triton_red_fused_add_native_layer_norm_view_8,"(256, 1, 1)","(64, 1, 1)","Vision: residual/LayerNorm fusion 8 | triton_red_fused_add_native_layer_norm_view_8 | grid=(256, 1, 1) block=(64, 1, 1)",vlm.vision.camera1/triton_red_fused_add_native_layer_norm_view_8,vlm.vision.camera1,vlm,36,fp32_simt,27232.000000000004,l2,3200544.0,,6619136.0,2.0681284181689112,0.24306462984723853,ok,
528,2728813,0,1,7,nvjet_sm110_tst_128x128_64x6_1x2_h_bz_bias_TNT,"(18, 1, 1)","(256, 1, 1)","Vision: attention Q/K/V/O projections | nvjet_sm110_tst_128x128_64x6_1x2_h_bz_bias_TNT | grid=(18, 1, 1) block=(256, 1, 1)",vlm.vision.camera1/nvjet_sm110_tst_128x128_64x6_1x2_h_bz_bias_TNT,vlm.vision.camera1,vlm,24,bf16_tensor,23872.0,l2,7996160.0,,679477248.0,84.97544421322235,28.46335656836461,ok,
528,2728813,0,1,7,nvjet_sm110_tst_128x128_64x6_1x2_h_bz_bias_TNT,"(18, 1, 1)","(256, 1, 1)","Vision: attention Q/K/V/O projections | nvjet_sm110_tst_128x128_64x6_1x2_h_bz_bias_TNT | grid=(18, 1, 1) block=(256, 1, 1)",vlm.vision.camera1/nvjet_sm110_tst_128x128_64x6_1x2_h_bz_bias_TNT,vlm.vision.camera1,vlm,24,fp32_simt,23872.0,l2,7996160.0,,884736.0,0.11064510965263326,0.03706166219839142,ok,
529,2728813,0,1,7,nvjet_sm110_tst_128x128_64x6_1x2_h_bz_bias_TNT,"(18, 1, 1)","(256, 1, 1)","Vision: attention Q/K/V/O projections | nvjet_sm110_tst_128x128_64x6_1x2_h_bz_bias_TNT | grid=(18, 1, 1) block=(256, 1, 1)",vlm.vision.camera1/nvjet_sm110_tst_128x128_64x6_1x2_h_bz_bias_TNT,vlm.vision.camera1,vlm,24,bf16_tensor,29376.0,l2,8003360.0,,679477248.0,84.89899842066332,23.13035294117647,ok,
529,2728813,0,1,7,nvjet_sm110_tst_128x128_64x6_1x2_h_bz_bias_TNT,"(18, 1, 1)","(256, 1, 1)","Vision: attention Q/K/V/O projections | nvjet_sm110_tst_128x128_64x6_1x2_h_bz_bias_TNT | grid=(18, 1, 1) block=(256, 1, 1)",vlm.vision.camera1/nvjet_sm110_tst_128x128_64x6_1x2_h_bz_bias_TNT,vlm.vision.camera1,vlm,24,fp32_simt,29376.0,l2,8003360.0,,884736.0,0.1105455708602387,0.030117647058823527,ok,
530,2728813,0,1,7,nvjet_sm110_tst_128x128_64x6_1x2_h_bz_bias_TNT,"(18, 1, 1)","(256, 1, 1)","Vision: attention Q/K/V/O projections | nvjet_sm110_tst_128x128_64x6_1x2_h_bz_bias_TNT | grid=(18, 1, 1) block=(256, 1, 1)",vlm.vision.camera1/nvjet_sm110_tst_128x128_64x6_1x2_h_bz_bias_TNT,vlm.vision.camera1,vlm,24,bf16_tensor,29920.0,l2,8003424.0,,679477248.0,84.89831951924576,22.709801069518715,ok,
530,2728813,0,1,7,nvjet_sm110_tst_128x128_64x6_1x2_h_bz_bias_TNT,"(18, 1, 1)","(256, 1, 1)","Vision: attention Q/K/V/O projections | nvjet_sm110_tst_128x128_64x6_1x2_h_bz_bias_TNT | grid=(18, 1, 1) block=(256, 1, 1)",vlm.vision.camera1/nvjet_sm110_tst_128x128_64x6_1x2_h_bz_bias_TNT,vlm.vision.camera1,vlm,24,fp32_simt,29920.0,l2,8003424.0,,884736.0,0.11054468687401792,0.029570053475935828,ok,
531,2728813,0,1,7,"void pytorch_flash::flash_fwd_kernel<Flash_fwd_kernel_traits<96, 128, 64, 4, 0, 0, cutlass::bfloat16_t, Flash_kernel_traits<96, 128, 64, 4, cutlass::bfloat16_t>>, 0, 0, 0, 0, 0, 0, 0, 0>(pytorch_flash::Flash_fwd_params)","(2, 1, 16)","(128, 1, 1)","Vision: FlashAttention | void pytorch_flash::flash_fwd_kernel<Flash_fwd_kernel_traits<96, 128, 64, 4, 0, 0, cutlass::bfloat16_t, Flash_kernel_traits<96, 128, 64, 4, cutlass::bfloat16_t>>, 0, 0, 0, 0, 0, 0, 0, 0>(pytorch_flash::Flash_fwd_params) | grid=(2, 1, 16) block=(128, 1, 1)","vlm.vision.camera1/void pytorch_flash::flash_fwd_kernel<Flash_fwd_kernel_traits<(int)96, (int)128, (int)64, (int)4, (bool)0, (bool)0, cutlass::bfloat16_t, Flash_kernel_traits<(int)96, (int)128, (int)64, (int)4, cutlass::bfloat16_t>>, (bool)0, (bool)0, (bool)0, (bool)0, (bool)0, (bool)0, (bool)0, (bool)0>(pytorch_flash::Flash_fwd_params)",vlm.vision.camera1,vlm,20,bf16_tensor,29760.000000000004,l2,5456032.0,,402653184.0,73.79963753878276,13.530012903225805,ok,
531,2728813,0,1,7,"void pytorch_flash::flash_fwd_kernel<Flash_fwd_kernel_traits<96, 128, 64, 4, 0, 0, cutlass::bfloat16_t, Flash_kernel_traits<96, 128, 64, 4, cutlass::bfloat16_t>>, 0, 0, 0, 0, 0, 0, 0, 0>(pytorch_flash::Flash_fwd_params)","(2, 1, 16)","(128, 1, 1)","Vision: FlashAttention | void pytorch_flash::flash_fwd_kernel<Flash_fwd_kernel_traits<96, 128, 64, 4, 0, 0, cutlass::bfloat16_t, Flash_kernel_traits<96, 128, 64, 4, cutlass::bfloat16_t>>, 0, 0, 0, 0, 0, 0, 0, 0>(pytorch_flash::Flash_fwd_params) | grid=(2, 1, 16) block=(128, 1, 1)","vlm.vision.camera1/void pytorch_flash::flash_fwd_kernel<Flash_fwd_kernel_traits<(int)96, (int)128, (int)64, (int)4, (bool)0, (bool)0, cutlass::bfloat16_t, Flash_kernel_traits<(int)96, (int)128, (int)64, (int)4, cutlass::bfloat16_t>>, (bool)0, (bool)0, (bool)0, (bool)0, (bool)0, (bool)0, (bool)0, (bool)0>(pytorch_flash::Flash_fwd_params)",vlm.vision.camera1,vlm,20,fp32_simt,29760.000000000004,l2,5456032.0,,5079040.0,0.9309036310637474,0.17066666666666666,ok,
532,2728813,0,1,7,nvjet_sm110_tst_128x128_64x6_1x2_h_bz_bias_TNT,"(18, 1, 1)","(256, 1, 1)","Vision: attention Q/K/V/O projections | nvjet_sm110_tst_128x128_64x6_1x2_h_bz_bias_TNT | grid=(18, 1, 1) block=(256, 1, 1)",vlm.vision.camera1/nvjet_sm110_tst_128x128_64x6_1x2_h_bz_bias_TNT,vlm.vision.camera1,vlm,24,bf16_tensor,28736.0,l2,8000736.0,,679477248.0,84.92684273046879,23.64550556792873,ok,
532,2728813,0,1,7,nvjet_sm110_tst_128x128_64x6_1x2_h_bz_bias_TNT,"(18, 1, 1)","(256, 1, 1)","Vision: attention Q/K/V/O projections | nvjet_sm110_tst_128x128_64x6_1x2_h_bz_bias_TNT | grid=(18, 1, 1) block=(256, 1, 1)",vlm.vision.camera1/nvjet_sm110_tst_128x128_64x6_1x2_h_bz_bias_TNT,vlm.vision.camera1,vlm,24,fp32_simt,28736.0,l2,8000736.0,,884736.0,0.11058182647196457,0.030788418708240534,ok,
533,2728813,0,1,7,triton_red_fused_add_native_layer_norm_view_9,"(256, 1, 1)","(512, 1, 1)","Vision: residual/LayerNorm fusion 9 | triton_red_fused_add_native_layer_norm_view_9 | grid=(256, 1, 1) block=(512, 1, 1)",vlm.vision.camera1/triton_red_fused_add_native_layer_norm_view_9,vlm.vision.camera1,vlm,37,bf16_tensor,29792.000000000004,l2,4282688.0,,0.0,,,zero_counted_flops,
533,2728813,0,1,7,triton_red_fused_add_native_layer_norm_view_9,"(256, 1, 1)","(512, 1, 1)","Vision: residual/LayerNorm fusion 9 | triton_red_fused_add_native_layer_norm_view_9 | grid=(256, 1, 1) block=(512, 1, 1)",vlm.vision.camera1/triton_red_fused_add_native_layer_norm_view_9,vlm.vision.camera1,vlm,37,fp32_simt,29792.000000000004,l2,4282688.0,,21911072.0,5.11619618333159,0.735468313641246,ok,
534,2728813,0,1,7,nvjet_sm110_tst_224x128_64x7_1x2_2cta_h_bz_bias_TNN,"(40, 1, 1)","(256, 1, 1)","Vision: FFN expansion + bias | nvjet_sm110_tst_224x128_64x7_1x2_2cta_h_bz_bias_TNN | grid=(40, 1, 1) block=(256, 1, 1)",vlm.vision.camera1/nvjet_sm110_tst_224x128_64x7_1x2_2cta_h_bz_bias_TNN,vlm.vision.camera1,vlm,19,bf16_tensor,67712.0,l2,23445408.0,,2642411520.0,112.70486399724841,39.02427221172022,ok,
534,2728813,0,1,7,nvjet_sm110_tst_224x128_64x7_1x2_2cta_h_bz_bias_TNN,"(40, 1, 1)","(256, 1, 1)","Vision: FFN expansion + bias | nvjet_sm110_tst_224x128_64x7_1x2_2cta_h_bz_bias_TNN | grid=(40, 1, 1) block=(256, 1, 1)",vlm.vision.camera1/nvjet_sm110_tst_224x128_64x7_1x2_2cta_h_bz_bias_TNN,vlm.vision.camera1,vlm,19,fp32_simt,67712.0,l2,23445408.0,,3440640.0,0.1467511249964172,0.05081285444234404,ok,
535,2728813,0,1,7,triton_poi_fused_gelu_view_5,"(2152, 1, 1)","(128, 1, 1)","Vision: FFN GELU | triton_poi_fused_gelu_view_5 | grid=(2152, 1, 1) block=(128, 1, 1)",vlm.vision.camera1/triton_poi_fused_gelu_view_5,vlm.vision.camera1,vlm,17,bf16_tensor,22880.0,l2,4461504.0,,0.0,,,zero_counted_flops,
535,2728813,0,1,7,triton_poi_fused_gelu_view_5,"(2152, 1, 1)","(128, 1, 1)","Vision: FFN GELU | triton_poi_fused_gelu_view_5 | grid=(2152, 1, 1) block=(128, 1, 1)",vlm.vision.camera1/triton_poi_fused_gelu_view_5,vlm.vision.camera1,vlm,17,fp32_simt,22880.0,l2,4461504.0,,14335094.0,3.213063128487613,0.6265338286713286,ok,
536,2728813,0,1,7,nvjet_sm110_tst_144x128_64x6_4x1_v_bz_bias_TNN,"(16, 1, 1)","(256, 1, 1)","Vision: FFN contraction + bias | nvjet_sm110_tst_144x128_64x6_4x1_v_bz_bias_TNN | grid=(16, 1, 1) block=(256, 1, 1)",vlm.vision.camera1/nvjet_sm110_tst_144x128_64x6_4x1_v_bz_bias_TNN,vlm.vision.camera1,vlm,18,bf16_tensor,71552.00000000001,l2,24631136.0,,2566914048.0,104.21419653563684,35.87480500894454,ok,
536,2728813,0,1,7,nvjet_sm110_tst_144x128_64x6_4x1_v_bz_bias_TNN,"(16, 1, 1)","(256, 1, 1)","Vision: FFN contraction + bias | nvjet_sm110_tst_144x128_64x6_4x1_v_bz_bias_TNN | grid=(16, 1, 1) block=(256, 1, 1)",vlm.vision.camera1/nvjet_sm110_tst_144x128_64x6_4x1_v_bz_bias_TNN,vlm.vision.camera1,vlm,18,fp32_simt,71552.00000000001,l2,24631136.0,,884736.0,0.035919415166235126,0.012364937388193201,ok,
537,2728813,0,1,7,triton_red_fused_add_native_layer_norm_view_6,"(128, 1, 1)","(128, 1, 1)","Vision: residual/LayerNorm fusion 6 | triton_red_fused_add_native_layer_norm_view_6 | grid=(128, 1, 1) block=(128, 1, 1)",vlm.vision.camera1/triton_red_fused_add_native_layer_norm_view_6,vlm.vision.camera1,vlm,34,bf16_tensor,20960.000000000004,l2,1920544.0,,0.0,,,zero_counted_flops,
537,2728813,0,1,7,triton_red_fused_add_native_layer_norm_view_6,"(128, 1, 1)","(128, 1, 1)","Vision: residual/LayerNorm fusion 6 | triton_red_fused_add_native_layer_norm_view_6 | grid=(128, 1, 1) block=(128, 1, 1)",vlm.vision.camera1/triton_red_fused_add_native_layer_norm_view_6,vlm.vision.camera1,vlm,34,fp32_simt,20960.000000000004,l2,1920544.0,,5202464.0,2.7088491594048354,0.24820916030534348,ok,
538,2728813,0,1,7,nvjet_sm110_tst_128x128_64x6_1x2_h_bz_bias_TNT,"(18, 1, 1)","(256, 1, 1)","Vision: attention Q/K/V/O projections | nvjet_sm110_tst_128x128_64x6_1x2_h_bz_bias_TNT | grid=(18, 1, 1) block=(256, 1, 1)",vlm.vision.camera1/nvjet_sm110_tst_128x128_64x6_1x2_h_bz_bias_TNT,vlm.vision.camera1,vlm,24,bf16_tensor,27008.000000000004,l2,8002560.0,,679477248.0,84.90748560460652,25.15836966824644,ok,
538,2728813,0,1,7,nvjet_sm110_tst_128x128_64x6_1x2_h_bz_bias_TNT,"(18, 1, 1)","(256, 1, 1)","Vision: attention Q/K/V/O projections | nvjet_sm110_tst_128x128_64x6_1x2_h_bz_bias_TNT | grid=(18, 1, 1) block=(256, 1, 1)",vlm.vision.camera1/nvjet_sm110_tst_128x128_64x6_1x2_h_bz_bias_TNT,vlm.vision.camera1,vlm,24,fp32_simt,27008.000000000004,l2,8002560.0,,884736.0,0.11055662188099807,0.03275829383886256,ok,
539,2728813,0,1,7,nvjet_sm110_tst_128x128_64x6_1x2_h_bz_bias_TNT,"(18, 1, 1)","(256, 1, 1)","Vision: attention Q/K/V/O projections | nvjet_sm110_tst_128x128_64x6_1x2_h_bz_bias_TNT | grid=(18, 1, 1) block=(256, 1, 1)",vlm.vision.camera1/nvjet_sm110_tst_128x128_64x6_1x2_h_bz_bias_TNT,vlm.vision.camera1,vlm,24,bf16_tensor,27776.000000000004,l2,8002848.0,,679477248.0,84.90443002291184,24.462746543778803,ok,
539,2728813,0,1,7,nvjet_sm110_tst_128x128_64x6_1x2_h_bz_bias_TNT,"(18, 1, 1)","(256, 1, 1)","Vision: attention Q/K/V/O projections | nvjet_sm110_tst_128x128_64x6_1x2_h_bz_bias_TNT | grid=(18, 1, 1) block=(256, 1, 1)",vlm.vision.camera1/nvjet_sm110_tst_128x128_64x6_1x2_h_bz_bias_TNT,vlm.vision.camera1,vlm,24,fp32_simt,27776.000000000004,l2,8002848.0,,884736.0,0.1105526432589998,0.03185253456221198,ok,
540,2728813,0,1,7,nvjet_sm110_tst_128x128_64x6_1x2_h_bz_bias_TNT,"(18, 1, 1)","(256, 1, 1)","Vision: attention Q/K/V/O projections | nvjet_sm110_tst_128x128_64x6_1x2_h_bz_bias_TNT | grid=(18, 1, 1) block=(256, 1, 1)",vlm.vision.camera1/nvjet_sm110_tst_128x128_64x6_1x2_h_bz_bias_TNT,vlm.vision.camera1,vlm,24,bf16_tensor,27680.000000000004,l2,8003616.0,,679477248.0,84.89628288013817,24.547588439306356,ok,
540,2728813,0,1,7,nvjet_sm110_tst_128x128_64x6_1x2_h_bz_bias_TNT,"(18, 1, 1)","(256, 1, 1)","Vision: attention Q/K/V/O projections | nvjet_sm110_tst_128x128_64x6_1x2_h_bz_bias_TNT | grid=(18, 1, 1) block=(256, 1, 1)",vlm.vision.camera1/nvjet_sm110_tst_128x128_64x6_1x2_h_bz_bias_TNT,vlm.vision.camera1,vlm,24,fp32_simt,27680.000000000004,l2,8003616.0,,884736.0,0.11054203500017992,0.03196300578034682,ok,
541,2728813,0,1,7,"void pytorch_flash::flash_fwd_kernel<Flash_fwd_kernel_traits<96, 128, 64, 4, 0, 0, cutlass::bfloat16_t, Flash_kernel_traits<96, 128, 64, 4, cutlass::bfloat16_t>>, 0, 0, 0, 0, 0, 0, 0, 0>(pytorch_flash::Flash_fwd_params)","(2, 1, 16)","(128, 1, 1)","Vision: FlashAttention | void pytorch_flash::flash_fwd_kernel<Flash_fwd_kernel_traits<96, 128, 64, 4, 0, 0, cutlass::bfloat16_t, Flash_kernel_traits<96, 128, 64, 4, cutlass::bfloat16_t>>, 0, 0, 0, 0, 0, 0, 0, 0>(pytorch_flash::Flash_fwd_params) | grid=(2, 1, 16) block=(128, 1, 1)","vlm.vision.camera1/void pytorch_flash::flash_fwd_kernel<Flash_fwd_kernel_traits<(int)96, (int)128, (int)64, (int)4, (bool)0, (bool)0, cutlass::bfloat16_t, Flash_kernel_traits<(int)96, (int)128, (int)64, (int)4, cutlass::bfloat16_t>>, (bool)0, (bool)0, (bool)0, (bool)0, (bool)0, (bool)0, (bool)0, (bool)0>(pytorch_flash::Flash_fwd_params)",vlm.vision.camera1,vlm,20,bf16_tensor,27424.0,l2,5485824.0,,402653184.0,73.39885202295955,14.682511085180863,ok,
541,2728813,0,1,7,"void pytorch_flash::flash_fwd_kernel<Flash_fwd_kernel_traits<96, 128, 64, 4, 0, 0, cutlass::bfloat16_t, Flash_kernel_traits<96, 128, 64, 4, cutlass::bfloat16_t>>, 0, 0, 0, 0, 0, 0, 0, 0>(pytorch_flash::Flash_fwd_params)","(2, 1, 16)","(128, 1, 1)","Vision: FlashAttention | void pytorch_flash::flash_fwd_kernel<Flash_fwd_kernel_traits<96, 128, 64, 4, 0, 0, cutlass::bfloat16_t, Flash_kernel_traits<96, 128, 64, 4, cutlass::bfloat16_t>>, 0, 0, 0, 0, 0, 0, 0, 0>(pytorch_flash::Flash_fwd_params) | grid=(2, 1, 16) block=(128, 1, 1)","vlm.vision.camera1/void pytorch_flash::flash_fwd_kernel<Flash_fwd_kernel_traits<(int)96, (int)128, (int)64, (int)4, (bool)0, (bool)0, cutlass::bfloat16_t, Flash_kernel_traits<(int)96, (int)128, (int)64, (int)4, cutlass::bfloat16_t>>, (bool)0, (bool)0, (bool)0, (bool)0, (bool)0, (bool)0, (bool)0, (bool)0>(pytorch_flash::Flash_fwd_params)",vlm.vision.camera1,vlm,20,fp32_simt,27424.0,l2,5485824.0,,5079040.0,0.9258481497036726,0.18520420070011667,ok,
542,2728813,0,1,7,nvjet_sm110_tst_128x128_64x6_1x2_h_bz_bias_TNT,"(18, 1, 1)","(256, 1, 1)","Vision: attention Q/K/V/O projections | nvjet_sm110_tst_128x128_64x6_1x2_h_bz_bias_TNT | grid=(18, 1, 1) block=(256, 1, 1)",vlm.vision.camera1/nvjet_sm110_tst_128x128_64x6_1x2_h_bz_bias_TNT,vlm.vision.camera1,vlm,24,bf16_tensor,28736.0,l2,8003008.0,,679477248.0,84.90273257255272,23.64550556792873,ok,
542,2728813,0,1,7,nvjet_sm110_tst_128x128_64x6_1x2_h_bz_bias_TNT,"(18, 1, 1)","(256, 1, 1)","Vision: attention Q/K/V/O projections | nvjet_sm110_tst_128x128_64x6_1x2_h_bz_bias_TNT | grid=(18, 1, 1) block=(256, 1, 1)",vlm.vision.camera1/nvjet_sm110_tst_128x128_64x6_1x2_h_bz_bias_TNT,vlm.vision.camera1,vlm,24,fp32_simt,28736.0,l2,8003008.0,,884736.0,0.11055043303717801,0.030788418708240534,ok,
543,2728813,0,1,7,triton_red_fused_add_native_layer_norm_view_7,"(256, 1, 1)","(64, 1, 1)","Vision: residual/LayerNorm fusion 7 | triton_red_fused_add_native_layer_norm_view_7 | grid=(256, 1, 1) block=(64, 1, 1)",vlm.vision.camera1/triton_red_fused_add_native_layer_norm_view_7,vlm.vision.camera1,vlm,35,bf16_tensor,23776.0,l2,2567840.0,,0.0,,,zero_counted_flops,
543,2728813,0,1,7,triton_red_fused_add_native_layer_norm_view_7,"(256, 1, 1)","(64, 1, 1)","Vision: residual/LayerNorm fusion 7 | triton_red_fused_add_native_layer_norm_view_7 | grid=(256, 1, 1) block=(64, 1, 1)",vlm.vision.camera1/triton_red_fused_add_native_layer_norm_view_7,vlm.vision.camera1,vlm,35,fp32_simt,23776.0,l2,2567840.0,,5391760.0,2.0997258396161755,0.22677321668909822,ok,
544,2728813,0,1,7,nvjet_sm110_tst_224x128_64x7_1x2_2cta_h_bz_bias_TNN,"(40, 1, 1)","(256, 1, 1)","Vision: FFN expansion + bias | nvjet_sm110_tst_224x128_64x7_1x2_2cta_h_bz_bias_TNN | grid=(40, 1, 1) block=(256, 1, 1)",vlm.vision.camera1/nvjet_sm110_tst_224x128_64x7_1x2_2cta_h_bz_bias_TNN,vlm.vision.camera1,vlm,19,bf16_tensor,67168.0,l2,23273376.0,,2642411520.0,113.53795512950076,39.34033349213911,ok,
544,2728813,0,1,7,nvjet_sm110_tst_224x128_64x7_1x2_2cta_h_bz_bias_TNN,"(40, 1, 1)","(256, 1, 1)","Vision: FFN expansion + bias | nvjet_sm110_tst_224x128_64x7_1x2_2cta_h_bz_bias_TNN | grid=(40, 1, 1) block=(256, 1, 1)",vlm.vision.camera1/nvjet_sm110_tst_224x128_64x7_1x2_2cta_h_bz_bias_TNN,vlm.vision.camera1,vlm,19,fp32_simt,67168.0,l2,23273376.0,,3440640.0,0.14783587907487078,0.051224392567889465,ok,
545,2728813,0,1,7,triton_poi_fused_gelu_view_5,"(2152, 1, 1)","(128, 1, 1)","Vision: FFN GELU | triton_poi_fused_gelu_view_5 | grid=(2152, 1, 1) block=(128, 1, 1)",vlm.vision.camera1/triton_poi_fused_gelu_view_5,vlm.vision.camera1,vlm,17,bf16_tensor,24192.0,l2,4461920.0,,0.0,,,zero_counted_flops,
545,2728813,0,1,7,triton_poi_fused_gelu_view_5,"(2152, 1, 1)","(128, 1, 1)","Vision: FFN GELU | triton_poi_fused_gelu_view_5 | grid=(2152, 1, 1) block=(128, 1, 1)",vlm.vision.camera1/triton_poi_fused_gelu_view_5,vlm.vision.camera1,vlm,17,fp32_simt,24192.0,l2,4461920.0,,14378508.0,3.2224934557320615,0.5943497023809524,ok,
546,2728813,0,1,7,nvjet_sm110_tst_144x128_64x6_4x1_v_bz_bias_TNN,"(16, 1, 1)","(256, 1, 1)","Vision: FFN contraction + bias | nvjet_sm110_tst_144x128_64x6_4x1_v_bz_bias_TNN | grid=(16, 1, 1) block=(256, 1, 1)",vlm.vision.camera1/nvjet_sm110_tst_144x128_64x6_4x1_v_bz_bias_TNN,vlm.vision.camera1,vlm,18,bf16_tensor,81472.00000000001,l2,24639360.0,,2566914048.0,104.17941245227149,31.506702278083267,ok,
546,2728813,0,1,7,nvjet_sm110_tst_144x128_64x6_4x1_v_bz_bias_TNN,"(16, 1, 1)","(256, 1, 1)","Vision: FFN contraction + bias | nvjet_sm110_tst_144x128_64x6_4x1_v_bz_bias_TNN | grid=(16, 1, 1) block=(256, 1, 1)",vlm.vision.camera1/nvjet_sm110_tst_144x128_64x6_4x1_v_bz_bias_TNN,vlm.vision.camera1,vlm,18,fp32_simt,81472.00000000001,l2,24639360.0,,884736.0,0.03590742616691343,0.010859387274155537,ok,
547,2728813,0,1,7,triton_red_fused_add_native_layer_norm_view_8,"(256, 1, 1)","(64, 1, 1)","Vision: residual/LayerNorm fusion 8 | triton_red_fused_add_native_layer_norm_view_8 | grid=(256, 1, 1) block=(64, 1, 1)",vlm.vision.camera1/triton_red_fused_add_native_layer_norm_view_8,vlm.vision.camera1,vlm,36,bf16_tensor,26944.0,l2,3212896.0,,0.0,,,zero_counted_flops,
547,2728813,0,1,7,triton_red_fused_add_native_layer_norm_view_8,"(256, 1, 1)","(64, 1, 1)","Vision: residual/LayerNorm fusion 8 | triton_red_fused_add_native_layer_norm_view_8 | grid=(256, 1, 1) block=(64, 1, 1)",vlm.vision.camera1/triton_red_fused_add_native_layer_norm_view_8,vlm.vision.camera1,vlm,36,fp32_simt,26944.0,l2,3212896.0,,6619136.0,2.0601774847365117,0.2456627078384798,ok,
548,2728813,0,1,7,nvjet_sm110_tst_128x128_64x6_1x2_h_bz_bias_TNT,"(18, 1, 1)","(256, 1, 1)","Vision: attention Q/K/V/O projections | nvjet_sm110_tst_128x128_64x6_1x2_h_bz_bias_TNT | grid=(18, 1, 1) block=(256, 1, 1)",vlm.vision.camera1/nvjet_sm110_tst_128x128_64x6_1x2_h_bz_bias_TNT,vlm.vision.camera1,vlm,24,bf16_tensor,29312.000000000004,l2,8001792.0,,679477248.0,84.9156348977829,23.180855895196505,ok,
548,2728813,0,1,7,nvjet_sm110_tst_128x128_64x6_1x2_h_bz_bias_TNT,"(18, 1, 1)","(256, 1, 1)","Vision: attention Q/K/V/O projections | nvjet_sm110_tst_128x128_64x6_1x2_h_bz_bias_TNT | grid=(18, 1, 1) block=(256, 1, 1)",vlm.vision.camera1/nvjet_sm110_tst_128x128_64x6_1x2_h_bz_bias_TNT,vlm.vision.camera1,vlm,24,fp32_simt,29312.000000000004,l2,8001792.0,,884736.0,0.11056723293982149,0.030183406113537113,ok,
549,2728813,0,1,7,nvjet_sm110_tst_128x128_64x6_1x2_h_bz_bias_TNT,"(18, 1, 1)","(256, 1, 1)","Vision: attention Q/K/V/O projections | nvjet_sm110_tst_128x128_64x6_1x2_h_bz_bias_TNT | grid=(18, 1, 1) block=(256, 1, 1)",vlm.vision.camera1/nvjet_sm110_tst_128x128_64x6_1x2_h_bz_bias_TNT,vlm.vision.camera1,vlm,24,bf16_tensor,30816.000000000004,l2,8003456.0,,679477248.0,84.89798007260863,22.0494953271028,ok,
549,2728813,0,1,7,nvjet_sm110_tst_128x128_64x6_1x2_h_bz_bias_TNT,"(18, 1, 1)","(256, 1, 1)","Vision: attention Q/K/V/O projections | nvjet_sm110_tst_128x128_64x6_1x2_h_bz_bias_TNT | grid=(18, 1, 1) block=(256, 1, 1)",vlm.vision.camera1/nvjet_sm110_tst_128x128_64x6_1x2_h_bz_bias_TNT,vlm.vision.camera1,vlm,24,fp32_simt,30816.000000000004,l2,8003456.0,,884736.0,0.11054424488620916,0.028710280373831772,ok,
550,2728813,0,1,7,nvjet_sm110_tst_128x128_64x6_1x2_h_bz_bias_TNT,"(18, 1, 1)","(256, 1, 1)","Vision: attention Q/K/V/O projections | nvjet_sm110_tst_128x128_64x6_1x2_h_bz_bias_TNT | grid=(18, 1, 1) block=(256, 1, 1)",vlm.vision.camera1/nvjet_sm110_tst_128x128_64x6_1x2_h_bz_bias_TNT,vlm.vision.camera1,vlm,24,bf16_tensor,28352.000000000004,l2,8002656.0,,679477248.0,84.90646705293842,23.96576072234763,ok,
550,2728813,0,1,7,nvjet_sm110_tst_128x128_64x6_1x2_h_bz_bias_TNT,"(18, 1, 1)","(256, 1, 1)","Vision: attention Q/K/V/O projections | nvjet_sm110_tst_128x128_64x6_1x2_h_bz_bias_TNT | grid=(18, 1, 1) block=(256, 1, 1)",vlm.vision.camera1/nvjet_sm110_tst_128x128_64x6_1x2_h_bz_bias_TNT,vlm.vision.camera1,vlm,24,fp32_simt,28352.000000000004,l2,8002656.0,,884736.0,0.1105552956418469,0.031205417607223472,ok,
551,2728813,0,1,7,"void pytorch_flash::flash_fwd_kernel<Flash_fwd_kernel_traits<96, 128, 64, 4, 0, 0, cutlass::bfloat16_t, Flash_kernel_traits<96, 128, 64, 4, cutlass::bfloat16_t>>, 0, 0, 0, 0, 0, 0, 0, 0>(pytorch_flash::Flash_fwd_params)","(2, 1, 16)","(128, 1, 1)","Vision: FlashAttention | void pytorch_flash::flash_fwd_kernel<Flash_fwd_kernel_traits<96, 128, 64, 4, 0, 0, cutlass::bfloat16_t, Flash_kernel_traits<96, 128, 64, 4, cutlass::bfloat16_t>>, 0, 0, 0, 0, 0, 0, 0, 0>(pytorch_flash::Flash_fwd_params) | grid=(2, 1, 16) block=(128, 1, 1)","vlm.vision.camera1/void pytorch_flash::flash_fwd_kernel<Flash_fwd_kernel_traits<(int)96, (int)128, (int)64, (int)4, (bool)0, (bool)0, cutlass::bfloat16_t, Flash_kernel_traits<(int)96, (int)128, (int)64, (int)4, cutlass::bfloat16_t>>, (bool)0, (bool)0, (bool)0, (bool)0, (bool)0, (bool)0, (bool)0, (bool)0>(pytorch_flash::Flash_fwd_params)",vlm.vision.camera1,vlm,20,bf16_tensor,30112.000000000004,l2,5477472.0,,402653184.0,73.51076993182257,13.371851222104143,ok,
551,2728813,0,1,7,"void pytorch_flash::flash_fwd_kernel<Flash_fwd_kernel_traits<96, 128, 64, 4, 0, 0, cutlass::bfloat16_t, Flash_kernel_traits<96, 128, 64, 4, cutlass::bfloat16_t>>, 0, 0, 0, 0, 0, 0, 0, 0>(pytorch_flash::Flash_fwd_params)","(2, 1, 16)","(128, 1, 1)","Vision: FlashAttention | void pytorch_flash::flash_fwd_kernel<Flash_fwd_kernel_traits<96, 128, 64, 4, 0, 0, cutlass::bfloat16_t, Flash_kernel_traits<96, 128, 64, 4, cutlass::bfloat16_t>>, 0, 0, 0, 0, 0, 0, 0, 0>(pytorch_flash::Flash_fwd_params) | grid=(2, 1, 16) block=(128, 1, 1)","vlm.vision.camera1/void pytorch_flash::flash_fwd_kernel<Flash_fwd_kernel_traits<(int)96, (int)128, (int)64, (int)4, (bool)0, (bool)0, cutlass::bfloat16_t, Flash_kernel_traits<(int)96, (int)128, (int)64, (int)4, cutlass::bfloat16_t>>, (bool)0, (bool)0, (bool)0, (bool)0, (bool)0, (bool)0, (bool)0, (bool)0>(pytorch_flash::Flash_fwd_params)",vlm.vision.camera1,vlm,20,fp32_simt,30112.000000000004,l2,5477472.0,,5079040.0,0.9272598746282957,0.16867162592986185,ok,
552,2728813,0,1,7,nvjet_sm110_tst_128x128_64x6_1x2_h_bz_bias_TNT,"(18, 1, 1)","(256, 1, 1)","Vision: attention Q/K/V/O projections | nvjet_sm110_tst_128x128_64x6_1x2_h_bz_bias_TNT | grid=(18, 1, 1) block=(256, 1, 1)",vlm.vision.camera1/nvjet_sm110_tst_128x128_64x6_1x2_h_bz_bias_TNT,vlm.vision.camera1,vlm,24,bf16_tensor,28768.000000000004,l2,8003072.0,,679477248.0,84.90205361141322,23.619203559510566,ok,
552,2728813,0,1,7,nvjet_sm110_tst_128x128_64x6_1x2_h_bz_bias_TNT,"(18, 1, 1)","(256, 1, 1)","Vision: attention Q/K/V/O projections | nvjet_sm110_tst_128x128_64x6_1x2_h_bz_bias_TNT | grid=(18, 1, 1) block=(256, 1, 1)",vlm.vision.camera1/nvjet_sm110_tst_128x128_64x6_1x2_h_bz_bias_TNT,vlm.vision.camera1,vlm,24,fp32_simt,28768.000000000004,l2,8003072.0,,884736.0,0.11054954897319429,0.03075417130144605,ok,
553,2728813,0,1,7,triton_red_fused_add_native_layer_norm_view_9,"(256, 1, 1)","(512, 1, 1)","Vision: residual/LayerNorm fusion 9 | triton_red_fused_add_native_layer_norm_view_9 | grid=(256, 1, 1) block=(512, 1, 1)",vlm.vision.camera1/triton_red_fused_add_native_layer_norm_view_9,vlm.vision.camera1,vlm,37,bf16_tensor,28096.000000000004,l2,4279232.0,,0.0,,,zero_counted_flops,
553,2728813,0,1,7,triton_red_fused_add_native_layer_norm_view_9,"(256, 1, 1)","(512, 1, 1)","Vision: residual/LayerNorm fusion 9 | triton_red_fused_add_native_layer_norm_view_9 | grid=(256, 1, 1) block=(512, 1, 1)",vlm.vision.camera1/triton_red_fused_add_native_layer_norm_view_9,vlm.vision.camera1,vlm,37,fp32_simt,28096.000000000004,l2,4279232.0,,21905376.0,5.118997053676922,0.7796617312072892,ok,
554,2728813,0,1,7,nvjet_sm110_tst_224x128_64x7_1x2_2cta_h_bz_bias_TNN,"(40, 1, 1)","(256, 1, 1)","Vision: FFN expansion + bias | nvjet_sm110_tst_224x128_64x7_1x2_2cta_h_bz_bias_TNN | grid=(40, 1, 1) block=(256, 1, 1)",vlm.vision.camera1/nvjet_sm110_tst_224x128_64x7_1x2_2cta_h_bz_bias_TNN,vlm.vision.camera1,vlm,19,bf16_tensor,60928.0,l2,23358432.0,,2642411520.0,113.12452479686992,43.36941176470588,ok,
554,2728813,0,1,7,nvjet_sm110_tst_224x128_64x7_1x2_2cta_h_bz_bias_TNN,"(40, 1, 1)","(256, 1, 1)","Vision: FFN expansion + bias | nvjet_sm110_tst_224x128_64x7_1x2_2cta_h_bz_bias_TNN | grid=(40, 1, 1) block=(256, 1, 1)",vlm.vision.camera1/nvjet_sm110_tst_224x128_64x7_1x2_2cta_h_bz_bias_TNN,vlm.vision.camera1,vlm,19,fp32_simt,60928.0,l2,23358432.0,,3440640.0,0.14729755832925773,0.05647058823529411,ok,
555,2728813,0,1,7,triton_poi_fused_gelu_view_5,"(2152, 1, 1)","(128, 1, 1)","Vision: FFN GELU | triton_poi_fused_gelu_view_5 | grid=(2152, 1, 1) block=(128, 1, 1)",vlm.vision.camera1/triton_poi_fused_gelu_view_5,vlm.vision.camera1,vlm,17,bf16_tensor,26432.0,l2,4461888.0,,0.0,,,zero_counted_flops,
555,2728813,0,1,7,triton_poi_fused_gelu_view_5,"(2152, 1, 1)","(128, 1, 1)","Vision: FFN GELU | triton_poi_fused_gelu_view_5 | grid=(2152, 1, 1) block=(128, 1, 1)",vlm.vision.camera1/triton_poi_fused_gelu_view_5,vlm.vision.camera1,vlm,17,fp32_simt,26432.0,l2,4461888.0,,14452358.0,3.2390678564768995,0.5467750453995157,ok,
556,2728813,0,1,7,nvjet_sm110_tst_144x128_64x6_4x1_v_bz_bias_TNN,"(16, 1, 1)","(256, 1, 1)","Vision: FFN contraction + bias | nvjet_sm110_tst_144x128_64x6_4x1_v_bz_bias_TNN | grid=(16, 1, 1) block=(256, 1, 1)",vlm.vision.camera1/nvjet_sm110_tst_144x128_64x6_4x1_v_bz_bias_TNN,vlm.vision.camera1,vlm,18,bf16_tensor,82176.00000000001,l2,24636352.0,,2566914048.0,104.19213234167137,31.23678504672897,ok,
556,2728813,0,1,7,nvjet_sm110_tst_144x128_64x6_4x1_v_bz_bias_TNN,"(16, 1, 1)","(256, 1, 1)","Vision: FFN contraction + bias | nvjet_sm110_tst_144x128_64x6_4x1_v_bz_bias_TNN | grid=(16, 1, 1) block=(256, 1, 1)",vlm.vision.camera1/nvjet_sm110_tst_144x128_64x6_4x1_v_bz_bias_TNN,vlm.vision.camera1,vlm,18,fp32_simt,82176.00000000001,l2,24636352.0,,884736.0,0.03591181031996945,0.010766355140186914,ok,
557,2728813,0,1,7,triton_red_fused_add_native_layer_norm_view_10,"(256, 1, 1)","(64, 1, 1)","Vision: residual/LayerNorm fusion 10 | triton_red_fused_add_native_layer_norm_view_10 | grid=(256, 1, 1) block=(64, 1, 1)",vlm.vision.camera1/triton_red_fused_add_native_layer_norm_view_10,vlm.vision.camera1,vlm,32,bf16_tensor,23744.0,l2,1937216.0,,0.0,,,zero_counted_flops,
557,2728813,0,1,7,triton_red_fused_add_native_layer_norm_view_10,"(256, 1, 1)","(64, 1, 1)","Vision: residual/LayerNorm fusion 10 | triton_red_fused_add_native_layer_norm_view_10 | grid=(256, 1, 1) block=(64, 1, 1)",vlm.vision.camera1/triton_red_fused_add_native_layer_norm_view_10,vlm.vision.camera1,vlm,32,fp32_simt,23744.0,l2,1937216.0,,4802380.0,2.4790111169843736,0.2022565700808625,ok,
558,2728813,0,1,7,nvjet_sm110_tst_512x64_64x2_1x4_h_bz_bias_TNT,"(16, 1, 1)","(256, 1, 1)","Vision: image-to-text projection + bias | nvjet_sm110_tst_512x64_64x2_1x4_h_bz_bias_TNT | grid=(16, 1, 1) block=(256, 1, 1)",vlm.vision.camera1/nvjet_sm110_tst_512x64_64x2_1x4_h_bz_bias_TNT,vlm.vision.camera1,vlm,26,bf16_tensor,37760.00000000001,l2,8164224.0,,1207959552.0,147.95766897135601,31.990454237288134,ok,
558,2728813,0,1,7,nvjet_sm110_tst_512x64_64x2_1x4_h_bz_bias_TNT,"(16, 1, 1)","(256, 1, 1)","Vision: image-to-text projection + bias | nvjet_sm110_tst_512x64_64x2_1x4_h_bz_bias_TNT | grid=(16, 1, 1) block=(256, 1, 1)",vlm.vision.camera1/nvjet_sm110_tst_512x64_64x2_1x4_h_bz_bias_TNT,vlm.vision.camera1,vlm,26,fp32_simt,37760.00000000001,l2,8164224.0,,1572864.0,0.19265321480645314,0.04165423728813559,ok,
559,2728813,0,1,7,triton_poi_fused_mul_view_11,"(1024, 1, 1)","(128, 1, 1)","Vision: image embedding scale | triton_poi_fused_mul_view_11 | grid=(1024, 1, 1) block=(128, 1, 1)",vlm.vision.camera1/triton_poi_fused_mul_view_11,vlm.vision.camera1,vlm,25,bf16_tensor,15040.000000000002,l2,2138208.0,,0.0,,,zero_counted_flops,
559,2728813,0,1,7,triton_poi_fused_mul_view_11,"(1024, 1, 1)","(128, 1, 1)","Vision: image embedding scale | triton_poi_fused_mul_view_11 | grid=(1024, 1, 1) block=(128, 1, 1)",vlm.vision.camera1/triton_poi_fused_mul_view_11,vlm.vision.camera1,vlm,25,fp32_simt,15040.000000000002,l2,2138208.0,,524288.0,0.24519971864290097,0.0348595744680851,ok,
560,2728813,0,1,7,triton_poi_fused__to_copy_convolution_0,"(25, 1, 1)","(128, 1, 1)","Vision: input cast/layout | triton_poi_fused__to_copy_convolution_0 | grid=(25, 1, 1) block=(128, 1, 1)",vlm.vision.camera2/triton_poi_fused__to_copy_convolution_0,vlm.vision.camera2,vlm,27,bf16_tensor,15456.000000000002,l2,971520.0,,0.0,,,zero_counted_flops,
560,2728813,0,1,7,triton_poi_fused__to_copy_convolution_0,"(25, 1, 1)","(128, 1, 1)","Vision: input cast/layout | triton_poi_fused__to_copy_convolution_0 | grid=(25, 1, 1) block=(128, 1, 1)",vlm.vision.camera2/triton_poi_fused__to_copy_convolution_0,vlm.vision.camera2,vlm,27,fp32_simt,15456.000000000002,l2,971520.0,,0.0,,,zero_counted_flops,
561,2728813,0,1,7,"void cudnn::nchwToNhwcKernel<__nv_bfloat16, __nv_bfloat16, float, 0, 1, 0>(cudnn::nchw2nhwc_params_t<T3>, const T1 *, T2 *)","(1568, 1, 1)","(256, 1, 1)","Vision: NCHW → NHWC (input) | void cudnn::nchwToNhwcKernel<__nv_bfloat16, __nv_bfloat16, float, 0, 1, 0>(cudnn::nchw2nhwc_params_t<T3>, const T1 *, T2 *) | grid=(1568, 1, 1) block=(256, 1, 1)","vlm.vision.camera2/void cudnn::engines_precompiled::nchwToNhwcKernel<__nv_bfloat16, __nv_bfloat16, float, (bool)0, (bool)1, (cudnnKernelDataType_t)0>(cudnn::engines_precompiled::nchw2nhwc_params_t<T3>, const T1 *, T2 *)",vlm.vision.camera2,vlm,21,bf16_tensor,31072.000000000004,l2,1577536.0,,0.0,,,zero_counted_flops,
561,2728813,0,1,7,"void cudnn::nchwToNhwcKernel<__nv_bfloat16, __nv_bfloat16, float, 0, 1, 0>(cudnn::nchw2nhwc_params_t<T3>, const T1 *, T2 *)","(1568, 1, 1)","(256, 1, 1)","Vision: NCHW → NHWC (input) | void cudnn::nchwToNhwcKernel<__nv_bfloat16, __nv_bfloat16, float, 0, 1, 0>(cudnn::nchw2nhwc_params_t<T3>, const T1 *, T2 *) | grid=(1568, 1, 1) block=(256, 1, 1)","vlm.vision.camera2/void cudnn::engines_precompiled::nchwToNhwcKernel<__nv_bfloat16, __nv_bfloat16, float, (bool)0, (bool)1, (cudnnKernelDataType_t)0>(cudnn::engines_precompiled::nchw2nhwc_params_t<T3>, const T1 *, T2 *)",vlm.vision.camera2,vlm,21,fp32_simt,31072.000000000004,l2,1577536.0,,150528.0,0.09541969248245365,0.004844490216271884,ok,
562,2728813,0,1,7,"void cudnn::nchwToNhwcKernel<__nv_bfloat16, __nv_bfloat16, float, 0, 1, 0>(cudnn::nchw2nhwc_params_t<T3>, const T1 *, T2 *)","(7, 1, 1152)","(256, 1, 1)","Vision: NCHW → NHWC (weights) | void cudnn::nchwToNhwcKernel<__nv_bfloat16, __nv_bfloat16, float, 0, 1, 0>(cudnn::nchw2nhwc_params_t<T3>, const T1 *, T2 *) | grid=(7, 1, 1152) block=(256, 1, 1)","vlm.vision.camera2/void cudnn::engines_precompiled::nchwToNhwcKernel<__nv_bfloat16, __nv_bfloat16, float, (bool)0, (bool)1, (cudnnKernelDataType_t)0>(cudnn::engines_precompiled::nchw2nhwc_params_t<T3>, const T1 *, T2 *)",vlm.vision.camera2,vlm,22,bf16_tensor,104768.00000000001,l2,7725952.0,,0.0,,,zero_counted_flops,
562,2728813,0,1,7,"void cudnn::nchwToNhwcKernel<__nv_bfloat16, __nv_bfloat16, float, 0, 1, 0>(cudnn::nchw2nhwc_params_t<T3>, const T1 *, T2 *)","(7, 1, 1152)","(256, 1, 1)","Vision: NCHW → NHWC (weights) | void cudnn::nchwToNhwcKernel<__nv_bfloat16, __nv_bfloat16, float, 0, 1, 0>(cudnn::nchw2nhwc_params_t<T3>, const T1 *, T2 *) | grid=(7, 1, 1152) block=(256, 1, 1)","vlm.vision.camera2/void cudnn::engines_precompiled::nchwToNhwcKernel<__nv_bfloat16, __nv_bfloat16, float, (bool)0, (bool)1, (cudnnKernelDataType_t)0>(cudnn::engines_precompiled::nchw2nhwc_params_t<T3>, const T1 *, T2 *)",vlm.vision.camera2,vlm,22,fp32_simt,104768.00000000001,l2,7725952.0,,677376.0,0.08767540880398947,0.006465485644471594,ok,
563,2728813,0,1,7,void cutlass__5x_cudnn::Kernel<cutlass_tensorop_bf16_s16816fprop_optimized_bf16_256x64_32x4_nhwc_align8>(T1::Params),"(4, 5, 1)","(128, 1, 1)","Vision: patch embedding convolution | void cutlass__5x_cudnn::Kernel<cutlass_tensorop_bf16_s16816fprop_optimized_bf16_256x64_32x4_nhwc_align8>(T1::Params) | grid=(4, 5, 1) block=(128, 1, 1)",vlm.vision.camera2/void cutlass__5x_cudnn::Kernel<cutlass_tensorop_bf16_s16816fprop_optimized_bf16_256x64_32x4_nhwc_align8>(T1::Params),vlm.vision.camera2,vlm,28,bf16_tensor,99776.0,l2,20509664.0,,3699376128.0,180.37234193597712,37.07681334188582,ok,
563,2728813,0,1,7,void cutlass__5x_cudnn::Kernel<cutlass_tensorop_bf16_s16816fprop_optimized_bf16_256x64_32x4_nhwc_align8>(T1::Params),"(4, 5, 1)","(128, 1, 1)","Vision: patch embedding convolution | void cutlass__5x_cudnn::Kernel<cutlass_tensorop_bf16_s16816fprop_optimized_bf16_256x64_32x4_nhwc_align8>(T1::Params) | grid=(4, 5, 1) block=(128, 1, 1)",vlm.vision.camera2/void cutlass__5x_cudnn::Kernel<cutlass_tensorop_bf16_s16816fprop_optimized_bf16_256x64_32x4_nhwc_align8>(T1::Params),vlm.vision.camera2,vlm,28,fp32_simt,99776.0,l2,20509664.0,,884736.0,0.04313751800127003,0.00886722257857601,ok,
564,2728813,0,1,7,"void cudnn::nhwcToNchwKernel<__nv_bfloat16, __nv_bfloat16, float, 1, 0, 0>(cudnn::nhwc2nchw_params_t<T3>, const T1 *, T2 *)","(8, 36, 1)","(256, 1, 1)","Vision: NHWC → NCHW | void cudnn::nhwcToNchwKernel<__nv_bfloat16, __nv_bfloat16, float, 1, 0, 0>(cudnn::nhwc2nchw_params_t<T3>, const T1 *, T2 *) | grid=(8, 36, 1) block=(256, 1, 1)","vlm.vision.camera2/void cudnn::engines_precompiled::nhwcToNchwKernel<__nv_bfloat16, __nv_bfloat16, float, (bool)1, (bool)0, (cudnnKernelDataType_t)0>(cudnn::engines_precompiled::nhwc2nchw_params_t<T3>, const T1 *, T2 *)",vlm.vision.camera2,vlm,23,bf16_tensor,14944.000000000002,l2,1222176.0,,0.0,,,zero_counted_flops,
564,2728813,0,1,7,"void cudnn::nhwcToNchwKernel<__nv_bfloat16, __nv_bfloat16, float, 1, 0, 0>(cudnn::nhwc2nchw_params_t<T3>, const T1 *, T2 *)","(8, 36, 1)","(256, 1, 1)","Vision: NHWC → NCHW | void cudnn::nhwcToNchwKernel<__nv_bfloat16, __nv_bfloat16, float, 1, 0, 0>(cudnn::nhwc2nchw_params_t<T3>, const T1 *, T2 *) | grid=(8, 36, 1) block=(256, 1, 1)","vlm.vision.camera2/void cudnn::engines_precompiled::nhwcToNchwKernel<__nv_bfloat16, __nv_bfloat16, float, (bool)1, (bool)0, (cudnnKernelDataType_t)0>(cudnn::engines_precompiled::nhwc2nchw_params_t<T3>, const T1 *, T2 *)",vlm.vision.camera2,vlm,23,fp32_simt,14944.000000000002,l2,1222176.0,,294912.0,0.24130076191972352,0.019734475374732333,ok,
565,2728813,0,1,7,triton_red_fused__to_copy_add_convolution_embedding_native_layer_norm_transpose_view_1,"(36, 1, 1)","(256, 1, 1)","Vision: patch/LayerNorm fusion 1 | triton_red_fused__to_copy_add_convolution_embedding_native_layer_norm_transpose_view_1 | grid=(36, 1, 1) block=(256, 1, 1)",vlm.vision.camera2/triton_red_fused__to_copy_add_convolution_embedding_native_layer_norm_transpose_view_1,vlm.vision.camera2,vlm,29,bf16_tensor,19456.0,l2,1316864.0,,0.0,,,zero_counted_flops,
565,2728813,0,1,7,triton_red_fused__to_copy_add_convolution_embedding_native_layer_norm_transpose_view_1,"(36, 1, 1)","(256, 1, 1)","Vision: patch/LayerNorm fusion 1 | triton_red_fused__to_copy_add_convolution_embedding_native_layer_norm_transpose_view_1 | grid=(36, 1, 1) block=(256, 1, 1)",vlm.vision.camera2/triton_red_fused__to_copy_add_convolution_embedding_native_layer_norm_transpose_view_1,vlm.vision.camera2,vlm,29,fp32_simt,19456.0,l2,1316864.0,,3824640.0,2.904354587869362,0.19657894736842105,ok,
566,2728813,0,1,7,triton_per_fused__to_copy_add_convolution_embedding_native_layer_norm_transpose_view_2,"(16, 1, 1)","(128, 1, 1)","Vision: patch/LayerNorm fusion 2 | triton_per_fused__to_copy_add_convolution_embedding_native_layer_norm_transpose_view_2 | grid=(16, 1, 1) block=(128, 1, 1)",vlm.vision.camera2/triton_per_fused__to_copy_add_convolution_embedding_native_layer_norm_transpose_view_2,vlm.vision.camera2,vlm,30,bf16_tensor,13120.000000000002,l2,76128.0,,0.0,,,zero_counted_flops,
566,2728813,0,1,7,triton_per_fused__to_copy_add_convolution_embedding_native_layer_norm_transpose_view_2,"(16, 1, 1)","(128, 1, 1)","Vision: patch/LayerNorm fusion 2 | triton_per_fused__to_copy_add_convolution_embedding_native_layer_norm_transpose_view_2 | grid=(16, 1, 1) block=(128, 1, 1)",vlm.vision.camera2/triton_per_fused__to_copy_add_convolution_embedding_native_layer_norm_transpose_view_2,vlm.vision.camera2,vlm,30,fp32_simt,13120.000000000002,l2,76128.0,,140288.0,1.8427910886927281,0.010692682926829268,ok,
567,2728813,0,1,7,triton_poi_fused__to_copy_add_convolution_embedding_native_layer_norm_transpose_view_3,"(9, 1, 1)","(1024, 1, 1)","Vision: patch/LayerNorm fusion 3 | triton_poi_fused__to_copy_add_convolution_embedding_native_layer_norm_transpose_view_3 | grid=(9, 1, 1) block=(1024, 1, 1)",vlm.vision.camera2/triton_poi_fused__to_copy_add_convolution_embedding_native_layer_norm_transpose_view_3,vlm.vision.camera2,vlm,31,bf16_tensor,24832.000000000004,l2,1875808.0,,0.0,,,zero_counted_flops,
567,2728813,0,1,7,triton_poi_fused__to_copy_add_convolution_embedding_native_layer_norm_transpose_view_3,"(9, 1, 1)","(1024, 1, 1)","Vision: patch/LayerNorm fusion 3 | triton_poi_fused__to_copy_add_convolution_embedding_native_layer_norm_transpose_view_3 | grid=(9, 1, 1) block=(1024, 1, 1)",vlm.vision.camera2/triton_poi_fused__to_copy_add_convolution_embedding_native_layer_norm_transpose_view_3,vlm.vision.camera2,vlm,31,fp32_simt,24832.000000000004,l2,1875808.0,,1843200.0,0.982616557771371,0.07422680412371134,ok,
568,2728813,0,1,7,nvjet_sm110_tst_128x128_64x6_1x2_h_bz_bias_TNT,"(18, 1, 1)","(256, 1, 1)","Vision: attention Q/K/V/O projections | nvjet_sm110_tst_128x128_64x6_1x2_h_bz_bias_TNT | grid=(18, 1, 1) block=(256, 1, 1)",vlm.vision.camera2/nvjet_sm110_tst_128x128_64x6_1x2_h_bz_bias_TNT,vlm.vision.camera2,vlm,24,bf16_tensor,26592.000000000004,l2,8001728.0,,679477248.0,84.91631407615955,25.551942238267145,ok,
568,2728813,0,1,7,nvjet_sm110_tst_128x128_64x6_1x2_h_bz_bias_TNT,"(18, 1, 1)","(256, 1, 1)","Vision: attention Q/K/V/O projections | nvjet_sm110_tst_128x128_64x6_1x2_h_bz_bias_TNT | grid=(18, 1, 1) block=(256, 1, 1)",vlm.vision.camera2/nvjet_sm110_tst_128x128_64x6_1x2_h_bz_bias_TNT,vlm.vision.camera2,vlm,24,fp32_simt,26592.000000000004,l2,8001728.0,,884736.0,0.11056811728666607,0.03327075812274368,ok,
569,2728813,0,1,7,nvjet_sm110_tst_128x128_64x6_1x2_h_bz_bias_TNT,"(18, 1, 1)","(256, 1, 1)","Vision: attention Q/K/V/O projections | nvjet_sm110_tst_128x128_64x6_1x2_h_bz_bias_TNT | grid=(18, 1, 1) block=(256, 1, 1)",vlm.vision.camera2/nvjet_sm110_tst_128x128_64x6_1x2_h_bz_bias_TNT,vlm.vision.camera2,vlm,24,bf16_tensor,21344.0,l2,8016480.0,,679477248.0,84.76005029638944,31.834578710644674,ok,
569,2728813,0,1,7,nvjet_sm110_tst_128x128_64x6_1x2_h_bz_bias_TNT,"(18, 1, 1)","(256, 1, 1)","Vision: attention Q/K/V/O projections | nvjet_sm110_tst_128x128_64x6_1x2_h_bz_bias_TNT | grid=(18, 1, 1) block=(256, 1, 1)",vlm.vision.camera2/nvjet_sm110_tst_128x128_64x6_1x2_h_bz_bias_TNT,vlm.vision.camera2,vlm,24,fp32_simt,21344.0,l2,8016480.0,,884736.0,0.11036464882342374,0.04145127436281859,ok,
570,2728813,0,1,7,nvjet_sm110_tst_128x128_64x6_1x2_h_bz_bias_TNT,"(18, 1, 1)","(256, 1, 1)","Vision: attention Q/K/V/O projections | nvjet_sm110_tst_128x128_64x6_1x2_h_bz_bias_TNT | grid=(18, 1, 1) block=(256, 1, 1)",vlm.vision.camera2/nvjet_sm110_tst_128x128_64x6_1x2_h_bz_bias_TNT,vlm.vision.camera2,vlm,24,bf16_tensor,27552.000000000004,l2,7999264.0,,679477248.0,84.94247070730508,24.6616306620209,ok,
570,2728813,0,1,7,nvjet_sm110_tst_128x128_64x6_1x2_h_bz_bias_TNT,"(18, 1, 1)","(256, 1, 1)","Vision: attention Q/K/V/O projections | nvjet_sm110_tst_128x128_64x6_1x2_h_bz_bias_TNT | grid=(18, 1, 1) block=(256, 1, 1)",vlm.vision.camera2/nvjet_sm110_tst_128x128_64x6_1x2_h_bz_bias_TNT,vlm.vision.camera2,vlm,24,fp32_simt,27552.000000000004,l2,7999264.0,,884736.0,0.11060217540013681,0.03211149825783972,ok,
571,2728813,0,1,7,"void pytorch_flash::flash_fwd_kernel<Flash_fwd_kernel_traits<96, 128, 64, 4, 0, 0, cutlass::bfloat16_t, Flash_kernel_traits<96, 128, 64, 4, cutlass::bfloat16_t>>, 0, 0, 0, 0, 0, 0, 0, 0>(pytorch_flash::Flash_fwd_params)","(2, 1, 16)","(128, 1, 1)","Vision: FlashAttention | void pytorch_flash::flash_fwd_kernel<Flash_fwd_kernel_traits<96, 128, 64, 4, 0, 0, cutlass::bfloat16_t, Flash_kernel_traits<96, 128, 64, 4, cutlass::bfloat16_t>>, 0, 0, 0, 0, 0, 0, 0, 0>(pytorch_flash::Flash_fwd_params) | grid=(2, 1, 16) block=(128, 1, 1)","vlm.vision.camera2/void pytorch_flash::flash_fwd_kernel<Flash_fwd_kernel_traits<(int)96, (int)128, (int)64, (int)4, (bool)0, (bool)0, cutlass::bfloat16_t, Flash_kernel_traits<(int)96, (int)128, (int)64, (int)4, cutlass::bfloat16_t>>, (bool)0, (bool)0, (bool)0, (bool)0, (bool)0, (bool)0, (bool)0, (bool)0>(pytorch_flash::Flash_fwd_params)",vlm.vision.camera2,vlm,20,bf16_tensor,29632.0,l2,5483968.0,,402653184.0,73.42369320900487,13.58845788336933,ok,
571,2728813,0,1,7,"void pytorch_flash::flash_fwd_kernel<Flash_fwd_kernel_traits<96, 128, 64, 4, 0, 0, cutlass::bfloat16_t, Flash_kernel_traits<96, 128, 64, 4, cutlass::bfloat16_t>>, 0, 0, 0, 0, 0, 0, 0, 0>(pytorch_flash::Flash_fwd_params)","(2, 1, 16)","(128, 1, 1)","Vision: FlashAttention | void pytorch_flash::flash_fwd_kernel<Flash_fwd_kernel_traits<96, 128, 64, 4, 0, 0, cutlass::bfloat16_t, Flash_kernel_traits<96, 128, 64, 4, cutlass::bfloat16_t>>, 0, 0, 0, 0, 0, 0, 0, 0>(pytorch_flash::Flash_fwd_params) | grid=(2, 1, 16) block=(128, 1, 1)","vlm.vision.camera2/void pytorch_flash::flash_fwd_kernel<Flash_fwd_kernel_traits<(int)96, (int)128, (int)64, (int)4, (bool)0, (bool)0, cutlass::bfloat16_t, Flash_kernel_traits<(int)96, (int)128, (int)64, (int)4, cutlass::bfloat16_t>>, (bool)0, (bool)0, (bool)0, (bool)0, (bool)0, (bool)0, (bool)0, (bool)0>(pytorch_flash::Flash_fwd_params)",vlm.vision.camera2,vlm,20,fp32_simt,29632.0,l2,5483968.0,,5079054.0,0.9261640476384982,0.1714043601511879,ok,
572,2728813,0,1,7,nvjet_sm110_tst_128x128_64x6_1x2_h_bz_bias_TNT,"(18, 1, 1)","(256, 1, 1)","Vision: attention Q/K/V/O projections | nvjet_sm110_tst_128x128_64x6_1x2_h_bz_bias_TNT | grid=(18, 1, 1) block=(256, 1, 1)",vlm.vision.camera2/nvjet_sm110_tst_128x128_64x6_1x2_h_bz_bias_TNT,vlm.vision.camera2,vlm,24,bf16_tensor,26528.0,l2,7998880.0,,679477248.0,84.94654851679235,25.613587454764776,ok,
572,2728813,0,1,7,nvjet_sm110_tst_128x128_64x6_1x2_h_bz_bias_TNT,"(18, 1, 1)","(256, 1, 1)","Vision: attention Q/K/V/O projections | nvjet_sm110_tst_128x128_64x6_1x2_h_bz_bias_TNT | grid=(18, 1, 1) block=(256, 1, 1)",vlm.vision.camera2/nvjet_sm110_tst_128x128_64x6_1x2_h_bz_bias_TNT,vlm.vision.camera2,vlm,24,fp32_simt,26528.0,l2,7998880.0,,884736.0,0.11060748504790671,0.033351025331724966,ok,
573,2728813,0,1,7,triton_red_fused__to_copy_add_convolution_embedding_native_layer_norm_transpose_view_4,"(64, 1, 1)","(256, 1, 1)","Vision: residual/LayerNorm fusion 4 | triton_red_fused__to_copy_add_convolution_embedding_native_layer_norm_transpose_view_4 | grid=(64, 1, 1) block=(256, 1, 1)",vlm.vision.camera2/triton_red_fused__to_copy_add_convolution_embedding_native_layer_norm_transpose_view_4,vlm.vision.camera2,vlm,33,bf16_tensor,25920.000000000004,l2,4956544.0,,0.0,,,zero_counted_flops,
573,2728813,0,1,7,triton_red_fused__to_copy_add_convolution_embedding_native_layer_norm_transpose_view_4,"(64, 1, 1)","(256, 1, 1)","Vision: residual/LayerNorm fusion 4 | triton_red_fused__to_copy_add_convolution_embedding_native_layer_norm_transpose_view_4 | grid=(64, 1, 1) block=(256, 1, 1)",vlm.vision.camera2/triton_red_fused__to_copy_add_convolution_embedding_native_layer_norm_transpose_view_4,vlm.vision.camera2,vlm,33,fp32_simt,25920.000000000004,l2,4956544.0,,6291456.0,1.2693231412855408,0.2427259259259259,ok,
574,2728813,0,1,7,nvjet_sm110_tst_224x128_64x7_1x2_2cta_h_bz_bias_TNN,"(40, 1, 1)","(256, 1, 1)","Vision: FFN expansion + bias | nvjet_sm110_tst_224x128_64x7_1x2_2cta_h_bz_bias_TNN | grid=(40, 1, 1) block=(256, 1, 1)",vlm.vision.camera2/nvjet_sm110_tst_224x128_64x7_1x2_2cta_h_bz_bias_TNN,vlm.vision.camera2,vlm,19,bf16_tensor,63744.00000000001,l2,23292256.0,,2642411520.0,113.44592468844581,41.45349397590361,ok,
574,2728813,0,1,7,nvjet_sm110_tst_224x128_64x7_1x2_2cta_h_bz_bias_TNN,"(40, 1, 1)","(256, 1, 1)","Vision: FFN expansion + bias | nvjet_sm110_tst_224x128_64x7_1x2_2cta_h_bz_bias_TNN | grid=(40, 1, 1) block=(256, 1, 1)",vlm.vision.camera2/nvjet_sm110_tst_224x128_64x7_1x2_2cta_h_bz_bias_TNN,vlm.vision.camera2,vlm,19,fp32_simt,63744.00000000001,l2,23292256.0,,3440640.0,0.1477160477714138,0.053975903614457824,ok,
575,2728813,0,1,7,triton_poi_fused_gelu_view_5,"(2152, 1, 1)","(128, 1, 1)","Vision: FFN GELU | triton_poi_fused_gelu_view_5 | grid=(2152, 1, 1) block=(128, 1, 1)",vlm.vision.camera2/triton_poi_fused_gelu_view_5,vlm.vision.camera2,vlm,17,bf16_tensor,24416.0,l2,4461856.0,,0.0,,,zero_counted_flops,
575,2728813,0,1,7,triton_poi_fused_gelu_view_5,"(2152, 1, 1)","(128, 1, 1)","Vision: FFN GELU | triton_poi_fused_gelu_view_5 | grid=(2152, 1, 1) block=(128, 1, 1)",vlm.vision.camera2/triton_poi_fused_gelu_view_5,vlm.vision.camera2,vlm,17,fp32_simt,24416.0,l2,4461856.0,,15393564.0,3.450036038814341,0.6304703473132371,ok,
576,2728813,0,1,7,nvjet_sm110_tst_144x128_64x6_4x1_v_bz_bias_TNN,"(16, 1, 1)","(256, 1, 1)","Vision: FFN contraction + bias | nvjet_sm110_tst_144x128_64x6_4x1_v_bz_bias_TNN | grid=(16, 1, 1) block=(256, 1, 1)",vlm.vision.camera2/nvjet_sm110_tst_144x128_64x6_4x1_v_bz_bias_TNN,vlm.vision.camera2,vlm,18,bf16_tensor,65952.00000000001,l2,24650912.0,,2566914048.0,104.13059151726313,38.92094323144104,ok,
576,2728813,0,1,7,nvjet_sm110_tst_144x128_64x6_4x1_v_bz_bias_TNN,"(16, 1, 1)","(256, 1, 1)","Vision: FFN contraction + bias | nvjet_sm110_tst_144x128_64x6_4x1_v_bz_bias_TNN | grid=(16, 1, 1) block=(256, 1, 1)",vlm.vision.camera2/nvjet_sm110_tst_144x128_64x6_4x1_v_bz_bias_TNN,vlm.vision.camera2,vlm,18,fp32_simt,65952.00000000001,l2,24650912.0,,884736.0,0.035890599098321395,0.01341484716157205,ok,
577,2728813,0,1,7,triton_red_fused_add_native_layer_norm_view_6,"(128, 1, 1)","(128, 1, 1)","Vision: residual/LayerNorm fusion 6 | triton_red_fused_add_native_layer_norm_view_6 | grid=(128, 1, 1) block=(128, 1, 1)",vlm.vision.camera2/triton_red_fused_add_native_layer_norm_view_6,vlm.vision.camera2,vlm,34,bf16_tensor,15840.0,l2,1909984.0,,0.0,,,zero_counted_flops,
577,2728813,0,1,7,triton_red_fused_add_native_layer_norm_view_6,"(128, 1, 1)","(128, 1, 1)","Vision: residual/LayerNorm fusion 6 | triton_red_fused_add_native_layer_norm_view_6 | grid=(128, 1, 1) block=(128, 1, 1)",vlm.vision.camera2/triton_red_fused_add_native_layer_norm_view_6,vlm.vision.camera2,vlm,34,fp32_simt,15840.0,l2,1909984.0,,5202280.0,2.723729622865951,0.32842676767676765,ok,
578,2728813,0,1,7,nvjet_sm110_tst_128x128_64x6_1x2_h_bz_bias_TNT,"(18, 1, 1)","(256, 1, 1)","Vision: attention Q/K/V/O projections | nvjet_sm110_tst_128x128_64x6_1x2_h_bz_bias_TNT | grid=(18, 1, 1) block=(256, 1, 1)",vlm.vision.camera2/nvjet_sm110_tst_128x128_64x6_1x2_h_bz_bias_TNT,vlm.vision.camera2,vlm,24,bf16_tensor,28064.0,l2,8003744.0,,679477248.0,84.89492517501809,24.211703534777648,ok,
578,2728813,0,1,7,nvjet_sm110_tst_128x128_64x6_1x2_h_bz_bias_TNT,"(18, 1, 1)","(256, 1, 1)","Vision: attention Q/K/V/O projections | nvjet_sm110_tst_128x128_64x6_1x2_h_bz_bias_TNT | grid=(18, 1, 1) block=(256, 1, 1)",vlm.vision.camera2/nvjet_sm110_tst_128x128_64x6_1x2_h_bz_bias_TNT,vlm.vision.camera2,vlm,24,fp32_simt,28064.0,l2,8003744.0,,884736.0,0.11054026715497148,0.031525655644241736,ok,
579,2728813,0,1,7,nvjet_sm110_tst_128x128_64x6_1x2_h_bz_bias_TNT,"(18, 1, 1)","(256, 1, 1)","Vision: attention Q/K/V/O projections | nvjet_sm110_tst_128x128_64x6_1x2_h_bz_bias_TNT | grid=(18, 1, 1) block=(256, 1, 1)",vlm.vision.camera2/nvjet_sm110_tst_128x128_64x6_1x2_h_bz_bias_TNT,vlm.vision.camera2,vlm,24,bf16_tensor,27744.0,l2,8000000.0,,679477248.0,84.934656,24.49096193771626,ok,
579,2728813,0,1,7,nvjet_sm110_tst_128x128_64x6_1x2_h_bz_bias_TNT,"(18, 1, 1)","(256, 1, 1)","Vision: attention Q/K/V/O projections | nvjet_sm110_tst_128x128_64x6_1x2_h_bz_bias_TNT | grid=(18, 1, 1) block=(256, 1, 1)",vlm.vision.camera2/nvjet_sm110_tst_128x128_64x6_1x2_h_bz_bias_TNT,vlm.vision.camera2,vlm,24,fp32_simt,27744.0,l2,8000000.0,,884736.0,0.110592,0.03188927335640138,ok,
580,2728813,0,1,7,nvjet_sm110_tst_128x128_64x6_1x2_h_bz_bias_TNT,"(18, 1, 1)","(256, 1, 1)","Vision: attention Q/K/V/O projections | nvjet_sm110_tst_128x128_64x6_1x2_h_bz_bias_TNT | grid=(18, 1, 1) block=(256, 1, 1)",vlm.vision.camera2/nvjet_sm110_tst_128x128_64x6_1x2_h_bz_bias_TNT,vlm.vision.camera2,vlm,24,bf16_tensor,29280.0,l2,8002560.0,,679477248.0,84.90748560460652,23.206190163934426,ok,
580,2728813,0,1,7,nvjet_sm110_tst_128x128_64x6_1x2_h_bz_bias_TNT,"(18, 1, 1)","(256, 1, 1)","Vision: attention Q/K/V/O projections | nvjet_sm110_tst_128x128_64x6_1x2_h_bz_bias_TNT | grid=(18, 1, 1) block=(256, 1, 1)",vlm.vision.camera2/nvjet_sm110_tst_128x128_64x6_1x2_h_bz_bias_TNT,vlm.vision.camera2,vlm,24,fp32_simt,29280.0,l2,8002560.0,,884736.0,0.11055662188099807,0.03021639344262295,ok,
581,2728813,0,1,7,"void pytorch_flash::flash_fwd_kernel<Flash_fwd_kernel_traits<96, 128, 64, 4, 0, 0, cutlass::bfloat16_t, Flash_kernel_traits<96, 128, 64, 4, cutlass::bfloat16_t>>, 0, 0, 0, 0, 0, 0, 0, 0>(pytorch_flash::Flash_fwd_params)","(2, 1, 16)","(128, 1, 1)","Vision: FlashAttention | void pytorch_flash::flash_fwd_kernel<Flash_fwd_kernel_traits<96, 128, 64, 4, 0, 0, cutlass::bfloat16_t, Flash_kernel_traits<96, 128, 64, 4, cutlass::bfloat16_t>>, 0, 0, 0, 0, 0, 0, 0, 0>(pytorch_flash::Flash_fwd_params) | grid=(2, 1, 16) block=(128, 1, 1)","vlm.vision.camera2/void pytorch_flash::flash_fwd_kernel<Flash_fwd_kernel_traits<(int)96, (int)128, (int)64, (int)4, (bool)0, (bool)0, cutlass::bfloat16_t, Flash_kernel_traits<(int)96, (int)128, (int)64, (int)4, cutlass::bfloat16_t>>, (bool)0, (bool)0, (bool)0, (bool)0, (bool)0, (bool)0, (bool)0, (bool)0>(pytorch_flash::Flash_fwd_params)",vlm.vision.camera2,vlm,20,bf16_tensor,29184.0,l2,5486112.0,,402653184.0,73.39499886258247,13.797052631578948,ok,
581,2728813,0,1,7,"void pytorch_flash::flash_fwd_kernel<Flash_fwd_kernel_traits<96, 128, 64, 4, 0, 0, cutlass::bfloat16_t, Flash_kernel_traits<96, 128, 64, 4, cutlass::bfloat16_t>>, 0, 0, 0, 0, 0, 0, 0, 0>(pytorch_flash::Flash_fwd_params)","(2, 1, 16)","(128, 1, 1)","Vision: FlashAttention | void pytorch_flash::flash_fwd_kernel<Flash_fwd_kernel_traits<96, 128, 64, 4, 0, 0, cutlass::bfloat16_t, Flash_kernel_traits<96, 128, 64, 4, cutlass::bfloat16_t>>, 0, 0, 0, 0, 0, 0, 0, 0>(pytorch_flash::Flash_fwd_params) | grid=(2, 1, 16) block=(128, 1, 1)","vlm.vision.camera2/void pytorch_flash::flash_fwd_kernel<Flash_fwd_kernel_traits<(int)96, (int)128, (int)64, (int)4, (bool)0, (bool)0, cutlass::bfloat16_t, Flash_kernel_traits<(int)96, (int)128, (int)64, (int)4, cutlass::bfloat16_t>>, (bool)0, (bool)0, (bool)0, (bool)0, (bool)0, (bool)0, (bool)0, (bool)0>(pytorch_flash::Flash_fwd_params)",vlm.vision.camera2,vlm,20,fp32_simt,29184.0,l2,5486112.0,,5079040.0,0.9257995461995672,0.17403508771929824,ok,
582,2728813,0,1,7,nvjet_sm110_tst_128x128_64x6_1x2_h_bz_bias_TNT,"(18, 1, 1)","(256, 1, 1)","Vision: attention Q/K/V/O projections | nvjet_sm110_tst_128x128_64x6_1x2_h_bz_bias_TNT | grid=(18, 1, 1) block=(256, 1, 1)",vlm.vision.camera2/nvjet_sm110_tst_128x128_64x6_1x2_h_bz_bias_TNT,vlm.vision.camera2,vlm,24,bf16_tensor,27232.000000000004,l2,8002144.0,,679477248.0,84.91189961090427,24.951426556991773,ok,
582,2728813,0,1,7,nvjet_sm110_tst_128x128_64x6_1x2_h_bz_bias_TNT,"(18, 1, 1)","(256, 1, 1)","Vision: attention Q/K/V/O projections | nvjet_sm110_tst_128x128_64x6_1x2_h_bz_bias_TNT | grid=(18, 1, 1) block=(256, 1, 1)",vlm.vision.camera2/nvjet_sm110_tst_128x128_64x6_1x2_h_bz_bias_TNT,vlm.vision.camera2,vlm,24,fp32_simt,27232.000000000004,l2,8002144.0,,884736.0,0.11056236928503162,0.0324888366627497,ok,
583,2728813,0,1,7,triton_red_fused_add_native_layer_norm_view_7,"(256, 1, 1)","(64, 1, 1)","Vision: residual/LayerNorm fusion 7 | triton_red_fused_add_native_layer_norm_view_7 | grid=(256, 1, 1) block=(64, 1, 1)",vlm.vision.camera2/triton_red_fused_add_native_layer_norm_view_7,vlm.vision.camera2,vlm,35,bf16_tensor,24096.0,l2,2578496.0,,0.0,,,zero_counted_flops,
583,2728813,0,1,7,triton_red_fused_add_native_layer_norm_view_7,"(256, 1, 1)","(64, 1, 1)","Vision: residual/LayerNorm fusion 7 | triton_red_fused_add_native_layer_norm_view_7 | grid=(256, 1, 1) block=(64, 1, 1)",vlm.vision.camera2/triton_red_fused_add_native_layer_norm_view_7,vlm.vision.camera2,vlm,35,fp32_simt,24096.0,l2,2578496.0,,5391700.0,2.0910251557497084,0.22375913014608234,ok,
584,2728813,0,1,7,nvjet_sm110_tst_224x128_64x7_1x2_2cta_h_bz_bias_TNN,"(40, 1, 1)","(256, 1, 1)","Vision: FFN expansion + bias | nvjet_sm110_tst_224x128_64x7_1x2_2cta_h_bz_bias_TNN | grid=(40, 1, 1) block=(256, 1, 1)",vlm.vision.camera2/nvjet_sm110_tst_224x128_64x7_1x2_2cta_h_bz_bias_TNN,vlm.vision.camera2,vlm,19,bf16_tensor,60736.0,l2,23112480.0,,2642411520.0,114.32834209050695,43.50651211801897,ok,
584,2728813,0,1,7,nvjet_sm110_tst_224x128_64x7_1x2_2cta_h_bz_bias_TNN,"(40, 1, 1)","(256, 1, 1)","Vision: FFN expansion + bias | nvjet_sm110_tst_224x128_64x7_1x2_2cta_h_bz_bias_TNN | grid=(40, 1, 1) block=(256, 1, 1)",vlm.vision.camera2/nvjet_sm110_tst_224x128_64x7_1x2_2cta_h_bz_bias_TNN,vlm.vision.camera2,vlm,19,fp32_simt,60736.0,l2,23112480.0,,3440640.0,0.1488650287636809,0.05664910432033719,ok,
585,2728813,0,1,7,triton_poi_fused_gelu_view_5,"(2152, 1, 1)","(128, 1, 1)","Vision: FFN GELU | triton_poi_fused_gelu_view_5 | grid=(2152, 1, 1) block=(128, 1, 1)",vlm.vision.camera2/triton_poi_fused_gelu_view_5,vlm.vision.camera2,vlm,17,bf16_tensor,24896.0,l2,4460480.0,,0.0,,,zero_counted_flops,
585,2728813,0,1,7,triton_poi_fused_gelu_view_5,"(2152, 1, 1)","(128, 1, 1)","Vision: FFN GELU | triton_poi_fused_gelu_view_5 | grid=(2152, 1, 1) block=(128, 1, 1)",vlm.vision.camera2/triton_poi_fused_gelu_view_5,vlm.vision.camera2,vlm,17,fp32_simt,24896.0,l2,4460480.0,,15836328.0,3.550364086376354,0.6360992930591259,ok,
586,2728813,0,1,7,nvjet_sm110_tst_144x128_64x6_4x1_v_bz_bias_TNN,"(16, 1, 1)","(256, 1, 1)","Vision: FFN contraction + bias | nvjet_sm110_tst_144x128_64x6_4x1_v_bz_bias_TNN | grid=(16, 1, 1) block=(256, 1, 1)",vlm.vision.camera2/nvjet_sm110_tst_144x128_64x6_4x1_v_bz_bias_TNN,vlm.vision.camera2,vlm,18,bf16_tensor,79328.00000000001,l2,24622016.0,,2566914048.0,104.25279749635448,32.35823477208552,ok,
586,2728813,0,1,7,nvjet_sm110_tst_144x128_64x6_4x1_v_bz_bias_TNN,"(16, 1, 1)","(256, 1, 1)","Vision: FFN contraction + bias | nvjet_sm110_tst_144x128_64x6_4x1_v_bz_bias_TNN | grid=(16, 1, 1) block=(256, 1, 1)",vlm.vision.camera2/nvjet_sm110_tst_144x128_64x6_4x1_v_bz_bias_TNN,vlm.vision.camera2,vlm,18,fp32_simt,79328.00000000001,l2,24622016.0,,884736.0,0.035932719725306005,0.011152884227511092,ok,
587,2728813,0,1,7,triton_red_fused_add_native_layer_norm_view_8,"(256, 1, 1)","(64, 1, 1)","Vision: residual/LayerNorm fusion 8 | triton_red_fused_add_native_layer_norm_view_8 | grid=(256, 1, 1) block=(64, 1, 1)",vlm.vision.camera2/triton_red_fused_add_native_layer_norm_view_8,vlm.vision.camera2,vlm,36,bf16_tensor,27904.000000000004,l2,3222752.0,,0.0,,,zero_counted_flops,
587,2728813,0,1,7,triton_red_fused_add_native_layer_norm_view_8,"(256, 1, 1)","(64, 1, 1)","Vision: residual/LayerNorm fusion 8 | triton_red_fused_add_native_layer_norm_view_8 | grid=(256, 1, 1) block=(64, 1, 1)",vlm.vision.camera2/triton_red_fused_add_native_layer_norm_view_8,vlm.vision.camera2,vlm,36,fp32_simt,27904.000000000004,l2,3222752.0,,6619136.0,2.0538769349922052,0.23721100917431193,ok,
588,2728813,0,1,7,nvjet_sm110_tst_128x128_64x6_1x2_h_bz_bias_TNT,"(18, 1, 1)","(256, 1, 1)","Vision: attention Q/K/V/O projections | nvjet_sm110_tst_128x128_64x6_1x2_h_bz_bias_TNT | grid=(18, 1, 1) block=(256, 1, 1)",vlm.vision.camera2/nvjet_sm110_tst_128x128_64x6_1x2_h_bz_bias_TNT,vlm.vision.camera2,vlm,24,bf16_tensor,30112.000000000004,l2,8003872.0,,679477248.0,84.89356751332355,22.564998937300743,ok,
588,2728813,0,1,7,nvjet_sm110_tst_128x128_64x6_1x2_h_bz_bias_TNT,"(18, 1, 1)","(256, 1, 1)","Vision: attention Q/K/V/O projections | nvjet_sm110_tst_128x128_64x6_1x2_h_bz_bias_TNT | grid=(18, 1, 1) block=(256, 1, 1)",vlm.vision.camera2/nvjet_sm110_tst_128x128_64x6_1x2_h_bz_bias_TNT,vlm.vision.camera2,vlm,24,fp32_simt,30112.000000000004,l2,8003872.0,,884736.0,0.1105384993663067,0.029381509032943676,ok,
589,2728813,0,1,7,nvjet_sm110_tst_128x128_64x6_1x2_h_bz_bias_TNT,"(18, 1, 1)","(256, 1, 1)","Vision: attention Q/K/V/O projections | nvjet_sm110_tst_128x128_64x6_1x2_h_bz_bias_TNT | grid=(18, 1, 1) block=(256, 1, 1)",vlm.vision.camera2/nvjet_sm110_tst_128x128_64x6_1x2_h_bz_bias_TNT,vlm.vision.camera2,vlm,24,bf16_tensor,28352.000000000004,l2,8001408.0,,679477248.0,84.91971013101694,23.96576072234763,ok,
589,2728813,0,1,7,nvjet_sm110_tst_128x128_64x6_1x2_h_bz_bias_TNT,"(18, 1, 1)","(256, 1, 1)","Vision: attention Q/K/V/O projections | nvjet_sm110_tst_128x128_64x6_1x2_h_bz_bias_TNT | grid=(18, 1, 1) block=(256, 1, 1)",vlm.vision.camera2/nvjet_sm110_tst_128x128_64x6_1x2_h_bz_bias_TNT,vlm.vision.camera2,vlm,24,fp32_simt,28352.000000000004,l2,8001408.0,,884736.0,0.11057253923309497,0.031205417607223472,ok,
590,2728813,0,1,7,nvjet_sm110_tst_128x128_64x6_1x2_h_bz_bias_TNT,"(18, 1, 1)","(256, 1, 1)","Vision: attention Q/K/V/O projections | nvjet_sm110_tst_128x128_64x6_1x2_h_bz_bias_TNT | grid=(18, 1, 1) block=(256, 1, 1)",vlm.vision.camera2/nvjet_sm110_tst_128x128_64x6_1x2_h_bz_bias_TNT,vlm.vision.camera2,vlm,24,bf16_tensor,28512.0,l2,8002656.0,,679477248.0,84.90646705293842,23.831272727272726,ok,
590,2728813,0,1,7,nvjet_sm110_tst_128x128_64x6_1x2_h_bz_bias_TNT,"(18, 1, 1)","(256, 1, 1)","Vision: attention Q/K/V/O projections | nvjet_sm110_tst_128x128_64x6_1x2_h_bz_bias_TNT | grid=(18, 1, 1) block=(256, 1, 1)",vlm.vision.camera2/nvjet_sm110_tst_128x128_64x6_1x2_h_bz_bias_TNT,vlm.vision.camera2,vlm,24,fp32_simt,28512.0,l2,8002656.0,,884736.0,0.1105552956418469,0.03103030303030303,ok,
591,2728813,0,1,7,"void pytorch_flash::flash_fwd_kernel<Flash_fwd_kernel_traits<96, 128, 64, 4, 0, 0, cutlass::bfloat16_t, Flash_kernel_traits<96, 128, 64, 4, cutlass::bfloat16_t>>, 0, 0, 0, 0, 0, 0, 0, 0>(pytorch_flash::Flash_fwd_params)","(2, 1, 16)","(128, 1, 1)","Vision: FlashAttention | void pytorch_flash::flash_fwd_kernel<Flash_fwd_kernel_traits<96, 128, 64, 4, 0, 0, cutlass::bfloat16_t, Flash_kernel_traits<96, 128, 64, 4, cutlass::bfloat16_t>>, 0, 0, 0, 0, 0, 0, 0, 0>(pytorch_flash::Flash_fwd_params) | grid=(2, 1, 16) block=(128, 1, 1)","vlm.vision.camera2/void pytorch_flash::flash_fwd_kernel<Flash_fwd_kernel_traits<(int)96, (int)128, (int)64, (int)4, (bool)0, (bool)0, cutlass::bfloat16_t, Flash_kernel_traits<(int)96, (int)128, (int)64, (int)4, cutlass::bfloat16_t>>, (bool)0, (bool)0, (bool)0, (bool)0, (bool)0, (bool)0, (bool)0, (bool)0>(pytorch_flash::Flash_fwd_params)",vlm.vision.camera2,vlm,20,bf16_tensor,30304.000000000004,l2,5476928.0,,402653184.0,73.51807144443016,13.287129883843715,ok,
591,2728813,0,1,7,"void pytorch_flash::flash_fwd_kernel<Flash_fwd_kernel_traits<96, 128, 64, 4, 0, 0, cutlass::bfloat16_t, Flash_kernel_traits<96, 128, 64, 4, cutlass::bfloat16_t>>, 0, 0, 0, 0, 0, 0, 0, 0>(pytorch_flash::Flash_fwd_params)","(2, 1, 16)","(128, 1, 1)","Vision: FlashAttention | void pytorch_flash::flash_fwd_kernel<Flash_fwd_kernel_traits<96, 128, 64, 4, 0, 0, cutlass::bfloat16_t, Flash_kernel_traits<96, 128, 64, 4, cutlass::bfloat16_t>>, 0, 0, 0, 0, 0, 0, 0, 0>(pytorch_flash::Flash_fwd_params) | grid=(2, 1, 16) block=(128, 1, 1)","vlm.vision.camera2/void pytorch_flash::flash_fwd_kernel<Flash_fwd_kernel_traits<(int)96, (int)128, (int)64, (int)4, (bool)0, (bool)0, cutlass::bfloat16_t, Flash_kernel_traits<(int)96, (int)128, (int)64, (int)4, cutlass::bfloat16_t>>, (bool)0, (bool)0, (bool)0, (bool)0, (bool)0, (bool)0, (bool)0, (bool)0>(pytorch_flash::Flash_fwd_params)",vlm.vision.camera2,vlm,20,fp32_simt,30304.000000000004,l2,5476928.0,,5079040.0,0.9273519754139546,0.16760295670538541,ok,
592,2728813,0,1,7,nvjet_sm110_tst_128x128_64x6_1x2_h_bz_bias_TNT,"(18, 1, 1)","(256, 1, 1)","Vision: attention Q/K/V/O projections | nvjet_sm110_tst_128x128_64x6_1x2_h_bz_bias_TNT | grid=(18, 1, 1) block=(256, 1, 1)",vlm.vision.camera2/nvjet_sm110_tst_128x128_64x6_1x2_h_bz_bias_TNT,vlm.vision.camera2,vlm,24,bf16_tensor,28928.0,l2,8001312.0,,679477248.0,84.92072900044393,23.488566371681415,ok,
592,2728813,0,1,7,nvjet_sm110_tst_128x128_64x6_1x2_h_bz_bias_TNT,"(18, 1, 1)","(256, 1, 1)","Vision: attention Q/K/V/O projections | nvjet_sm110_tst_128x128_64x6_1x2_h_bz_bias_TNT | grid=(18, 1, 1) block=(256, 1, 1)",vlm.vision.camera2/nvjet_sm110_tst_128x128_64x6_1x2_h_bz_bias_TNT,vlm.vision.camera2,vlm,24,fp32_simt,28928.0,l2,8001312.0,,884736.0,0.1105738658859947,0.030584070796460174,ok,
593,2728813,0,1,7,triton_red_fused_add_native_layer_norm_view_9,"(256, 1, 1)","(512, 1, 1)","Vision: residual/LayerNorm fusion 9 | triton_red_fused_add_native_layer_norm_view_9 | grid=(256, 1, 1) block=(512, 1, 1)",vlm.vision.camera2/triton_red_fused_add_native_layer_norm_view_9,vlm.vision.camera2,vlm,37,bf16_tensor,29248.000000000004,l2,4272864.0,,0.0,,,zero_counted_flops,
593,2728813,0,1,7,triton_red_fused_add_native_layer_norm_view_9,"(256, 1, 1)","(512, 1, 1)","Vision: residual/LayerNorm fusion 9 | triton_red_fused_add_native_layer_norm_view_9 | grid=(256, 1, 1) block=(512, 1, 1)",vlm.vision.camera2/triton_red_fused_add_native_layer_norm_view_9,vlm.vision.camera2,vlm,37,fp32_simt,29248.000000000004,l2,4272864.0,,21893456.0,5.123836377661447,0.7485454048140042,ok,
594,2728813,0,1,7,nvjet_sm110_tst_224x128_64x7_1x2_2cta_h_bz_bias_TNN,"(40, 1, 1)","(256, 1, 1)","Vision: FFN expansion + bias | nvjet_sm110_tst_224x128_64x7_1x2_2cta_h_bz_bias_TNN | grid=(40, 1, 1) block=(256, 1, 1)",vlm.vision.camera2/nvjet_sm110_tst_224x128_64x7_1x2_2cta_h_bz_bias_TNN,vlm.vision.camera2,vlm,19,bf16_tensor,57568.0,l2,23257792.0,,2642411520.0,113.6140318049108,45.900700389105054,ok,
594,2728813,0,1,7,nvjet_sm110_tst_224x128_64x7_1x2_2cta_h_bz_bias_TNN,"(40, 1, 1)","(256, 1, 1)","Vision: FFN expansion + bias | nvjet_sm110_tst_224x128_64x7_1x2_2cta_h_bz_bias_TNN | grid=(40, 1, 1) block=(256, 1, 1)",vlm.vision.camera2/nvjet_sm110_tst_224x128_64x7_1x2_2cta_h_bz_bias_TNN,vlm.vision.camera2,vlm,19,fp32_simt,57568.0,l2,23257792.0,,3440640.0,0.14793493724597762,0.05976653696498054,ok,
595,2728813,0,1,7,triton_poi_fused_gelu_view_5,"(2152, 1, 1)","(128, 1, 1)","Vision: FFN GELU | triton_poi_fused_gelu_view_5 | grid=(2152, 1, 1) block=(128, 1, 1)",vlm.vision.camera2/triton_poi_fused_gelu_view_5,vlm.vision.camera2,vlm,17,bf16_tensor,23744.0,l2,4459232.0,,0.0,,,zero_counted_flops,
595,2728813,0,1,7,triton_poi_fused_gelu_view_5,"(2152, 1, 1)","(128, 1, 1)","Vision: FFN GELU | triton_poi_fused_gelu_view_5 | grid=(2152, 1, 1) block=(128, 1, 1)",vlm.vision.camera2/triton_poi_fused_gelu_view_5,vlm.vision.camera2,vlm,17,fp32_simt,23744.0,l2,4459232.0,,16364576.0,3.669819376968949,0.6892088948787062,ok,
596,2728813,0,1,7,nvjet_sm110_tst_144x128_64x6_4x1_v_bz_bias_TNN,"(16, 1, 1)","(256, 1, 1)","Vision: FFN contraction + bias | nvjet_sm110_tst_144x128_64x6_4x1_v_bz_bias_TNN | grid=(16, 1, 1) block=(256, 1, 1)",vlm.vision.camera2/nvjet_sm110_tst_144x128_64x6_4x1_v_bz_bias_TNN,vlm.vision.camera2,vlm,18,bf16_tensor,65856.0,l2,24618976.0,,2566914048.0,104.26567083862464,38.97767930029155,ok,
596,2728813,0,1,7,nvjet_sm110_tst_144x128_64x6_4x1_v_bz_bias_TNN,"(16, 1, 1)","(256, 1, 1)","Vision: FFN contraction + bias | nvjet_sm110_tst_144x128_64x6_4x1_v_bz_bias_TNN | grid=(16, 1, 1) block=(256, 1, 1)",vlm.vision.camera2/nvjet_sm110_tst_144x128_64x6_4x1_v_bz_bias_TNN,vlm.vision.camera2,vlm,18,fp32_simt,65856.0,l2,24618976.0,,884736.0,0.03593715676882743,0.013434402332361515,ok,
597,2728813,0,1,7,triton_red_fused_add_native_layer_norm_view_6,"(128, 1, 1)","(128, 1, 1)","Vision: residual/LayerNorm fusion 6 | triton_red_fused_add_native_layer_norm_view_6 | grid=(128, 1, 1) block=(128, 1, 1)",vlm.vision.camera2/triton_red_fused_add_native_layer_norm_view_6,vlm.vision.camera2,vlm,34,bf16_tensor,22400.000000000004,l2,1930720.0,,0.0,,,zero_counted_flops,
597,2728813,0,1,7,triton_red_fused_add_native_layer_norm_view_6,"(128, 1, 1)","(128, 1, 1)","Vision: residual/LayerNorm fusion 6 | triton_red_fused_add_native_layer_norm_view_6 | grid=(128, 1, 1) block=(128, 1, 1)",vlm.vision.camera2/triton_red_fused_add_native_layer_norm_view_6,vlm.vision.camera2,vlm,34,fp32_simt,22400.000000000004,l2,1930720.0,,5225224.0,2.706360321538079,0.23326892857142856,ok,
598,2728813,0,1,7,nvjet_sm110_tst_128x128_64x6_1x2_h_bz_bias_TNT,"(18, 1, 1)","(256, 1, 1)","Vision: attention Q/K/V/O projections | nvjet_sm110_tst_128x128_64x6_1x2_h_bz_bias_TNT | grid=(18, 1, 1) block=(256, 1, 1)",vlm.vision.camera2/nvjet_sm110_tst_128x128_64x6_1x2_h_bz_bias_TNT,vlm.vision.camera2,vlm,24,bf16_tensor,28352.000000000004,l2,8002880.0,,679477248.0,84.90409052741013,23.96576072234763,ok,
598,2728813,0,1,7,nvjet_sm110_tst_128x128_64x6_1x2_h_bz_bias_TNT,"(18, 1, 1)","(256, 1, 1)","Vision: attention Q/K/V/O projections | nvjet_sm110_tst_128x128_64x6_1x2_h_bz_bias_TNT | grid=(18, 1, 1) block=(256, 1, 1)",vlm.vision.camera2/nvjet_sm110_tst_128x128_64x6_1x2_h_bz_bias_TNT,vlm.vision.camera2,vlm,24,fp32_simt,28352.000000000004,l2,8002880.0,,884736.0,0.11055220120756527,0.031205417607223472,ok,
599,2728813,0,1,7,nvjet_sm110_tst_128x128_64x6_1x2_h_bz_bias_TNT,"(18, 1, 1)","(256, 1, 1)","Vision: attention Q/K/V/O projections | nvjet_sm110_tst_128x128_64x6_1x2_h_bz_bias_TNT | grid=(18, 1, 1) block=(256, 1, 1)",vlm.vision.camera2/nvjet_sm110_tst_128x128_64x6_1x2_h_bz_bias_TNT,vlm.vision.camera2,vlm,24,bf16_tensor,27552.000000000004,l2,7993760.0,,679477248.0,85.00095674626209,24.6616306620209,ok,
599,2728813,0,1,7,nvjet_sm110_tst_128x128_64x6_1x2_h_bz_bias_TNT,"(18, 1, 1)","(256, 1, 1)","Vision: attention Q/K/V/O projections | nvjet_sm110_tst_128x128_64x6_1x2_h_bz_bias_TNT | grid=(18, 1, 1) block=(256, 1, 1)",vlm.vision.camera2/nvjet_sm110_tst_128x128_64x6_1x2_h_bz_bias_TNT,vlm.vision.camera2,vlm,24,fp32_simt,27552.000000000004,l2,7993760.0,,884736.0,0.11067832909669542,0.03211149825783972,ok,
600,2728813,0,1,7,nvjet_sm110_tst_128x128_64x6_1x2_h_bz_bias_TNT,"(18, 1, 1)","(256, 1, 1)","Vision: attention Q/K/V/O projections | nvjet_sm110_tst_128x128_64x6_1x2_h_bz_bias_TNT | grid=(18, 1, 1) block=(256, 1, 1)",vlm.vision.camera2/nvjet_sm110_tst_128x128_64x6_1x2_h_bz_bias_TNT,vlm.vision.camera2,vlm,24,bf16_tensor,27424.0,l2,8002048.0,,679477248.0,84.91291829291701,24.776737456242707,ok,
600,2728813,0,1,7,nvjet_sm110_tst_128x128_64x6_1x2_h_bz_bias_TNT,"(18, 1, 1)","(256, 1, 1)","Vision: attention Q/K/V/O projections | nvjet_sm110_tst_128x128_64x6_1x2_h_bz_bias_TNT | grid=(18, 1, 1) block=(256, 1, 1)",vlm.vision.camera2/nvjet_sm110_tst_128x128_64x6_1x2_h_bz_bias_TNT,vlm.vision.camera2,vlm,24,fp32_simt,27424.0,l2,8002048.0,,884736.0,0.11056369569390236,0.03226137689614936,ok,
601,2728813,0,1,7,"void pytorch_flash::flash_fwd_kernel<Flash_fwd_kernel_traits<96, 128, 64, 4, 0, 0, cutlass::bfloat16_t, Flash_kernel_traits<96, 128, 64, 4, cutlass::bfloat16_t>>, 0, 0, 0, 0, 0, 0, 0, 0>(pytorch_flash::Flash_fwd_params)","(2, 1, 16)","(128, 1, 1)","Vision: FlashAttention | void pytorch_flash::flash_fwd_kernel<Flash_fwd_kernel_traits<96, 128, 64, 4, 0, 0, cutlass::bfloat16_t, Flash_kernel_traits<96, 128, 64, 4, cutlass::bfloat16_t>>, 0, 0, 0, 0, 0, 0, 0, 0>(pytorch_flash::Flash_fwd_params) | grid=(2, 1, 16) block=(128, 1, 1)","vlm.vision.camera2/void pytorch_flash::flash_fwd_kernel<Flash_fwd_kernel_traits<(int)96, (int)128, (int)64, (int)4, (bool)0, (bool)0, cutlass::bfloat16_t, Flash_kernel_traits<(int)96, (int)128, (int)64, (int)4, cutlass::bfloat16_t>>, (bool)0, (bool)0, (bool)0, (bool)0, (bool)0, (bool)0, (bool)0, (bool)0>(pytorch_flash::Flash_fwd_params)",vlm.vision.camera2,vlm,20,bf16_tensor,30784.000000000004,l2,5476928.0,,402653184.0,73.51807144443016,13.079950103950104,ok,
601,2728813,0,1,7,"void pytorch_flash::flash_fwd_kernel<Flash_fwd_kernel_traits<96, 128, 64, 4, 0, 0, cutlass::bfloat16_t, Flash_kernel_traits<96, 128, 64, 4, cutlass::bfloat16_t>>, 0, 0, 0, 0, 0, 0, 0, 0>(pytorch_flash::Flash_fwd_params)","(2, 1, 16)","(128, 1, 1)","Vision: FlashAttention | void pytorch_flash::flash_fwd_kernel<Flash_fwd_kernel_traits<96, 128, 64, 4, 0, 0, cutlass::bfloat16_t, Flash_kernel_traits<96, 128, 64, 4, cutlass::bfloat16_t>>, 0, 0, 0, 0, 0, 0, 0, 0>(pytorch_flash::Flash_fwd_params) | grid=(2, 1, 16) block=(128, 1, 1)","vlm.vision.camera2/void pytorch_flash::flash_fwd_kernel<Flash_fwd_kernel_traits<(int)96, (int)128, (int)64, (int)4, (bool)0, (bool)0, cutlass::bfloat16_t, Flash_kernel_traits<(int)96, (int)128, (int)64, (int)4, cutlass::bfloat16_t>>, (bool)0, (bool)0, (bool)0, (bool)0, (bool)0, (bool)0, (bool)0, (bool)0>(pytorch_flash::Flash_fwd_params)",vlm.vision.camera2,vlm,20,fp32_simt,30784.000000000004,l2,5476928.0,,5079040.0,0.9273519754139546,0.164989604989605,ok,
602,2728813,0,1,7,nvjet_sm110_tst_128x128_64x6_1x2_h_bz_bias_TNT,"(18, 1, 1)","(256, 1, 1)","Vision: attention Q/K/V/O projections | nvjet_sm110_tst_128x128_64x6_1x2_h_bz_bias_TNT | grid=(18, 1, 1) block=(256, 1, 1)",vlm.vision.camera2/nvjet_sm110_tst_128x128_64x6_1x2_h_bz_bias_TNT,vlm.vision.camera2,vlm,24,bf16_tensor,27488.0,l2,8000128.0,,679477248.0,84.93329706724693,24.719050058207216,ok,
602,2728813,0,1,7,nvjet_sm110_tst_128x128_64x6_1x2_h_bz_bias_TNT,"(18, 1, 1)","(256, 1, 1)","Vision: attention Q/K/V/O projections | nvjet_sm110_tst_128x128_64x6_1x2_h_bz_bias_TNT | grid=(18, 1, 1) block=(256, 1, 1)",vlm.vision.camera2/nvjet_sm110_tst_128x128_64x6_1x2_h_bz_bias_TNT,vlm.vision.camera2,vlm,24,fp32_simt,27488.0,l2,8000128.0,,884736.0,0.11059023055631109,0.03218626309662398,ok,
603,2728813,0,1,7,triton_red_fused_add_native_layer_norm_view_7,"(256, 1, 1)","(64, 1, 1)","Vision: residual/LayerNorm fusion 7 | triton_red_fused_add_native_layer_norm_view_7 | grid=(256, 1, 1) block=(64, 1, 1)",vlm.vision.camera2/triton_red_fused_add_native_layer_norm_view_7,vlm.vision.camera2,vlm,35,bf16_tensor,25664.0,l2,2541568.0,,0.0,,,zero_counted_flops,
603,2728813,0,1,7,triton_red_fused_add_native_layer_norm_view_7,"(256, 1, 1)","(64, 1, 1)","Vision: residual/LayerNorm fusion 7 | triton_red_fused_add_native_layer_norm_view_7 | grid=(256, 1, 1) block=(64, 1, 1)",vlm.vision.camera2/triton_red_fused_add_native_layer_norm_view_7,vlm.vision.camera2,vlm,35,fp32_simt,25664.0,l2,2541568.0,,5392196.0,2.12160209760274,0.2101073877805486,ok,
604,2728813,0,1,7,nvjet_sm110_tst_224x128_64x7_1x2_2cta_h_bz_bias_TNN,"(40, 1, 1)","(256, 1, 1)","Vision: FFN expansion + bias | nvjet_sm110_tst_224x128_64x7_1x2_2cta_h_bz_bias_TNN | grid=(40, 1, 1) block=(256, 1, 1)",vlm.vision.camera2/nvjet_sm110_tst_224x128_64x7_1x2_2cta_h_bz_bias_TNN,vlm.vision.camera2,vlm,19,bf16_tensor,64032.0,l2,23264256.0,,2642411520.0,113.58246401690215,41.267046476761614,ok,
604,2728813,0,1,7,nvjet_sm110_tst_224x128_64x7_1x2_2cta_h_bz_bias_TNN,"(40, 1, 1)","(256, 1, 1)","Vision: FFN expansion + bias | nvjet_sm110_tst_224x128_64x7_1x2_2cta_h_bz_bias_TNN | grid=(40, 1, 1) block=(256, 1, 1)",vlm.vision.camera2/nvjet_sm110_tst_224x128_64x7_1x2_2cta_h_bz_bias_TNN,vlm.vision.camera2,vlm,19,fp32_simt,64032.0,l2,23264256.0,,3440640.0,0.14789383335534134,0.053733133433283356,ok,
605,2728813,0,1,7,triton_poi_fused_gelu_view_5,"(2152, 1, 1)","(128, 1, 1)","Vision: FFN GELU | triton_poi_fused_gelu_view_5 | grid=(2152, 1, 1) block=(128, 1, 1)",vlm.vision.camera2/triton_poi_fused_gelu_view_5,vlm.vision.camera2,vlm,17,bf16_tensor,27072.0,l2,4463104.0,,0.0,,,zero_counted_flops,
605,2728813,0,1,7,triton_poi_fused_gelu_view_5,"(2152, 1, 1)","(128, 1, 1)","Vision: FFN GELU | triton_poi_fused_gelu_view_5 | grid=(2152, 1, 1) block=(128, 1, 1)",vlm.vision.camera2/triton_poi_fused_gelu_view_5,vlm.vision.camera2,vlm,17,fp32_simt,27072.0,l2,4463104.0,,16148031.0,3.618116673956063,0.5964845966312057,ok,
606,2728813,0,1,7,nvjet_sm110_tst_144x128_64x6_4x1_v_bz_bias_TNN,"(16, 1, 1)","(256, 1, 1)","Vision: FFN contraction + bias | nvjet_sm110_tst_144x128_64x6_4x1_v_bz_bias_TNN | grid=(16, 1, 1) block=(256, 1, 1)",vlm.vision.camera2/nvjet_sm110_tst_144x128_64x6_4x1_v_bz_bias_TNN,vlm.vision.camera2,vlm,18,bf16_tensor,87232.00000000001,l2,24610880.0,,2566914048.0,104.2999700945273,29.42628906823184,ok,
606,2728813,0,1,7,nvjet_sm110_tst_144x128_64x6_4x1_v_bz_bias_TNN,"(16, 1, 1)","(256, 1, 1)","Vision: FFN contraction + bias | nvjet_sm110_tst_144x128_64x6_4x1_v_bz_bias_TNN | grid=(16, 1, 1) block=(256, 1, 1)",vlm.vision.camera2/nvjet_sm110_tst_144x128_64x6_4x1_v_bz_bias_TNN,vlm.vision.camera2,vlm,18,fp32_simt,87232.00000000001,l2,24610880.0,,884736.0,0.03594897866309535,0.010142333088774762,ok,
607,2728813,0,1,7,triton_red_fused_add_native_layer_norm_view_8,"(256, 1, 1)","(64, 1, 1)","Vision: residual/LayerNorm fusion 8 | triton_red_fused_add_native_layer_norm_view_8 | grid=(256, 1, 1) block=(64, 1, 1)",vlm.vision.camera2/triton_red_fused_add_native_layer_norm_view_8,vlm.vision.camera2,vlm,36,bf16_tensor,25248.000000000004,l2,3176032.0,,0.0,,,zero_counted_flops,
607,2728813,0,1,7,triton_red_fused_add_native_layer_norm_view_8,"(256, 1, 1)","(64, 1, 1)","Vision: residual/LayerNorm fusion 8 | triton_red_fused_add_native_layer_norm_view_8 | grid=(256, 1, 1) block=(64, 1, 1)",vlm.vision.camera2/triton_red_fused_add_native_layer_norm_view_8,vlm.vision.camera2,vlm,36,fp32_simt,25248.000000000004,l2,3176032.0,,6619136.0,2.084089832848032,0.2621647655259822,ok,
608,2728813,0,1,7,nvjet_sm110_tst_128x128_64x6_1x2_h_bz_bias_TNT,"(18, 1, 1)","(256, 1, 1)","Vision: attention Q/K/V/O projections | nvjet_sm110_tst_128x128_64x6_1x2_h_bz_bias_TNT | grid=(18, 1, 1) block=(256, 1, 1)",vlm.vision.camera2/nvjet_sm110_tst_128x128_64x6_1x2_h_bz_bias_TNT,vlm.vision.camera2,vlm,24,bf16_tensor,27648.0,l2,8000928.0,,679477248.0,84.92480472265217,24.576,ok,
608,2728813,0,1,7,nvjet_sm110_tst_128x128_64x6_1x2_h_bz_bias_TNT,"(18, 1, 1)","(256, 1, 1)","Vision: attention Q/K/V/O projections | nvjet_sm110_tst_128x128_64x6_1x2_h_bz_bias_TNT | grid=(18, 1, 1) block=(256, 1, 1)",vlm.vision.camera2/nvjet_sm110_tst_128x128_64x6_1x2_h_bz_bias_TNT,vlm.vision.camera2,vlm,24,fp32_simt,27648.0,l2,8000928.0,,884736.0,0.11057917281595335,0.032,ok,
609,2728813,0,1,7,nvjet_sm110_tst_128x128_64x6_1x2_h_bz_bias_TNT,"(18, 1, 1)","(256, 1, 1)","Vision: attention Q/K/V/O projections | nvjet_sm110_tst_128x128_64x6_1x2_h_bz_bias_TNT | grid=(18, 1, 1) block=(256, 1, 1)",vlm.vision.camera2/nvjet_sm110_tst_128x128_64x6_1x2_h_bz_bias_TNT,vlm.vision.camera2,vlm,24,bf16_tensor,26368.000000000004,l2,7999872.0,,679477248.0,84.93601497623962,25.769009708737862,ok,
609,2728813,0,1,7,nvjet_sm110_tst_128x128_64x6_1x2_h_bz_bias_TNT,"(18, 1, 1)","(256, 1, 1)","Vision: attention Q/K/V/O projections | nvjet_sm110_tst_128x128_64x6_1x2_h_bz_bias_TNT | grid=(18, 1, 1) block=(256, 1, 1)",vlm.vision.camera2/nvjet_sm110_tst_128x128_64x6_1x2_h_bz_bias_TNT,vlm.vision.camera2,vlm,24,fp32_simt,26368.000000000004,l2,7999872.0,,884736.0,0.11059376950031201,0.03355339805825242,ok,
610,2728813,0,1,7,nvjet_sm110_tst_128x128_64x6_1x2_h_bz_bias_TNT,"(18, 1, 1)","(256, 1, 1)","Vision: attention Q/K/V/O projections | nvjet_sm110_tst_128x128_64x6_1x2_h_bz_bias_TNT | grid=(18, 1, 1) block=(256, 1, 1)",vlm.vision.camera2/nvjet_sm110_tst_128x128_64x6_1x2_h_bz_bias_TNT,vlm.vision.camera2,vlm,24,bf16_tensor,27616.0,l2,8001504.0,,679477248.0,84.91869128603823,24.60447740440324,ok,
610,2728813,0,1,7,nvjet_sm110_tst_128x128_64x6_1x2_h_bz_bias_TNT,"(18, 1, 1)","(256, 1, 1)","Vision: attention Q/K/V/O projections | nvjet_sm110_tst_128x128_64x6_1x2_h_bz_bias_TNT | grid=(18, 1, 1) block=(256, 1, 1)",vlm.vision.camera2/nvjet_sm110_tst_128x128_64x6_1x2_h_bz_bias_TNT,vlm.vision.camera2,vlm,24,fp32_simt,27616.0,l2,8001504.0,,884736.0,0.11057121261202894,0.03203707995365006,ok,
611,2728813,0,1,7,"void pytorch_flash::flash_fwd_kernel<Flash_fwd_kernel_traits<96, 128, 64, 4, 0, 0, cutlass::bfloat16_t, Flash_kernel_traits<96, 128, 64, 4, cutlass::bfloat16_t>>, 0, 0, 0, 0, 0, 0, 0, 0>(pytorch_flash::Flash_fwd_params)","(2, 1, 16)","(128, 1, 1)","Vision: FlashAttention | void pytorch_flash::flash_fwd_kernel<Flash_fwd_kernel_traits<96, 128, 64, 4, 0, 0, cutlass::bfloat16_t, Flash_kernel_traits<96, 128, 64, 4, cutlass::bfloat16_t>>, 0, 0, 0, 0, 0, 0, 0, 0>(pytorch_flash::Flash_fwd_params) | grid=(2, 1, 16) block=(128, 1, 1)","vlm.vision.camera2/void pytorch_flash::flash_fwd_kernel<Flash_fwd_kernel_traits<(int)96, (int)128, (int)64, (int)4, (bool)0, (bool)0, cutlass::bfloat16_t, Flash_kernel_traits<(int)96, (int)128, (int)64, (int)4, cutlass::bfloat16_t>>, (bool)0, (bool)0, (bool)0, (bool)0, (bool)0, (bool)0, (bool)0, (bool)0>(pytorch_flash::Flash_fwd_params)",vlm.vision.camera2,vlm,20,bf16_tensor,29888.000000000004,l2,5473376.0,,402653184.0,73.56578170401595,13.472068522483939,ok,
611,2728813,0,1,7,"void pytorch_flash::flash_fwd_kernel<Flash_fwd_kernel_traits<96, 128, 64, 4, 0, 0, cutlass::bfloat16_t, Flash_kernel_traits<96, 128, 64, 4, cutlass::bfloat16_t>>, 0, 0, 0, 0, 0, 0, 0, 0>(pytorch_flash::Flash_fwd_params)","(2, 1, 16)","(128, 1, 1)","Vision: FlashAttention | void pytorch_flash::flash_fwd_kernel<Flash_fwd_kernel_traits<96, 128, 64, 4, 0, 0, cutlass::bfloat16_t, Flash_kernel_traits<96, 128, 64, 4, cutlass::bfloat16_t>>, 0, 0, 0, 0, 0, 0, 0, 0>(pytorch_flash::Flash_fwd_params) | grid=(2, 1, 16) block=(128, 1, 1)","vlm.vision.camera2/void pytorch_flash::flash_fwd_kernel<Flash_fwd_kernel_traits<(int)96, (int)128, (int)64, (int)4, (bool)0, (bool)0, cutlass::bfloat16_t, Flash_kernel_traits<(int)96, (int)128, (int)64, (int)4, cutlass::bfloat16_t>>, (bool)0, (bool)0, (bool)0, (bool)0, (bool)0, (bool)0, (bool)0, (bool)0>(pytorch_flash::Flash_fwd_params)",vlm.vision.camera2,vlm,20,fp32_simt,29888.000000000004,l2,5473376.0,,5079040.0,0.9279537893979877,0.16993576017130618,ok,
612,2728813,0,1,7,nvjet_sm110_tst_128x128_64x6_1x2_h_bz_bias_TNT,"(18, 1, 1)","(256, 1, 1)","Vision: attention Q/K/V/O projections | nvjet_sm110_tst_128x128_64x6_1x2_h_bz_bias_TNT | grid=(18, 1, 1) block=(256, 1, 1)",vlm.vision.camera2/nvjet_sm110_tst_128x128_64x6_1x2_h_bz_bias_TNT,vlm.vision.camera2,vlm,24,bf16_tensor,29664.000000000004,l2,8002240.0,,679477248.0,84.91088095333306,22.90578640776699,ok,
612,2728813,0,1,7,nvjet_sm110_tst_128x128_64x6_1x2_h_bz_bias_TNT,"(18, 1, 1)","(256, 1, 1)","Vision: attention Q/K/V/O projections | nvjet_sm110_tst_128x128_64x6_1x2_h_bz_bias_TNT | grid=(18, 1, 1) block=(256, 1, 1)",vlm.vision.camera2/nvjet_sm110_tst_128x128_64x6_1x2_h_bz_bias_TNT,vlm.vision.camera2,vlm,24,fp32_simt,29664.000000000004,l2,8002240.0,,884736.0,0.11056104290798577,0.0298252427184466,ok,
613,2728813,0,1,7,triton_red_fused_add_native_layer_norm_view_9,"(256, 1, 1)","(512, 1, 1)","Vision: residual/LayerNorm fusion 9 | triton_red_fused_add_native_layer_norm_view_9 | grid=(256, 1, 1) block=(512, 1, 1)",vlm.vision.camera2/triton_red_fused_add_native_layer_norm_view_9,vlm.vision.camera2,vlm,37,bf16_tensor,28672.000000000004,l2,4275200.0,,0.0,,,zero_counted_flops,
613,2728813,0,1,7,triton_red_fused_add_native_layer_norm_view_9,"(256, 1, 1)","(512, 1, 1)","Vision: residual/LayerNorm fusion 9 | triton_red_fused_add_native_layer_norm_view_9 | grid=(256, 1, 1) block=(512, 1, 1)",vlm.vision.camera2/triton_red_fused_add_native_layer_norm_view_9,vlm.vision.camera2,vlm,37,fp32_simt,28672.000000000004,l2,4275200.0,,21910336.0,5.124985029940119,0.7641718749999998,ok,
614,2728813,0,1,7,nvjet_sm110_tst_224x128_64x7_1x2_2cta_h_bz_bias_TNN,"(40, 1, 1)","(256, 1, 1)","Vision: FFN expansion + bias | nvjet_sm110_tst_224x128_64x7_1x2_2cta_h_bz_bias_TNN | grid=(40, 1, 1) block=(256, 1, 1)",vlm.vision.camera2/nvjet_sm110_tst_224x128_64x7_1x2_2cta_h_bz_bias_TNN,vlm.vision.camera2,vlm,19,bf16_tensor,61600.00000000001,l2,23252064.0,,2642411520.0,113.64201990842619,42.89629090909091,ok,
614,2728813,0,1,7,nvjet_sm110_tst_224x128_64x7_1x2_2cta_h_bz_bias_TNN,"(40, 1, 1)","(256, 1, 1)","Vision: FFN expansion + bias | nvjet_sm110_tst_224x128_64x7_1x2_2cta_h_bz_bias_TNN | grid=(40, 1, 1) block=(256, 1, 1)",vlm.vision.camera2/nvjet_sm110_tst_224x128_64x7_1x2_2cta_h_bz_bias_TNN,vlm.vision.camera2,vlm,19,fp32_simt,61600.00000000001,l2,23252064.0,,3440640.0,0.1479713800890966,0.05585454545454545,ok,
615,2728813,0,1,7,triton_poi_fused_gelu_view_5,"(2152, 1, 1)","(128, 1, 1)","Vision: FFN GELU | triton_poi_fused_gelu_view_5 | grid=(2152, 1, 1) block=(128, 1, 1)",vlm.vision.camera2/triton_poi_fused_gelu_view_5,vlm.vision.camera2,vlm,17,bf16_tensor,27296.0,l2,4462144.0,,0.0,,,zero_counted_flops,
615,2728813,0,1,7,triton_poi_fused_gelu_view_5,"(2152, 1, 1)","(128, 1, 1)","Vision: FFN GELU | triton_poi_fused_gelu_view_5 | grid=(2152, 1, 1) block=(128, 1, 1)",vlm.vision.camera2/triton_poi_fused_gelu_view_5,vlm.vision.camera2,vlm,17,fp32_simt,27296.0,l2,4462144.0,,15756213.0,3.5310857291920654,0.5772352359320047,ok,
616,2728813,0,1,7,nvjet_sm110_tst_144x128_64x6_4x1_v_bz_bias_TNN,"(16, 1, 1)","(256, 1, 1)","Vision: FFN contraction + bias | nvjet_sm110_tst_144x128_64x6_4x1_v_bz_bias_TNN | grid=(16, 1, 1) block=(256, 1, 1)",vlm.vision.camera2/nvjet_sm110_tst_144x128_64x6_4x1_v_bz_bias_TNN,vlm.vision.camera2,vlm,18,bf16_tensor,100864.0,l2,24631712.0,,2566914048.0,104.21175953989719,25.44925888324873,ok,
616,2728813,0,1,7,nvjet_sm110_tst_144x128_64x6_4x1_v_bz_bias_TNN,"(16, 1, 1)","(256, 1, 1)","Vision: FFN contraction + bias | nvjet_sm110_tst_144x128_64x6_4x1_v_bz_bias_TNN | grid=(16, 1, 1) block=(256, 1, 1)",vlm.vision.camera2/nvjet_sm110_tst_144x128_64x6_4x1_v_bz_bias_TNN,vlm.vision.camera2,vlm,18,fp32_simt,100864.0,l2,24631712.0,,884736.0,0.03591857520906383,0.008771573604060914,ok,
617,2728813,0,1,7,triton_red_fused_add_native_layer_norm_view_6,"(128, 1, 1)","(128, 1, 1)","Vision: residual/LayerNorm fusion 6 | triton_red_fused_add_native_layer_norm_view_6 | grid=(128, 1, 1) block=(128, 1, 1)",vlm.vision.camera2/triton_red_fused_add_native_layer_norm_view_6,vlm.vision.camera2,vlm,34,bf16_tensor,21824.0,l2,1930304.0,,0.0,,,zero_counted_flops,
617,2728813,0,1,7,triton_red_fused_add_native_layer_norm_view_6,"(128, 1, 1)","(128, 1, 1)","Vision: residual/LayerNorm fusion 6 | triton_red_fused_add_native_layer_norm_view_6 | grid=(128, 1, 1) block=(128, 1, 1)",vlm.vision.camera2/triton_red_fused_add_native_layer_norm_view_6,vlm.vision.camera2,vlm,34,fp32_simt,21824.0,l2,1930304.0,,5216696.0,2.7025256125460033,0.23903482404692084,ok,
618,2728813,0,1,7,nvjet_sm110_tst_128x128_64x6_1x2_h_bz_bias_TNT,"(18, 1, 1)","(256, 1, 1)","Vision: attention Q/K/V/O projections | nvjet_sm110_tst_128x128_64x6_1x2_h_bz_bias_TNT | grid=(18, 1, 1) block=(256, 1, 1)",vlm.vision.camera2/nvjet_sm110_tst_128x128_64x6_1x2_h_bz_bias_TNT,vlm.vision.camera2,vlm,24,bf16_tensor,29440.000000000004,l2,8002528.0,,679477248.0,84.90782512725978,23.08006956521739,ok,
618,2728813,0,1,7,nvjet_sm110_tst_128x128_64x6_1x2_h_bz_bias_TNT,"(18, 1, 1)","(256, 1, 1)","Vision: attention Q/K/V/O projections | nvjet_sm110_tst_128x128_64x6_1x2_h_bz_bias_TNT | grid=(18, 1, 1) block=(256, 1, 1)",vlm.vision.camera2/nvjet_sm110_tst_128x128_64x6_1x2_h_bz_bias_TNT,vlm.vision.camera2,vlm,24,fp32_simt,29440.000000000004,l2,8002528.0,,884736.0,0.11055706396778618,0.030052173913043476,ok,
619,2728813,0,1,7,nvjet_sm110_tst_128x128_64x6_1x2_h_bz_bias_TNT,"(18, 1, 1)","(256, 1, 1)","Vision: attention Q/K/V/O projections | nvjet_sm110_tst_128x128_64x6_1x2_h_bz_bias_TNT | grid=(18, 1, 1) block=(256, 1, 1)",vlm.vision.camera2/nvjet_sm110_tst_128x128_64x6_1x2_h_bz_bias_TNT,vlm.vision.camera2,vlm,24,bf16_tensor,30528.000000000004,l2,8003840.0,,679477248.0,84.89390692467616,22.257509433962262,ok,
619,2728813,0,1,7,nvjet_sm110_tst_128x128_64x6_1x2_h_bz_bias_TNT,"(18, 1, 1)","(256, 1, 1)","Vision: attention Q/K/V/O projections | nvjet_sm110_tst_128x128_64x6_1x2_h_bz_bias_TNT | grid=(18, 1, 1) block=(256, 1, 1)",vlm.vision.camera2/nvjet_sm110_tst_128x128_64x6_1x2_h_bz_bias_TNT,vlm.vision.camera2,vlm,24,fp32_simt,30528.000000000004,l2,8003840.0,,884736.0,0.11053894130817207,0.028981132075471695,ok,
620,2728813,0,1,7,nvjet_sm110_tst_128x128_64x6_1x2_h_bz_bias_TNT,"(18, 1, 1)","(256, 1, 1)","Vision: attention Q/K/V/O projections | nvjet_sm110_tst_128x128_64x6_1x2_h_bz_bias_TNT | grid=(18, 1, 1) block=(256, 1, 1)",vlm.vision.camera2/nvjet_sm110_tst_128x128_64x6_1x2_h_bz_bias_TNT,vlm.vision.camera2,vlm,24,bf16_tensor,28992.000000000004,l2,8003808.0,,679477248.0,84.89424633874276,23.436715231788078,ok,
620,2728813,0,1,7,nvjet_sm110_tst_128x128_64x6_1x2_h_bz_bias_TNT,"(18, 1, 1)","(256, 1, 1)","Vision: attention Q/K/V/O projections | nvjet_sm110_tst_128x128_64x6_1x2_h_bz_bias_TNT | grid=(18, 1, 1) block=(256, 1, 1)",vlm.vision.camera2/nvjet_sm110_tst_128x128_64x6_1x2_h_bz_bias_TNT,vlm.vision.camera2,vlm,24,fp32_simt,28992.000000000004,l2,8003808.0,,884736.0,0.1105393832535713,0.030516556291390724,ok,
621,2728813,0,1,7,"void pytorch_flash::flash_fwd_kernel<Flash_fwd_kernel_traits<96, 128, 64, 4, 0, 0, cutlass::bfloat16_t, Flash_kernel_traits<96, 128, 64, 4, cutlass::bfloat16_t>>, 0, 0, 0, 0, 0, 0, 0, 0>(pytorch_flash::Flash_fwd_params)","(2, 1, 16)","(128, 1, 1)","Vision: FlashAttention | void pytorch_flash::flash_fwd_kernel<Flash_fwd_kernel_traits<96, 128, 64, 4, 0, 0, cutlass::bfloat16_t, Flash_kernel_traits<96, 128, 64, 4, cutlass::bfloat16_t>>, 0, 0, 0, 0, 0, 0, 0, 0>(pytorch_flash::Flash_fwd_params) | grid=(2, 1, 16) block=(128, 1, 1)","vlm.vision.camera2/void pytorch_flash::flash_fwd_kernel<Flash_fwd_kernel_traits<(int)96, (int)128, (int)64, (int)4, (bool)0, (bool)0, cutlass::bfloat16_t, Flash_kernel_traits<(int)96, (int)128, (int)64, (int)4, cutlass::bfloat16_t>>, (bool)0, (bool)0, (bool)0, (bool)0, (bool)0, (bool)0, (bool)0, (bool)0>(pytorch_flash::Flash_fwd_params)",vlm.vision.camera2,vlm,20,bf16_tensor,31328.000000000004,l2,5474112.0,,402653184.0,73.55589070884922,12.85282124616956,ok,
621,2728813,0,1,7,"void pytorch_flash::flash_fwd_kernel<Flash_fwd_kernel_traits<96, 128, 64, 4, 0, 0, cutlass::bfloat16_t, Flash_kernel_traits<96, 128, 64, 4, cutlass::bfloat16_t>>, 0, 0, 0, 0, 0, 0, 0, 0>(pytorch_flash::Flash_fwd_params)","(2, 1, 16)","(128, 1, 1)","Vision: FlashAttention | void pytorch_flash::flash_fwd_kernel<Flash_fwd_kernel_traits<96, 128, 64, 4, 0, 0, cutlass::bfloat16_t, Flash_kernel_traits<96, 128, 64, 4, cutlass::bfloat16_t>>, 0, 0, 0, 0, 0, 0, 0, 0>(pytorch_flash::Flash_fwd_params) | grid=(2, 1, 16) block=(128, 1, 1)","vlm.vision.camera2/void pytorch_flash::flash_fwd_kernel<Flash_fwd_kernel_traits<(int)96, (int)128, (int)64, (int)4, (bool)0, (bool)0, cutlass::bfloat16_t, Flash_kernel_traits<(int)96, (int)128, (int)64, (int)4, cutlass::bfloat16_t>>, (bool)0, (bool)0, (bool)0, (bool)0, (bool)0, (bool)0, (bool)0, (bool)0>(pytorch_flash::Flash_fwd_params)",vlm.vision.camera2,vlm,20,fp32_simt,31328.000000000004,l2,5474112.0,,5079040.0,0.9278290250546573,0.1621246169560776,ok,
622,2728813,0,1,7,nvjet_sm110_tst_128x128_64x6_1x2_h_bz_bias_TNT,"(18, 1, 1)","(256, 1, 1)","Vision: attention Q/K/V/O projections | nvjet_sm110_tst_128x128_64x6_1x2_h_bz_bias_TNT | grid=(18, 1, 1) block=(256, 1, 1)",vlm.vision.camera2/nvjet_sm110_tst_128x128_64x6_1x2_h_bz_bias_TNT,vlm.vision.camera2,vlm,24,bf16_tensor,26656.0,l2,7999168.0,,679477248.0,84.94349012297279,25.490593037214886,ok,
622,2728813,0,1,7,nvjet_sm110_tst_128x128_64x6_1x2_h_bz_bias_TNT,"(18, 1, 1)","(256, 1, 1)","Vision: attention Q/K/V/O projections | nvjet_sm110_tst_128x128_64x6_1x2_h_bz_bias_TNT | grid=(18, 1, 1) block=(256, 1, 1)",vlm.vision.camera2/nvjet_sm110_tst_128x128_64x6_1x2_h_bz_bias_TNT,vlm.vision.camera2,vlm,24,fp32_simt,26656.0,l2,7999168.0,,884736.0,0.11060350276428749,0.033190876350540216,ok,
623,2728813,0,1,7,triton_red_fused_add_native_layer_norm_view_7,"(256, 1, 1)","(64, 1, 1)","Vision: residual/LayerNorm fusion 7 | triton_red_fused_add_native_layer_norm_view_7 | grid=(256, 1, 1) block=(64, 1, 1)",vlm.vision.camera2/triton_red_fused_add_native_layer_norm_view_7,vlm.vision.camera2,vlm,35,bf16_tensor,26752.0,l2,2549376.0,,0.0,,,zero_counted_flops,
623,2728813,0,1,7,triton_red_fused_add_native_layer_norm_view_7,"(256, 1, 1)","(64, 1, 1)","Vision: residual/LayerNorm fusion 7 | triton_red_fused_add_native_layer_norm_view_7 | grid=(256, 1, 1) block=(64, 1, 1)",vlm.vision.camera2/triton_red_fused_add_native_layer_norm_view_7,vlm.vision.camera2,vlm,35,fp32_simt,26752.0,l2,2549376.0,,5391204.0,2.1147151302907066,0.20152526913875599,ok,
624,2728813,0,1,7,nvjet_sm110_tst_224x128_64x7_1x2_2cta_h_bz_bias_TNN,"(40, 1, 1)","(256, 1, 1)","Vision: FFN expansion + bias | nvjet_sm110_tst_224x128_64x7_1x2_2cta_h_bz_bias_TNN | grid=(40, 1, 1) block=(256, 1, 1)",vlm.vision.camera2/nvjet_sm110_tst_224x128_64x7_1x2_2cta_h_bz_bias_TNN,vlm.vision.camera2,vlm,19,bf16_tensor,57248.00000000001,l2,23193344.0,,2642411520.0,113.9297343237784,46.15727221911682,ok,
624,2728813,0,1,7,nvjet_sm110_tst_224x128_64x7_1x2_2cta_h_bz_bias_TNN,"(40, 1, 1)","(256, 1, 1)","Vision: FFN expansion + bias | nvjet_sm110_tst_224x128_64x7_1x2_2cta_h_bz_bias_TNN | grid=(40, 1, 1) block=(256, 1, 1)",vlm.vision.camera2/nvjet_sm110_tst_224x128_64x7_1x2_2cta_h_bz_bias_TNN,vlm.vision.camera2,vlm,19,fp32_simt,57248.00000000001,l2,23193344.0,,3440640.0,0.14834600823408647,0.06010061486864169,ok,
625,2728813,0,1,7,triton_poi_fused_gelu_view_5,"(2152, 1, 1)","(128, 1, 1)","Vision: FFN GELU | triton_poi_fused_gelu_view_5 | grid=(2152, 1, 1) block=(128, 1, 1)",vlm.vision.camera2/triton_poi_fused_gelu_view_5,vlm.vision.camera2,vlm,17,bf16_tensor,24384.000000000004,l2,4461440.0,,0.0,,,zero_counted_flops,
625,2728813,0,1,7,triton_poi_fused_gelu_view_5,"(2152, 1, 1)","(128, 1, 1)","Vision: FFN GELU | triton_poi_fused_gelu_view_5 | grid=(2152, 1, 1) block=(128, 1, 1)",vlm.vision.camera2/triton_poi_fused_gelu_view_5,vlm.vision.camera2,vlm,17,fp32_simt,24384.000000000004,l2,4461440.0,,15600638.0,3.4967718942762875,0.6397899442257217,ok,
626,2728813,0,1,7,nvjet_sm110_tst_144x128_64x6_4x1_v_bz_bias_TNN,"(16, 1, 1)","(256, 1, 1)","Vision: FFN contraction + bias | nvjet_sm110_tst_144x128_64x6_4x1_v_bz_bias_TNN | grid=(16, 1, 1) block=(256, 1, 1)",vlm.vision.camera2/nvjet_sm110_tst_144x128_64x6_4x1_v_bz_bias_TNN,vlm.vision.camera2,vlm,18,bf16_tensor,83456.00000000001,l2,24634336.0,,2566914048.0,104.20065911254925,30.757693251533738,ok,
626,2728813,0,1,7,nvjet_sm110_tst_144x128_64x6_4x1_v_bz_bias_TNN,"(16, 1, 1)","(256, 1, 1)","Vision: FFN contraction + bias | nvjet_sm110_tst_144x128_64x6_4x1_v_bz_bias_TNN | grid=(16, 1, 1) block=(256, 1, 1)",vlm.vision.camera2/nvjet_sm110_tst_144x128_64x6_4x1_v_bz_bias_TNN,vlm.vision.camera2,vlm,18,fp32_simt,83456.00000000001,l2,24634336.0,,884736.0,0.03591474923456431,0.01060122699386503,ok,
627,2728813,0,1,7,triton_red_fused_add_native_layer_norm_view_8,"(256, 1, 1)","(64, 1, 1)","Vision: residual/LayerNorm fusion 8 | triton_red_fused_add_native_layer_norm_view_8 | grid=(256, 1, 1) block=(64, 1, 1)",vlm.vision.camera2/triton_red_fused_add_native_layer_norm_view_8,vlm.vision.camera2,vlm,36,bf16_tensor,31008.0,l2,3189216.0,,0.0,,,zero_counted_flops,
627,2728813,0,1,7,triton_red_fused_add_native_layer_norm_view_8,"(256, 1, 1)","(64, 1, 1)","Vision: residual/LayerNorm fusion 8 | triton_red_fused_add_native_layer_norm_view_8 | grid=(256, 1, 1) block=(64, 1, 1)",vlm.vision.camera2/triton_red_fused_add_native_layer_norm_view_8,vlm.vision.camera2,vlm,36,fp32_simt,31008.0,l2,3189216.0,,6619136.0,2.075474348554629,0.2134654282765738,ok,
628,2728813,0,1,7,nvjet_sm110_tst_128x128_64x6_1x2_h_bz_bias_TNT,"(18, 1, 1)","(256, 1, 1)","Vision: attention Q/K/V/O projections | nvjet_sm110_tst_128x128_64x6_1x2_h_bz_bias_TNT | grid=(18, 1, 1) block=(256, 1, 1)",vlm.vision.camera2/nvjet_sm110_tst_128x128_64x6_1x2_h_bz_bias_TNT,vlm.vision.camera2,vlm,24,bf16_tensor,27296.0,l2,8007584.0,,679477248.0,84.85421420493373,24.892923798358733,ok,
628,2728813,0,1,7,nvjet_sm110_tst_128x128_64x6_1x2_h_bz_bias_TNT,"(18, 1, 1)","(256, 1, 1)","Vision: attention Q/K/V/O projections | nvjet_sm110_tst_128x128_64x6_1x2_h_bz_bias_TNT | grid=(18, 1, 1) block=(256, 1, 1)",vlm.vision.camera2/nvjet_sm110_tst_128x128_64x6_1x2_h_bz_bias_TNT,vlm.vision.camera2,vlm,24,fp32_simt,27296.0,l2,8007584.0,,884736.0,0.11048725807934079,0.0324126611957796,ok,
629,2728813,0,1,7,nvjet_sm110_tst_128x128_64x6_1x2_h_bz_bias_TNT,"(18, 1, 1)","(256, 1, 1)","Vision: attention Q/K/V/O projections | nvjet_sm110_tst_128x128_64x6_1x2_h_bz_bias_TNT | grid=(18, 1, 1) block=(256, 1, 1)",vlm.vision.camera2/nvjet_sm110_tst_128x128_64x6_1x2_h_bz_bias_TNT,vlm.vision.camera2,vlm,24,bf16_tensor,27584.000000000004,l2,8000128.0,,679477248.0,84.93329706724693,24.633020881670532,ok,
629,2728813,0,1,7,nvjet_sm110_tst_128x128_64x6_1x2_h_bz_bias_TNT,"(18, 1, 1)","(256, 1, 1)","Vision: attention Q/K/V/O projections | nvjet_sm110_tst_128x128_64x6_1x2_h_bz_bias_TNT | grid=(18, 1, 1) block=(256, 1, 1)",vlm.vision.camera2/nvjet_sm110_tst_128x128_64x6_1x2_h_bz_bias_TNT,vlm.vision.camera2,vlm,24,fp32_simt,27584.000000000004,l2,8000128.0,,884736.0,0.11059023055631109,0.03207424593967517,ok,
630,2728813,0,1,7,nvjet_sm110_tst_128x128_64x6_1x2_h_bz_bias_TNT,"(18, 1, 1)","(256, 1, 1)","Vision: attention Q/K/V/O projections | nvjet_sm110_tst_128x128_64x6_1x2_h_bz_bias_TNT | grid=(18, 1, 1) block=(256, 1, 1)",vlm.vision.camera2/nvjet_sm110_tst_128x128_64x6_1x2_h_bz_bias_TNT,vlm.vision.camera2,vlm,24,bf16_tensor,29984.000000000004,l2,7996672.0,,679477248.0,84.97000352146493,22.66132764140875,ok,
630,2728813,0,1,7,nvjet_sm110_tst_128x128_64x6_1x2_h_bz_bias_TNT,"(18, 1, 1)","(256, 1, 1)","Vision: attention Q/K/V/O projections | nvjet_sm110_tst_128x128_64x6_1x2_h_bz_bias_TNT | grid=(18, 1, 1) block=(256, 1, 1)",vlm.vision.camera2/nvjet_sm110_tst_128x128_64x6_1x2_h_bz_bias_TNT,vlm.vision.camera2,vlm,24,fp32_simt,29984.000000000004,l2,7996672.0,,884736.0,0.11063802541857412,0.02950693703308431,ok,
631,2728813,0,1,7,"void pytorch_flash::flash_fwd_kernel<Flash_fwd_kernel_traits<96, 128, 64, 4, 0, 0, cutlass::bfloat16_t, Flash_kernel_traits<96, 128, 64, 4, cutlass::bfloat16_t>>, 0, 0, 0, 0, 0, 0, 0, 0>(pytorch_flash::Flash_fwd_params)","(2, 1, 16)","(128, 1, 1)","Vision: FlashAttention | void pytorch_flash::flash_fwd_kernel<Flash_fwd_kernel_traits<96, 128, 64, 4, 0, 0, cutlass::bfloat16_t, Flash_kernel_traits<96, 128, 64, 4, cutlass::bfloat16_t>>, 0, 0, 0, 0, 0, 0, 0, 0>(pytorch_flash::Flash_fwd_params) | grid=(2, 1, 16) block=(128, 1, 1)","vlm.vision.camera2/void pytorch_flash::flash_fwd_kernel<Flash_fwd_kernel_traits<(int)96, (int)128, (int)64, (int)4, (bool)0, (bool)0, cutlass::bfloat16_t, Flash_kernel_traits<(int)96, (int)128, (int)64, (int)4, cutlass::bfloat16_t>>, (bool)0, (bool)0, (bool)0, (bool)0, (bool)0, (bool)0, (bool)0, (bool)0>(pytorch_flash::Flash_fwd_params)",vlm.vision.camera2,vlm,20,bf16_tensor,30240.000000000004,l2,5483648.0,,402653184.0,73.427977871665,13.315250793650794,ok,
631,2728813,0,1,7,"void pytorch_flash::flash_fwd_kernel<Flash_fwd_kernel_traits<96, 128, 64, 4, 0, 0, cutlass::bfloat16_t, Flash_kernel_traits<96, 128, 64, 4, cutlass::bfloat16_t>>, 0, 0, 0, 0, 0, 0, 0, 0>(pytorch_flash::Flash_fwd_params)","(2, 1, 16)","(128, 1, 1)","Vision: FlashAttention | void pytorch_flash::flash_fwd_kernel<Flash_fwd_kernel_traits<96, 128, 64, 4, 0, 0, cutlass::bfloat16_t, Flash_kernel_traits<96, 128, 64, 4, cutlass::bfloat16_t>>, 0, 0, 0, 0, 0, 0, 0, 0>(pytorch_flash::Flash_fwd_params) | grid=(2, 1, 16) block=(128, 1, 1)","vlm.vision.camera2/void pytorch_flash::flash_fwd_kernel<Flash_fwd_kernel_traits<(int)96, (int)128, (int)64, (int)4, (bool)0, (bool)0, cutlass::bfloat16_t, Flash_kernel_traits<(int)96, (int)128, (int)64, (int)4, cutlass::bfloat16_t>>, (bool)0, (bool)0, (bool)0, (bool)0, (bool)0, (bool)0, (bool)0, (bool)0>(pytorch_flash::Flash_fwd_params)",vlm.vision.camera2,vlm,20,fp32_simt,30240.000000000004,l2,5483648.0,,5079040.0,0.9262155411871805,0.16795767195767194,ok,
632,2728813,0,1,7,nvjet_sm110_tst_128x128_64x6_1x2_h_bz_bias_TNT,"(18, 1, 1)","(256, 1, 1)","Vision: attention Q/K/V/O projections | nvjet_sm110_tst_128x128_64x6_1x2_h_bz_bias_TNT | grid=(18, 1, 1) block=(256, 1, 1)",vlm.vision.camera2/nvjet_sm110_tst_128x128_64x6_1x2_h_bz_bias_TNT,vlm.vision.camera2,vlm,24,bf16_tensor,28448.000000000004,l2,8000864.0,,679477248.0,84.92548404772285,23.88488638920135,ok,
632,2728813,0,1,7,nvjet_sm110_tst_128x128_64x6_1x2_h_bz_bias_TNT,"(18, 1, 1)","(256, 1, 1)","Vision: attention Q/K/V/O projections | nvjet_sm110_tst_128x128_64x6_1x2_h_bz_bias_TNT | grid=(18, 1, 1) block=(256, 1, 1)",vlm.vision.camera2/nvjet_sm110_tst_128x128_64x6_1x2_h_bz_bias_TNT,vlm.vision.camera2,vlm,24,fp32_simt,28448.000000000004,l2,8000864.0,,884736.0,0.11058005735380579,0.031100112485939253,ok,
633,2728813,0,1,7,triton_red_fused_add_native_layer_norm_view_9,"(256, 1, 1)","(512, 1, 1)","Vision: residual/LayerNorm fusion 9 | triton_red_fused_add_native_layer_norm_view_9 | grid=(256, 1, 1) block=(512, 1, 1)",vlm.vision.camera2/triton_red_fused_add_native_layer_norm_view_9,vlm.vision.camera2,vlm,37,bf16_tensor,32416.000000000004,l2,4278848.0,,0.0,,,zero_counted_flops,
633,2728813,0,1,7,triton_red_fused_add_native_layer_norm_view_9,"(256, 1, 1)","(512, 1, 1)","Vision: residual/LayerNorm fusion 9 | triton_red_fused_add_native_layer_norm_view_9 | grid=(256, 1, 1) block=(512, 1, 1)",vlm.vision.camera2/triton_red_fused_add_native_layer_norm_view_9,vlm.vision.camera2,vlm,37,fp32_simt,32416.000000000004,l2,4278848.0,,21907456.0,5.119942563979838,0.6758223099703848,ok,
634,2728813,0,1,7,nvjet_sm110_tst_224x128_64x7_1x2_2cta_h_bz_bias_TNN,"(40, 1, 1)","(256, 1, 1)","Vision: FFN expansion + bias | nvjet_sm110_tst_224x128_64x7_1x2_2cta_h_bz_bias_TNN | grid=(40, 1, 1) block=(256, 1, 1)",vlm.vision.camera2/nvjet_sm110_tst_224x128_64x7_1x2_2cta_h_bz_bias_TNN,vlm.vision.camera2,vlm,19,bf16_tensor,59200.0,l2,23222624.0,,2642411520.0,113.7860872225292,44.635329729729726,ok,
634,2728813,0,1,7,nvjet_sm110_tst_224x128_64x7_1x2_2cta_h_bz_bias_TNN,"(40, 1, 1)","(256, 1, 1)","Vision: FFN expansion + bias | nvjet_sm110_tst_224x128_64x7_1x2_2cta_h_bz_bias_TNN | grid=(40, 1, 1) block=(256, 1, 1)",vlm.vision.camera2/nvjet_sm110_tst_224x128_64x7_1x2_2cta_h_bz_bias_TNN,vlm.vision.camera2,vlm,19,fp32_simt,59200.0,l2,23222624.0,,3440640.0,0.14815896773766823,0.05811891891891891,ok,
635,2728813,0,1,7,triton_poi_fused_gelu_view_5,"(2152, 1, 1)","(128, 1, 1)","Vision: FFN GELU | triton_poi_fused_gelu_view_5 | grid=(2152, 1, 1) block=(128, 1, 1)",vlm.vision.camera2/triton_poi_fused_gelu_view_5,vlm.vision.camera2,vlm,17,bf16_tensor,24000.0,l2,4460032.0,,0.0,,,zero_counted_flops,
635,2728813,0,1,7,triton_poi_fused_gelu_view_5,"(2152, 1, 1)","(128, 1, 1)","Vision: FFN GELU | triton_poi_fused_gelu_view_5 | grid=(2152, 1, 1) block=(128, 1, 1)",vlm.vision.camera2/triton_poi_fused_gelu_view_5,vlm.vision.camera2,vlm,17,fp32_simt,24000.0,l2,4460032.0,,15720450.0,3.524739284381816,0.65501875,ok,
636,2728813,0,1,7,nvjet_sm110_tst_144x128_64x6_4x1_v_bz_bias_TNN,"(16, 1, 1)","(256, 1, 1)","Vision: FFN contraction + bias | nvjet_sm110_tst_144x128_64x6_4x1_v_bz_bias_TNN | grid=(16, 1, 1) block=(256, 1, 1)",vlm.vision.camera2/nvjet_sm110_tst_144x128_64x6_4x1_v_bz_bias_TNN,vlm.vision.camera2,vlm,18,bf16_tensor,70880.0,l2,24645760.0,,2566914048.0,104.15235918876107,36.21492731376975,ok,
636,2728813,0,1,7,nvjet_sm110_tst_144x128_64x6_4x1_v_bz_bias_TNN,"(16, 1, 1)","(256, 1, 1)","Vision: FFN contraction + bias | nvjet_sm110_tst_144x128_64x6_4x1_v_bz_bias_TNN | grid=(16, 1, 1) block=(256, 1, 1)",vlm.vision.camera2/nvjet_sm110_tst_144x128_64x6_4x1_v_bz_bias_TNN,vlm.vision.camera2,vlm,18,fp32_simt,70880.0,l2,24645760.0,,884736.0,0.03589810174244982,0.01248216704288939,ok,
637,2728813,0,1,7,triton_red_fused_add_native_layer_norm_view_6,"(128, 1, 1)","(128, 1, 1)","Vision: residual/LayerNorm fusion 6 | triton_red_fused_add_native_layer_norm_view_6 | grid=(128, 1, 1) block=(128, 1, 1)",vlm.vision.camera2/triton_red_fused_add_native_layer_norm_view_6,vlm.vision.camera2,vlm,34,bf16_tensor,22464.0,l2,1926464.0,,0.0,,,zero_counted_flops,
637,2728813,0,1,7,triton_red_fused_add_native_layer_norm_view_6,"(128, 1, 1)","(128, 1, 1)","Vision: residual/LayerNorm fusion 6 | triton_red_fused_add_native_layer_norm_view_6 | grid=(128, 1, 1) block=(128, 1, 1)",vlm.vision.camera2/triton_red_fused_add_native_layer_norm_view_6,vlm.vision.camera2,vlm,34,fp32_simt,22464.0,l2,1926464.0,,5215480.0,2.70728131955749,0.23217058404558405,ok,
638,2728813,0,1,7,nvjet_sm110_tst_128x128_64x6_1x2_h_bz_bias_TNT,"(18, 1, 1)","(256, 1, 1)","Vision: attention Q/K/V/O projections | nvjet_sm110_tst_128x128_64x6_1x2_h_bz_bias_TNT | grid=(18, 1, 1) block=(256, 1, 1)",vlm.vision.camera2/nvjet_sm110_tst_128x128_64x6_1x2_h_bz_bias_TNT,vlm.vision.camera2,vlm,24,bf16_tensor,27808.000000000004,l2,8001280.0,,679477248.0,84.92106862901936,24.434596087456843,ok,
638,2728813,0,1,7,nvjet_sm110_tst_128x128_64x6_1x2_h_bz_bias_TNT,"(18, 1, 1)","(256, 1, 1)","Vision: attention Q/K/V/O projections | nvjet_sm110_tst_128x128_64x6_1x2_h_bz_bias_TNT | grid=(18, 1, 1) block=(256, 1, 1)",vlm.vision.camera2/nvjet_sm110_tst_128x128_64x6_1x2_h_bz_bias_TNT,vlm.vision.camera2,vlm,24,fp32_simt,27808.000000000004,l2,8001280.0,,884736.0,0.11057430811070229,0.03181588032220944,ok,
639,2728813,0,1,7,nvjet_sm110_tst_128x128_64x6_1x2_h_bz_bias_TNT,"(18, 1, 1)","(256, 1, 1)","Vision: attention Q/K/V/O projections | nvjet_sm110_tst_128x128_64x6_1x2_h_bz_bias_TNT | grid=(18, 1, 1) block=(256, 1, 1)",vlm.vision.camera2/nvjet_sm110_tst_128x128_64x6_1x2_h_bz_bias_TNT,vlm.vision.camera2,vlm,24,bf16_tensor,25600.000000000004,l2,8000096.0,,679477248.0,84.93363679635844,26.542079999999995,ok,
639,2728813,0,1,7,nvjet_sm110_tst_128x128_64x6_1x2_h_bz_bias_TNT,"(18, 1, 1)","(256, 1, 1)","Vision: attention Q/K/V/O projections | nvjet_sm110_tst_128x128_64x6_1x2_h_bz_bias_TNT | grid=(18, 1, 1) block=(256, 1, 1)",vlm.vision.camera2/nvjet_sm110_tst_128x128_64x6_1x2_h_bz_bias_TNT,vlm.vision.camera2,vlm,24,fp32_simt,25600.000000000004,l2,8000096.0,,884736.0,0.11059067291192505,0.03456,ok,
640,2728813,0,1,7,nvjet_sm110_tst_128x128_64x6_1x2_h_bz_bias_TNT,"(18, 1, 1)","(256, 1, 1)","Vision: attention Q/K/V/O projections | nvjet_sm110_tst_128x128_64x6_1x2_h_bz_bias_TNT | grid=(18, 1, 1) block=(256, 1, 1)",vlm.vision.camera2/nvjet_sm110_tst_128x128_64x6_1x2_h_bz_bias_TNT,vlm.vision.camera2,vlm,24,bf16_tensor,28352.000000000004,l2,8002752.0,,679477248.0,84.90544852570716,23.96576072234763,ok,
640,2728813,0,1,7,nvjet_sm110_tst_128x128_64x6_1x2_h_bz_bias_TNT,"(18, 1, 1)","(256, 1, 1)","Vision: attention Q/K/V/O projections | nvjet_sm110_tst_128x128_64x6_1x2_h_bz_bias_TNT | grid=(18, 1, 1) block=(256, 1, 1)",vlm.vision.camera2/nvjet_sm110_tst_128x128_64x6_1x2_h_bz_bias_TNT,vlm.vision.camera2,vlm,24,fp32_simt,28352.000000000004,l2,8002752.0,,884736.0,0.11055396943451452,0.031205417607223472,ok,
641,2728813,0,1,7,"void pytorch_flash::flash_fwd_kernel<Flash_fwd_kernel_traits<96, 128, 64, 4, 0, 0, cutlass::bfloat16_t, Flash_kernel_traits<96, 128, 64, 4, cutlass::bfloat16_t>>, 0, 0, 0, 0, 0, 0, 0, 0>(pytorch_flash::Flash_fwd_params)","(2, 1, 16)","(128, 1, 1)","Vision: FlashAttention | void pytorch_flash::flash_fwd_kernel<Flash_fwd_kernel_traits<96, 128, 64, 4, 0, 0, cutlass::bfloat16_t, Flash_kernel_traits<96, 128, 64, 4, cutlass::bfloat16_t>>, 0, 0, 0, 0, 0, 0, 0, 0>(pytorch_flash::Flash_fwd_params) | grid=(2, 1, 16) block=(128, 1, 1)","vlm.vision.camera2/void pytorch_flash::flash_fwd_kernel<Flash_fwd_kernel_traits<(int)96, (int)128, (int)64, (int)4, (bool)0, (bool)0, cutlass::bfloat16_t, Flash_kernel_traits<(int)96, (int)128, (int)64, (int)4, cutlass::bfloat16_t>>, (bool)0, (bool)0, (bool)0, (bool)0, (bool)0, (bool)0, (bool)0, (bool)0>(pytorch_flash::Flash_fwd_params)",vlm.vision.camera2,vlm,20,bf16_tensor,27968.0,l2,5472064.0,,402653184.0,73.58342007695816,14.396924485125858,ok,
641,2728813,0,1,7,"void pytorch_flash::flash_fwd_kernel<Flash_fwd_kernel_traits<96, 128, 64, 4, 0, 0, cutlass::bfloat16_t, Flash_kernel_traits<96, 128, 64, 4, cutlass::bfloat16_t>>, 0, 0, 0, 0, 0, 0, 0, 0>(pytorch_flash::Flash_fwd_params)","(2, 1, 16)","(128, 1, 1)","Vision: FlashAttention | void pytorch_flash::flash_fwd_kernel<Flash_fwd_kernel_traits<96, 128, 64, 4, 0, 0, cutlass::bfloat16_t, Flash_kernel_traits<96, 128, 64, 4, cutlass::bfloat16_t>>, 0, 0, 0, 0, 0, 0, 0, 0>(pytorch_flash::Flash_fwd_params) | grid=(2, 1, 16) block=(128, 1, 1)","vlm.vision.camera2/void pytorch_flash::flash_fwd_kernel<Flash_fwd_kernel_traits<(int)96, (int)128, (int)64, (int)4, (bool)0, (bool)0, cutlass::bfloat16_t, Flash_kernel_traits<(int)96, (int)128, (int)64, (int)4, cutlass::bfloat16_t>>, (bool)0, (bool)0, (bool)0, (bool)0, (bool)0, (bool)0, (bool)0, (bool)0>(pytorch_flash::Flash_fwd_params)",vlm.vision.camera2,vlm,20,fp32_simt,27968.0,l2,5472064.0,,5079040.0,0.928176278640016,0.18160183066361557,ok,
642,2728813,0,1,7,nvjet_sm110_tst_128x128_64x6_1x2_h_bz_bias_TNT,"(18, 1, 1)","(256, 1, 1)","Vision: attention Q/K/V/O projections | nvjet_sm110_tst_128x128_64x6_1x2_h_bz_bias_TNT | grid=(18, 1, 1) block=(256, 1, 1)",vlm.vision.camera2/nvjet_sm110_tst_128x128_64x6_1x2_h_bz_bias_TNT,vlm.vision.camera2,vlm,24,bf16_tensor,27776.000000000004,l2,8002432.0,,679477248.0,84.90884371151171,24.462746543778803,ok,
642,2728813,0,1,7,nvjet_sm110_tst_128x128_64x6_1x2_h_bz_bias_TNT,"(18, 1, 1)","(256, 1, 1)","Vision: attention Q/K/V/O projections | nvjet_sm110_tst_128x128_64x6_1x2_h_bz_bias_TNT | grid=(18, 1, 1) block=(256, 1, 1)",vlm.vision.camera2/nvjet_sm110_tst_128x128_64x6_1x2_h_bz_bias_TNT,vlm.vision.camera2,vlm,24,fp32_simt,27776.000000000004,l2,8002432.0,,884736.0,0.11055839024936419,0.03185253456221198,ok,
643,2728813,0,1,7,triton_red_fused_add_native_layer_norm_view_7,"(256, 1, 1)","(64, 1, 1)","Vision: residual/LayerNorm fusion 7 | triton_red_fused_add_native_layer_norm_view_7 | grid=(256, 1, 1) block=(64, 1, 1)",vlm.vision.camera2/triton_red_fused_add_native_layer_norm_view_7,vlm.vision.camera2,vlm,35,bf16_tensor,23840.000000000004,l2,2561536.0,,0.0,,,zero_counted_flops,
643,2728813,0,1,7,triton_red_fused_add_native_layer_norm_view_7,"(256, 1, 1)","(64, 1, 1)","Vision: residual/LayerNorm fusion 7 | triton_red_fused_add_native_layer_norm_view_7 | grid=(256, 1, 1) block=(64, 1, 1)",vlm.vision.camera2/triton_red_fused_add_native_layer_norm_view_7,vlm.vision.camera2,vlm,35,fp32_simt,23840.000000000004,l2,2561536.0,,5391760.0,2.104893314011593,0.22616442953020133,ok,
644,2728813,0,1,7,nvjet_sm110_tst_224x128_64x7_1x2_2cta_h_bz_bias_TNN,"(40, 1, 1)","(256, 1, 1)","Vision: FFN expansion + bias | nvjet_sm110_tst_224x128_64x7_1x2_2cta_h_bz_bias_TNN | grid=(40, 1, 1) block=(256, 1, 1)",vlm.vision.camera2/nvjet_sm110_tst_224x128_64x7_1x2_2cta_h_bz_bias_TNN,vlm.vision.camera2,vlm,19,bf16_tensor,55552.00000000001,l2,23245600.0,,2642411520.0,113.67362081426162,47.56645161290322,ok,
644,2728813,0,1,7,nvjet_sm110_tst_224x128_64x7_1x2_2cta_h_bz_bias_TNN,"(40, 1, 1)","(256, 1, 1)","Vision: FFN expansion + bias | nvjet_sm110_tst_224x128_64x7_1x2_2cta_h_bz_bias_TNN | grid=(40, 1, 1) block=(256, 1, 1)",vlm.vision.camera2/nvjet_sm110_tst_224x128_64x7_1x2_2cta_h_bz_bias_TNN,vlm.vision.camera2,vlm,19,fp32_simt,55552.00000000001,l2,23245600.0,,3440640.0,0.14801252710190316,0.061935483870967735,ok,
645,2728813,0,1,7,triton_poi_fused_gelu_view_5,"(2152, 1, 1)","(128, 1, 1)","Vision: FFN GELU | triton_poi_fused_gelu_view_5 | grid=(2152, 1, 1) block=(128, 1, 1)",vlm.vision.camera2/triton_poi_fused_gelu_view_5,vlm.vision.camera2,vlm,17,bf16_tensor,25280.000000000004,l2,4461952.0,,0.0,,,zero_counted_flops,
645,2728813,0,1,7,triton_poi_fused_gelu_view_5,"(2152, 1, 1)","(128, 1, 1)","Vision: FFN GELU | triton_poi_fused_gelu_view_5 | grid=(2152, 1, 1) block=(128, 1, 1)",vlm.vision.camera2/triton_poi_fused_gelu_view_5,vlm.vision.camera2,vlm,17,fp32_simt,25280.000000000004,l2,4461952.0,,15594842.0,3.4950716637023436,0.61688457278481,ok,
646,2728813,0,1,7,nvjet_sm110_tst_144x128_64x6_4x1_v_bz_bias_TNN,"(16, 1, 1)","(256, 1, 1)","Vision: FFN contraction + bias | nvjet_sm110_tst_144x128_64x6_4x1_v_bz_bias_TNN | grid=(16, 1, 1) block=(256, 1, 1)",vlm.vision.camera2/nvjet_sm110_tst_144x128_64x6_4x1_v_bz_bias_TNN,vlm.vision.camera2,vlm,18,bf16_tensor,67872.0,l2,24613792.0,,2566914048.0,104.28763060970044,37.819926449787836,ok,
646,2728813,0,1,7,nvjet_sm110_tst_144x128_64x6_4x1_v_bz_bias_TNN,"(16, 1, 1)","(256, 1, 1)","Vision: FFN contraction + bias | nvjet_sm110_tst_144x128_64x6_4x1_v_bz_bias_TNN | grid=(16, 1, 1) block=(256, 1, 1)",vlm.vision.camera2/nvjet_sm110_tst_144x128_64x6_4x1_v_bz_bias_TNN,vlm.vision.camera2,vlm,18,fp32_simt,67872.0,l2,24613792.0,,884736.0,0.035944725623747856,0.013035360678925035,ok,
647,2728813,0,1,7,triton_red_fused_add_native_layer_norm_view_8,"(256, 1, 1)","(64, 1, 1)","Vision: residual/LayerNorm fusion 8 | triton_red_fused_add_native_layer_norm_view_8 | grid=(256, 1, 1) block=(64, 1, 1)",vlm.vision.camera2/triton_red_fused_add_native_layer_norm_view_8,vlm.vision.camera2,vlm,36,bf16_tensor,27392.0,l2,3189184.0,,0.0,,,zero_counted_flops,
647,2728813,0,1,7,triton_red_fused_add_native_layer_norm_view_8,"(256, 1, 1)","(64, 1, 1)","Vision: residual/LayerNorm fusion 8 | triton_red_fused_add_native_layer_norm_view_8 | grid=(256, 1, 1) block=(64, 1, 1)",vlm.vision.camera2/triton_red_fused_add_native_layer_norm_view_8,vlm.vision.camera2,vlm,36,fp32_simt,27392.0,l2,3189184.0,,6619136.0,2.075495173687062,0.24164485981308412,ok,
648,2728813,0,1,7,nvjet_sm110_tst_128x128_64x6_1x2_h_bz_bias_TNT,"(18, 1, 1)","(256, 1, 1)","Vision: attention Q/K/V/O projections | nvjet_sm110_tst_128x128_64x6_1x2_h_bz_bias_TNT | grid=(18, 1, 1) block=(256, 1, 1)",vlm.vision.camera2/nvjet_sm110_tst_128x128_64x6_1x2_h_bz_bias_TNT,vlm.vision.camera2,vlm,24,bf16_tensor,26592.000000000004,l2,7998464.0,,679477248.0,84.95096658558444,25.551942238267145,ok,
648,2728813,0,1,7,nvjet_sm110_tst_128x128_64x6_1x2_h_bz_bias_TNT,"(18, 1, 1)","(256, 1, 1)","Vision: attention Q/K/V/O projections | nvjet_sm110_tst_128x128_64x6_1x2_h_bz_bias_TNT | grid=(18, 1, 1) block=(256, 1, 1)",vlm.vision.camera2/nvjet_sm110_tst_128x128_64x6_1x2_h_bz_bias_TNT,vlm.vision.camera2,vlm,24,fp32_simt,26592.000000000004,l2,7998464.0,,884736.0,0.1106132377416464,0.03327075812274368,ok,
649,2728813,0,1,7,nvjet_sm110_tst_128x128_64x6_1x2_h_bz_bias_TNT,"(18, 1, 1)","(256, 1, 1)","Vision: attention Q/K/V/O projections | nvjet_sm110_tst_128x128_64x6_1x2_h_bz_bias_TNT | grid=(18, 1, 1) block=(256, 1, 1)",vlm.vision.camera2/nvjet_sm110_tst_128x128_64x6_1x2_h_bz_bias_TNT,vlm.vision.camera2,vlm,24,bf16_tensor,29024.000000000004,l2,8002112.0,,679477248.0,84.91223916885941,23.41087541345094,ok,
649,2728813,0,1,7,nvjet_sm110_tst_128x128_64x6_1x2_h_bz_bias_TNT,"(18, 1, 1)","(256, 1, 1)","Vision: attention Q/K/V/O projections | nvjet_sm110_tst_128x128_64x6_1x2_h_bz_bias_TNT | grid=(18, 1, 1) block=(256, 1, 1)",vlm.vision.camera2/nvjet_sm110_tst_128x128_64x6_1x2_h_bz_bias_TNT,vlm.vision.camera2,vlm,24,fp32_simt,29024.000000000004,l2,8002112.0,,884736.0,0.1105628114177857,0.030482910694597572,ok,
650,2728813,0,1,7,nvjet_sm110_tst_128x128_64x6_1x2_h_bz_bias_TNT,"(18, 1, 1)","(256, 1, 1)","Vision: attention Q/K/V/O projections | nvjet_sm110_tst_128x128_64x6_1x2_h_bz_bias_TNT | grid=(18, 1, 1) block=(256, 1, 1)",vlm.vision.camera2/nvjet_sm110_tst_128x128_64x6_1x2_h_bz_bias_TNT,vlm.vision.camera2,vlm,24,bf16_tensor,22048.000000000004,l2,7990848.0,,679477248.0,85.03193253081525,30.818089985486207,ok,
650,2728813,0,1,7,nvjet_sm110_tst_128x128_64x6_1x2_h_bz_bias_TNT,"(18, 1, 1)","(256, 1, 1)","Vision: attention Q/K/V/O projections | nvjet_sm110_tst_128x128_64x6_1x2_h_bz_bias_TNT | grid=(18, 1, 1) block=(256, 1, 1)",vlm.vision.camera2/nvjet_sm110_tst_128x128_64x6_1x2_h_bz_bias_TNT,vlm.vision.camera2,vlm,24,fp32_simt,22048.000000000004,l2,7990848.0,,884736.0,0.11071866214949903,0.0401277213352685,ok,
651,2728813,0,1,7,"void pytorch_flash::flash_fwd_kernel<Flash_fwd_kernel_traits<96, 128, 64, 4, 0, 0, cutlass::bfloat16_t, Flash_kernel_traits<96, 128, 64, 4, cutlass::bfloat16_t>>, 0, 0, 0, 0, 0, 0, 0, 0>(pytorch_flash::Flash_fwd_params)","(2, 1, 16)","(128, 1, 1)","Vision: FlashAttention | void pytorch_flash::flash_fwd_kernel<Flash_fwd_kernel_traits<96, 128, 64, 4, 0, 0, cutlass::bfloat16_t, Flash_kernel_traits<96, 128, 64, 4, cutlass::bfloat16_t>>, 0, 0, 0, 0, 0, 0, 0, 0>(pytorch_flash::Flash_fwd_params) | grid=(2, 1, 16) block=(128, 1, 1)","vlm.vision.camera2/void pytorch_flash::flash_fwd_kernel<Flash_fwd_kernel_traits<(int)96, (int)128, (int)64, (int)4, (bool)0, (bool)0, cutlass::bfloat16_t, Flash_kernel_traits<(int)96, (int)128, (int)64, (int)4, cutlass::bfloat16_t>>, (bool)0, (bool)0, (bool)0, (bool)0, (bool)0, (bool)0, (bool)0, (bool)0>(pytorch_flash::Flash_fwd_params)",vlm.vision.camera2,vlm,20,bf16_tensor,30336.000000000004,l2,5470144.0,,402653184.0,73.60924758105088,13.273113924050632,ok,
651,2728813,0,1,7,"void pytorch_flash::flash_fwd_kernel<Flash_fwd_kernel_traits<96, 128, 64, 4, 0, 0, cutlass::bfloat16_t, Flash_kernel_traits<96, 128, 64, 4, cutlass::bfloat16_t>>, 0, 0, 0, 0, 0, 0, 0, 0>(pytorch_flash::Flash_fwd_params)","(2, 1, 16)","(128, 1, 1)","Vision: FlashAttention | void pytorch_flash::flash_fwd_kernel<Flash_fwd_kernel_traits<96, 128, 64, 4, 0, 0, cutlass::bfloat16_t, Flash_kernel_traits<96, 128, 64, 4, cutlass::bfloat16_t>>, 0, 0, 0, 0, 0, 0, 0, 0>(pytorch_flash::Flash_fwd_params) | grid=(2, 1, 16) block=(128, 1, 1)","vlm.vision.camera2/void pytorch_flash::flash_fwd_kernel<Flash_fwd_kernel_traits<(int)96, (int)128, (int)64, (int)4, (bool)0, (bool)0, cutlass::bfloat16_t, Flash_kernel_traits<(int)96, (int)128, (int)64, (int)4, cutlass::bfloat16_t>>, (bool)0, (bool)0, (bool)0, (bool)0, (bool)0, (bool)0, (bool)0, (bool)0>(pytorch_flash::Flash_fwd_params)",vlm.vision.camera2,vlm,20,fp32_simt,30336.000000000004,l2,5470144.0,,5079040.0,0.9285020650279042,0.16742616033755273,ok,
652,2728813,0,1,7,nvjet_sm110_tst_128x128_64x6_1x2_h_bz_bias_TNT,"(18, 1, 1)","(256, 1, 1)","Vision: attention Q/K/V/O projections | nvjet_sm110_tst_128x128_64x6_1x2_h_bz_bias_TNT | grid=(18, 1, 1) block=(256, 1, 1)",vlm.vision.camera2/nvjet_sm110_tst_128x128_64x6_1x2_h_bz_bias_TNT,vlm.vision.camera2,vlm,24,bf16_tensor,20608.0,l2,7991488.0,,679477248.0,85.02512273058534,32.97152795031056,ok,
652,2728813,0,1,7,nvjet_sm110_tst_128x128_64x6_1x2_h_bz_bias_TNT,"(18, 1, 1)","(256, 1, 1)","Vision: attention Q/K/V/O projections | nvjet_sm110_tst_128x128_64x6_1x2_h_bz_bias_TNT | grid=(18, 1, 1) block=(256, 1, 1)",vlm.vision.camera2/nvjet_sm110_tst_128x128_64x6_1x2_h_bz_bias_TNT,vlm.vision.camera2,vlm,24,fp32_simt,20608.0,l2,7991488.0,,884736.0,0.11070979522211633,0.04293167701863354,ok,
653,2728813,0,1,7,triton_red_fused_add_native_layer_norm_view_9,"(256, 1, 1)","(512, 1, 1)","Vision: residual/LayerNorm fusion 9 | triton_red_fused_add_native_layer_norm_view_9 | grid=(256, 1, 1) block=(512, 1, 1)",vlm.vision.camera2/triton_red_fused_add_native_layer_norm_view_9,vlm.vision.camera2,vlm,37,bf16_tensor,28256.000000000004,l2,4270336.0,,0.0,,,zero_counted_flops,
653,2728813,0,1,7,triton_red_fused_add_native_layer_norm_view_9,"(256, 1, 1)","(512, 1, 1)","Vision: residual/LayerNorm fusion 9 | triton_red_fused_add_native_layer_norm_view_9 | grid=(256, 1, 1) block=(512, 1, 1)",vlm.vision.camera2/triton_red_fused_add_native_layer_norm_view_9,vlm.vision.camera2,vlm,37,fp32_simt,28256.000000000004,l2,4270336.0,,21898544.0,5.128061117439002,0.7750050962627406,ok,
654,2728813,0,1,7,nvjet_sm110_tst_224x128_64x7_1x2_2cta_h_bz_bias_TNN,"(40, 1, 1)","(256, 1, 1)","Vision: FFN expansion + bias | nvjet_sm110_tst_224x128_64x7_1x2_2cta_h_bz_bias_TNN | grid=(40, 1, 1) block=(256, 1, 1)",vlm.vision.camera2/nvjet_sm110_tst_224x128_64x7_1x2_2cta_h_bz_bias_TNN,vlm.vision.camera2,vlm,19,bf16_tensor,53440.0,l2,23183840.0,,2642411520.0,113.97643876079199,49.44632335329341,ok,
654,2728813,0,1,7,nvjet_sm110_tst_224x128_64x7_1x2_2cta_h_bz_bias_TNN,"(40, 1, 1)","(256, 1, 1)","Vision: FFN expansion + bias | nvjet_sm110_tst_224x128_64x7_1x2_2cta_h_bz_bias_TNN | grid=(40, 1, 1) block=(256, 1, 1)",vlm.vision.camera2/nvjet_sm110_tst_224x128_64x7_1x2_2cta_h_bz_bias_TNN,vlm.vision.camera2,vlm,19,fp32_simt,53440.0,l2,23183840.0,,3440640.0,0.14840682130311458,0.06438323353293413,ok,
655,2728813,0,1,7,triton_poi_fused_gelu_view_5,"(2152, 1, 1)","(128, 1, 1)","Vision: FFN GELU | triton_poi_fused_gelu_view_5 | grid=(2152, 1, 1) block=(128, 1, 1)",vlm.vision.camera2/triton_poi_fused_gelu_view_5,vlm.vision.camera2,vlm,17,bf16_tensor,22944.000000000004,l2,4453440.0,,0.0,,,zero_counted_flops,
655,2728813,0,1,7,triton_poi_fused_gelu_view_5,"(2152, 1, 1)","(128, 1, 1)","Vision: FFN GELU | triton_poi_fused_gelu_view_5 | grid=(2152, 1, 1) block=(128, 1, 1)",vlm.vision.camera2/triton_poi_fused_gelu_view_5,vlm.vision.camera2,vlm,17,fp32_simt,22944.000000000004,l2,4453440.0,,15498319.0,3.48007809693181,0.6754846147140864,ok,
656,2728813,0,1,7,nvjet_sm110_tst_144x128_64x6_4x1_v_bz_bias_TNN,"(16, 1, 1)","(256, 1, 1)","Vision: FFN contraction + bias | nvjet_sm110_tst_144x128_64x6_4x1_v_bz_bias_TNN | grid=(16, 1, 1) block=(256, 1, 1)",vlm.vision.camera2/nvjet_sm110_tst_144x128_64x6_4x1_v_bz_bias_TNN,vlm.vision.camera2,vlm,18,bf16_tensor,71200.00000000001,l2,24650400.0,,2566914048.0,104.13275435692726,36.05216359550561,ok,
656,2728813,0,1,7,nvjet_sm110_tst_144x128_64x6_4x1_v_bz_bias_TNN,"(16, 1, 1)","(256, 1, 1)","Vision: FFN contraction + bias | nvjet_sm110_tst_144x128_64x6_4x1_v_bz_bias_TNN | grid=(16, 1, 1) block=(256, 1, 1)",vlm.vision.camera2/nvjet_sm110_tst_144x128_64x6_4x1_v_bz_bias_TNN,vlm.vision.camera2,vlm,18,fp32_simt,71200.00000000001,l2,24650400.0,,884736.0,0.035891344562360046,0.012426067415730335,ok,
657,2728813,0,1,7,triton_red_fused_add_native_layer_norm_view_6,"(128, 1, 1)","(128, 1, 1)","Vision: residual/LayerNorm fusion 6 | triton_red_fused_add_native_layer_norm_view_6 | grid=(128, 1, 1) block=(128, 1, 1)",vlm.vision.camera2/triton_red_fused_add_native_layer_norm_view_6,vlm.vision.camera2,vlm,34,bf16_tensor,21376.0,l2,1929504.0,,0.0,,,zero_counted_flops,
657,2728813,0,1,7,triton_red_fused_add_native_layer_norm_view_6,"(128, 1, 1)","(128, 1, 1)","Vision: residual/LayerNorm fusion 6 | triton_red_fused_add_native_layer_norm_view_6 | grid=(128, 1, 1) block=(128, 1, 1)",vlm.vision.camera2/triton_red_fused_add_native_layer_norm_view_6,vlm.vision.camera2,vlm,34,fp32_simt,21376.0,l2,1929504.0,,5216816.0,2.7037083105295454,0.24405014970059882,ok,
658,2728813,0,1,7,nvjet_sm110_tst_128x128_64x6_1x2_h_bz_bias_TNT,"(18, 1, 1)","(256, 1, 1)","Vision: attention Q/K/V/O projections | nvjet_sm110_tst_128x128_64x6_1x2_h_bz_bias_TNT | grid=(18, 1, 1) block=(256, 1, 1)",vlm.vision.camera2/nvjet_sm110_tst_128x128_64x6_1x2_h_bz_bias_TNT,vlm.vision.camera2,vlm,24,bf16_tensor,24064.000000000004,l2,7993312.0,,679477248.0,85.00572078257423,28.236255319148935,ok,
658,2728813,0,1,7,nvjet_sm110_tst_128x128_64x6_1x2_h_bz_bias_TNT,"(18, 1, 1)","(256, 1, 1)","Vision: attention Q/K/V/O projections | nvjet_sm110_tst_128x128_64x6_1x2_h_bz_bias_TNT | grid=(18, 1, 1) block=(256, 1, 1)",vlm.vision.camera2/nvjet_sm110_tst_128x128_64x6_1x2_h_bz_bias_TNT,vlm.vision.camera2,vlm,24,fp32_simt,24064.000000000004,l2,7993312.0,,884736.0,0.11068453226897687,0.03676595744680851,ok,
659,2728813,0,1,7,nvjet_sm110_tst_128x128_64x6_1x2_h_bz_bias_TNT,"(18, 1, 1)","(256, 1, 1)","Vision: attention Q/K/V/O projections | nvjet_sm110_tst_128x128_64x6_1x2_h_bz_bias_TNT | grid=(18, 1, 1) block=(256, 1, 1)",vlm.vision.camera2/nvjet_sm110_tst_128x128_64x6_1x2_h_bz_bias_TNT,vlm.vision.camera2,vlm,24,bf16_tensor,27200.0,l2,7999936.0,,679477248.0,84.93533548268387,24.980781176470586,ok,
659,2728813,0,1,7,nvjet_sm110_tst_128x128_64x6_1x2_h_bz_bias_TNT,"(18, 1, 1)","(256, 1, 1)","Vision: attention Q/K/V/O projections | nvjet_sm110_tst_128x128_64x6_1x2_h_bz_bias_TNT | grid=(18, 1, 1) block=(256, 1, 1)",vlm.vision.camera2/nvjet_sm110_tst_128x128_64x6_1x2_h_bz_bias_TNT,vlm.vision.camera2,vlm,24,fp32_simt,27200.0,l2,7999936.0,,884736.0,0.11059288474307795,0.03252705882352941,ok,
660,2728813,0,1,7,nvjet_sm110_tst_128x128_64x6_1x2_h_bz_bias_TNT,"(18, 1, 1)","(256, 1, 1)","Vision: attention Q/K/V/O projections | nvjet_sm110_tst_128x128_64x6_1x2_h_bz_bias_TNT | grid=(18, 1, 1) block=(256, 1, 1)",vlm.vision.camera2/nvjet_sm110_tst_128x128_64x6_1x2_h_bz_bias_TNT,vlm.vision.camera2,vlm,24,bf16_tensor,27616.0,l2,8000320.0,,679477248.0,84.93125874965001,24.60447740440324,ok,
660,2728813,0,1,7,nvjet_sm110_tst_128x128_64x6_1x2_h_bz_bias_TNT,"(18, 1, 1)","(256, 1, 1)","Vision: attention Q/K/V/O projections | nvjet_sm110_tst_128x128_64x6_1x2_h_bz_bias_TNT | grid=(18, 1, 1) block=(256, 1, 1)",vlm.vision.camera2/nvjet_sm110_tst_128x128_64x6_1x2_h_bz_bias_TNT,vlm.vision.camera2,vlm,24,fp32_simt,27616.0,l2,8000320.0,,884736.0,0.11058757649694012,0.03203707995365006,ok,
661,2728813,0,1,7,"void pytorch_flash::flash_fwd_kernel<Flash_fwd_kernel_traits<96, 128, 64, 4, 0, 0, cutlass::bfloat16_t, Flash_kernel_traits<96, 128, 64, 4, cutlass::bfloat16_t>>, 0, 0, 0, 0, 0, 0, 0, 0>(pytorch_flash::Flash_fwd_params)","(2, 1, 16)","(128, 1, 1)","Vision: FlashAttention | void pytorch_flash::flash_fwd_kernel<Flash_fwd_kernel_traits<96, 128, 64, 4, 0, 0, cutlass::bfloat16_t, Flash_kernel_traits<96, 128, 64, 4, cutlass::bfloat16_t>>, 0, 0, 0, 0, 0, 0, 0, 0>(pytorch_flash::Flash_fwd_params) | grid=(2, 1, 16) block=(128, 1, 1)","vlm.vision.camera2/void pytorch_flash::flash_fwd_kernel<Flash_fwd_kernel_traits<(int)96, (int)128, (int)64, (int)4, (bool)0, (bool)0, cutlass::bfloat16_t, Flash_kernel_traits<(int)96, (int)128, (int)64, (int)4, cutlass::bfloat16_t>>, (bool)0, (bool)0, (bool)0, (bool)0, (bool)0, (bool)0, (bool)0, (bool)0>(pytorch_flash::Flash_fwd_params)",vlm.vision.camera2,vlm,20,bf16_tensor,35104.0,l2,5480192.0,,402653184.0,73.47428411267343,11.470293527803099,ok,
661,2728813,0,1,7,"void pytorch_flash::flash_fwd_kernel<Flash_fwd_kernel_traits<96, 128, 64, 4, 0, 0, cutlass::bfloat16_t, Flash_kernel_traits<96, 128, 64, 4, cutlass::bfloat16_t>>, 0, 0, 0, 0, 0, 0, 0, 0>(pytorch_flash::Flash_fwd_params)","(2, 1, 16)","(128, 1, 1)","Vision: FlashAttention | void pytorch_flash::flash_fwd_kernel<Flash_fwd_kernel_traits<96, 128, 64, 4, 0, 0, cutlass::bfloat16_t, Flash_kernel_traits<96, 128, 64, 4, cutlass::bfloat16_t>>, 0, 0, 0, 0, 0, 0, 0, 0>(pytorch_flash::Flash_fwd_params) | grid=(2, 1, 16) block=(128, 1, 1)","vlm.vision.camera2/void pytorch_flash::flash_fwd_kernel<Flash_fwd_kernel_traits<(int)96, (int)128, (int)64, (int)4, (bool)0, (bool)0, cutlass::bfloat16_t, Flash_kernel_traits<(int)96, (int)128, (int)64, (int)4, cutlass::bfloat16_t>>, (bool)0, (bool)0, (bool)0, (bool)0, (bool)0, (bool)0, (bool)0, (bool)0>(pytorch_flash::Flash_fwd_params)",vlm.vision.camera2,vlm,20,fp32_simt,35104.0,l2,5480192.0,,5079040.0,0.9267996449759425,0.14468550592525067,ok,
662,2728813,0,1,7,nvjet_sm110_tst_128x128_64x6_1x2_h_bz_bias_TNT,"(18, 1, 1)","(256, 1, 1)","Vision: attention Q/K/V/O projections | nvjet_sm110_tst_128x128_64x6_1x2_h_bz_bias_TNT | grid=(18, 1, 1) block=(256, 1, 1)",vlm.vision.camera2/nvjet_sm110_tst_128x128_64x6_1x2_h_bz_bias_TNT,vlm.vision.camera2,vlm,24,bf16_tensor,29696.0,l2,7995392.0,,679477248.0,84.98360655737704,22.88110344827586,ok,
662,2728813,0,1,7,nvjet_sm110_tst_128x128_64x6_1x2_h_bz_bias_TNT,"(18, 1, 1)","(256, 1, 1)","Vision: attention Q/K/V/O projections | nvjet_sm110_tst_128x128_64x6_1x2_h_bz_bias_TNT | grid=(18, 1, 1) block=(256, 1, 1)",vlm.vision.camera2/nvjet_sm110_tst_128x128_64x6_1x2_h_bz_bias_TNT,vlm.vision.camera2,vlm,24,fp32_simt,29696.0,l2,7995392.0,,884736.0,0.11065573770491803,0.02979310344827586,ok,
663,2728813,0,1,7,triton_red_fused_add_native_layer_norm_view_7,"(256, 1, 1)","(64, 1, 1)","Vision: residual/LayerNorm fusion 7 | triton_red_fused_add_native_layer_norm_view_7 | grid=(256, 1, 1) block=(64, 1, 1)",vlm.vision.camera2/triton_red_fused_add_native_layer_norm_view_7,vlm.vision.camera2,vlm,35,bf16_tensor,23040.000000000004,l2,2545184.0,,0.0,,,zero_counted_flops,
663,2728813,0,1,7,triton_red_fused_add_native_layer_norm_view_7,"(256, 1, 1)","(64, 1, 1)","Vision: residual/LayerNorm fusion 7 | triton_red_fused_add_native_layer_norm_view_7 | grid=(256, 1, 1) block=(64, 1, 1)",vlm.vision.camera2/triton_red_fused_add_native_layer_norm_view_7,vlm.vision.camera2,vlm,35,fp32_simt,23040.000000000004,l2,2545184.0,,5392444.0,2.1186853288406655,0.23404704861111109,ok,
664,2728813,0,1,7,nvjet_sm110_tst_224x128_64x7_1x2_2cta_h_bz_bias_TNN,"(40, 1, 1)","(256, 1, 1)","Vision: FFN expansion + bias | nvjet_sm110_tst_224x128_64x7_1x2_2cta_h_bz_bias_TNN | grid=(40, 1, 1) block=(256, 1, 1)",vlm.vision.camera2/nvjet_sm110_tst_224x128_64x7_1x2_2cta_h_bz_bias_TNN,vlm.vision.camera2,vlm,19,bf16_tensor,59744.0,l2,23232896.0,,2642411520.0,113.73577878539119,44.22890198178896,ok,
664,2728813,0,1,7,nvjet_sm110_tst_224x128_64x7_1x2_2cta_h_bz_bias_TNN,"(40, 1, 1)","(256, 1, 1)","Vision: FFN expansion + bias | nvjet_sm110_tst_224x128_64x7_1x2_2cta_h_bz_bias_TNN | grid=(40, 1, 1) block=(256, 1, 1)",vlm.vision.camera2/nvjet_sm110_tst_224x128_64x7_1x2_2cta_h_bz_bias_TNN,vlm.vision.camera2,vlm,19,fp32_simt,59744.0,l2,23232896.0,,3440640.0,0.14809346196014478,0.05758971612212105,ok,
665,2728813,0,1,7,triton_poi_fused_gelu_view_5,"(2152, 1, 1)","(128, 1, 1)","Vision: FFN GELU | triton_poi_fused_gelu_view_5 | grid=(2152, 1, 1) block=(128, 1, 1)",vlm.vision.camera2/triton_poi_fused_gelu_view_5,vlm.vision.camera2,vlm,17,bf16_tensor,23552.0,l2,4457344.0,,0.0,,,zero_counted_flops,
665,2728813,0,1,7,triton_poi_fused_gelu_view_5,"(2152, 1, 1)","(128, 1, 1)","Vision: FFN GELU | triton_poi_fused_gelu_view_5 | grid=(2152, 1, 1) block=(128, 1, 1)",vlm.vision.camera2/triton_poi_fused_gelu_view_5,vlm.vision.camera2,vlm,17,fp32_simt,23552.0,l2,4457344.0,,15410658.0,3.4573633984722743,0.6543248131793478,ok,
666,2728813,0,1,7,nvjet_sm110_tst_144x128_64x6_4x1_v_bz_bias_TNN,"(16, 1, 1)","(256, 1, 1)","Vision: FFN contraction + bias | nvjet_sm110_tst_144x128_64x6_4x1_v_bz_bias_TNN | grid=(16, 1, 1) block=(256, 1, 1)",vlm.vision.camera2/nvjet_sm110_tst_144x128_64x6_4x1_v_bz_bias_TNN,vlm.vision.camera2,vlm,18,bf16_tensor,69472.0,l2,24635616.0,,2566914048.0,104.19524512802927,36.94890096729618,ok,
666,2728813,0,1,7,nvjet_sm110_tst_144x128_64x6_4x1_v_bz_bias_TNN,"(16, 1, 1)","(256, 1, 1)","Vision: FFN contraction + bias | nvjet_sm110_tst_144x128_64x6_4x1_v_bz_bias_TNN | grid=(16, 1, 1) block=(256, 1, 1)",vlm.vision.camera2/nvjet_sm110_tst_144x128_64x6_4x1_v_bz_bias_TNN,vlm.vision.camera2,vlm,18,fp32_simt,69472.0,l2,24635616.0,,884736.0,0.035912883201296854,0.01273514509442653,ok,
667,2728813,0,1,7,triton_red_fused_add_native_layer_norm_view_8,"(256, 1, 1)","(64, 1, 1)","Vision: residual/LayerNorm fusion 8 | triton_red_fused_add_native_layer_norm_view_8 | grid=(256, 1, 1) block=(64, 1, 1)",vlm.vision.camera2/triton_red_fused_add_native_layer_norm_view_8,vlm.vision.camera2,vlm,36,bf16_tensor,30528.000000000004,l2,3221120.0,,0.0,,,zero_counted_flops,
667,2728813,0,1,7,triton_red_fused_add_native_layer_norm_view_8,"(256, 1, 1)","(64, 1, 1)","Vision: residual/LayerNorm fusion 8 | triton_red_fused_add_native_layer_norm_view_8 | grid=(256, 1, 1) block=(64, 1, 1)",vlm.vision.camera2/triton_red_fused_add_native_layer_norm_view_8,vlm.vision.camera2,vlm,36,fp32_simt,30528.000000000004,l2,3221120.0,,6619136.0,2.0549175442082257,0.21682180293501047,ok,
668,2728813,0,1,7,nvjet_sm110_tst_128x128_64x6_1x2_h_bz_bias_TNT,"(18, 1, 1)","(256, 1, 1)","Vision: attention Q/K/V/O projections | nvjet_sm110_tst_128x128_64x6_1x2_h_bz_bias_TNT | grid=(18, 1, 1) block=(256, 1, 1)",vlm.vision.camera2/nvjet_sm110_tst_128x128_64x6_1x2_h_bz_bias_TNT,vlm.vision.camera2,vlm,24,bf16_tensor,31648.0,l2,7996864.0,,679477248.0,84.96796344166914,21.469832153690596,ok,
668,2728813,0,1,7,nvjet_sm110_tst_128x128_64x6_1x2_h_bz_bias_TNT,"(18, 1, 1)","(256, 1, 1)","Vision: attention Q/K/V/O projections | nvjet_sm110_tst_128x128_64x6_1x2_h_bz_bias_TNT | grid=(18, 1, 1) block=(256, 1, 1)",vlm.vision.camera2/nvjet_sm110_tst_128x128_64x6_1x2_h_bz_bias_TNT,vlm.vision.camera2,vlm,24,fp32_simt,31648.0,l2,7996864.0,,884736.0,0.11063536906467335,0.02795551061678463,ok,
669,2728813,0,1,7,nvjet_sm110_tst_128x128_64x6_1x2_h_bz_bias_TNT,"(18, 1, 1)","(256, 1, 1)","Vision: attention Q/K/V/O projections | nvjet_sm110_tst_128x128_64x6_1x2_h_bz_bias_TNT | grid=(18, 1, 1) block=(256, 1, 1)",vlm.vision.camera2/nvjet_sm110_tst_128x128_64x6_1x2_h_bz_bias_TNT,vlm.vision.camera2,vlm,24,bf16_tensor,30784.000000000004,l2,7997248.0,,679477248.0,84.96388357595012,22.0724158004158,ok,
669,2728813,0,1,7,nvjet_sm110_tst_128x128_64x6_1x2_h_bz_bias_TNT,"(18, 1, 1)","(256, 1, 1)","Vision: attention Q/K/V/O projections | nvjet_sm110_tst_128x128_64x6_1x2_h_bz_bias_TNT | grid=(18, 1, 1) block=(256, 1, 1)",vlm.vision.camera2/nvjet_sm110_tst_128x128_64x6_1x2_h_bz_bias_TNT,vlm.vision.camera2,vlm,24,fp32_simt,30784.000000000004,l2,7997248.0,,884736.0,0.1106300567395184,0.028740124740124738,ok,
670,2728813,0,1,7,nvjet_sm110_tst_128x128_64x6_1x2_h_bz_bias_TNT,"(18, 1, 1)","(256, 1, 1)","Vision: attention Q/K/V/O projections | nvjet_sm110_tst_128x128_64x6_1x2_h_bz_bias_TNT | grid=(18, 1, 1) block=(256, 1, 1)",vlm.vision.camera2/nvjet_sm110_tst_128x128_64x6_1x2_h_bz_bias_TNT,vlm.vision.camera2,vlm,24,bf16_tensor,28352.000000000004,l2,8001120.0,,679477248.0,84.92276681264623,23.96576072234763,ok,
670,2728813,0,1,7,nvjet_sm110_tst_128x128_64x6_1x2_h_bz_bias_TNT,"(18, 1, 1)","(256, 1, 1)","Vision: attention Q/K/V/O projections | nvjet_sm110_tst_128x128_64x6_1x2_h_bz_bias_TNT | grid=(18, 1, 1) block=(256, 1, 1)",vlm.vision.camera2/nvjet_sm110_tst_128x128_64x6_1x2_h_bz_bias_TNT,vlm.vision.camera2,vlm,24,fp32_simt,28352.000000000004,l2,8001120.0,,884736.0,0.11057651928729978,0.031205417607223472,ok,
671,2728813,0,1,7,"void pytorch_flash::flash_fwd_kernel<Flash_fwd_kernel_traits<96, 128, 64, 4, 0, 0, cutlass::bfloat16_t, Flash_kernel_traits<96, 128, 64, 4, cutlass::bfloat16_t>>, 0, 0, 0, 0, 0, 0, 0, 0>(pytorch_flash::Flash_fwd_params)","(2, 1, 16)","(128, 1, 1)","Vision: FlashAttention | void pytorch_flash::flash_fwd_kernel<Flash_fwd_kernel_traits<96, 128, 64, 4, 0, 0, cutlass::bfloat16_t, Flash_kernel_traits<96, 128, 64, 4, cutlass::bfloat16_t>>, 0, 0, 0, 0, 0, 0, 0, 0>(pytorch_flash::Flash_fwd_params) | grid=(2, 1, 16) block=(128, 1, 1)","vlm.vision.camera2/void pytorch_flash::flash_fwd_kernel<Flash_fwd_kernel_traits<(int)96, (int)128, (int)64, (int)4, (bool)0, (bool)0, cutlass::bfloat16_t, Flash_kernel_traits<(int)96, (int)128, (int)64, (int)4, cutlass::bfloat16_t>>, (bool)0, (bool)0, (bool)0, (bool)0, (bool)0, (bool)0, (bool)0, (bool)0>(pytorch_flash::Flash_fwd_params)",vlm.vision.camera2,vlm,20,bf16_tensor,30176.0,l2,5471392.0,,402653184.0,73.59245764149233,13.343490986214208,ok,
671,2728813,0,1,7,"void pytorch_flash::flash_fwd_kernel<Flash_fwd_kernel_traits<96, 128, 64, 4, 0, 0, cutlass::bfloat16_t, Flash_kernel_traits<96, 128, 64, 4, cutlass::bfloat16_t>>, 0, 0, 0, 0, 0, 0, 0, 0>(pytorch_flash::Flash_fwd_params)","(2, 1, 16)","(128, 1, 1)","Vision: FlashAttention | void pytorch_flash::flash_fwd_kernel<Flash_fwd_kernel_traits<96, 128, 64, 4, 0, 0, cutlass::bfloat16_t, Flash_kernel_traits<96, 128, 64, 4, cutlass::bfloat16_t>>, 0, 0, 0, 0, 0, 0, 0, 0>(pytorch_flash::Flash_fwd_params) | grid=(2, 1, 16) block=(128, 1, 1)","vlm.vision.camera2/void pytorch_flash::flash_fwd_kernel<Flash_fwd_kernel_traits<(int)96, (int)128, (int)64, (int)4, (bool)0, (bool)0, cutlass::bfloat16_t, Flash_kernel_traits<(int)96, (int)128, (int)64, (int)4, cutlass::bfloat16_t>>, (bool)0, (bool)0, (bool)0, (bool)0, (bool)0, (bool)0, (bool)0, (bool)0>(pytorch_flash::Flash_fwd_params)",vlm.vision.camera2,vlm,20,fp32_simt,30176.0,l2,5471392.0,,5079040.0,0.9282902778671315,0.16831389183457052,ok,
672,2728813,0,1,7,nvjet_sm110_tst_128x128_64x6_1x2_h_bz_bias_TNT,"(18, 1, 1)","(256, 1, 1)","Vision: attention Q/K/V/O projections | nvjet_sm110_tst_128x128_64x6_1x2_h_bz_bias_TNT | grid=(18, 1, 1) block=(256, 1, 1)",vlm.vision.camera2/nvjet_sm110_tst_128x128_64x6_1x2_h_bz_bias_TNT,vlm.vision.camera2,vlm,24,bf16_tensor,31520.000000000004,l2,7995904.0,,679477248.0,84.97816482038805,21.557019289340097,ok,
672,2728813,0,1,7,nvjet_sm110_tst_128x128_64x6_1x2_h_bz_bias_TNT,"(18, 1, 1)","(256, 1, 1)","Vision: attention Q/K/V/O projections | nvjet_sm110_tst_128x128_64x6_1x2_h_bz_bias_TNT | grid=(18, 1, 1) block=(256, 1, 1)",vlm.vision.camera2/nvjet_sm110_tst_128x128_64x6_1x2_h_bz_bias_TNT,vlm.vision.camera2,vlm,24,fp32_simt,31520.000000000004,l2,7995904.0,,884736.0,0.11064865210988026,0.02806903553299492,ok,
673,2728813,0,1,7,triton_red_fused_add_native_layer_norm_view_9,"(256, 1, 1)","(512, 1, 1)","Vision: residual/LayerNorm fusion 9 | triton_red_fused_add_native_layer_norm_view_9 | grid=(256, 1, 1) block=(512, 1, 1)",vlm.vision.camera2/triton_red_fused_add_native_layer_norm_view_9,vlm.vision.camera2,vlm,37,bf16_tensor,35552.0,l2,4269952.0,,0.0,,,zero_counted_flops,
673,2728813,0,1,7,triton_red_fused_add_native_layer_norm_view_9,"(256, 1, 1)","(512, 1, 1)","Vision: residual/LayerNorm fusion 9 | triton_red_fused_add_native_layer_norm_view_9 | grid=(256, 1, 1) block=(512, 1, 1)",vlm.vision.camera2/triton_red_fused_add_native_layer_norm_view_9,vlm.vision.camera2,vlm,37,fp32_simt,35552.0,l2,4269952.0,,21906928.0,5.130485775952517,0.6161939693969397,ok,
674,2728813,0,1,7,nvjet_sm110_tst_224x128_64x7_1x2_2cta_h_bz_bias_TNN,"(40, 1, 1)","(256, 1, 1)","Vision: FFN expansion + bias | nvjet_sm110_tst_224x128_64x7_1x2_2cta_h_bz_bias_TNN | grid=(40, 1, 1) block=(256, 1, 1)",vlm.vision.camera2/nvjet_sm110_tst_224x128_64x7_1x2_2cta_h_bz_bias_TNN,vlm.vision.camera2,vlm,19,bf16_tensor,59616.00000000001,l2,23227392.0,,2642411520.0,113.76272979764582,44.32386473429951,ok,
674,2728813,0,1,7,nvjet_sm110_tst_224x128_64x7_1x2_2cta_h_bz_bias_TNN,"(40, 1, 1)","(256, 1, 1)","Vision: FFN expansion + bias | nvjet_sm110_tst_224x128_64x7_1x2_2cta_h_bz_bias_TNN | grid=(40, 1, 1) block=(256, 1, 1)",vlm.vision.camera2/nvjet_sm110_tst_224x128_64x7_1x2_2cta_h_bz_bias_TNN,vlm.vision.camera2,vlm,19,fp32_simt,59616.00000000001,l2,23227392.0,,3440640.0,0.14812855442401798,0.05771336553945249,ok,
675,2728813,0,1,7,triton_poi_fused_gelu_view_5,"(2152, 1, 1)","(128, 1, 1)","Vision: FFN GELU | triton_poi_fused_gelu_view_5 | grid=(2152, 1, 1) block=(128, 1, 1)",vlm.vision.camera2/triton_poi_fused_gelu_view_5,vlm.vision.camera2,vlm,17,bf16_tensor,27008.000000000004,l2,4454976.0,,0.0,,,zero_counted_flops,
675,2728813,0,1,7,triton_poi_fused_gelu_view_5,"(2152, 1, 1)","(128, 1, 1)","Vision: FFN GELU | triton_poi_fused_gelu_view_5 | grid=(2152, 1, 1) block=(128, 1, 1)",vlm.vision.camera2/triton_poi_fused_gelu_view_5,vlm.vision.camera2,vlm,17,fp32_simt,27008.000000000004,l2,4454976.0,,15314646.0,3.4376494957548593,0.5670410989336492,ok,
676,2728813,0,1,7,nvjet_sm110_tst_144x128_64x6_4x1_v_bz_bias_TNN,"(16, 1, 1)","(256, 1, 1)","Vision: FFN contraction + bias | nvjet_sm110_tst_144x128_64x6_4x1_v_bz_bias_TNN | grid=(16, 1, 1) block=(256, 1, 1)",vlm.vision.camera2/nvjet_sm110_tst_144x128_64x6_4x1_v_bz_bias_TNN,vlm.vision.camera2,vlm,18,bf16_tensor,67520.0,l2,24612256.0,,2566914048.0,104.294138985065,38.01709194312796,ok,
676,2728813,0,1,7,nvjet_sm110_tst_144x128_64x6_4x1_v_bz_bias_TNN,"(16, 1, 1)","(256, 1, 1)","Vision: FFN contraction + bias | nvjet_sm110_tst_144x128_64x6_4x1_v_bz_bias_TNN | grid=(16, 1, 1) block=(256, 1, 1)",vlm.vision.camera2/nvjet_sm110_tst_144x128_64x6_4x1_v_bz_bias_TNN,vlm.vision.camera2,vlm,18,fp32_simt,67520.0,l2,24612256.0,,884736.0,0.03594696885974207,0.013103317535545023,ok,
677,2728813,0,1,7,triton_red_fused_add_native_layer_norm_view_6,"(128, 1, 1)","(128, 1, 1)","Vision: residual/LayerNorm fusion 6 | triton_red_fused_add_native_layer_norm_view_6 | grid=(128, 1, 1) block=(128, 1, 1)",vlm.vision.camera2/triton_red_fused_add_native_layer_norm_view_6,vlm.vision.camera2,vlm,34,bf16_tensor,14624.000000000002,l2,1916928.0,,0.0,,,zero_counted_flops,
677,2728813,0,1,7,triton_red_fused_add_native_layer_norm_view_6,"(128, 1, 1)","(128, 1, 1)","Vision: residual/LayerNorm fusion 6 | triton_red_fused_add_native_layer_norm_view_6 | grid=(128, 1, 1) block=(128, 1, 1)",vlm.vision.camera2/triton_red_fused_add_native_layer_norm_view_6,vlm.vision.camera2,vlm,34,fp32_simt,14624.000000000002,l2,1916928.0,,5215584.0,2.72080328525641,0.3566455142231947,ok,
678,2728813,0,1,7,nvjet_sm110_tst_128x128_64x6_1x2_h_bz_bias_TNT,"(18, 1, 1)","(256, 1, 1)","Vision: attention Q/K/V/O projections | nvjet_sm110_tst_128x128_64x6_1x2_h_bz_bias_TNT | grid=(18, 1, 1) block=(256, 1, 1)",vlm.vision.camera2/nvjet_sm110_tst_128x128_64x6_1x2_h_bz_bias_TNT,vlm.vision.camera2,vlm,24,bf16_tensor,29728.0,l2,7995232.0,,679477248.0,84.98530724311689,22.85647362755651,ok,
678,2728813,0,1,7,nvjet_sm110_tst_128x128_64x6_1x2_h_bz_bias_TNT,"(18, 1, 1)","(256, 1, 1)","Vision: attention Q/K/V/O projections | nvjet_sm110_tst_128x128_64x6_1x2_h_bz_bias_TNT | grid=(18, 1, 1) block=(256, 1, 1)",vlm.vision.camera2/nvjet_sm110_tst_128x128_64x6_1x2_h_bz_bias_TNT,vlm.vision.camera2,vlm,24,fp32_simt,29728.0,l2,7995232.0,,884736.0,0.11065795213947513,0.029761033369214207,ok,
679,2728813,0,1,7,nvjet_sm110_tst_128x128_64x6_1x2_h_bz_bias_TNT,"(18, 1, 1)","(256, 1, 1)","Vision: attention Q/K/V/O projections | nvjet_sm110_tst_128x128_64x6_1x2_h_bz_bias_TNT | grid=(18, 1, 1) block=(256, 1, 1)",vlm.vision.camera2/nvjet_sm110_tst_128x128_64x6_1x2_h_bz_bias_TNT,vlm.vision.camera2,vlm,24,bf16_tensor,30752.0,l2,7995776.0,,679477248.0,84.97952518929995,22.095383975026017,ok,
679,2728813,0,1,7,nvjet_sm110_tst_128x128_64x6_1x2_h_bz_bias_TNT,"(18, 1, 1)","(256, 1, 1)","Vision: attention Q/K/V/O projections | nvjet_sm110_tst_128x128_64x6_1x2_h_bz_bias_TNT | grid=(18, 1, 1) block=(256, 1, 1)",vlm.vision.camera2/nvjet_sm110_tst_128x128_64x6_1x2_h_bz_bias_TNT,vlm.vision.camera2,vlm,24,fp32_simt,30752.0,l2,7995776.0,,884736.0,0.11065042342356764,0.028770031217481788,ok,
680,2728813,0,1,7,nvjet_sm110_tst_128x128_64x6_1x2_h_bz_bias_TNT,"(18, 1, 1)","(256, 1, 1)","Vision: attention Q/K/V/O projections | nvjet_sm110_tst_128x128_64x6_1x2_h_bz_bias_TNT | grid=(18, 1, 1) block=(256, 1, 1)",vlm.vision.camera2/nvjet_sm110_tst_128x128_64x6_1x2_h_bz_bias_TNT,vlm.vision.camera2,vlm,24,bf16_tensor,27680.000000000004,l2,7999552.0,,679477248.0,84.939412607106,24.547588439306356,ok,
680,2728813,0,1,7,nvjet_sm110_tst_128x128_64x6_1x2_h_bz_bias_TNT,"(18, 1, 1)","(256, 1, 1)","Vision: attention Q/K/V/O projections | nvjet_sm110_tst_128x128_64x6_1x2_h_bz_bias_TNT | grid=(18, 1, 1) block=(256, 1, 1)",vlm.vision.camera2/nvjet_sm110_tst_128x128_64x6_1x2_h_bz_bias_TNT,vlm.vision.camera2,vlm,24,fp32_simt,27680.000000000004,l2,7999552.0,,884736.0,0.11059819349883593,0.03196300578034682,ok,
681,2728813,0,1,7,"void pytorch_flash::flash_fwd_kernel<Flash_fwd_kernel_traits<96, 128, 64, 4, 0, 0, cutlass::bfloat16_t, Flash_kernel_traits<96, 128, 64, 4, cutlass::bfloat16_t>>, 0, 0, 0, 0, 0, 0, 0, 0>(pytorch_flash::Flash_fwd_params)","(2, 1, 16)","(128, 1, 1)","Vision: FlashAttention | void pytorch_flash::flash_fwd_kernel<Flash_fwd_kernel_traits<96, 128, 64, 4, 0, 0, cutlass::bfloat16_t, Flash_kernel_traits<96, 128, 64, 4, cutlass::bfloat16_t>>, 0, 0, 0, 0, 0, 0, 0, 0>(pytorch_flash::Flash_fwd_params) | grid=(2, 1, 16) block=(128, 1, 1)","vlm.vision.camera2/void pytorch_flash::flash_fwd_kernel<Flash_fwd_kernel_traits<(int)96, (int)128, (int)64, (int)4, (bool)0, (bool)0, cutlass::bfloat16_t, Flash_kernel_traits<(int)96, (int)128, (int)64, (int)4, cutlass::bfloat16_t>>, (bool)0, (bool)0, (bool)0, (bool)0, (bool)0, (bool)0, (bool)0, (bool)0>(pytorch_flash::Flash_fwd_params)",vlm.vision.camera2,vlm,20,bf16_tensor,34976.00000000001,l2,5482432.0,,402653184.0,73.4442641513839,11.512270814272643,ok,
681,2728813,0,1,7,"void pytorch_flash::flash_fwd_kernel<Flash_fwd_kernel_traits<96, 128, 64, 4, 0, 0, cutlass::bfloat16_t, Flash_kernel_traits<96, 128, 64, 4, cutlass::bfloat16_t>>, 0, 0, 0, 0, 0, 0, 0, 0>(pytorch_flash::Flash_fwd_params)","(2, 1, 16)","(128, 1, 1)","Vision: FlashAttention | void pytorch_flash::flash_fwd_kernel<Flash_fwd_kernel_traits<96, 128, 64, 4, 0, 0, cutlass::bfloat16_t, Flash_kernel_traits<96, 128, 64, 4, cutlass::bfloat16_t>>, 0, 0, 0, 0, 0, 0, 0, 0>(pytorch_flash::Flash_fwd_params) | grid=(2, 1, 16) block=(128, 1, 1)","vlm.vision.camera2/void pytorch_flash::flash_fwd_kernel<Flash_fwd_kernel_traits<(int)96, (int)128, (int)64, (int)4, (bool)0, (bool)0, cutlass::bfloat16_t, Flash_kernel_traits<(int)96, (int)128, (int)64, (int)4, cutlass::bfloat16_t>>, (bool)0, (bool)0, (bool)0, (bool)0, (bool)0, (bool)0, (bool)0, (bool)0>(pytorch_flash::Flash_fwd_params)",vlm.vision.camera2,vlm,20,fp32_simt,34976.00000000001,l2,5482432.0,,5079040.0,0.9264209752168381,0.1452150045745654,ok,
682,2728813,0,1,7,nvjet_sm110_tst_128x128_64x6_1x2_h_bz_bias_TNT,"(18, 1, 1)","(256, 1, 1)","Vision: attention Q/K/V/O projections | nvjet_sm110_tst_128x128_64x6_1x2_h_bz_bias_TNT | grid=(18, 1, 1) block=(256, 1, 1)",vlm.vision.camera2/nvjet_sm110_tst_128x128_64x6_1x2_h_bz_bias_TNT,vlm.vision.camera2,vlm,24,bf16_tensor,26176.0,l2,7998976.0,,679477248.0,84.94552902771555,25.95802444987775,ok,
682,2728813,0,1,7,nvjet_sm110_tst_128x128_64x6_1x2_h_bz_bias_TNT,"(18, 1, 1)","(256, 1, 1)","Vision: attention Q/K/V/O projections | nvjet_sm110_tst_128x128_64x6_1x2_h_bz_bias_TNT | grid=(18, 1, 1) block=(256, 1, 1)",vlm.vision.camera2/nvjet_sm110_tst_128x128_64x6_1x2_h_bz_bias_TNT,vlm.vision.camera2,vlm,24,fp32_simt,26176.0,l2,7998976.0,,884736.0,0.11060615758817129,0.033799511002444986,ok,
683,2728813,0,1,7,triton_red_fused_add_native_layer_norm_view_7,"(256, 1, 1)","(64, 1, 1)","Vision: residual/LayerNorm fusion 7 | triton_red_fused_add_native_layer_norm_view_7 | grid=(256, 1, 1) block=(64, 1, 1)",vlm.vision.camera2/triton_red_fused_add_native_layer_norm_view_7,vlm.vision.camera2,vlm,35,bf16_tensor,25120.0,l2,2539360.0,,0.0,,,zero_counted_flops,
683,2728813,0,1,7,triton_red_fused_add_native_layer_norm_view_7,"(256, 1, 1)","(64, 1, 1)","Vision: residual/LayerNorm fusion 7 | triton_red_fused_add_native_layer_norm_view_7 | grid=(256, 1, 1) block=(64, 1, 1)",vlm.vision.camera2/triton_red_fused_add_native_layer_norm_view_7,vlm.vision.camera2,vlm,35,fp32_simt,25120.0,l2,2539360.0,,5391948.0,2.123349190347174,0.21464761146496814,ok,
684,2728813,0,1,7,nvjet_sm110_tst_224x128_64x7_1x2_2cta_h_bz_bias_TNN,"(40, 1, 1)","(256, 1, 1)","Vision: FFN expansion + bias | nvjet_sm110_tst_224x128_64x7_1x2_2cta_h_bz_bias_TNN | grid=(40, 1, 1) block=(256, 1, 1)",vlm.vision.camera2/nvjet_sm110_tst_224x128_64x7_1x2_2cta_h_bz_bias_TNN,vlm.vision.camera2,vlm,19,bf16_tensor,61472.00000000001,l2,23282816.0,,2642411520.0,113.4919212521372,42.985611660593435,ok,
684,2728813,0,1,7,nvjet_sm110_tst_224x128_64x7_1x2_2cta_h_bz_bias_TNN,"(40, 1, 1)","(256, 1, 1)","Vision: FFN expansion + bias | nvjet_sm110_tst_224x128_64x7_1x2_2cta_h_bz_bias_TNN | grid=(40, 1, 1) block=(256, 1, 1)",vlm.vision.camera2/nvjet_sm110_tst_224x128_64x7_1x2_2cta_h_bz_bias_TNN,vlm.vision.camera2,vlm,19,fp32_simt,61472.00000000001,l2,23282816.0,,3440640.0,0.14777593913038697,0.0559708485163977,ok,
685,2728813,0,1,7,triton_poi_fused_gelu_view_5,"(2152, 1, 1)","(128, 1, 1)","Vision: FFN GELU | triton_poi_fused_gelu_view_5 | grid=(2152, 1, 1) block=(128, 1, 1)",vlm.vision.camera2/triton_poi_fused_gelu_view_5,vlm.vision.camera2,vlm,17,bf16_tensor,24896.0,l2,4461888.0,,0.0,,,zero_counted_flops,
685,2728813,0,1,7,triton_poi_fused_gelu_view_5,"(2152, 1, 1)","(128, 1, 1)","Vision: FFN GELU | triton_poi_fused_gelu_view_5 | grid=(2152, 1, 1) block=(128, 1, 1)",vlm.vision.camera2/triton_poi_fused_gelu_view_5,vlm.vision.camera2,vlm,17,fp32_simt,24896.0,l2,4461888.0,,15340385.0,3.438092798384899,0.6161787034061696,ok,
686,2728813,0,1,7,nvjet_sm110_tst_144x128_64x6_4x1_v_bz_bias_TNN,"(16, 1, 1)","(256, 1, 1)","Vision: FFN contraction + bias | nvjet_sm110_tst_144x128_64x6_4x1_v_bz_bias_TNN | grid=(16, 1, 1) block=(256, 1, 1)",vlm.vision.camera2/nvjet_sm110_tst_144x128_64x6_4x1_v_bz_bias_TNN,vlm.vision.camera2,vlm,18,bf16_tensor,69472.0,l2,24636576.0,,2566914048.0,104.1911850088259,36.94890096729618,ok,
686,2728813,0,1,7,nvjet_sm110_tst_144x128_64x6_4x1_v_bz_bias_TNN,"(16, 1, 1)","(256, 1, 1)","Vision: FFN contraction + bias | nvjet_sm110_tst_144x128_64x6_4x1_v_bz_bias_TNN | grid=(16, 1, 1) block=(256, 1, 1)",vlm.vision.camera2/nvjet_sm110_tst_144x128_64x6_4x1_v_bz_bias_TNN,vlm.vision.camera2,vlm,18,fp32_simt,69472.0,l2,24636576.0,,884736.0,0.035911483803593484,0.01273514509442653,ok,
687,2728813,0,1,7,triton_red_fused_add_native_layer_norm_view_8,"(256, 1, 1)","(64, 1, 1)","Vision: residual/LayerNorm fusion 8 | triton_red_fused_add_native_layer_norm_view_8 | grid=(256, 1, 1) block=(64, 1, 1)",vlm.vision.camera2/triton_red_fused_add_native_layer_norm_view_8,vlm.vision.camera2,vlm,36,bf16_tensor,26112.0,l2,3182560.0,,0.0,,,zero_counted_flops,
687,2728813,0,1,7,triton_red_fused_add_native_layer_norm_view_8,"(256, 1, 1)","(64, 1, 1)","Vision: residual/LayerNorm fusion 8 | triton_red_fused_add_native_layer_norm_view_8 | grid=(256, 1, 1) block=(64, 1, 1)",vlm.vision.camera2/triton_red_fused_add_native_layer_norm_view_8,vlm.vision.camera2,vlm,36,fp32_simt,26112.0,l2,3182560.0,,6619136.0,2.079814991704791,0.2534901960784314,ok,
688,2728813,0,1,7,nvjet_sm110_tst_128x128_64x6_1x2_h_bz_bias_TNT,"(18, 1, 1)","(256, 1, 1)","Vision: attention Q/K/V/O projections | nvjet_sm110_tst_128x128_64x6_1x2_h_bz_bias_TNT | grid=(18, 1, 1) block=(256, 1, 1)",vlm.vision.camera2/nvjet_sm110_tst_128x128_64x6_1x2_h_bz_bias_TNT,vlm.vision.camera2,vlm,24,bf16_tensor,26944.0,l2,7999648.0,,679477248.0,84.93839328930473,25.218128266033254,ok,
688,2728813,0,1,7,nvjet_sm110_tst_128x128_64x6_1x2_h_bz_bias_TNT,"(18, 1, 1)","(256, 1, 1)","Vision: attention Q/K/V/O projections | nvjet_sm110_tst_128x128_64x6_1x2_h_bz_bias_TNT | grid=(18, 1, 1) block=(256, 1, 1)",vlm.vision.camera2/nvjet_sm110_tst_128x128_64x6_1x2_h_bz_bias_TNT,vlm.vision.camera2,vlm,24,fp32_simt,26944.0,l2,7999648.0,,884736.0,0.11059686626211554,0.03283610451306413,ok,
689,2728813,0,1,7,nvjet_sm110_tst_128x128_64x6_1x2_h_bz_bias_TNT,"(18, 1, 1)","(256, 1, 1)","Vision: attention Q/K/V/O projections | nvjet_sm110_tst_128x128_64x6_1x2_h_bz_bias_TNT | grid=(18, 1, 1) block=(256, 1, 1)",vlm.vision.camera2/nvjet_sm110_tst_128x128_64x6_1x2_h_bz_bias_TNT,vlm.vision.camera2,vlm,24,bf16_tensor,28192.0,l2,8002944.0,,679477248.0,84.9034115445516,24.1017752553916,ok,
689,2728813,0,1,7,nvjet_sm110_tst_128x128_64x6_1x2_h_bz_bias_TNT,"(18, 1, 1)","(256, 1, 1)","Vision: attention Q/K/V/O projections | nvjet_sm110_tst_128x128_64x6_1x2_h_bz_bias_TNT | grid=(18, 1, 1) block=(256, 1, 1)",vlm.vision.camera2/nvjet_sm110_tst_128x128_64x6_1x2_h_bz_bias_TNT,vlm.vision.camera2,vlm,24,fp32_simt,28192.0,l2,8002944.0,,884736.0,0.11055131711530157,0.03138251986379115,ok,
690,2728813,0,1,7,nvjet_sm110_tst_128x128_64x6_1x2_h_bz_bias_TNT,"(18, 1, 1)","(256, 1, 1)","Vision: attention Q/K/V/O projections | nvjet_sm110_tst_128x128_64x6_1x2_h_bz_bias_TNT | grid=(18, 1, 1) block=(256, 1, 1)",vlm.vision.camera2/nvjet_sm110_tst_128x128_64x6_1x2_h_bz_bias_TNT,vlm.vision.camera2,vlm,24,bf16_tensor,29344.000000000004,l2,7995904.0,,679477248.0,84.97816482038805,23.155576881134134,ok,
690,2728813,0,1,7,nvjet_sm110_tst_128x128_64x6_1x2_h_bz_bias_TNT,"(18, 1, 1)","(256, 1, 1)","Vision: attention Q/K/V/O projections | nvjet_sm110_tst_128x128_64x6_1x2_h_bz_bias_TNT | grid=(18, 1, 1) block=(256, 1, 1)",vlm.vision.camera2/nvjet_sm110_tst_128x128_64x6_1x2_h_bz_bias_TNT,vlm.vision.camera2,vlm,24,fp32_simt,29344.000000000004,l2,7995904.0,,884736.0,0.11064865210988026,0.0301504907306434,ok,
691,2728813,0,1,7,"void pytorch_flash::flash_fwd_kernel<Flash_fwd_kernel_traits<96, 128, 64, 4, 0, 0, cutlass::bfloat16_t, Flash_kernel_traits<96, 128, 64, 4, cutlass::bfloat16_t>>, 0, 0, 0, 0, 0, 0, 0, 0>(pytorch_flash::Flash_fwd_params)","(2, 1, 16)","(128, 1, 1)","Vision: FlashAttention | void pytorch_flash::flash_fwd_kernel<Flash_fwd_kernel_traits<96, 128, 64, 4, 0, 0, cutlass::bfloat16_t, Flash_kernel_traits<96, 128, 64, 4, cutlass::bfloat16_t>>, 0, 0, 0, 0, 0, 0, 0, 0>(pytorch_flash::Flash_fwd_params) | grid=(2, 1, 16) block=(128, 1, 1)","vlm.vision.camera2/void pytorch_flash::flash_fwd_kernel<Flash_fwd_kernel_traits<(int)96, (int)128, (int)64, (int)4, (bool)0, (bool)0, cutlass::bfloat16_t, Flash_kernel_traits<(int)96, (int)128, (int)64, (int)4, cutlass::bfloat16_t>>, (bool)0, (bool)0, (bool)0, (bool)0, (bool)0, (bool)0, (bool)0, (bool)0>(pytorch_flash::Flash_fwd_params)",vlm.vision.camera2,vlm,20,bf16_tensor,35872.00000000001,l2,5492224.0,,402653184.0,73.31332152512353,11.224720785013378,ok,
691,2728813,0,1,7,"void pytorch_flash::flash_fwd_kernel<Flash_fwd_kernel_traits<96, 128, 64, 4, 0, 0, cutlass::bfloat16_t, Flash_kernel_traits<96, 128, 64, 4, cutlass::bfloat16_t>>, 0, 0, 0, 0, 0, 0, 0, 0>(pytorch_flash::Flash_fwd_params)","(2, 1, 16)","(128, 1, 1)","Vision: FlashAttention | void pytorch_flash::flash_fwd_kernel<Flash_fwd_kernel_traits<96, 128, 64, 4, 0, 0, cutlass::bfloat16_t, Flash_kernel_traits<96, 128, 64, 4, cutlass::bfloat16_t>>, 0, 0, 0, 0, 0, 0, 0, 0>(pytorch_flash::Flash_fwd_params) | grid=(2, 1, 16) block=(128, 1, 1)","vlm.vision.camera2/void pytorch_flash::flash_fwd_kernel<Flash_fwd_kernel_traits<(int)96, (int)128, (int)64, (int)4, (bool)0, (bool)0, cutlass::bfloat16_t, Flash_kernel_traits<(int)96, (int)128, (int)64, (int)4, cutlass::bfloat16_t>>, (bool)0, (bool)0, (bool)0, (bool)0, (bool)0, (bool)0, (bool)0, (bool)0>(pytorch_flash::Flash_fwd_params)",vlm.vision.camera2,vlm,20,fp32_simt,35872.00000000001,l2,5492224.0,,5079040.0,0.9247692737950964,0.1415878679750223,ok,
692,2728813,0,1,7,nvjet_sm110_tst_128x128_64x6_1x2_h_bz_bias_TNT,"(18, 1, 1)","(256, 1, 1)","Vision: attention Q/K/V/O projections | nvjet_sm110_tst_128x128_64x6_1x2_h_bz_bias_TNT | grid=(18, 1, 1) block=(256, 1, 1)",vlm.vision.camera2/nvjet_sm110_tst_128x128_64x6_1x2_h_bz_bias_TNT,vlm.vision.camera2,vlm,24,bf16_tensor,30176.0,l2,7998336.0,,679477248.0,84.95232608382544,22.51714103923648,ok,
692,2728813,0,1,7,nvjet_sm110_tst_128x128_64x6_1x2_h_bz_bias_TNT,"(18, 1, 1)","(256, 1, 1)","Vision: attention Q/K/V/O projections | nvjet_sm110_tst_128x128_64x6_1x2_h_bz_bias_TNT | grid=(18, 1, 1) block=(256, 1, 1)",vlm.vision.camera2/nvjet_sm110_tst_128x128_64x6_1x2_h_bz_bias_TNT,vlm.vision.camera2,vlm,24,fp32_simt,30176.0,l2,7998336.0,,884736.0,0.1106150079216477,0.02931919406150583,ok,
693,2728813,0,1,7,triton_red_fused_add_native_layer_norm_view_9,"(256, 1, 1)","(512, 1, 1)","Vision: residual/LayerNorm fusion 9 | triton_red_fused_add_native_layer_norm_view_9 | grid=(256, 1, 1) block=(512, 1, 1)",vlm.vision.camera2/triton_red_fused_add_native_layer_norm_view_9,vlm.vision.camera2,vlm,37,bf16_tensor,32000.000000000004,l2,4277504.0,,0.0,,,zero_counted_flops,
693,2728813,0,1,7,triton_red_fused_add_native_layer_norm_view_9,"(256, 1, 1)","(512, 1, 1)","Vision: residual/LayerNorm fusion 9 | triton_red_fused_add_native_layer_norm_view_9 | grid=(256, 1, 1) block=(512, 1, 1)",vlm.vision.camera2/triton_red_fused_add_native_layer_norm_view_9,vlm.vision.camera2,vlm,37,fp32_simt,32000.000000000004,l2,4277504.0,,21910080.0,5.122164701657789,0.6846899999999999,ok,
694,2728813,0,1,7,nvjet_sm110_tst_224x128_64x7_1x2_2cta_h_bz_bias_TNN,"(40, 1, 1)","(256, 1, 1)","Vision: FFN expansion + bias | nvjet_sm110_tst_224x128_64x7_1x2_2cta_h_bz_bias_TNN | grid=(40, 1, 1) block=(256, 1, 1)",vlm.vision.camera2/nvjet_sm110_tst_224x128_64x7_1x2_2cta_h_bz_bias_TNN,vlm.vision.camera2,vlm,19,bf16_tensor,57248.00000000001,l2,23224704.0,,2642411520.0,113.77589656255684,46.15727221911682,ok,
694,2728813,0,1,7,nvjet_sm110_tst_224x128_64x7_1x2_2cta_h_bz_bias_TNN,"(40, 1, 1)","(256, 1, 1)","Vision: FFN expansion + bias | nvjet_sm110_tst_224x128_64x7_1x2_2cta_h_bz_bias_TNN | grid=(40, 1, 1) block=(256, 1, 1)",vlm.vision.camera2/nvjet_sm110_tst_224x128_64x7_1x2_2cta_h_bz_bias_TNN,vlm.vision.camera2,vlm,19,fp32_simt,57248.00000000001,l2,23224704.0,,3440640.0,0.14814569864916255,0.06010061486864169,ok,
695,2728813,0,1,7,triton_poi_fused_gelu_view_5,"(2152, 1, 1)","(128, 1, 1)","Vision: FFN GELU | triton_poi_fused_gelu_view_5 | grid=(2152, 1, 1) block=(128, 1, 1)",vlm.vision.camera2/triton_poi_fused_gelu_view_5,vlm.vision.camera2,vlm,17,bf16_tensor,24256.000000000004,l2,4461120.0,,0.0,,,zero_counted_flops,
695,2728813,0,1,7,triton_poi_fused_gelu_view_5,"(2152, 1, 1)","(128, 1, 1)","Vision: FFN GELU | triton_poi_fused_gelu_view_5 | grid=(2152, 1, 1) block=(128, 1, 1)",vlm.vision.camera2/triton_poi_fused_gelu_view_5,vlm.vision.camera2,vlm,17,fp32_simt,24256.000000000004,l2,4461120.0,,15187757.0,3.4044717470052364,0.6261443354221635,ok,
696,2728813,0,1,7,nvjet_sm110_tst_144x128_64x6_4x1_v_bz_bias_TNN,"(16, 1, 1)","(256, 1, 1)","Vision: FFN contraction + bias | nvjet_sm110_tst_144x128_64x6_4x1_v_bz_bias_TNN | grid=(16, 1, 1) block=(256, 1, 1)",vlm.vision.camera2/nvjet_sm110_tst_144x128_64x6_4x1_v_bz_bias_TNN,vlm.vision.camera2,vlm,18,bf16_tensor,79296.00000000001,l2,24616320.0,,2566914048.0,104.27692067701427,32.37129297820823,ok,
696,2728813,0,1,7,nvjet_sm110_tst_144x128_64x6_4x1_v_bz_bias_TNN,"(16, 1, 1)","(256, 1, 1)","Vision: FFN contraction + bias | nvjet_sm110_tst_144x128_64x6_4x1_v_bz_bias_TNN | grid=(16, 1, 1) block=(256, 1, 1)",vlm.vision.camera2/nvjet_sm110_tst_144x128_64x6_4x1_v_bz_bias_TNN,vlm.vision.camera2,vlm,18,fp32_simt,79296.00000000001,l2,24616320.0,,884736.0,0.03594103424069885,0.01115738498789346,ok,
697,2728813,0,1,7,triton_red_fused_add_native_layer_norm_view_6,"(128, 1, 1)","(128, 1, 1)","Vision: residual/LayerNorm fusion 6 | triton_red_fused_add_native_layer_norm_view_6 | grid=(128, 1, 1) block=(128, 1, 1)",vlm.vision.camera2/triton_red_fused_add_native_layer_norm_view_6,vlm.vision.camera2,vlm,34,bf16_tensor,21888.0,l2,1930528.0,,0.0,,,zero_counted_flops,
697,2728813,0,1,7,triton_red_fused_add_native_layer_norm_view_6,"(128, 1, 1)","(128, 1, 1)","Vision: residual/LayerNorm fusion 6 | triton_red_fused_add_native_layer_norm_view_6 | grid=(128, 1, 1) block=(128, 1, 1)",vlm.vision.camera2/triton_red_fused_add_native_layer_norm_view_6,vlm.vision.camera2,vlm,34,fp32_simt,21888.0,l2,1930528.0,,5215240.0,2.7014578395133353,0.23826937134502923,ok,
698,2728813,0,1,7,nvjet_sm110_tst_128x128_64x6_1x2_h_bz_bias_TNT,"(18, 1, 1)","(256, 1, 1)","Vision: attention Q/K/V/O projections | nvjet_sm110_tst_128x128_64x6_1x2_h_bz_bias_TNT | grid=(18, 1, 1) block=(256, 1, 1)",vlm.vision.camera2/nvjet_sm110_tst_128x128_64x6_1x2_h_bz_bias_TNT,vlm.vision.camera2,vlm,24,bf16_tensor,28384.0,l2,8002688.0,,679477248.0,84.90612754114618,23.938741826381058,ok,
698,2728813,0,1,7,nvjet_sm110_tst_128x128_64x6_1x2_h_bz_bias_TNT,"(18, 1, 1)","(256, 1, 1)","Vision: attention Q/K/V/O projections | nvjet_sm110_tst_128x128_64x6_1x2_h_bz_bias_TNT | grid=(18, 1, 1) block=(256, 1, 1)",vlm.vision.camera2/nvjet_sm110_tst_128x128_64x6_1x2_h_bz_bias_TNT,vlm.vision.camera2,vlm,24,fp32_simt,28384.0,l2,8002688.0,,884736.0,0.11055485356920075,0.03117023675310034,ok,
699,2728813,0,1,7,nvjet_sm110_tst_128x128_64x6_1x2_h_bz_bias_TNT,"(18, 1, 1)","(256, 1, 1)","Vision: attention Q/K/V/O projections | nvjet_sm110_tst_128x128_64x6_1x2_h_bz_bias_TNT | grid=(18, 1, 1) block=(256, 1, 1)",vlm.vision.camera2/nvjet_sm110_tst_128x128_64x6_1x2_h_bz_bias_TNT,vlm.vision.camera2,vlm,24,bf16_tensor,26176.0,l2,8010272.0,,679477248.0,84.82573975016079,25.95802444987775,ok,
699,2728813,0,1,7,nvjet_sm110_tst_128x128_64x6_1x2_h_bz_bias_TNT,"(18, 1, 1)","(256, 1, 1)","Vision: attention Q/K/V/O projections | nvjet_sm110_tst_128x128_64x6_1x2_h_bz_bias_TNT | grid=(18, 1, 1) block=(256, 1, 1)",vlm.vision.camera2/nvjet_sm110_tst_128x128_64x6_1x2_h_bz_bias_TNT,vlm.vision.camera2,vlm,24,fp32_simt,26176.0,l2,8010272.0,,884736.0,0.1104501819663552,0.033799511002444986,ok,
700,2728813,0,1,7,nvjet_sm110_tst_128x128_64x6_1x2_h_bz_bias_TNT,"(18, 1, 1)","(256, 1, 1)","Vision: attention Q/K/V/O projections | nvjet_sm110_tst_128x128_64x6_1x2_h_bz_bias_TNT | grid=(18, 1, 1) block=(256, 1, 1)",vlm.vision.camera2/nvjet_sm110_tst_128x128_64x6_1x2_h_bz_bias_TNT,vlm.vision.camera2,vlm,24,bf16_tensor,30784.000000000004,l2,8003008.0,,679477248.0,84.90273257255272,22.0724158004158,ok,
700,2728813,0,1,7,nvjet_sm110_tst_128x128_64x6_1x2_h_bz_bias_TNT,"(18, 1, 1)","(256, 1, 1)","Vision: attention Q/K/V/O projections | nvjet_sm110_tst_128x128_64x6_1x2_h_bz_bias_TNT | grid=(18, 1, 1) block=(256, 1, 1)",vlm.vision.camera2/nvjet_sm110_tst_128x128_64x6_1x2_h_bz_bias_TNT,vlm.vision.camera2,vlm,24,fp32_simt,30784.000000000004,l2,8003008.0,,884736.0,0.11055043303717801,0.028740124740124738,ok,
701,2728813,0,1,7,"void pytorch_flash::flash_fwd_kernel<Flash_fwd_kernel_traits<96, 128, 64, 4, 0, 0, cutlass::bfloat16_t, Flash_kernel_traits<96, 128, 64, 4, cutlass::bfloat16_t>>, 0, 0, 0, 0, 0, 0, 0, 0>(pytorch_flash::Flash_fwd_params)","(2, 1, 16)","(128, 1, 1)","Vision: FlashAttention | void pytorch_flash::flash_fwd_kernel<Flash_fwd_kernel_traits<96, 128, 64, 4, 0, 0, cutlass::bfloat16_t, Flash_kernel_traits<96, 128, 64, 4, cutlass::bfloat16_t>>, 0, 0, 0, 0, 0, 0, 0, 0>(pytorch_flash::Flash_fwd_params) | grid=(2, 1, 16) block=(128, 1, 1)","vlm.vision.camera2/void pytorch_flash::flash_fwd_kernel<Flash_fwd_kernel_traits<(int)96, (int)128, (int)64, (int)4, (bool)0, (bool)0, cutlass::bfloat16_t, Flash_kernel_traits<(int)96, (int)128, (int)64, (int)4, cutlass::bfloat16_t>>, (bool)0, (bool)0, (bool)0, (bool)0, (bool)0, (bool)0, (bool)0, (bool)0>(pytorch_flash::Flash_fwd_params)",vlm.vision.camera2,vlm,20,bf16_tensor,30208.000000000004,l2,5477568.0,,402653184.0,73.50948158014651,13.329355932203388,ok,
701,2728813,0,1,7,"void pytorch_flash::flash_fwd_kernel<Flash_fwd_kernel_traits<96, 128, 64, 4, 0, 0, cutlass::bfloat16_t, Flash_kernel_traits<96, 128, 64, 4, cutlass::bfloat16_t>>, 0, 0, 0, 0, 0, 0, 0, 0>(pytorch_flash::Flash_fwd_params)","(2, 1, 16)","(128, 1, 1)","Vision: FlashAttention | void pytorch_flash::flash_fwd_kernel<Flash_fwd_kernel_traits<96, 128, 64, 4, 0, 0, cutlass::bfloat16_t, Flash_kernel_traits<96, 128, 64, 4, cutlass::bfloat16_t>>, 0, 0, 0, 0, 0, 0, 0, 0>(pytorch_flash::Flash_fwd_params) | grid=(2, 1, 16) block=(128, 1, 1)","vlm.vision.camera2/void pytorch_flash::flash_fwd_kernel<Flash_fwd_kernel_traits<(int)96, (int)128, (int)64, (int)4, (bool)0, (bool)0, cutlass::bfloat16_t, Flash_kernel_traits<(int)96, (int)128, (int)64, (int)4, cutlass::bfloat16_t>>, (bool)0, (bool)0, (bool)0, (bool)0, (bool)0, (bool)0, (bool)0, (bool)0>(pytorch_flash::Flash_fwd_params)",vlm.vision.camera2,vlm,20,fp32_simt,30208.000000000004,l2,5477568.0,,5079040.0,0.9272436234474862,0.16813559322033897,ok,
702,2728813,0,1,7,nvjet_sm110_tst_128x128_64x6_1x2_h_bz_bias_TNT,"(18, 1, 1)","(256, 1, 1)","Vision: attention Q/K/V/O projections | nvjet_sm110_tst_128x128_64x6_1x2_h_bz_bias_TNT | grid=(18, 1, 1) block=(256, 1, 1)",vlm.vision.camera2/nvjet_sm110_tst_128x128_64x6_1x2_h_bz_bias_TNT,vlm.vision.camera2,vlm,24,bf16_tensor,27872.0,l2,8000960.0,,679477248.0,84.92446506419229,24.378489092996556,ok,
702,2728813,0,1,7,nvjet_sm110_tst_128x128_64x6_1x2_h_bz_bias_TNT,"(18, 1, 1)","(256, 1, 1)","Vision: attention Q/K/V/O projections | nvjet_sm110_tst_128x128_64x6_1x2_h_bz_bias_TNT | grid=(18, 1, 1) block=(256, 1, 1)",vlm.vision.camera2/nvjet_sm110_tst_128x128_64x6_1x2_h_bz_bias_TNT,vlm.vision.camera2,vlm,24,fp32_simt,27872.0,l2,8000960.0,,884736.0,0.11057873055233372,0.031742824339839264,ok,
703,2728813,0,1,7,triton_red_fused_add_native_layer_norm_view_7,"(256, 1, 1)","(64, 1, 1)","Vision: residual/LayerNorm fusion 7 | triton_red_fused_add_native_layer_norm_view_7 | grid=(256, 1, 1) block=(64, 1, 1)",vlm.vision.camera2/triton_red_fused_add_native_layer_norm_view_7,vlm.vision.camera2,vlm,35,bf16_tensor,26080.0,l2,2541760.0,,0.0,,,zero_counted_flops,
703,2728813,0,1,7,triton_red_fused_add_native_layer_norm_view_7,"(256, 1, 1)","(64, 1, 1)","Vision: residual/LayerNorm fusion 7 | triton_red_fused_add_native_layer_norm_view_7 | grid=(256, 1, 1) block=(64, 1, 1)",vlm.vision.camera2/triton_red_fused_add_native_layer_norm_view_7,vlm.vision.camera2,vlm,35,fp32_simt,26080.0,l2,2541760.0,,5392320.0,2.12149062067229,0.206760736196319,ok,
704,2728813,0,1,7,nvjet_sm110_tst_224x128_64x7_1x2_2cta_h_bz_bias_TNN,"(40, 1, 1)","(256, 1, 1)","Vision: FFN expansion + bias | nvjet_sm110_tst_224x128_64x7_1x2_2cta_h_bz_bias_TNN | grid=(40, 1, 1) block=(256, 1, 1)",vlm.vision.camera2/nvjet_sm110_tst_224x128_64x7_1x2_2cta_h_bz_bias_TNN,vlm.vision.camera2,vlm,19,bf16_tensor,58272.0,l2,23260768.0,,2642411520.0,113.59949594097667,45.346161449752884,ok,
704,2728813,0,1,7,nvjet_sm110_tst_224x128_64x7_1x2_2cta_h_bz_bias_TNN,"(40, 1, 1)","(256, 1, 1)","Vision: FFN expansion + bias | nvjet_sm110_tst_224x128_64x7_1x2_2cta_h_bz_bias_TNN | grid=(40, 1, 1) block=(256, 1, 1)",vlm.vision.camera2/nvjet_sm110_tst_224x128_64x7_1x2_2cta_h_bz_bias_TNN,vlm.vision.camera2,vlm,19,fp32_simt,58272.0,l2,23260768.0,,3440640.0,0.14791601033981336,0.05904448105436573,ok,
705,2728813,0,1,7,triton_poi_fused_gelu_view_5,"(2152, 1, 1)","(128, 1, 1)","Vision: FFN GELU | triton_poi_fused_gelu_view_5 | grid=(2152, 1, 1) block=(128, 1, 1)",vlm.vision.camera2/triton_poi_fused_gelu_view_5,vlm.vision.camera2,vlm,17,bf16_tensor,31232.000000000004,l2,4461152.0,,0.0,,,zero_counted_flops,
705,2728813,0,1,7,triton_poi_fused_gelu_view_5,"(2152, 1, 1)","(128, 1, 1)","Vision: FFN GELU | triton_poi_fused_gelu_view_5 | grid=(2152, 1, 1) block=(128, 1, 1)",vlm.vision.camera2/triton_poi_fused_gelu_view_5,vlm.vision.camera2,vlm,17,fp32_simt,31232.000000000004,l2,4461152.0,,15143587.0,3.3945462965619644,0.48487407146516387,ok,
706,2728813,0,1,7,nvjet_sm110_tst_144x128_64x6_4x1_v_bz_bias_TNN,"(16, 1, 1)","(256, 1, 1)","Vision: FFN contraction + bias | nvjet_sm110_tst_144x128_64x6_4x1_v_bz_bias_TNN | grid=(16, 1, 1) block=(256, 1, 1)",vlm.vision.camera2/nvjet_sm110_tst_144x128_64x6_4x1_v_bz_bias_TNN,vlm.vision.camera2,vlm,18,bf16_tensor,64768.0,l2,24622720.0,,2566914048.0,104.24981675460712,39.63244268774704,ok,
706,2728813,0,1,7,nvjet_sm110_tst_144x128_64x6_4x1_v_bz_bias_TNN,"(16, 1, 1)","(256, 1, 1)","Vision: FFN contraction + bias | nvjet_sm110_tst_144x128_64x6_4x1_v_bz_bias_TNN | grid=(16, 1, 1) block=(256, 1, 1)",vlm.vision.camera2/nvjet_sm110_tst_144x128_64x6_4x1_v_bz_bias_TNN,vlm.vision.camera2,vlm,18,fp32_simt,64768.0,l2,24622720.0,,884736.0,0.03593169235567801,0.0136600790513834,ok,
707,2728813,0,1,7,triton_red_fused_add_native_layer_norm_view_8,"(256, 1, 1)","(64, 1, 1)","Vision: residual/LayerNorm fusion 8 | triton_red_fused_add_native_layer_norm_view_8 | grid=(256, 1, 1) block=(64, 1, 1)",vlm.vision.camera2/triton_red_fused_add_native_layer_norm_view_8,vlm.vision.camera2,vlm,36,bf16_tensor,26144.000000000004,l2,3171200.0,,0.0,,,zero_counted_flops,
707,2728813,0,1,7,triton_red_fused_add_native_layer_norm_view_8,"(256, 1, 1)","(64, 1, 1)","Vision: residual/LayerNorm fusion 8 | triton_red_fused_add_native_layer_norm_view_8 | grid=(256, 1, 1) block=(64, 1, 1)",vlm.vision.camera2/triton_red_fused_add_native_layer_norm_view_8,vlm.vision.camera2,vlm,36,fp32_simt,26144.000000000004,l2,3171200.0,,6619136.0,2.0872653884964683,0.2531799265605875,ok,
708,2728813,0,1,7,nvjet_sm110_tst_128x128_64x6_1x2_h_bz_bias_TNT,"(18, 1, 1)","(256, 1, 1)","Vision: attention Q/K/V/O projections | nvjet_sm110_tst_128x128_64x6_1x2_h_bz_bias_TNT | grid=(18, 1, 1) block=(256, 1, 1)",vlm.vision.camera2/nvjet_sm110_tst_128x128_64x6_1x2_h_bz_bias_TNT,vlm.vision.camera2,vlm,24,bf16_tensor,29216.000000000004,l2,8001248.0,,679477248.0,84.9214082603114,23.257025191675794,ok,
708,2728813,0,1,7,nvjet_sm110_tst_128x128_64x6_1x2_h_bz_bias_TNT,"(18, 1, 1)","(256, 1, 1)","Vision: attention Q/K/V/O projections | nvjet_sm110_tst_128x128_64x6_1x2_h_bz_bias_TNT | grid=(18, 1, 1) block=(256, 1, 1)",vlm.vision.camera2/nvjet_sm110_tst_128x128_64x6_1x2_h_bz_bias_TNT,vlm.vision.camera2,vlm,24,fp32_simt,29216.000000000004,l2,8001248.0,,884736.0,0.11057475033894712,0.030282584884994523,ok,
709,2728813,0,1,7,nvjet_sm110_tst_128x128_64x6_1x2_h_bz_bias_TNT,"(18, 1, 1)","(256, 1, 1)","Vision: attention Q/K/V/O projections | nvjet_sm110_tst_128x128_64x6_1x2_h_bz_bias_TNT | grid=(18, 1, 1) block=(256, 1, 1)",vlm.vision.camera2/nvjet_sm110_tst_128x128_64x6_1x2_h_bz_bias_TNT,vlm.vision.camera2,vlm,24,bf16_tensor,29088.000000000004,l2,8004032.0,,679477248.0,84.89187049726938,23.35936633663366,ok,
709,2728813,0,1,7,nvjet_sm110_tst_128x128_64x6_1x2_h_bz_bias_TNT,"(18, 1, 1)","(256, 1, 1)","Vision: attention Q/K/V/O projections | nvjet_sm110_tst_128x128_64x6_1x2_h_bz_bias_TNT | grid=(18, 1, 1) block=(256, 1, 1)",vlm.vision.camera2/nvjet_sm110_tst_128x128_64x6_1x2_h_bz_bias_TNT,vlm.vision.camera2,vlm,24,fp32_simt,29088.000000000004,l2,8004032.0,,884736.0,0.11053628970998616,0.03041584158415841,ok,
710,2728813,0,1,7,nvjet_sm110_tst_128x128_64x6_1x2_h_bz_bias_TNT,"(18, 1, 1)","(256, 1, 1)","Vision: attention Q/K/V/O projections | nvjet_sm110_tst_128x128_64x6_1x2_h_bz_bias_TNT | grid=(18, 1, 1) block=(256, 1, 1)",vlm.vision.camera2/nvjet_sm110_tst_128x128_64x6_1x2_h_bz_bias_TNT,vlm.vision.camera2,vlm,24,bf16_tensor,28448.000000000004,l2,8003200.0,,679477248.0,84.90069572171132,23.88488638920135,ok,
710,2728813,0,1,7,nvjet_sm110_tst_128x128_64x6_1x2_h_bz_bias_TNT,"(18, 1, 1)","(256, 1, 1)","Vision: attention Q/K/V/O projections | nvjet_sm110_tst_128x128_64x6_1x2_h_bz_bias_TNT | grid=(18, 1, 1) block=(256, 1, 1)",vlm.vision.camera2/nvjet_sm110_tst_128x128_64x6_1x2_h_bz_bias_TNT,vlm.vision.camera2,vlm,24,fp32_simt,28448.000000000004,l2,8003200.0,,884736.0,0.11054778088764494,0.031100112485939253,ok,
711,2728813,0,1,7,"void pytorch_flash::flash_fwd_kernel<Flash_fwd_kernel_traits<96, 128, 64, 4, 0, 0, cutlass::bfloat16_t, Flash_kernel_traits<96, 128, 64, 4, cutlass::bfloat16_t>>, 0, 0, 0, 0, 0, 0, 0, 0>(pytorch_flash::Flash_fwd_params)","(2, 1, 16)","(128, 1, 1)","Vision: FlashAttention | void pytorch_flash::flash_fwd_kernel<Flash_fwd_kernel_traits<96, 128, 64, 4, 0, 0, cutlass::bfloat16_t, Flash_kernel_traits<96, 128, 64, 4, cutlass::bfloat16_t>>, 0, 0, 0, 0, 0, 0, 0, 0>(pytorch_flash::Flash_fwd_params) | grid=(2, 1, 16) block=(128, 1, 1)","vlm.vision.camera2/void pytorch_flash::flash_fwd_kernel<Flash_fwd_kernel_traits<(int)96, (int)128, (int)64, (int)4, (bool)0, (bool)0, cutlass::bfloat16_t, Flash_kernel_traits<(int)96, (int)128, (int)64, (int)4, cutlass::bfloat16_t>>, (bool)0, (bool)0, (bool)0, (bool)0, (bool)0, (bool)0, (bool)0, (bool)0>(pytorch_flash::Flash_fwd_params)",vlm.vision.camera2,vlm,20,bf16_tensor,33088.0,l2,5487424.0,,402653184.0,73.37745069453354,12.169160541586074,ok,
711,2728813,0,1,7,"void pytorch_flash::flash_fwd_kernel<Flash_fwd_kernel_traits<96, 128, 64, 4, 0, 0, cutlass::bfloat16_t, Flash_kernel_traits<96, 128, 64, 4, cutlass::bfloat16_t>>, 0, 0, 0, 0, 0, 0, 0, 0>(pytorch_flash::Flash_fwd_params)","(2, 1, 16)","(128, 1, 1)","Vision: FlashAttention | void pytorch_flash::flash_fwd_kernel<Flash_fwd_kernel_traits<96, 128, 64, 4, 0, 0, cutlass::bfloat16_t, Flash_kernel_traits<96, 128, 64, 4, cutlass::bfloat16_t>>, 0, 0, 0, 0, 0, 0, 0, 0>(pytorch_flash::Flash_fwd_params) | grid=(2, 1, 16) block=(128, 1, 1)","vlm.vision.camera2/void pytorch_flash::flash_fwd_kernel<Flash_fwd_kernel_traits<(int)96, (int)128, (int)64, (int)4, (bool)0, (bool)0, cutlass::bfloat16_t, Flash_kernel_traits<(int)96, (int)128, (int)64, (int)4, cutlass::bfloat16_t>>, (bool)0, (bool)0, (bool)0, (bool)0, (bool)0, (bool)0, (bool)0, (bool)0>(pytorch_flash::Flash_fwd_params)",vlm.vision.camera2,vlm,20,fp32_simt,33088.0,l2,5487424.0,,5079040.0,0.9255781947959553,0.1535009671179884,ok,
712,2728813,0,1,7,nvjet_sm110_tst_128x128_64x6_1x2_h_bz_bias_TNT,"(18, 1, 1)","(256, 1, 1)","Vision: attention Q/K/V/O projections | nvjet_sm110_tst_128x128_64x6_1x2_h_bz_bias_TNT | grid=(18, 1, 1) block=(256, 1, 1)",vlm.vision.camera2/nvjet_sm110_tst_128x128_64x6_1x2_h_bz_bias_TNT,vlm.vision.camera2,vlm,24,bf16_tensor,31552.0,l2,7996320.0,,679477248.0,84.9737439222042,21.53515618661258,ok,
712,2728813,0,1,7,nvjet_sm110_tst_128x128_64x6_1x2_h_bz_bias_TNT,"(18, 1, 1)","(256, 1, 1)","Vision: attention Q/K/V/O projections | nvjet_sm110_tst_128x128_64x6_1x2_h_bz_bias_TNT | grid=(18, 1, 1) block=(256, 1, 1)",vlm.vision.camera2/nvjet_sm110_tst_128x128_64x6_1x2_h_bz_bias_TNT,vlm.vision.camera2,vlm,24,fp32_simt,31552.0,l2,7996320.0,,884736.0,0.11064289573203674,0.028040567951318457,ok,
713,2728813,0,1,7,triton_red_fused_add_native_layer_norm_view_9,"(256, 1, 1)","(512, 1, 1)","Vision: residual/LayerNorm fusion 9 | triton_red_fused_add_native_layer_norm_view_9 | grid=(256, 1, 1) block=(512, 1, 1)",vlm.vision.camera2/triton_red_fused_add_native_layer_norm_view_9,vlm.vision.camera2,vlm,37,bf16_tensor,29952.0,l2,4280288.0,,0.0,,,zero_counted_flops,
713,2728813,0,1,7,triton_red_fused_add_native_layer_norm_view_9,"(256, 1, 1)","(512, 1, 1)","Vision: residual/LayerNorm fusion 9 | triton_red_fused_add_native_layer_norm_view_9 | grid=(256, 1, 1) block=(512, 1, 1)",vlm.vision.camera2/triton_red_fused_add_native_layer_norm_view_9,vlm.vision.camera2,vlm,37,fp32_simt,29952.0,l2,4280288.0,,21902416.0,5.117042591526552,0.7312505341880342,ok,
714,2728813,0,1,7,nvjet_sm110_tst_224x128_64x7_1x2_2cta_h_bz_bias_TNN,"(40, 1, 1)","(256, 1, 1)","Vision: FFN expansion + bias | nvjet_sm110_tst_224x128_64x7_1x2_2cta_h_bz_bias_TNN | grid=(40, 1, 1) block=(256, 1, 1)",vlm.vision.camera2/nvjet_sm110_tst_224x128_64x7_1x2_2cta_h_bz_bias_TNN,vlm.vision.camera2,vlm,19,bf16_tensor,62528.00000000001,l2,23075520.0,,2642411520.0,114.51146149685901,42.25965199590583,ok,
714,2728813,0,1,7,nvjet_sm110_tst_224x128_64x7_1x2_2cta_h_bz_bias_TNN,"(40, 1, 1)","(256, 1, 1)","Vision: FFN expansion + bias | nvjet_sm110_tst_224x128_64x7_1x2_2cta_h_bz_bias_TNN | grid=(40, 1, 1) block=(256, 1, 1)",vlm.vision.camera2/nvjet_sm110_tst_224x128_64x7_1x2_2cta_h_bz_bias_TNN,vlm.vision.camera2,vlm,19,fp32_simt,62528.00000000001,l2,23075520.0,,3440640.0,0.14910346549070183,0.05502558853633572,ok,
715,2728813,0,1,7,triton_poi_fused_gelu_view_5,"(2152, 1, 1)","(128, 1, 1)","Vision: FFN GELU | triton_poi_fused_gelu_view_5 | grid=(2152, 1, 1) block=(128, 1, 1)",vlm.vision.camera2/triton_poi_fused_gelu_view_5,vlm.vision.camera2,vlm,17,bf16_tensor,25536.0,l2,4461888.0,,0.0,,,zero_counted_flops,
715,2728813,0,1,7,triton_poi_fused_gelu_view_5,"(2152, 1, 1)","(128, 1, 1)","Vision: FFN GELU | triton_poi_fused_gelu_view_5 | grid=(2152, 1, 1) block=(128, 1, 1)",vlm.vision.camera2/triton_poi_fused_gelu_view_5,vlm.vision.camera2,vlm,17,fp32_simt,25536.0,l2,4461888.0,,15276342.0,3.423739457377684,0.5982276785714286,ok,
716,2728813,0,1,7,nvjet_sm110_tst_144x128_64x6_4x1_v_bz_bias_TNN,"(16, 1, 1)","(256, 1, 1)","Vision: FFN contraction + bias | nvjet_sm110_tst_144x128_64x6_4x1_v_bz_bias_TNN | grid=(16, 1, 1) block=(256, 1, 1)",vlm.vision.camera2/nvjet_sm110_tst_144x128_64x6_4x1_v_bz_bias_TNN,vlm.vision.camera2,vlm,18,bf16_tensor,84544.00000000001,l2,24623584.0,,2566914048.0,104.24615880450222,30.361871309613925,ok,
716,2728813,0,1,7,nvjet_sm110_tst_144x128_64x6_4x1_v_bz_bias_TNN,"(16, 1, 1)","(256, 1, 1)","Vision: FFN contraction + bias | nvjet_sm110_tst_144x128_64x6_4x1_v_bz_bias_TNN | grid=(16, 1, 1) block=(256, 1, 1)",vlm.vision.camera2/nvjet_sm110_tst_144x128_64x6_4x1_v_bz_bias_TNN,vlm.vision.camera2,vlm,18,fp32_simt,84544.00000000001,l2,24623584.0,,884736.0,0.03593043157324295,0.010464799394398181,ok,
717,2728813,0,1,7,triton_red_fused_add_native_layer_norm_view_6,"(128, 1, 1)","(128, 1, 1)","Vision: residual/LayerNorm fusion 6 | triton_red_fused_add_native_layer_norm_view_6 | grid=(128, 1, 1) block=(128, 1, 1)",vlm.vision.camera2/triton_red_fused_add_native_layer_norm_view_6,vlm.vision.camera2,vlm,34,bf16_tensor,22688.0,l2,1924288.0,,0.0,,,zero_counted_flops,
717,2728813,0,1,7,triton_red_fused_add_native_layer_norm_view_6,"(128, 1, 1)","(128, 1, 1)","Vision: residual/LayerNorm fusion 6 | triton_red_fused_add_native_layer_norm_view_6 | grid=(128, 1, 1) block=(128, 1, 1)",vlm.vision.camera2/triton_red_fused_add_native_layer_norm_view_6,vlm.vision.camera2,vlm,34,fp32_simt,22688.0,l2,1924288.0,,5216632.0,2.710941397545482,0.22992912552891398,ok,
718,2728813,0,1,7,nvjet_sm110_tst_128x128_64x6_1x2_h_bz_bias_TNT,"(18, 1, 1)","(256, 1, 1)","Vision: attention Q/K/V/O projections | nvjet_sm110_tst_128x128_64x6_1x2_h_bz_bias_TNT | grid=(18, 1, 1) block=(256, 1, 1)",vlm.vision.camera2/nvjet_sm110_tst_128x128_64x6_1x2_h_bz_bias_TNT,vlm.vision.camera2,vlm,24,bf16_tensor,26880.0,l2,8040960.0,,679477248.0,84.50200573065902,25.27817142857143,ok,
718,2728813,0,1,7,nvjet_sm110_tst_128x128_64x6_1x2_h_bz_bias_TNT,"(18, 1, 1)","(256, 1, 1)","Vision: attention Q/K/V/O projections | nvjet_sm110_tst_128x128_64x6_1x2_h_bz_bias_TNT | grid=(18, 1, 1) block=(256, 1, 1)",vlm.vision.camera2/nvjet_sm110_tst_128x128_64x6_1x2_h_bz_bias_TNT,vlm.vision.camera2,vlm,24,fp32_simt,26880.0,l2,8040960.0,,884736.0,0.11002865329512894,0.032914285714285715,ok,
719,2728813,0,1,7,nvjet_sm110_tst_128x128_64x6_1x2_h_bz_bias_TNT,"(18, 1, 1)","(256, 1, 1)","Vision: attention Q/K/V/O projections | nvjet_sm110_tst_128x128_64x6_1x2_h_bz_bias_TNT | grid=(18, 1, 1) block=(256, 1, 1)",vlm.vision.camera2/nvjet_sm110_tst_128x128_64x6_1x2_h_bz_bias_TNT,vlm.vision.camera2,vlm,24,bf16_tensor,27232.000000000004,l2,8001344.0,,679477248.0,84.92038937458507,24.951426556991773,ok,
719,2728813,0,1,7,nvjet_sm110_tst_128x128_64x6_1x2_h_bz_bias_TNT,"(18, 1, 1)","(256, 1, 1)","Vision: attention Q/K/V/O projections | nvjet_sm110_tst_128x128_64x6_1x2_h_bz_bias_TNT | grid=(18, 1, 1) block=(256, 1, 1)",vlm.vision.camera2/nvjet_sm110_tst_128x128_64x6_1x2_h_bz_bias_TNT,vlm.vision.camera2,vlm,24,fp32_simt,27232.000000000004,l2,8001344.0,,884736.0,0.11057342366482431,0.0324888366627497,ok,
720,2728813,0,1,7,nvjet_sm110_tst_128x128_64x6_1x2_h_bz_bias_TNT,"(18, 1, 1)","(256, 1, 1)","Vision: attention Q/K/V/O projections | nvjet_sm110_tst_128x128_64x6_1x2_h_bz_bias_TNT | grid=(18, 1, 1) block=(256, 1, 1)",vlm.vision.camera2/nvjet_sm110_tst_128x128_64x6_1x2_h_bz_bias_TNT,vlm.vision.camera2,vlm,24,bf16_tensor,28320.000000000004,l2,8002176.0,,679477248.0,84.91156005566486,23.992840677966097,ok,
720,2728813,0,1,7,nvjet_sm110_tst_128x128_64x6_1x2_h_bz_bias_TNT,"(18, 1, 1)","(256, 1, 1)","Vision: attention Q/K/V/O projections | nvjet_sm110_tst_128x128_64x6_1x2_h_bz_bias_TNT | grid=(18, 1, 1) block=(256, 1, 1)",vlm.vision.camera2/nvjet_sm110_tst_128x128_64x6_1x2_h_bz_bias_TNT,vlm.vision.camera2,vlm,24,fp32_simt,28320.000000000004,l2,8002176.0,,884736.0,0.11056192715581362,0.031240677966101693,ok,
721,2728813,0,1,7,"void pytorch_flash::flash_fwd_kernel<Flash_fwd_kernel_traits<96, 128, 64, 4, 0, 0, cutlass::bfloat16_t, Flash_kernel_traits<96, 128, 64, 4, cutlass::bfloat16_t>>, 0, 0, 0, 0, 0, 0, 0, 0>(pytorch_flash::Flash_fwd_params)","(2, 1, 16)","(128, 1, 1)","Vision: FlashAttention | void pytorch_flash::flash_fwd_kernel<Flash_fwd_kernel_traits<96, 128, 64, 4, 0, 0, cutlass::bfloat16_t, Flash_kernel_traits<96, 128, 64, 4, cutlass::bfloat16_t>>, 0, 0, 0, 0, 0, 0, 0, 0>(pytorch_flash::Flash_fwd_params) | grid=(2, 1, 16) block=(128, 1, 1)","vlm.vision.camera2/void pytorch_flash::flash_fwd_kernel<Flash_fwd_kernel_traits<(int)96, (int)128, (int)64, (int)4, (bool)0, (bool)0, cutlass::bfloat16_t, Flash_kernel_traits<(int)96, (int)128, (int)64, (int)4, cutlass::bfloat16_t>>, (bool)0, (bool)0, (bool)0, (bool)0, (bool)0, (bool)0, (bool)0, (bool)0>(pytorch_flash::Flash_fwd_params)",vlm.vision.camera2,vlm,20,bf16_tensor,32032.0,l2,5481888.0,,402653184.0,73.45155245783934,12.570341658341658,ok,
721,2728813,0,1,7,"void pytorch_flash::flash_fwd_kernel<Flash_fwd_kernel_traits<96, 128, 64, 4, 0, 0, cutlass::bfloat16_t, Flash_kernel_traits<96, 128, 64, 4, cutlass::bfloat16_t>>, 0, 0, 0, 0, 0, 0, 0, 0>(pytorch_flash::Flash_fwd_params)","(2, 1, 16)","(128, 1, 1)","Vision: FlashAttention | void pytorch_flash::flash_fwd_kernel<Flash_fwd_kernel_traits<96, 128, 64, 4, 0, 0, cutlass::bfloat16_t, Flash_kernel_traits<96, 128, 64, 4, cutlass::bfloat16_t>>, 0, 0, 0, 0, 0, 0, 0, 0>(pytorch_flash::Flash_fwd_params) | grid=(2, 1, 16) block=(128, 1, 1)","vlm.vision.camera2/void pytorch_flash::flash_fwd_kernel<Flash_fwd_kernel_traits<(int)96, (int)128, (int)64, (int)4, (bool)0, (bool)0, cutlass::bfloat16_t, Flash_kernel_traits<(int)96, (int)128, (int)64, (int)4, cutlass::bfloat16_t>>, (bool)0, (bool)0, (bool)0, (bool)0, (bool)0, (bool)0, (bool)0, (bool)0>(pytorch_flash::Flash_fwd_params)",vlm.vision.camera2,vlm,20,fp32_simt,32032.0,l2,5481888.0,,5079040.0,0.9265129094209879,0.15856143856143856,ok,
722,2728813,0,1,7,nvjet_sm110_tst_128x128_64x6_1x2_h_bz_bias_TNT,"(18, 1, 1)","(256, 1, 1)","Vision: attention Q/K/V/O projections | nvjet_sm110_tst_128x128_64x6_1x2_h_bz_bias_TNT | grid=(18, 1, 1) block=(256, 1, 1)",vlm.vision.camera2/nvjet_sm110_tst_128x128_64x6_1x2_h_bz_bias_TNT,vlm.vision.camera2,vlm,24,bf16_tensor,27040.000000000004,l2,8003264.0,,679477248.0,84.9000167931484,25.12859644970414,ok,
722,2728813,0,1,7,nvjet_sm110_tst_128x128_64x6_1x2_h_bz_bias_TNT,"(18, 1, 1)","(256, 1, 1)","Vision: attention Q/K/V/O projections | nvjet_sm110_tst_128x128_64x6_1x2_h_bz_bias_TNT | grid=(18, 1, 1) block=(256, 1, 1)",vlm.vision.camera2/nvjet_sm110_tst_128x128_64x6_1x2_h_bz_bias_TNT,vlm.vision.camera2,vlm,24,fp32_simt,27040.000000000004,l2,8003264.0,,884736.0,0.11054689686607864,0.032719526627218935,ok,
723,2728813,0,1,7,triton_red_fused_add_native_layer_norm_view_7,"(256, 1, 1)","(64, 1, 1)","Vision: residual/LayerNorm fusion 7 | triton_red_fused_add_native_layer_norm_view_7 | grid=(256, 1, 1) block=(64, 1, 1)",vlm.vision.camera2/triton_red_fused_add_native_layer_norm_view_7,vlm.vision.camera2,vlm,35,bf16_tensor,26432.0,l2,2559904.0,,0.0,,,zero_counted_flops,
723,2728813,0,1,7,triton_red_fused_add_native_layer_norm_view_7,"(256, 1, 1)","(64, 1, 1)","Vision: residual/LayerNorm fusion 7 | triton_red_fused_add_native_layer_norm_view_7 | grid=(256, 1, 1) block=(64, 1, 1)",vlm.vision.camera2/triton_red_fused_add_native_layer_norm_view_7,vlm.vision.camera2,vlm,35,fp32_simt,26432.0,l2,2559904.0,,5391824.0,2.1062602347588033,0.20398849878934625,ok,
724,2728813,0,1,7,nvjet_sm110_tst_224x128_64x7_1x2_2cta_h_bz_bias_TNN,"(40, 1, 1)","(256, 1, 1)","Vision: FFN expansion + bias | nvjet_sm110_tst_224x128_64x7_1x2_2cta_h_bz_bias_TNN | grid=(40, 1, 1) block=(256, 1, 1)",vlm.vision.camera2/nvjet_sm110_tst_224x128_64x7_1x2_2cta_h_bz_bias_TNN,vlm.vision.camera2,vlm,19,bf16_tensor,57696.00000000001,l2,23369760.0,,2642411520.0,113.06969006100191,45.79886855241264,ok,
724,2728813,0,1,7,nvjet_sm110_tst_224x128_64x7_1x2_2cta_h_bz_bias_TNN,"(40, 1, 1)","(256, 1, 1)","Vision: FFN expansion + bias | nvjet_sm110_tst_224x128_64x7_1x2_2cta_h_bz_bias_TNN | grid=(40, 1, 1) block=(256, 1, 1)",vlm.vision.camera2/nvjet_sm110_tst_224x128_64x7_1x2_2cta_h_bz_bias_TNN,vlm.vision.camera2,vlm,19,fp32_simt,57696.00000000001,l2,23369760.0,,3440640.0,0.14722615893359622,0.05963394342762063,ok,
725,2728813,0,1,7,triton_poi_fused_gelu_view_5,"(2152, 1, 1)","(128, 1, 1)","Vision: FFN GELU | triton_poi_fused_gelu_view_5 | grid=(2152, 1, 1) block=(128, 1, 1)",vlm.vision.camera2/triton_poi_fused_gelu_view_5,vlm.vision.camera2,vlm,17,bf16_tensor,24768.0,l2,4461312.0,,0.0,,,zero_counted_flops,
725,2728813,0,1,7,triton_poi_fused_gelu_view_5,"(2152, 1, 1)","(128, 1, 1)","Vision: FFN GELU | triton_poi_fused_gelu_view_5 | grid=(2152, 1, 1) block=(128, 1, 1)",vlm.vision.camera2/triton_poi_fused_gelu_view_5,vlm.vision.camera2,vlm,17,fp32_simt,24768.0,l2,4461312.0,,15087895.0,3.3819412316376884,0.6091688872739017,ok,
726,2728813,0,1,7,nvjet_sm110_tst_144x128_64x6_4x1_v_bz_bias_TNN,"(16, 1, 1)","(256, 1, 1)","Vision: FFN contraction + bias | nvjet_sm110_tst_144x128_64x6_4x1_v_bz_bias_TNN | grid=(16, 1, 1) block=(256, 1, 1)",vlm.vision.camera2/nvjet_sm110_tst_144x128_64x6_4x1_v_bz_bias_TNN,vlm.vision.camera2,vlm,18,bf16_tensor,67008.0,l2,24617664.0,,2566914048.0,104.27122768431643,38.30757593123209,ok,
726,2728813,0,1,7,nvjet_sm110_tst_144x128_64x6_4x1_v_bz_bias_TNN,"(16, 1, 1)","(256, 1, 1)","Vision: FFN contraction + bias | nvjet_sm110_tst_144x128_64x6_4x1_v_bz_bias_TNN | grid=(16, 1, 1) block=(256, 1, 1)",vlm.vision.camera2/nvjet_sm110_tst_144x128_64x6_4x1_v_bz_bias_TNN,vlm.vision.camera2,vlm,18,fp32_simt,67008.0,l2,24617664.0,,884736.0,0.035939072041928914,0.013203438395415473,ok,
727,2728813,0,1,7,triton_red_fused_add_native_layer_norm_view_8,"(256, 1, 1)","(64, 1, 1)","Vision: residual/LayerNorm fusion 8 | triton_red_fused_add_native_layer_norm_view_8 | grid=(256, 1, 1) block=(64, 1, 1)",vlm.vision.camera2/triton_red_fused_add_native_layer_norm_view_8,vlm.vision.camera2,vlm,36,bf16_tensor,26240.000000000004,l2,3200160.0,,0.0,,,zero_counted_flops,
727,2728813,0,1,7,triton_red_fused_add_native_layer_norm_view_8,"(256, 1, 1)","(64, 1, 1)","Vision: residual/LayerNorm fusion 8 | triton_red_fused_add_native_layer_norm_view_8 | grid=(256, 1, 1) block=(64, 1, 1)",vlm.vision.camera2/triton_red_fused_add_native_layer_norm_view_8,vlm.vision.camera2,vlm,36,fp32_simt,26240.000000000004,l2,3200160.0,,6619136.0,2.0683765811709414,0.2522536585365853,ok,
728,2728813,0,1,7,nvjet_sm110_tst_128x128_64x6_1x2_h_bz_bias_TNT,"(18, 1, 1)","(256, 1, 1)","Vision: attention Q/K/V/O projections | nvjet_sm110_tst_128x128_64x6_1x2_h_bz_bias_TNT | grid=(18, 1, 1) block=(256, 1, 1)",vlm.vision.camera2/nvjet_sm110_tst_128x128_64x6_1x2_h_bz_bias_TNT,vlm.vision.camera2,vlm,24,bf16_tensor,27904.000000000004,l2,8001856.0,,679477248.0,84.91495573027058,24.35053211009174,ok,
728,2728813,0,1,7,nvjet_sm110_tst_128x128_64x6_1x2_h_bz_bias_TNT,"(18, 1, 1)","(256, 1, 1)","Vision: attention Q/K/V/O projections | nvjet_sm110_tst_128x128_64x6_1x2_h_bz_bias_TNT | grid=(18, 1, 1) block=(256, 1, 1)",vlm.vision.camera2/nvjet_sm110_tst_128x128_64x6_1x2_h_bz_bias_TNT,vlm.vision.camera2,vlm,24,fp32_simt,27904.000000000004,l2,8001856.0,,884736.0,0.11056634860712315,0.03170642201834862,ok,
729,2728813,0,1,7,nvjet_sm110_tst_128x128_64x6_1x2_h_bz_bias_TNT,"(18, 1, 1)","(256, 1, 1)","Vision: attention Q/K/V/O projections | nvjet_sm110_tst_128x128_64x6_1x2_h_bz_bias_TNT | grid=(18, 1, 1) block=(256, 1, 1)",vlm.vision.camera2/nvjet_sm110_tst_128x128_64x6_1x2_h_bz_bias_TNT,vlm.vision.camera2,vlm,24,bf16_tensor,28736.0,l2,8002720.0,,679477248.0,84.9057880320691,23.64550556792873,ok,
729,2728813,0,1,7,nvjet_sm110_tst_128x128_64x6_1x2_h_bz_bias_TNT,"(18, 1, 1)","(256, 1, 1)","Vision: attention Q/K/V/O projections | nvjet_sm110_tst_128x128_64x6_1x2_h_bz_bias_TNT | grid=(18, 1, 1) block=(256, 1, 1)",vlm.vision.camera2/nvjet_sm110_tst_128x128_64x6_1x2_h_bz_bias_TNT,vlm.vision.camera2,vlm,24,fp32_simt,28736.0,l2,8002720.0,,884736.0,0.11055441150008997,0.030788418708240534,ok,
730,2728813,0,1,7,nvjet_sm110_tst_128x128_64x6_1x2_h_bz_bias_TNT,"(18, 1, 1)","(256, 1, 1)","Vision: attention Q/K/V/O projections | nvjet_sm110_tst_128x128_64x6_1x2_h_bz_bias_TNT | grid=(18, 1, 1) block=(256, 1, 1)",vlm.vision.camera2/nvjet_sm110_tst_128x128_64x6_1x2_h_bz_bias_TNT,vlm.vision.camera2,vlm,24,bf16_tensor,28640.0,l2,8003008.0,,679477248.0,84.90273257255272,23.724764245810054,ok,
730,2728813,0,1,7,nvjet_sm110_tst_128x128_64x6_1x2_h_bz_bias_TNT,"(18, 1, 1)","(256, 1, 1)","Vision: attention Q/K/V/O projections | nvjet_sm110_tst_128x128_64x6_1x2_h_bz_bias_TNT | grid=(18, 1, 1) block=(256, 1, 1)",vlm.vision.camera2/nvjet_sm110_tst_128x128_64x6_1x2_h_bz_bias_TNT,vlm.vision.camera2,vlm,24,fp32_simt,28640.0,l2,8003008.0,,884736.0,0.11055043303717801,0.03089162011173184,ok,
731,2728813,0,1,7,"void pytorch_flash::flash_fwd_kernel<Flash_fwd_kernel_traits<96, 128, 64, 4, 0, 0, cutlass::bfloat16_t, Flash_kernel_traits<96, 128, 64, 4, cutlass::bfloat16_t>>, 0, 0, 0, 0, 0, 0, 0, 0>(pytorch_flash::Flash_fwd_params)","(2, 1, 16)","(128, 1, 1)","Vision: FlashAttention | void pytorch_flash::flash_fwd_kernel<Flash_fwd_kernel_traits<96, 128, 64, 4, 0, 0, cutlass::bfloat16_t, Flash_kernel_traits<96, 128, 64, 4, cutlass::bfloat16_t>>, 0, 0, 0, 0, 0, 0, 0, 0>(pytorch_flash::Flash_fwd_params) | grid=(2, 1, 16) block=(128, 1, 1)","vlm.vision.camera2/void pytorch_flash::flash_fwd_kernel<Flash_fwd_kernel_traits<(int)96, (int)128, (int)64, (int)4, (bool)0, (bool)0, cutlass::bfloat16_t, Flash_kernel_traits<(int)96, (int)128, (int)64, (int)4, cutlass::bfloat16_t>>, (bool)0, (bool)0, (bool)0, (bool)0, (bool)0, (bool)0, (bool)0, (bool)0>(pytorch_flash::Flash_fwd_params)",vlm.vision.camera2,vlm,20,bf16_tensor,30560.0,l2,5475776.0,,402653184.0,73.53353826014796,13.175824083769635,ok,
731,2728813,0,1,7,"void pytorch_flash::flash_fwd_kernel<Flash_fwd_kernel_traits<96, 128, 64, 4, 0, 0, cutlass::bfloat16_t, Flash_kernel_traits<96, 128, 64, 4, cutlass::bfloat16_t>>, 0, 0, 0, 0, 0, 0, 0, 0>(pytorch_flash::Flash_fwd_params)","(2, 1, 16)","(128, 1, 1)","Vision: FlashAttention | void pytorch_flash::flash_fwd_kernel<Flash_fwd_kernel_traits<96, 128, 64, 4, 0, 0, cutlass::bfloat16_t, Flash_kernel_traits<96, 128, 64, 4, cutlass::bfloat16_t>>, 0, 0, 0, 0, 0, 0, 0, 0>(pytorch_flash::Flash_fwd_params) | grid=(2, 1, 16) block=(128, 1, 1)","vlm.vision.camera2/void pytorch_flash::flash_fwd_kernel<Flash_fwd_kernel_traits<(int)96, (int)128, (int)64, (int)4, (bool)0, (bool)0, cutlass::bfloat16_t, Flash_kernel_traits<(int)96, (int)128, (int)64, (int)4, cutlass::bfloat16_t>>, (bool)0, (bool)0, (bool)0, (bool)0, (bool)0, (bool)0, (bool)0, (bool)0>(pytorch_flash::Flash_fwd_params)",vlm.vision.camera2,vlm,20,fp32_simt,30560.0,l2,5475776.0,,5079040.0,0.9275470727801868,0.16619895287958114,ok,
732,2728813,0,1,7,nvjet_sm110_tst_128x128_64x6_1x2_h_bz_bias_TNT,"(18, 1, 1)","(256, 1, 1)","Vision: attention Q/K/V/O projections | nvjet_sm110_tst_128x128_64x6_1x2_h_bz_bias_TNT | grid=(18, 1, 1) block=(256, 1, 1)",vlm.vision.camera2/nvjet_sm110_tst_128x128_64x6_1x2_h_bz_bias_TNT,vlm.vision.camera2,vlm,24,bf16_tensor,28064.0,l2,8000576.0,,679477248.0,84.92854114503756,24.211703534777648,ok,
732,2728813,0,1,7,nvjet_sm110_tst_128x128_64x6_1x2_h_bz_bias_TNT,"(18, 1, 1)","(256, 1, 1)","Vision: attention Q/K/V/O projections | nvjet_sm110_tst_128x128_64x6_1x2_h_bz_bias_TNT | grid=(18, 1, 1) block=(256, 1, 1)",vlm.vision.camera2/nvjet_sm110_tst_128x128_64x6_1x2_h_bz_bias_TNT,vlm.vision.camera2,vlm,24,fp32_simt,28064.0,l2,8000576.0,,884736.0,0.11058403794926765,0.031525655644241736,ok,
733,2728813,0,1,7,triton_red_fused_add_native_layer_norm_view_9,"(256, 1, 1)","(512, 1, 1)","Vision: residual/LayerNorm fusion 9 | triton_red_fused_add_native_layer_norm_view_9 | grid=(256, 1, 1) block=(512, 1, 1)",vlm.vision.camera2/triton_red_fused_add_native_layer_norm_view_9,vlm.vision.camera2,vlm,37,bf16_tensor,27616.0,l2,4282336.0,,0.0,,,zero_counted_flops,
733,2728813,0,1,7,triton_red_fused_add_native_layer_norm_view_9,"(256, 1, 1)","(512, 1, 1)","Vision: residual/LayerNorm fusion 9 | triton_red_fused_add_native_layer_norm_view_9 | grid=(256, 1, 1) block=(512, 1, 1)",vlm.vision.camera2/triton_red_fused_add_native_layer_norm_view_9,vlm.vision.camera2,vlm,37,fp32_simt,27616.0,l2,4282336.0,,21896256.0,5.113156931170277,0.792882966396292,ok,
734,2728813,0,1,7,nvjet_sm110_tst_224x128_64x7_1x2_2cta_h_bz_bias_TNN,"(40, 1, 1)","(256, 1, 1)","Vision: FFN expansion + bias | nvjet_sm110_tst_224x128_64x7_1x2_2cta_h_bz_bias_TNN | grid=(40, 1, 1) block=(256, 1, 1)",vlm.vision.camera2/nvjet_sm110_tst_224x128_64x7_1x2_2cta_h_bz_bias_TNN,vlm.vision.camera2,vlm,19,bf16_tensor,66208.0,l2,23359552.0,,2642411520.0,113.11910091426411,39.91075882068632,ok,
734,2728813,0,1,7,nvjet_sm110_tst_224x128_64x7_1x2_2cta_h_bz_bias_TNN,"(40, 1, 1)","(256, 1, 1)","Vision: FFN expansion + bias | nvjet_sm110_tst_224x128_64x7_1x2_2cta_h_bz_bias_TNN | grid=(40, 1, 1) block=(256, 1, 1)",vlm.vision.camera2/nvjet_sm110_tst_224x128_64x7_1x2_2cta_h_bz_bias_TNN,vlm.vision.camera2,vlm,19,fp32_simt,66208.0,l2,23359552.0,,3440640.0,0.14729049598211472,0.05196713388110198,ok,
735,2728813,0,1,7,triton_poi_fused_gelu_view_5,"(2152, 1, 1)","(128, 1, 1)","Vision: FFN GELU | triton_poi_fused_gelu_view_5 | grid=(2152, 1, 1) block=(128, 1, 1)",vlm.vision.camera2/triton_poi_fused_gelu_view_5,vlm.vision.camera2,vlm,17,bf16_tensor,24864.0,l2,4462272.0,,0.0,,,zero_counted_flops,
735,2728813,0,1,7,triton_poi_fused_gelu_view_5,"(2152, 1, 1)","(128, 1, 1)","Vision: FFN GELU | triton_poi_fused_gelu_view_5 | grid=(2152, 1, 1) block=(128, 1, 1)",vlm.vision.camera2/triton_poi_fused_gelu_view_5,vlm.vision.camera2,vlm,17,fp32_simt,24864.0,l2,4462272.0,,14895374.0,3.338069485679044,0.5990739221364221,ok,
736,2728813,0,1,7,nvjet_sm110_tst_144x128_64x6_4x1_v_bz_bias_TNN,"(16, 1, 1)","(256, 1, 1)","Vision: FFN contraction + bias | nvjet_sm110_tst_144x128_64x6_4x1_v_bz_bias_TNN | grid=(16, 1, 1) block=(256, 1, 1)",vlm.vision.camera2/nvjet_sm110_tst_144x128_64x6_4x1_v_bz_bias_TNN,vlm.vision.camera2,vlm,18,bf16_tensor,90208.0,l2,24617024.0,,2566914048.0,104.2739385556922,28.45550336998936,ok,
736,2728813,0,1,7,nvjet_sm110_tst_144x128_64x6_4x1_v_bz_bias_TNN,"(16, 1, 1)","(256, 1, 1)","Vision: FFN contraction + bias | nvjet_sm110_tst_144x128_64x6_4x1_v_bz_bias_TNN | grid=(16, 1, 1) block=(256, 1, 1)",vlm.vision.camera2/nvjet_sm110_tst_144x128_64x6_4x1_v_bz_bias_TNN,vlm.vision.camera2,vlm,18,fp32_simt,90208.0,l2,24617024.0,,884736.0,0.035940006395574056,0.00980773323873714,ok,
737,2728813,0,1,7,triton_red_fused_add_native_layer_norm_view_6,"(128, 1, 1)","(128, 1, 1)","Vision: residual/LayerNorm fusion 6 | triton_red_fused_add_native_layer_norm_view_6 | grid=(128, 1, 1) block=(128, 1, 1)",vlm.vision.camera2/triton_red_fused_add_native_layer_norm_view_6,vlm.vision.camera2,vlm,34,bf16_tensor,22688.0,l2,1917856.0,,0.0,,,zero_counted_flops,
737,2728813,0,1,7,triton_red_fused_add_native_layer_norm_view_6,"(128, 1, 1)","(128, 1, 1)","Vision: residual/LayerNorm fusion 6 | triton_red_fused_add_native_layer_norm_view_6 | grid=(128, 1, 1) block=(128, 1, 1)",vlm.vision.camera2/triton_red_fused_add_native_layer_norm_view_6,vlm.vision.camera2,vlm,34,fp32_simt,22688.0,l2,1917856.0,,5214720.0,2.719036257153822,0.22984485190409026,ok,
738,2728813,0,1,7,nvjet_sm110_tst_128x128_64x6_1x2_h_bz_bias_TNT,"(18, 1, 1)","(256, 1, 1)","Vision: attention Q/K/V/O projections | nvjet_sm110_tst_128x128_64x6_1x2_h_bz_bias_TNT | grid=(18, 1, 1) block=(256, 1, 1)",vlm.vision.camera2/nvjet_sm110_tst_128x128_64x6_1x2_h_bz_bias_TNT,vlm.vision.camera2,vlm,24,bf16_tensor,28960.0,l2,8002624.0,,679477248.0,84.90680656744588,23.46261215469613,ok,
738,2728813,0,1,7,nvjet_sm110_tst_128x128_64x6_1x2_h_bz_bias_TNT,"(18, 1, 1)","(256, 1, 1)","Vision: attention Q/K/V/O projections | nvjet_sm110_tst_128x128_64x6_1x2_h_bz_bias_TNT | grid=(18, 1, 1) block=(256, 1, 1)",vlm.vision.camera2/nvjet_sm110_tst_128x128_64x6_1x2_h_bz_bias_TNT,vlm.vision.camera2,vlm,24,fp32_simt,28960.0,l2,8002624.0,,884736.0,0.11055573771802849,0.03055027624309392,ok,
739,2728813,0,1,7,nvjet_sm110_tst_128x128_64x6_1x2_h_bz_bias_TNT,"(18, 1, 1)","(256, 1, 1)","Vision: attention Q/K/V/O projections | nvjet_sm110_tst_128x128_64x6_1x2_h_bz_bias_TNT | grid=(18, 1, 1) block=(256, 1, 1)",vlm.vision.camera2/nvjet_sm110_tst_128x128_64x6_1x2_h_bz_bias_TNT,vlm.vision.camera2,vlm,24,bf16_tensor,24096.0,l2,7991296.0,,679477248.0,85.02716555612507,28.19875697211155,ok,
739,2728813,0,1,7,nvjet_sm110_tst_128x128_64x6_1x2_h_bz_bias_TNT,"(18, 1, 1)","(256, 1, 1)","Vision: attention Q/K/V/O projections | nvjet_sm110_tst_128x128_64x6_1x2_h_bz_bias_TNT | grid=(18, 1, 1) block=(256, 1, 1)",vlm.vision.camera2/nvjet_sm110_tst_128x128_64x6_1x2_h_bz_bias_TNT,vlm.vision.camera2,vlm,24,fp32_simt,24096.0,l2,7991296.0,,884736.0,0.11071245515120451,0.03671713147410358,ok,
740,2728813,0,1,7,nvjet_sm110_tst_128x128_64x6_1x2_h_bz_bias_TNT,"(18, 1, 1)","(256, 1, 1)","Vision: attention Q/K/V/O projections | nvjet_sm110_tst_128x128_64x6_1x2_h_bz_bias_TNT | grid=(18, 1, 1) block=(256, 1, 1)",vlm.vision.camera2/nvjet_sm110_tst_128x128_64x6_1x2_h_bz_bias_TNT,vlm.vision.camera2,vlm,24,bf16_tensor,30176.0,l2,7996320.0,,679477248.0,84.9737439222042,22.51714103923648,ok,
740,2728813,0,1,7,nvjet_sm110_tst_128x128_64x6_1x2_h_bz_bias_TNT,"(18, 1, 1)","(256, 1, 1)","Vision: attention Q/K/V/O projections | nvjet_sm110_tst_128x128_64x6_1x2_h_bz_bias_TNT | grid=(18, 1, 1) block=(256, 1, 1)",vlm.vision.camera2/nvjet_sm110_tst_128x128_64x6_1x2_h_bz_bias_TNT,vlm.vision.camera2,vlm,24,fp32_simt,30176.0,l2,7996320.0,,884736.0,0.11064289573203674,0.02931919406150583,ok,
741,2728813,0,1,7,"void pytorch_flash::flash_fwd_kernel<Flash_fwd_kernel_traits<96, 128, 64, 4, 0, 0, cutlass::bfloat16_t, Flash_kernel_traits<96, 128, 64, 4, cutlass::bfloat16_t>>, 0, 0, 0, 0, 0, 0, 0, 0>(pytorch_flash::Flash_fwd_params)","(2, 1, 16)","(128, 1, 1)","Vision: FlashAttention | void pytorch_flash::flash_fwd_kernel<Flash_fwd_kernel_traits<96, 128, 64, 4, 0, 0, cutlass::bfloat16_t, Flash_kernel_traits<96, 128, 64, 4, cutlass::bfloat16_t>>, 0, 0, 0, 0, 0, 0, 0, 0>(pytorch_flash::Flash_fwd_params) | grid=(2, 1, 16) block=(128, 1, 1)","vlm.vision.camera2/void pytorch_flash::flash_fwd_kernel<Flash_fwd_kernel_traits<(int)96, (int)128, (int)64, (int)4, (bool)0, (bool)0, cutlass::bfloat16_t, Flash_kernel_traits<(int)96, (int)128, (int)64, (int)4, cutlass::bfloat16_t>>, (bool)0, (bool)0, (bool)0, (bool)0, (bool)0, (bool)0, (bool)0, (bool)0>(pytorch_flash::Flash_fwd_params)",vlm.vision.camera2,vlm,20,bf16_tensor,31488.0,l2,5475392.0,,402653184.0,73.53869531167814,12.787512195121952,ok,
741,2728813,0,1,7,"void pytorch_flash::flash_fwd_kernel<Flash_fwd_kernel_traits<96, 128, 64, 4, 0, 0, cutlass::bfloat16_t, Flash_kernel_traits<96, 128, 64, 4, cutlass::bfloat16_t>>, 0, 0, 0, 0, 0, 0, 0, 0>(pytorch_flash::Flash_fwd_params)","(2, 1, 16)","(128, 1, 1)","Vision: FlashAttention | void pytorch_flash::flash_fwd_kernel<Flash_fwd_kernel_traits<96, 128, 64, 4, 0, 0, cutlass::bfloat16_t, Flash_kernel_traits<96, 128, 64, 4, cutlass::bfloat16_t>>, 0, 0, 0, 0, 0, 0, 0, 0>(pytorch_flash::Flash_fwd_params) | grid=(2, 1, 16) block=(128, 1, 1)","vlm.vision.camera2/void pytorch_flash::flash_fwd_kernel<Flash_fwd_kernel_traits<(int)96, (int)128, (int)64, (int)4, (bool)0, (bool)0, cutlass::bfloat16_t, Flash_kernel_traits<(int)96, (int)128, (int)64, (int)4, cutlass::bfloat16_t>>, (bool)0, (bool)0, (bool)0, (bool)0, (bool)0, (bool)0, (bool)0, (bool)0>(pytorch_flash::Flash_fwd_params)",vlm.vision.camera2,vlm,20,fp32_simt,31488.0,l2,5475392.0,,5079040.0,0.927612123479013,0.16130081300813007,ok,
742,2728813,0,1,7,nvjet_sm110_tst_128x128_64x6_1x2_h_bz_bias_TNT,"(18, 1, 1)","(256, 1, 1)","Vision: attention Q/K/V/O projections | nvjet_sm110_tst_128x128_64x6_1x2_h_bz_bias_TNT | grid=(18, 1, 1) block=(256, 1, 1)",vlm.vision.camera2/nvjet_sm110_tst_128x128_64x6_1x2_h_bz_bias_TNT,vlm.vision.camera2,vlm,24,bf16_tensor,27584.000000000004,l2,7999488.0,,679477248.0,84.94009216589862,24.633020881670532,ok,
742,2728813,0,1,7,nvjet_sm110_tst_128x128_64x6_1x2_h_bz_bias_TNT,"(18, 1, 1)","(256, 1, 1)","Vision: attention Q/K/V/O projections | nvjet_sm110_tst_128x128_64x6_1x2_h_bz_bias_TNT | grid=(18, 1, 1) block=(256, 1, 1)",vlm.vision.camera2/nvjet_sm110_tst_128x128_64x6_1x2_h_bz_bias_TNT,vlm.vision.camera2,vlm,24,fp32_simt,27584.000000000004,l2,7999488.0,,884736.0,0.11059907834101383,0.03207424593967517,ok,
743,2728813,0,1,7,triton_red_fused_add_native_layer_norm_view_7,"(256, 1, 1)","(64, 1, 1)","Vision: residual/LayerNorm fusion 7 | triton_red_fused_add_native_layer_norm_view_7 | grid=(256, 1, 1) block=(64, 1, 1)",vlm.vision.camera2/triton_red_fused_add_native_layer_norm_view_7,vlm.vision.camera2,vlm,35,bf16_tensor,23744.0,l2,2554240.0,,0.0,,,zero_counted_flops,
743,2728813,0,1,7,triton_red_fused_add_native_layer_norm_view_7,"(256, 1, 1)","(64, 1, 1)","Vision: residual/LayerNorm fusion 7 | triton_red_fused_add_native_layer_norm_view_7 | grid=(256, 1, 1) block=(64, 1, 1)",vlm.vision.camera2/triton_red_fused_add_native_layer_norm_view_7,vlm.vision.camera2,vlm,35,fp32_simt,23744.0,l2,2554240.0,,5392568.0,2.1112221247807565,0.2271128706199461,ok,
744,2728813,0,1,7,nvjet_sm110_tst_224x128_64x7_1x2_2cta_h_bz_bias_TNN,"(40, 1, 1)","(256, 1, 1)","Vision: FFN expansion + bias | nvjet_sm110_tst_224x128_64x7_1x2_2cta_h_bz_bias_TNN | grid=(40, 1, 1) block=(256, 1, 1)",vlm.vision.camera2/nvjet_sm110_tst_224x128_64x7_1x2_2cta_h_bz_bias_TNN,vlm.vision.camera2,vlm,19,bf16_tensor,60128.00000000001,l2,23338368.0,,2642411520.0,113.22177797522089,43.94643959552953,ok,
744,2728813,0,1,7,nvjet_sm110_tst_224x128_64x7_1x2_2cta_h_bz_bias_TNN,"(40, 1, 1)","(256, 1, 1)","Vision: FFN expansion + bias | nvjet_sm110_tst_224x128_64x7_1x2_2cta_h_bz_bias_TNN | grid=(40, 1, 1) block=(256, 1, 1)",vlm.vision.camera2/nvjet_sm110_tst_224x128_64x7_1x2_2cta_h_bz_bias_TNN,vlm.vision.camera2,vlm,19,fp32_simt,60128.00000000001,l2,23338368.0,,3440640.0,0.1474241900719022,0.05722192655667908,ok,
745,2728813,0,1,7,triton_poi_fused_gelu_view_5,"(2152, 1, 1)","(128, 1, 1)","Vision: FFN GELU | triton_poi_fused_gelu_view_5 | grid=(2152, 1, 1) block=(128, 1, 1)",vlm.vision.camera2/triton_poi_fused_gelu_view_5,vlm.vision.camera2,vlm,17,bf16_tensor,18528.0,l2,4446048.0,,0.0,,,zero_counted_flops,
745,2728813,0,1,7,triton_poi_fused_gelu_view_5,"(2152, 1, 1)","(128, 1, 1)","Vision: FFN GELU | triton_poi_fused_gelu_view_5 | grid=(2152, 1, 1) block=(128, 1, 1)",vlm.vision.camera2/triton_poi_fused_gelu_view_5,vlm.vision.camera2,vlm,17,fp32_simt,18528.0,l2,4446048.0,,14632167.0,3.2910501641007923,0.7897326748704663,ok,
746,2728813,0,1,7,nvjet_sm110_tst_144x128_64x6_4x1_v_bz_bias_TNN,"(16, 1, 1)","(256, 1, 1)","Vision: FFN contraction + bias | nvjet_sm110_tst_144x128_64x6_4x1_v_bz_bias_TNN | grid=(16, 1, 1) block=(256, 1, 1)",vlm.vision.camera2/nvjet_sm110_tst_144x128_64x6_4x1_v_bz_bias_TNN,vlm.vision.camera2,vlm,18,bf16_tensor,69120.0,l2,24605024.0,,2566914048.0,104.3247935055865,37.13706666666666,ok,
746,2728813,0,1,7,nvjet_sm110_tst_144x128_64x6_4x1_v_bz_bias_TNN,"(16, 1, 1)","(256, 1, 1)","Vision: FFN contraction + bias | nvjet_sm110_tst_144x128_64x6_4x1_v_bz_bias_TNN | grid=(16, 1, 1) block=(256, 1, 1)",vlm.vision.camera2/nvjet_sm110_tst_144x128_64x6_4x1_v_bz_bias_TNN,vlm.vision.camera2,vlm,18,fp32_simt,69120.0,l2,24605024.0,,884736.0,0.035957534526282114,0.0128,ok,
747,2728813,0,1,7,triton_red_fused_add_native_layer_norm_view_8,"(256, 1, 1)","(64, 1, 1)","Vision: residual/LayerNorm fusion 8 | triton_red_fused_add_native_layer_norm_view_8 | grid=(256, 1, 1) block=(64, 1, 1)",vlm.vision.camera2/triton_red_fused_add_native_layer_norm_view_8,vlm.vision.camera2,vlm,36,bf16_tensor,27360.000000000004,l2,3216256.0,,0.0,,,zero_counted_flops,
747,2728813,0,1,7,triton_red_fused_add_native_layer_norm_view_8,"(256, 1, 1)","(64, 1, 1)","Vision: residual/LayerNorm fusion 8 | triton_red_fused_add_native_layer_norm_view_8 | grid=(256, 1, 1) block=(64, 1, 1)",vlm.vision.camera2/triton_red_fused_add_native_layer_norm_view_8,vlm.vision.camera2,vlm,36,fp32_simt,27360.000000000004,l2,3216256.0,,6619136.0,2.0580252318223424,0.24192748538011694,ok,
748,2728813,0,1,7,nvjet_sm110_tst_128x128_64x6_1x2_h_bz_bias_TNT,"(18, 1, 1)","(256, 1, 1)","Vision: attention Q/K/V/O projections | nvjet_sm110_tst_128x128_64x6_1x2_h_bz_bias_TNT | grid=(18, 1, 1) block=(256, 1, 1)",vlm.vision.camera2/nvjet_sm110_tst_128x128_64x6_1x2_h_bz_bias_TNT,vlm.vision.camera2,vlm,24,bf16_tensor,28032.000000000004,l2,8002400.0,,679477248.0,84.9091832450265,24.23934246575342,ok,
748,2728813,0,1,7,nvjet_sm110_tst_128x128_64x6_1x2_h_bz_bias_TNT,"(18, 1, 1)","(256, 1, 1)","Vision: attention Q/K/V/O projections | nvjet_sm110_tst_128x128_64x6_1x2_h_bz_bias_TNT | grid=(18, 1, 1) block=(256, 1, 1)",vlm.vision.camera2/nvjet_sm110_tst_128x128_64x6_1x2_h_bz_bias_TNT,vlm.vision.camera2,vlm,24,fp32_simt,28032.000000000004,l2,8002400.0,,884736.0,0.11055883235029491,0.03156164383561644,ok,
749,2728813,0,1,7,nvjet_sm110_tst_128x128_64x6_1x2_h_bz_bias_TNT,"(18, 1, 1)","(256, 1, 1)","Vision: attention Q/K/V/O projections | nvjet_sm110_tst_128x128_64x6_1x2_h_bz_bias_TNT | grid=(18, 1, 1) block=(256, 1, 1)",vlm.vision.camera2/nvjet_sm110_tst_128x128_64x6_1x2_h_bz_bias_TNT,vlm.vision.camera2,vlm,24,bf16_tensor,29344.000000000004,l2,8002560.0,,679477248.0,84.90748560460652,23.155576881134134,ok,
749,2728813,0,1,7,nvjet_sm110_tst_128x128_64x6_1x2_h_bz_bias_TNT,"(18, 1, 1)","(256, 1, 1)","Vision: attention Q/K/V/O projections | nvjet_sm110_tst_128x128_64x6_1x2_h_bz_bias_TNT | grid=(18, 1, 1) block=(256, 1, 1)",vlm.vision.camera2/nvjet_sm110_tst_128x128_64x6_1x2_h_bz_bias_TNT,vlm.vision.camera2,vlm,24,fp32_simt,29344.000000000004,l2,8002560.0,,884736.0,0.11055662188099807,0.0301504907306434,ok,
750,2728813,0,1,7,nvjet_sm110_tst_128x128_64x6_1x2_h_bz_bias_TNT,"(18, 1, 1)","(256, 1, 1)","Vision: attention Q/K/V/O projections | nvjet_sm110_tst_128x128_64x6_1x2_h_bz_bias_TNT | grid=(18, 1, 1) block=(256, 1, 1)",vlm.vision.camera2/nvjet_sm110_tst_128x128_64x6_1x2_h_bz_bias_TNT,vlm.vision.camera2,vlm,24,bf16_tensor,29344.000000000004,l2,8002624.0,,679477248.0,84.90680656744588,23.155576881134134,ok,
750,2728813,0,1,7,nvjet_sm110_tst_128x128_64x6_1x2_h_bz_bias_TNT,"(18, 1, 1)","(256, 1, 1)","Vision: attention Q/K/V/O projections | nvjet_sm110_tst_128x128_64x6_1x2_h_bz_bias_TNT | grid=(18, 1, 1) block=(256, 1, 1)",vlm.vision.camera2/nvjet_sm110_tst_128x128_64x6_1x2_h_bz_bias_TNT,vlm.vision.camera2,vlm,24,fp32_simt,29344.000000000004,l2,8002624.0,,884736.0,0.11055573771802849,0.0301504907306434,ok,
751,2728813,0,1,7,"void pytorch_flash::flash_fwd_kernel<Flash_fwd_kernel_traits<96, 128, 64, 4, 0, 0, cutlass::bfloat16_t, Flash_kernel_traits<96, 128, 64, 4, cutlass::bfloat16_t>>, 0, 0, 0, 0, 0, 0, 0, 0>(pytorch_flash::Flash_fwd_params)","(2, 1, 16)","(128, 1, 1)","Vision: FlashAttention | void pytorch_flash::flash_fwd_kernel<Flash_fwd_kernel_traits<96, 128, 64, 4, 0, 0, cutlass::bfloat16_t, Flash_kernel_traits<96, 128, 64, 4, cutlass::bfloat16_t>>, 0, 0, 0, 0, 0, 0, 0, 0>(pytorch_flash::Flash_fwd_params) | grid=(2, 1, 16) block=(128, 1, 1)","vlm.vision.camera2/void pytorch_flash::flash_fwd_kernel<Flash_fwd_kernel_traits<(int)96, (int)128, (int)64, (int)4, (bool)0, (bool)0, cutlass::bfloat16_t, Flash_kernel_traits<(int)96, (int)128, (int)64, (int)4, cutlass::bfloat16_t>>, (bool)0, (bool)0, (bool)0, (bool)0, (bool)0, (bool)0, (bool)0, (bool)0>(pytorch_flash::Flash_fwd_params)",vlm.vision.camera2,vlm,20,bf16_tensor,28448.000000000004,l2,5486272.0,,402653184.0,73.39285839273008,14.154006749156354,ok,
751,2728813,0,1,7,"void pytorch_flash::flash_fwd_kernel<Flash_fwd_kernel_traits<96, 128, 64, 4, 0, 0, cutlass::bfloat16_t, Flash_kernel_traits<96, 128, 64, 4, cutlass::bfloat16_t>>, 0, 0, 0, 0, 0, 0, 0, 0>(pytorch_flash::Flash_fwd_params)","(2, 1, 16)","(128, 1, 1)","Vision: FlashAttention | void pytorch_flash::flash_fwd_kernel<Flash_fwd_kernel_traits<96, 128, 64, 4, 0, 0, cutlass::bfloat16_t, Flash_kernel_traits<96, 128, 64, 4, cutlass::bfloat16_t>>, 0, 0, 0, 0, 0, 0, 0, 0>(pytorch_flash::Flash_fwd_params) | grid=(2, 1, 16) block=(128, 1, 1)","vlm.vision.camera2/void pytorch_flash::flash_fwd_kernel<Flash_fwd_kernel_traits<(int)96, (int)128, (int)64, (int)4, (bool)0, (bool)0, cutlass::bfloat16_t, Flash_kernel_traits<(int)96, (int)128, (int)64, (int)4, cutlass::bfloat16_t>>, (bool)0, (bool)0, (bool)0, (bool)0, (bool)0, (bool)0, (bool)0, (bool)0>(pytorch_flash::Flash_fwd_params)",vlm.vision.camera2,vlm,20,fp32_simt,28448.000000000004,l2,5486272.0,,5079040.0,0.9257725464577768,0.17853768278965126,ok,
752,2728813,0,1,7,nvjet_sm110_tst_128x128_64x6_1x2_h_bz_bias_TNT,"(18, 1, 1)","(256, 1, 1)","Vision: attention Q/K/V/O projections | nvjet_sm110_tst_128x128_64x6_1x2_h_bz_bias_TNT | grid=(18, 1, 1) block=(256, 1, 1)",vlm.vision.camera2/nvjet_sm110_tst_128x128_64x6_1x2_h_bz_bias_TNT,vlm.vision.camera2,vlm,24,bf16_tensor,29120.000000000004,l2,8004480.0,,679477248.0,84.88711921324058,23.333696703296702,ok,
752,2728813,0,1,7,nvjet_sm110_tst_128x128_64x6_1x2_h_bz_bias_TNT,"(18, 1, 1)","(256, 1, 1)","Vision: attention Q/K/V/O projections | nvjet_sm110_tst_128x128_64x6_1x2_h_bz_bias_TNT | grid=(18, 1, 1) block=(256, 1, 1)",vlm.vision.camera2/nvjet_sm110_tst_128x128_64x6_1x2_h_bz_bias_TNT,vlm.vision.camera2,vlm,24,fp32_simt,29120.000000000004,l2,8004480.0,,884736.0,0.11053010314224035,0.03038241758241758,ok,
753,2728813,0,1,7,triton_red_fused_add_native_layer_norm_view_9,"(256, 1, 1)","(512, 1, 1)","Vision: residual/LayerNorm fusion 9 | triton_red_fused_add_native_layer_norm_view_9 | grid=(256, 1, 1) block=(512, 1, 1)",vlm.vision.camera2/triton_red_fused_add_native_layer_norm_view_9,vlm.vision.camera2,vlm,37,bf16_tensor,27552.000000000004,l2,4280224.0,,0.0,,,zero_counted_flops,
753,2728813,0,1,7,triton_red_fused_add_native_layer_norm_view_9,"(256, 1, 1)","(512, 1, 1)","Vision: residual/LayerNorm fusion 9 | triton_red_fused_add_native_layer_norm_view_9 | grid=(256, 1, 1) block=(512, 1, 1)",vlm.vision.camera2/triton_red_fused_add_native_layer_norm_view_9,vlm.vision.camera2,vlm,37,fp32_simt,27552.000000000004,l2,4280224.0,,21891712.0,5.114618300350636,0.7945598141695702,ok,
754,2728813,0,1,7,nvjet_sm110_tst_224x128_64x7_1x2_2cta_h_bz_bias_TNN,"(40, 1, 1)","(256, 1, 1)","Vision: FFN expansion + bias | nvjet_sm110_tst_224x128_64x7_1x2_2cta_h_bz_bias_TNN | grid=(40, 1, 1) block=(256, 1, 1)",vlm.vision.camera2/nvjet_sm110_tst_224x128_64x7_1x2_2cta_h_bz_bias_TNN,vlm.vision.camera2,vlm,19,bf16_tensor,55584.0,l2,23206592.0,,2642411520.0,113.86469499700775,47.539067357512955,ok,
754,2728813,0,1,7,nvjet_sm110_tst_224x128_64x7_1x2_2cta_h_bz_bias_TNN,"(40, 1, 1)","(256, 1, 1)","Vision: FFN expansion + bias | nvjet_sm110_tst_224x128_64x7_1x2_2cta_h_bz_bias_TNN | grid=(40, 1, 1) block=(256, 1, 1)",vlm.vision.camera2/nvjet_sm110_tst_224x128_64x7_1x2_2cta_h_bz_bias_TNN,vlm.vision.camera2,vlm,19,fp32_simt,55584.0,l2,23206592.0,,3440640.0,0.14826132161068717,0.06189982728842832,ok,
755,2728813,0,1,7,triton_poi_fused_gelu_view_5,"(2152, 1, 1)","(128, 1, 1)","Vision: FFN GELU | triton_poi_fused_gelu_view_5 | grid=(2152, 1, 1) block=(128, 1, 1)",vlm.vision.camera2/triton_poi_fused_gelu_view_5,vlm.vision.camera2,vlm,17,bf16_tensor,28576.000000000004,l2,4455456.0,,0.0,,,zero_counted_flops,
755,2728813,0,1,7,triton_poi_fused_gelu_view_5,"(2152, 1, 1)","(128, 1, 1)","Vision: FFN GELU | triton_poi_fused_gelu_view_5 | grid=(2152, 1, 1) block=(128, 1, 1)",vlm.vision.camera2/triton_poi_fused_gelu_view_5,vlm.vision.camera2,vlm,17,fp32_simt,28576.000000000004,l2,4455456.0,,14596124.0,3.2760112545158115,0.5107826147816349,ok,
756,2728813,0,1,7,nvjet_sm110_tst_144x128_64x6_4x1_v_bz_bias_TNN,"(16, 1, 1)","(256, 1, 1)","Vision: FFN contraction + bias | nvjet_sm110_tst_144x128_64x6_4x1_v_bz_bias_TNN | grid=(16, 1, 1) block=(256, 1, 1)",vlm.vision.camera2/nvjet_sm110_tst_144x128_64x6_4x1_v_bz_bias_TNN,vlm.vision.camera2,vlm,18,bf16_tensor,70176.0,l2,24614528.0,,2566914048.0,104.28451230102807,36.57823255813953,ok,
756,2728813,0,1,7,nvjet_sm110_tst_144x128_64x6_4x1_v_bz_bias_TNN,"(16, 1, 1)","(256, 1, 1)","Vision: FFN contraction + bias | nvjet_sm110_tst_144x128_64x6_4x1_v_bz_bias_TNN | grid=(16, 1, 1) block=(256, 1, 1)",vlm.vision.camera2/nvjet_sm110_tst_144x128_64x6_4x1_v_bz_bias_TNN,vlm.vision.camera2,vlm,18,fp32_simt,70176.0,l2,24614528.0,,884736.0,0.0359436508390492,0.012607387140902872,ok,
757,2728813,0,1,7,triton_red_fused_add_native_layer_norm_view_6,"(128, 1, 1)","(128, 1, 1)","Vision: residual/LayerNorm fusion 6 | triton_red_fused_add_native_layer_norm_view_6 | grid=(128, 1, 1) block=(128, 1, 1)",vlm.vision.camera2/triton_red_fused_add_native_layer_norm_view_6,vlm.vision.camera2,vlm,34,bf16_tensor,17056.0,l2,1901696.0,,0.0,,,zero_counted_flops,
757,2728813,0,1,7,triton_red_fused_add_native_layer_norm_view_6,"(128, 1, 1)","(128, 1, 1)","Vision: residual/LayerNorm fusion 6 | triton_red_fused_add_native_layer_norm_view_6 | grid=(128, 1, 1) block=(128, 1, 1)",vlm.vision.camera2/triton_red_fused_add_native_layer_norm_view_6,vlm.vision.camera2,vlm,34,fp32_simt,17056.0,l2,1901696.0,,5225472.0,2.747795651881268,0.30637148217636023,ok,
758,2728813,0,1,7,nvjet_sm110_tst_128x128_64x6_1x2_h_bz_bias_TNT,"(18, 1, 1)","(256, 1, 1)","Vision: attention Q/K/V/O projections | nvjet_sm110_tst_128x128_64x6_1x2_h_bz_bias_TNT | grid=(18, 1, 1) block=(256, 1, 1)",vlm.vision.camera2/nvjet_sm110_tst_128x128_64x6_1x2_h_bz_bias_TNT,vlm.vision.camera2,vlm,24,bf16_tensor,23040.000000000004,l2,7991232.0,,679477248.0,85.02784651978568,29.491199999999996,ok,
758,2728813,0,1,7,nvjet_sm110_tst_128x128_64x6_1x2_h_bz_bias_TNT,"(18, 1, 1)","(256, 1, 1)","Vision: attention Q/K/V/O projections | nvjet_sm110_tst_128x128_64x6_1x2_h_bz_bias_TNT | grid=(18, 1, 1) block=(256, 1, 1)",vlm.vision.camera2/nvjet_sm110_tst_128x128_64x6_1x2_h_bz_bias_TNT,vlm.vision.camera2,vlm,24,fp32_simt,23040.000000000004,l2,7991232.0,,884736.0,0.11071334182263762,0.03839999999999999,ok,
759,2728813,0,1,7,nvjet_sm110_tst_128x128_64x6_1x2_h_bz_bias_TNT,"(18, 1, 1)","(256, 1, 1)","Vision: attention Q/K/V/O projections | nvjet_sm110_tst_128x128_64x6_1x2_h_bz_bias_TNT | grid=(18, 1, 1) block=(256, 1, 1)",vlm.vision.camera2/nvjet_sm110_tst_128x128_64x6_1x2_h_bz_bias_TNT,vlm.vision.camera2,vlm,24,bf16_tensor,29632.0,l2,8003712.0,,679477248.0,84.89526459722688,22.930522678185746,ok,
759,2728813,0,1,7,nvjet_sm110_tst_128x128_64x6_1x2_h_bz_bias_TNT,"(18, 1, 1)","(256, 1, 1)","Vision: attention Q/K/V/O projections | nvjet_sm110_tst_128x128_64x6_1x2_h_bz_bias_TNT | grid=(18, 1, 1) block=(256, 1, 1)",vlm.vision.camera2/nvjet_sm110_tst_128x128_64x6_1x2_h_bz_bias_TNT,vlm.vision.camera2,vlm,24,fp32_simt,29632.0,l2,8003712.0,,884736.0,0.11054070911097251,0.029857451403887687,ok,
760,2728813,0,1,7,nvjet_sm110_tst_128x128_64x6_1x2_h_bz_bias_TNT,"(18, 1, 1)","(256, 1, 1)","Vision: attention Q/K/V/O projections | nvjet_sm110_tst_128x128_64x6_1x2_h_bz_bias_TNT | grid=(18, 1, 1) block=(256, 1, 1)",vlm.vision.camera2/nvjet_sm110_tst_128x128_64x6_1x2_h_bz_bias_TNT,vlm.vision.camera2,vlm,24,bf16_tensor,27392.0,l2,7999968.0,,679477248.0,84.93499573998297,24.805682242990652,ok,
760,2728813,0,1,7,nvjet_sm110_tst_128x128_64x6_1x2_h_bz_bias_TNT,"(18, 1, 1)","(256, 1, 1)","Vision: attention Q/K/V/O projections | nvjet_sm110_tst_128x128_64x6_1x2_h_bz_bias_TNT | grid=(18, 1, 1) block=(256, 1, 1)",vlm.vision.camera2/nvjet_sm110_tst_128x128_64x6_1x2_h_bz_bias_TNT,vlm.vision.camera2,vlm,24,fp32_simt,27392.0,l2,7999968.0,,884736.0,0.11059244236976948,0.03229906542056075,ok,
761,2728813,0,1,7,"void pytorch_flash::flash_fwd_kernel<Flash_fwd_kernel_traits<96, 128, 64, 4, 0, 0, cutlass::bfloat16_t, Flash_kernel_traits<96, 128, 64, 4, cutlass::bfloat16_t>>, 0, 0, 0, 0, 0, 0, 0, 0>(pytorch_flash::Flash_fwd_params)","(2, 1, 16)","(128, 1, 1)","Vision: FlashAttention | void pytorch_flash::flash_fwd_kernel<Flash_fwd_kernel_traits<96, 128, 64, 4, 0, 0, cutlass::bfloat16_t, Flash_kernel_traits<96, 128, 64, 4, cutlass::bfloat16_t>>, 0, 0, 0, 0, 0, 0, 0, 0>(pytorch_flash::Flash_fwd_params) | grid=(2, 1, 16) block=(128, 1, 1)","vlm.vision.camera2/void pytorch_flash::flash_fwd_kernel<Flash_fwd_kernel_traits<(int)96, (int)128, (int)64, (int)4, (bool)0, (bool)0, cutlass::bfloat16_t, Flash_kernel_traits<(int)96, (int)128, (int)64, (int)4, cutlass::bfloat16_t>>, (bool)0, (bool)0, (bool)0, (bool)0, (bool)0, (bool)0, (bool)0, (bool)0>(pytorch_flash::Flash_fwd_params)",vlm.vision.camera2,vlm,20,bf16_tensor,36128.00000000001,l2,5492544.0,,402653184.0,73.30905023246059,11.145183348095658,ok,
761,2728813,0,1,7,"void pytorch_flash::flash_fwd_kernel<Flash_fwd_kernel_traits<96, 128, 64, 4, 0, 0, cutlass::bfloat16_t, Flash_kernel_traits<96, 128, 64, 4, cutlass::bfloat16_t>>, 0, 0, 0, 0, 0, 0, 0, 0>(pytorch_flash::Flash_fwd_params)","(2, 1, 16)","(128, 1, 1)","Vision: FlashAttention | void pytorch_flash::flash_fwd_kernel<Flash_fwd_kernel_traits<96, 128, 64, 4, 0, 0, cutlass::bfloat16_t, Flash_kernel_traits<96, 128, 64, 4, cutlass::bfloat16_t>>, 0, 0, 0, 0, 0, 0, 0, 0>(pytorch_flash::Flash_fwd_params) | grid=(2, 1, 16) block=(128, 1, 1)","vlm.vision.camera2/void pytorch_flash::flash_fwd_kernel<Flash_fwd_kernel_traits<(int)96, (int)128, (int)64, (int)4, (bool)0, (bool)0, cutlass::bfloat16_t, Flash_kernel_traits<(int)96, (int)128, (int)64, (int)4, cutlass::bfloat16_t>>, (bool)0, (bool)0, (bool)0, (bool)0, (bool)0, (bool)0, (bool)0, (bool)0>(pytorch_flash::Flash_fwd_params)",vlm.vision.camera2,vlm,20,fp32_simt,36128.00000000001,l2,5492544.0,,5079040.0,0.9247153959986484,0.14058458813108946,ok,
762,2728813,0,1,7,nvjet_sm110_tst_128x128_64x6_1x2_h_bz_bias_TNT,"(18, 1, 1)","(256, 1, 1)","Vision: attention Q/K/V/O projections | nvjet_sm110_tst_128x128_64x6_1x2_h_bz_bias_TNT | grid=(18, 1, 1) block=(256, 1, 1)",vlm.vision.camera2/nvjet_sm110_tst_128x128_64x6_1x2_h_bz_bias_TNT,vlm.vision.camera2,vlm,24,bf16_tensor,22816.0,l2,7991264.0,,679477248.0,85.02750603659196,29.780734922861154,ok,
762,2728813,0,1,7,nvjet_sm110_tst_128x128_64x6_1x2_h_bz_bias_TNT,"(18, 1, 1)","(256, 1, 1)","Vision: attention Q/K/V/O projections | nvjet_sm110_tst_128x128_64x6_1x2_h_bz_bias_TNT | grid=(18, 1, 1) block=(256, 1, 1)",vlm.vision.camera2/nvjet_sm110_tst_128x128_64x6_1x2_h_bz_bias_TNT,vlm.vision.camera2,vlm,24,fp32_simt,22816.0,l2,7991264.0,,884736.0,0.11071289848514577,0.03877699859747546,ok,
763,2728813,0,1,7,triton_red_fused_add_native_layer_norm_view_7,"(256, 1, 1)","(64, 1, 1)","Vision: residual/LayerNorm fusion 7 | triton_red_fused_add_native_layer_norm_view_7 | grid=(256, 1, 1) block=(64, 1, 1)",vlm.vision.camera2/triton_red_fused_add_native_layer_norm_view_7,vlm.vision.camera2,vlm,35,bf16_tensor,27776.000000000004,l2,2545216.0,,0.0,,,zero_counted_flops,
763,2728813,0,1,7,triton_red_fused_add_native_layer_norm_view_7,"(256, 1, 1)","(64, 1, 1)","Vision: residual/LayerNorm fusion 7 | triton_red_fused_add_native_layer_norm_view_7 | grid=(256, 1, 1) block=(64, 1, 1)",vlm.vision.camera2/triton_red_fused_add_native_layer_norm_view_7,vlm.vision.camera2,vlm,35,fp32_simt,27776.000000000004,l2,2545216.0,,5391328.0,2.118220221780784,0.19410023041474653,ok,
764,2728813,0,1,7,nvjet_sm110_tst_224x128_64x7_1x2_2cta_h_bz_bias_TNN,"(40, 1, 1)","(256, 1, 1)","Vision: FFN expansion + bias | nvjet_sm110_tst_224x128_64x7_1x2_2cta_h_bz_bias_TNN | grid=(40, 1, 1) block=(256, 1, 1)",vlm.vision.camera2/nvjet_sm110_tst_224x128_64x7_1x2_2cta_h_bz_bias_TNN,vlm.vision.camera2,vlm,19,bf16_tensor,56544.00000000001,l2,23248640.0,,2642411520.0,113.65875681330176,46.73195246179966,ok,
764,2728813,0,1,7,nvjet_sm110_tst_224x128_64x7_1x2_2cta_h_bz_bias_TNN,"(40, 1, 1)","(256, 1, 1)","Vision: FFN expansion + bias | nvjet_sm110_tst_224x128_64x7_1x2_2cta_h_bz_bias_TNN | grid=(40, 1, 1) block=(256, 1, 1)",vlm.vision.camera2/nvjet_sm110_tst_224x128_64x7_1x2_2cta_h_bz_bias_TNN,vlm.vision.camera2,vlm,19,fp32_simt,56544.00000000001,l2,23248640.0,,3440640.0,0.14799317293398667,0.06084889643463497,ok,
765,2728813,0,1,7,triton_poi_fused_gelu_view_5,"(2152, 1, 1)","(128, 1, 1)","Vision: FFN GELU | triton_poi_fused_gelu_view_5 | grid=(2152, 1, 1) block=(128, 1, 1)",vlm.vision.camera2/triton_poi_fused_gelu_view_5,vlm.vision.camera2,vlm,17,bf16_tensor,28288.0,l2,4457792.0,,0.0,,,zero_counted_flops,
765,2728813,0,1,7,triton_poi_fused_gelu_view_5,"(2152, 1, 1)","(128, 1, 1)","Vision: FFN GELU | triton_poi_fused_gelu_view_5 | grid=(2152, 1, 1) block=(128, 1, 1)",vlm.vision.camera2/triton_poi_fused_gelu_view_5,vlm.vision.camera2,vlm,17,fp32_simt,28288.0,l2,4457792.0,,14404674.0,3.2313472678850874,0.5092150028280542,ok,
766,2728813,0,1,7,nvjet_sm110_tst_144x128_64x6_4x1_v_bz_bias_TNN,"(16, 1, 1)","(256, 1, 1)","Vision: FFN contraction + bias | nvjet_sm110_tst_144x128_64x6_4x1_v_bz_bias_TNN | grid=(16, 1, 1) block=(256, 1, 1)",vlm.vision.camera2/nvjet_sm110_tst_144x128_64x6_4x1_v_bz_bias_TNN,vlm.vision.camera2,vlm,18,bf16_tensor,69696.0,l2,24634240.0,,2566914048.0,104.20106518406901,36.83014876033058,ok,
766,2728813,0,1,7,nvjet_sm110_tst_144x128_64x6_4x1_v_bz_bias_TNN,"(16, 1, 1)","(256, 1, 1)","Vision: FFN contraction + bias | nvjet_sm110_tst_144x128_64x6_4x1_v_bz_bias_TNN | grid=(16, 1, 1) block=(256, 1, 1)",vlm.vision.camera2/nvjet_sm110_tst_144x128_64x6_4x1_v_bz_bias_TNN,vlm.vision.camera2,vlm,18,fp32_simt,69696.0,l2,24634240.0,,884736.0,0.035914889194876724,0.012694214876033056,ok,
767,2728813,0,1,7,triton_red_fused_add_native_layer_norm_view_8,"(256, 1, 1)","(64, 1, 1)","Vision: residual/LayerNorm fusion 8 | triton_red_fused_add_native_layer_norm_view_8 | grid=(256, 1, 1) block=(64, 1, 1)",vlm.vision.camera2/triton_red_fused_add_native_layer_norm_view_8,vlm.vision.camera2,vlm,36,bf16_tensor,27840.0,l2,3169120.0,,0.0,,,zero_counted_flops,
767,2728813,0,1,7,triton_red_fused_add_native_layer_norm_view_8,"(256, 1, 1)","(64, 1, 1)","Vision: residual/LayerNorm fusion 8 | triton_red_fused_add_native_layer_norm_view_8 | grid=(256, 1, 1) block=(64, 1, 1)",vlm.vision.camera2/triton_red_fused_add_native_layer_norm_view_8,vlm.vision.camera2,vlm,36,fp32_simt,27840.0,l2,3169120.0,,6619136.0,2.088635330943606,0.23775632183908044,ok,
768,2728813,0,1,7,nvjet_sm110_tst_128x128_64x6_1x2_h_bz_bias_TNT,"(18, 1, 1)","(256, 1, 1)","Vision: attention Q/K/V/O projections | nvjet_sm110_tst_128x128_64x6_1x2_h_bz_bias_TNT | grid=(18, 1, 1) block=(256, 1, 1)",vlm.vision.camera2/nvjet_sm110_tst_128x128_64x6_1x2_h_bz_bias_TNT,vlm.vision.camera2,vlm,24,bf16_tensor,27488.0,l2,8002208.0,,679477248.0,84.91122050314114,24.719050058207216,ok,
768,2728813,0,1,7,nvjet_sm110_tst_128x128_64x6_1x2_h_bz_bias_TNT,"(18, 1, 1)","(256, 1, 1)","Vision: attention Q/K/V/O projections | nvjet_sm110_tst_128x128_64x6_1x2_h_bz_bias_TNT | grid=(18, 1, 1) block=(256, 1, 1)",vlm.vision.camera2/nvjet_sm110_tst_128x128_64x6_1x2_h_bz_bias_TNT,vlm.vision.camera2,vlm,24,fp32_simt,27488.0,l2,8002208.0,,884736.0,0.11056148503013169,0.03218626309662398,ok,
769,2728813,0,1,7,nvjet_sm110_tst_128x128_64x6_1x2_h_bz_bias_TNT,"(18, 1, 1)","(256, 1, 1)","Vision: attention Q/K/V/O projections | nvjet_sm110_tst_128x128_64x6_1x2_h_bz_bias_TNT | grid=(18, 1, 1) block=(256, 1, 1)",vlm.vision.camera2/nvjet_sm110_tst_128x128_64x6_1x2_h_bz_bias_TNT,vlm.vision.camera2,vlm,24,bf16_tensor,27136.000000000004,l2,8003840.0,,679477248.0,84.89390692467616,25.039698113207546,ok,
769,2728813,0,1,7,nvjet_sm110_tst_128x128_64x6_1x2_h_bz_bias_TNT,"(18, 1, 1)","(256, 1, 1)","Vision: attention Q/K/V/O projections | nvjet_sm110_tst_128x128_64x6_1x2_h_bz_bias_TNT | grid=(18, 1, 1) block=(256, 1, 1)",vlm.vision.camera2/nvjet_sm110_tst_128x128_64x6_1x2_h_bz_bias_TNT,vlm.vision.camera2,vlm,24,fp32_simt,27136.000000000004,l2,8003840.0,,884736.0,0.11053894130817207,0.03260377358490566,ok,
770,2728813,0,1,7,nvjet_sm110_tst_128x128_64x6_1x2_h_bz_bias_TNT,"(18, 1, 1)","(256, 1, 1)","Vision: attention Q/K/V/O projections | nvjet_sm110_tst_128x128_64x6_1x2_h_bz_bias_TNT | grid=(18, 1, 1) block=(256, 1, 1)",vlm.vision.camera2/nvjet_sm110_tst_128x128_64x6_1x2_h_bz_bias_TNT,vlm.vision.camera2,vlm,24,bf16_tensor,26112.0,l2,7998944.0,,679477248.0,84.94586885468883,26.021647058823532,ok,
770,2728813,0,1,7,nvjet_sm110_tst_128x128_64x6_1x2_h_bz_bias_TNT,"(18, 1, 1)","(256, 1, 1)","Vision: attention Q/K/V/O projections | nvjet_sm110_tst_128x128_64x6_1x2_h_bz_bias_TNT | grid=(18, 1, 1) block=(256, 1, 1)",vlm.vision.camera2/nvjet_sm110_tst_128x128_64x6_1x2_h_bz_bias_TNT,vlm.vision.camera2,vlm,24,fp32_simt,26112.0,l2,7998944.0,,884736.0,0.1106066000712094,0.033882352941176475,ok,
771,2728813,0,1,7,"void pytorch_flash::flash_fwd_kernel<Flash_fwd_kernel_traits<96, 128, 64, 4, 0, 0, cutlass::bfloat16_t, Flash_kernel_traits<96, 128, 64, 4, cutlass::bfloat16_t>>, 0, 0, 0, 0, 0, 0, 0, 0>(pytorch_flash::Flash_fwd_params)","(2, 1, 16)","(128, 1, 1)","Vision: FlashAttention | void pytorch_flash::flash_fwd_kernel<Flash_fwd_kernel_traits<96, 128, 64, 4, 0, 0, cutlass::bfloat16_t, Flash_kernel_traits<96, 128, 64, 4, cutlass::bfloat16_t>>, 0, 0, 0, 0, 0, 0, 0, 0>(pytorch_flash::Flash_fwd_params) | grid=(2, 1, 16) block=(128, 1, 1)","vlm.vision.camera2/void pytorch_flash::flash_fwd_kernel<Flash_fwd_kernel_traits<(int)96, (int)128, (int)64, (int)4, (bool)0, (bool)0, cutlass::bfloat16_t, Flash_kernel_traits<(int)96, (int)128, (int)64, (int)4, cutlass::bfloat16_t>>, (bool)0, (bool)0, (bool)0, (bool)0, (bool)0, (bool)0, (bool)0, (bool)0>(pytorch_flash::Flash_fwd_params)",vlm.vision.camera2,vlm,20,bf16_tensor,30400.0,l2,5482976.0,,402653184.0,73.43697729116451,13.245170526315789,ok,
771,2728813,0,1,7,"void pytorch_flash::flash_fwd_kernel<Flash_fwd_kernel_traits<96, 128, 64, 4, 0, 0, cutlass::bfloat16_t, Flash_kernel_traits<96, 128, 64, 4, cutlass::bfloat16_t>>, 0, 0, 0, 0, 0, 0, 0, 0>(pytorch_flash::Flash_fwd_params)","(2, 1, 16)","(128, 1, 1)","Vision: FlashAttention | void pytorch_flash::flash_fwd_kernel<Flash_fwd_kernel_traits<96, 128, 64, 4, 0, 0, cutlass::bfloat16_t, Flash_kernel_traits<96, 128, 64, 4, cutlass::bfloat16_t>>, 0, 0, 0, 0, 0, 0, 0, 0>(pytorch_flash::Flash_fwd_params) | grid=(2, 1, 16) block=(128, 1, 1)","vlm.vision.camera2/void pytorch_flash::flash_fwd_kernel<Flash_fwd_kernel_traits<(int)96, (int)128, (int)64, (int)4, (bool)0, (bool)0, cutlass::bfloat16_t, Flash_kernel_traits<(int)96, (int)128, (int)64, (int)4, cutlass::bfloat16_t>>, (bool)0, (bool)0, (bool)0, (bool)0, (bool)0, (bool)0, (bool)0, (bool)0>(pytorch_flash::Flash_fwd_params)",vlm.vision.camera2,vlm,20,fp32_simt,30400.0,l2,5482976.0,,5079040.0,0.9263290592554116,0.16707368421052632,ok,
772,2728813,0,1,7,nvjet_sm110_tst_128x128_64x6_1x2_h_bz_bias_TNT,"(18, 1, 1)","(256, 1, 1)","Vision: attention Q/K/V/O projections | nvjet_sm110_tst_128x128_64x6_1x2_h_bz_bias_TNT | grid=(18, 1, 1) block=(256, 1, 1)",vlm.vision.camera2/nvjet_sm110_tst_128x128_64x6_1x2_h_bz_bias_TNT,vlm.vision.camera2,vlm,24,bf16_tensor,30048.0,l2,7995936.0,,679477248.0,84.97782473496537,22.613060702875398,ok,
772,2728813,0,1,7,nvjet_sm110_tst_128x128_64x6_1x2_h_bz_bias_TNT,"(18, 1, 1)","(256, 1, 1)","Vision: attention Q/K/V/O projections | nvjet_sm110_tst_128x128_64x6_1x2_h_bz_bias_TNT | grid=(18, 1, 1) block=(256, 1, 1)",vlm.vision.camera2/nvjet_sm110_tst_128x128_64x6_1x2_h_bz_bias_TNT,vlm.vision.camera2,vlm,24,fp32_simt,30048.0,l2,7995936.0,,884736.0,0.11064820929031949,0.029444089456869008,ok,
773,2728813,0,1,7,triton_red_fused_add_native_layer_norm_view_9,"(256, 1, 1)","(512, 1, 1)","Vision: residual/LayerNorm fusion 9 | triton_red_fused_add_native_layer_norm_view_9 | grid=(256, 1, 1) block=(512, 1, 1)",vlm.vision.camera2/triton_red_fused_add_native_layer_norm_view_9,vlm.vision.camera2,vlm,37,bf16_tensor,32096.0,l2,4274656.0,,0.0,,,zero_counted_flops,
773,2728813,0,1,7,triton_red_fused_add_native_layer_norm_view_9,"(256, 1, 1)","(512, 1, 1)","Vision: residual/LayerNorm fusion 9 | triton_red_fused_add_native_layer_norm_view_9 | grid=(256, 1, 1) block=(512, 1, 1)",vlm.vision.camera2/triton_red_fused_add_native_layer_norm_view_9,vlm.vision.camera2,vlm,37,fp32_simt,32096.0,l2,4274656.0,,21912384.0,5.12611634713998,0.6827138584247259,ok,
774,2728813,0,1,7,nvjet_sm110_tst_224x128_64x7_1x2_2cta_h_bz_bias_TNN,"(40, 1, 1)","(256, 1, 1)","Vision: FFN expansion + bias | nvjet_sm110_tst_224x128_64x7_1x2_2cta_h_bz_bias_TNN | grid=(40, 1, 1) block=(256, 1, 1)",vlm.vision.camera2/nvjet_sm110_tst_224x128_64x7_1x2_2cta_h_bz_bias_TNN,vlm.vision.camera2,vlm,19,bf16_tensor,66432.0,l2,23415584.0,,2642411520.0,112.8484141160007,39.77618497109827,ok,
774,2728813,0,1,7,nvjet_sm110_tst_224x128_64x7_1x2_2cta_h_bz_bias_TNN,"(40, 1, 1)","(256, 1, 1)","Vision: FFN expansion + bias | nvjet_sm110_tst_224x128_64x7_1x2_2cta_h_bz_bias_TNN | grid=(40, 1, 1) block=(256, 1, 1)",vlm.vision.camera2/nvjet_sm110_tst_224x128_64x7_1x2_2cta_h_bz_bias_TNN,vlm.vision.camera2,vlm,19,fp32_simt,66432.0,l2,23415584.0,,3440640.0,0.14693803921354257,0.05179190751445087,ok,
775,2728813,0,1,7,triton_poi_fused_gelu_view_5,"(2152, 1, 1)","(128, 1, 1)","Vision: FFN GELU | triton_poi_fused_gelu_view_5 | grid=(2152, 1, 1) block=(128, 1, 1)",vlm.vision.camera2/triton_poi_fused_gelu_view_5,vlm.vision.camera2,vlm,17,bf16_tensor,23360.0,l2,4460448.0,,0.0,,,zero_counted_flops,
775,2728813,0,1,7,triton_poi_fused_gelu_view_5,"(2152, 1, 1)","(128, 1, 1)","Vision: FFN GELU | triton_poi_fused_gelu_view_5 | grid=(2152, 1, 1) block=(128, 1, 1)",vlm.vision.camera2/triton_poi_fused_gelu_view_5,vlm.vision.camera2,vlm,17,fp32_simt,23360.0,l2,4460448.0,,14361967.0,3.2198485443614633,0.6148102311643835,ok,
776,2728813,0,1,7,nvjet_sm110_tst_144x128_64x6_4x1_v_bz_bias_TNN,"(16, 1, 1)","(256, 1, 1)","Vision: FFN contraction + bias | nvjet_sm110_tst_144x128_64x6_4x1_v_bz_bias_TNN | grid=(16, 1, 1) block=(256, 1, 1)",vlm.vision.camera2/nvjet_sm110_tst_144x128_64x6_4x1_v_bz_bias_TNN,vlm.vision.camera2,vlm,18,bf16_tensor,79488.00000000001,l2,24610176.0,,2566914048.0,104.30295370500397,32.29310144927536,ok,
776,2728813,0,1,7,nvjet_sm110_tst_144x128_64x6_4x1_v_bz_bias_TNN,"(16, 1, 1)","(256, 1, 1)","Vision: FFN contraction + bias | nvjet_sm110_tst_144x128_64x6_4x1_v_bz_bias_TNN | grid=(16, 1, 1) block=(256, 1, 1)",vlm.vision.camera2/nvjet_sm110_tst_144x128_64x6_4x1_v_bz_bias_TNN,vlm.vision.camera2,vlm,18,fp32_simt,79488.00000000001,l2,24610176.0,,884736.0,0.03595000702148575,0.011130434782608695,ok,
777,2728813,0,1,7,triton_red_fused_add_native_layer_norm_view_6,"(128, 1, 1)","(128, 1, 1)","Vision: residual/LayerNorm fusion 6 | triton_red_fused_add_native_layer_norm_view_6 | grid=(128, 1, 1) block=(128, 1, 1)",vlm.vision.camera2/triton_red_fused_add_native_layer_norm_view_6,vlm.vision.camera2,vlm,34,bf16_tensor,20704.0,l2,1914592.0,,0.0,,,zero_counted_flops,
777,2728813,0,1,7,triton_red_fused_add_native_layer_norm_view_6,"(128, 1, 1)","(128, 1, 1)","Vision: residual/LayerNorm fusion 6 | triton_red_fused_add_native_layer_norm_view_6 | grid=(128, 1, 1) block=(128, 1, 1)",vlm.vision.camera2/triton_red_fused_add_native_layer_norm_view_6,vlm.vision.camera2,vlm,34,fp32_simt,20704.0,l2,1914592.0,,5215160.0,2.7239014891945645,0.2518914219474498,ok,
778,2728813,0,1,7,nvjet_sm110_tst_128x128_64x6_1x2_h_bz_bias_TNT,"(18, 1, 1)","(256, 1, 1)","Vision: attention Q/K/V/O projections | nvjet_sm110_tst_128x128_64x6_1x2_h_bz_bias_TNT | grid=(18, 1, 1) block=(256, 1, 1)",vlm.vision.camera2/nvjet_sm110_tst_128x128_64x6_1x2_h_bz_bias_TNT,vlm.vision.camera2,vlm,24,bf16_tensor,27712.0,l2,7998112.0,,679477248.0,84.95470531045326,24.51924249422633,ok,
778,2728813,0,1,7,nvjet_sm110_tst_128x128_64x6_1x2_h_bz_bias_TNT,"(18, 1, 1)","(256, 1, 1)","Vision: attention Q/K/V/O projections | nvjet_sm110_tst_128x128_64x6_1x2_h_bz_bias_TNT | grid=(18, 1, 1) block=(256, 1, 1)",vlm.vision.camera2/nvjet_sm110_tst_128x128_64x6_1x2_h_bz_bias_TNT,vlm.vision.camera2,vlm,24,fp32_simt,27712.0,l2,7998112.0,,884736.0,0.11061810587298603,0.03192609699769053,ok,
779,2728813,0,1,7,nvjet_sm110_tst_128x128_64x6_1x2_h_bz_bias_TNT,"(18, 1, 1)","(256, 1, 1)","Vision: attention Q/K/V/O projections | nvjet_sm110_tst_128x128_64x6_1x2_h_bz_bias_TNT | grid=(18, 1, 1) block=(256, 1, 1)",vlm.vision.camera2/nvjet_sm110_tst_128x128_64x6_1x2_h_bz_bias_TNT,vlm.vision.camera2,vlm,24,bf16_tensor,24320.0,l2,8022080.0,,679477248.0,84.70088156687542,27.939031578947368,ok,
779,2728813,0,1,7,nvjet_sm110_tst_128x128_64x6_1x2_h_bz_bias_TNT,"(18, 1, 1)","(256, 1, 1)","Vision: attention Q/K/V/O projections | nvjet_sm110_tst_128x128_64x6_1x2_h_bz_bias_TNT | grid=(18, 1, 1) block=(256, 1, 1)",vlm.vision.camera2/nvjet_sm110_tst_128x128_64x6_1x2_h_bz_bias_TNT,vlm.vision.camera2,vlm,24,fp32_simt,24320.0,l2,8022080.0,,884736.0,0.11028760620686905,0.03637894736842105,ok,
780,2728813,0,1,7,nvjet_sm110_tst_128x128_64x6_1x2_h_bz_bias_TNT,"(18, 1, 1)","(256, 1, 1)","Vision: attention Q/K/V/O projections | nvjet_sm110_tst_128x128_64x6_1x2_h_bz_bias_TNT | grid=(18, 1, 1) block=(256, 1, 1)",vlm.vision.camera2/nvjet_sm110_tst_128x128_64x6_1x2_h_bz_bias_TNT,vlm.vision.camera2,vlm,24,bf16_tensor,25600.000000000004,l2,8008704.0,,679477248.0,84.84234752589182,26.542079999999995,ok,
780,2728813,0,1,7,nvjet_sm110_tst_128x128_64x6_1x2_h_bz_bias_TNT,"(18, 1, 1)","(256, 1, 1)","Vision: attention Q/K/V/O projections | nvjet_sm110_tst_128x128_64x6_1x2_h_bz_bias_TNT | grid=(18, 1, 1) block=(256, 1, 1)",vlm.vision.camera2/nvjet_sm110_tst_128x128_64x6_1x2_h_bz_bias_TNT,vlm.vision.camera2,vlm,24,fp32_simt,25600.000000000004,l2,8008704.0,,884736.0,0.11047180667433831,0.03456,ok,
781,2728813,0,1,7,"void pytorch_flash::flash_fwd_kernel<Flash_fwd_kernel_traits<96, 128, 64, 4, 0, 0, cutlass::bfloat16_t, Flash_kernel_traits<96, 128, 64, 4, cutlass::bfloat16_t>>, 0, 0, 0, 0, 0, 0, 0, 0>(pytorch_flash::Flash_fwd_params)","(2, 1, 16)","(128, 1, 1)","Vision: FlashAttention | void pytorch_flash::flash_fwd_kernel<Flash_fwd_kernel_traits<96, 128, 64, 4, 0, 0, cutlass::bfloat16_t, Flash_kernel_traits<96, 128, 64, 4, cutlass::bfloat16_t>>, 0, 0, 0, 0, 0, 0, 0, 0>(pytorch_flash::Flash_fwd_params) | grid=(2, 1, 16) block=(128, 1, 1)","vlm.vision.camera2/void pytorch_flash::flash_fwd_kernel<Flash_fwd_kernel_traits<(int)96, (int)128, (int)64, (int)4, (bool)0, (bool)0, cutlass::bfloat16_t, Flash_kernel_traits<(int)96, (int)128, (int)64, (int)4, cutlass::bfloat16_t>>, (bool)0, (bool)0, (bool)0, (bool)0, (bool)0, (bool)0, (bool)0, (bool)0>(pytorch_flash::Flash_fwd_params)",vlm.vision.camera2,vlm,20,bf16_tensor,31104.0,l2,5478688.0,,402653184.0,73.49445414668621,12.945382716049382,ok,
781,2728813,0,1,7,"void pytorch_flash::flash_fwd_kernel<Flash_fwd_kernel_traits<96, 128, 64, 4, 0, 0, cutlass::bfloat16_t, Flash_kernel_traits<96, 128, 64, 4, cutlass::bfloat16_t>>, 0, 0, 0, 0, 0, 0, 0, 0>(pytorch_flash::Flash_fwd_params)","(2, 1, 16)","(128, 1, 1)","Vision: FlashAttention | void pytorch_flash::flash_fwd_kernel<Flash_fwd_kernel_traits<96, 128, 64, 4, 0, 0, cutlass::bfloat16_t, Flash_kernel_traits<96, 128, 64, 4, cutlass::bfloat16_t>>, 0, 0, 0, 0, 0, 0, 0, 0>(pytorch_flash::Flash_fwd_params) | grid=(2, 1, 16) block=(128, 1, 1)","vlm.vision.camera2/void pytorch_flash::flash_fwd_kernel<Flash_fwd_kernel_traits<(int)96, (int)128, (int)64, (int)4, (bool)0, (bool)0, cutlass::bfloat16_t, Flash_kernel_traits<(int)96, (int)128, (int)64, (int)4, cutlass::bfloat16_t>>, (bool)0, (bool)0, (bool)0, (bool)0, (bool)0, (bool)0, (bool)0, (bool)0>(pytorch_flash::Flash_fwd_params)",vlm.vision.camera2,vlm,20,fp32_simt,31104.0,l2,5478688.0,,5079040.0,0.9270540684193004,0.16329218106995885,ok,
782,2728813,0,1,7,nvjet_sm110_tst_128x128_64x6_1x2_h_bz_bias_TNT,"(18, 1, 1)","(256, 1, 1)","Vision: attention Q/K/V/O projections | nvjet_sm110_tst_128x128_64x6_1x2_h_bz_bias_TNT | grid=(18, 1, 1) block=(256, 1, 1)",vlm.vision.camera2/nvjet_sm110_tst_128x128_64x6_1x2_h_bz_bias_TNT,vlm.vision.camera2,vlm,24,bf16_tensor,29920.0,l2,8002848.0,,679477248.0,84.90443002291184,22.709801069518715,ok,
782,2728813,0,1,7,nvjet_sm110_tst_128x128_64x6_1x2_h_bz_bias_TNT,"(18, 1, 1)","(256, 1, 1)","Vision: attention Q/K/V/O projections | nvjet_sm110_tst_128x128_64x6_1x2_h_bz_bias_TNT | grid=(18, 1, 1) block=(256, 1, 1)",vlm.vision.camera2/nvjet_sm110_tst_128x128_64x6_1x2_h_bz_bias_TNT,vlm.vision.camera2,vlm,24,fp32_simt,29920.0,l2,8002848.0,,884736.0,0.1105526432589998,0.029570053475935828,ok,
783,2728813,0,1,7,triton_red_fused_add_native_layer_norm_view_7,"(256, 1, 1)","(64, 1, 1)","Vision: residual/LayerNorm fusion 7 | triton_red_fused_add_native_layer_norm_view_7 | grid=(256, 1, 1) block=(64, 1, 1)",vlm.vision.camera2/triton_red_fused_add_native_layer_norm_view_7,vlm.vision.camera2,vlm,35,bf16_tensor,25888.0,l2,2544000.0,,0.0,,,zero_counted_flops,
783,2728813,0,1,7,triton_red_fused_add_native_layer_norm_view_7,"(256, 1, 1)","(64, 1, 1)","Vision: residual/LayerNorm fusion 7 | triton_red_fused_add_native_layer_norm_view_7 | grid=(256, 1, 1) block=(64, 1, 1)",vlm.vision.camera2/triton_red_fused_add_native_layer_norm_view_7,vlm.vision.camera2,vlm,35,fp32_simt,25888.0,l2,2544000.0,,5391576.0,2.1193301886792453,0.20826545117428924,ok,
784,2728813,0,1,7,nvjet_sm110_tst_224x128_64x7_1x2_2cta_h_bz_bias_TNN,"(40, 1, 1)","(256, 1, 1)","Vision: FFN expansion + bias | nvjet_sm110_tst_224x128_64x7_1x2_2cta_h_bz_bias_TNN | grid=(40, 1, 1) block=(256, 1, 1)",vlm.vision.camera2/nvjet_sm110_tst_224x128_64x7_1x2_2cta_h_bz_bias_TNN,vlm.vision.camera2,vlm,19,bf16_tensor,78784.00000000001,l2,23400640.0,,2642411520.0,112.92048080736254,33.53995125913891,ok,
784,2728813,0,1,7,nvjet_sm110_tst_224x128_64x7_1x2_2cta_h_bz_bias_TNN,"(40, 1, 1)","(256, 1, 1)","Vision: FFN expansion + bias | nvjet_sm110_tst_224x128_64x7_1x2_2cta_h_bz_bias_TNN | grid=(40, 1, 1) block=(256, 1, 1)",vlm.vision.camera2/nvjet_sm110_tst_224x128_64x7_1x2_2cta_h_bz_bias_TNN,vlm.vision.camera2,vlm,19,fp32_simt,78784.00000000001,l2,23400640.0,,3440640.0,0.14703187605125329,0.04367181153533712,ok,
785,2728813,0,1,7,triton_poi_fused_gelu_view_5,"(2152, 1, 1)","(128, 1, 1)","Vision: FFN GELU | triton_poi_fused_gelu_view_5 | grid=(2152, 1, 1) block=(128, 1, 1)",vlm.vision.camera2/triton_poi_fused_gelu_view_5,vlm.vision.camera2,vlm,17,bf16_tensor,21792.0,l2,4458112.0,,0.0,,,zero_counted_flops,
785,2728813,0,1,7,triton_poi_fused_gelu_view_5,"(2152, 1, 1)","(128, 1, 1)","Vision: FFN GELU | triton_poi_fused_gelu_view_5 | grid=(2152, 1, 1) block=(128, 1, 1)",vlm.vision.camera2/triton_poi_fused_gelu_view_5,vlm.vision.camera2,vlm,17,fp32_simt,21792.0,l2,4458112.0,,14348786.0,3.218579075626633,0.6584428230543318,ok,
786,2728813,0,1,7,nvjet_sm110_tst_144x128_64x6_4x1_v_bz_bias_TNN,"(16, 1, 1)","(256, 1, 1)","Vision: FFN contraction + bias | nvjet_sm110_tst_144x128_64x6_4x1_v_bz_bias_TNN | grid=(16, 1, 1) block=(256, 1, 1)",vlm.vision.camera2/nvjet_sm110_tst_144x128_64x6_4x1_v_bz_bias_TNN,vlm.vision.camera2,vlm,18,bf16_tensor,79456.0,l2,24607328.0,,2566914048.0,104.31502550784872,32.30610712847362,ok,
786,2728813,0,1,7,nvjet_sm110_tst_144x128_64x6_4x1_v_bz_bias_TNN,"(16, 1, 1)","(256, 1, 1)","Vision: FFN contraction + bias | nvjet_sm110_tst_144x128_64x6_4x1_v_bz_bias_TNN | grid=(16, 1, 1) block=(256, 1, 1)",vlm.vision.camera2/nvjet_sm110_tst_144x128_64x6_4x1_v_bz_bias_TNN,vlm.vision.camera2,vlm,18,fp32_simt,79456.0,l2,24607328.0,,884736.0,0.035954167799120654,0.011134917438582359,ok,
787,2728813,0,1,7,triton_red_fused_add_native_layer_norm_view_8,"(256, 1, 1)","(64, 1, 1)","Vision: residual/LayerNorm fusion 8 | triton_red_fused_add_native_layer_norm_view_8 | grid=(256, 1, 1) block=(64, 1, 1)",vlm.vision.camera2/triton_red_fused_add_native_layer_norm_view_8,vlm.vision.camera2,vlm,36,bf16_tensor,26688.000000000004,l2,3165568.0,,0.0,,,zero_counted_flops,
787,2728813,0,1,7,triton_red_fused_add_native_layer_norm_view_8,"(256, 1, 1)","(64, 1, 1)","Vision: residual/LayerNorm fusion 8 | triton_red_fused_add_native_layer_norm_view_8 | grid=(256, 1, 1) block=(64, 1, 1)",vlm.vision.camera2/triton_red_fused_add_native_layer_norm_view_8,vlm.vision.camera2,vlm,36,fp32_simt,26688.000000000004,l2,3165568.0,,6619136.0,2.0909789333225506,0.24801918465227818,ok,
788,2728813,0,1,7,nvjet_sm110_tst_128x128_64x6_1x2_h_bz_bias_TNT,"(18, 1, 1)","(256, 1, 1)","Vision: attention Q/K/V/O projections | nvjet_sm110_tst_128x128_64x6_1x2_h_bz_bias_TNT | grid=(18, 1, 1) block=(256, 1, 1)",vlm.vision.camera2/nvjet_sm110_tst_128x128_64x6_1x2_h_bz_bias_TNT,vlm.vision.camera2,vlm,24,bf16_tensor,28544.000000000004,l2,8000448.0,,679477248.0,84.92989992560416,23.804556053811655,ok,
788,2728813,0,1,7,nvjet_sm110_tst_128x128_64x6_1x2_h_bz_bias_TNT,"(18, 1, 1)","(256, 1, 1)","Vision: attention Q/K/V/O projections | nvjet_sm110_tst_128x128_64x6_1x2_h_bz_bias_TNT | grid=(18, 1, 1) block=(256, 1, 1)",vlm.vision.camera2/nvjet_sm110_tst_128x128_64x6_1x2_h_bz_bias_TNT,vlm.vision.camera2,vlm,24,fp32_simt,28544.000000000004,l2,8000448.0,,884736.0,0.11058580719479709,0.030995515695067262,ok,
789,2728813,0,1,7,nvjet_sm110_tst_128x128_64x6_1x2_h_bz_bias_TNT,"(18, 1, 1)","(256, 1, 1)","Vision: attention Q/K/V/O projections | nvjet_sm110_tst_128x128_64x6_1x2_h_bz_bias_TNT | grid=(18, 1, 1) block=(256, 1, 1)",vlm.vision.camera2/nvjet_sm110_tst_128x128_64x6_1x2_h_bz_bias_TNT,vlm.vision.camera2,vlm,24,bf16_tensor,29280.0,l2,8002560.0,,679477248.0,84.90748560460652,23.206190163934426,ok,
789,2728813,0,1,7,nvjet_sm110_tst_128x128_64x6_1x2_h_bz_bias_TNT,"(18, 1, 1)","(256, 1, 1)","Vision: attention Q/K/V/O projections | nvjet_sm110_tst_128x128_64x6_1x2_h_bz_bias_TNT | grid=(18, 1, 1) block=(256, 1, 1)",vlm.vision.camera2/nvjet_sm110_tst_128x128_64x6_1x2_h_bz_bias_TNT,vlm.vision.camera2,vlm,24,fp32_simt,29280.0,l2,8002560.0,,884736.0,0.11055662188099807,0.03021639344262295,ok,
790,2728813,0,1,7,nvjet_sm110_tst_128x128_64x6_1x2_h_bz_bias_TNT,"(18, 1, 1)","(256, 1, 1)","Vision: attention Q/K/V/O projections | nvjet_sm110_tst_128x128_64x6_1x2_h_bz_bias_TNT | grid=(18, 1, 1) block=(256, 1, 1)",vlm.vision.camera2/nvjet_sm110_tst_128x128_64x6_1x2_h_bz_bias_TNT,vlm.vision.camera2,vlm,24,bf16_tensor,27008.000000000004,l2,8003040.0,,679477248.0,84.90239309062557,25.15836966824644,ok,
790,2728813,0,1,7,nvjet_sm110_tst_128x128_64x6_1x2_h_bz_bias_TNT,"(18, 1, 1)","(256, 1, 1)","Vision: attention Q/K/V/O projections | nvjet_sm110_tst_128x128_64x6_1x2_h_bz_bias_TNT | grid=(18, 1, 1) block=(256, 1, 1)",vlm.vision.camera2/nvjet_sm110_tst_128x128_64x6_1x2_h_bz_bias_TNT,vlm.vision.camera2,vlm,24,fp32_simt,27008.000000000004,l2,8003040.0,,884736.0,0.1105499910034187,0.03275829383886256,ok,
791,2728813,0,1,7,"void pytorch_flash::flash_fwd_kernel<Flash_fwd_kernel_traits<96, 128, 64, 4, 0, 0, cutlass::bfloat16_t, Flash_kernel_traits<96, 128, 64, 4, cutlass::bfloat16_t>>, 0, 0, 0, 0, 0, 0, 0, 0>(pytorch_flash::Flash_fwd_params)","(2, 1, 16)","(128, 1, 1)","Vision: FlashAttention | void pytorch_flash::flash_fwd_kernel<Flash_fwd_kernel_traits<96, 128, 64, 4, 0, 0, cutlass::bfloat16_t, Flash_kernel_traits<96, 128, 64, 4, cutlass::bfloat16_t>>, 0, 0, 0, 0, 0, 0, 0, 0>(pytorch_flash::Flash_fwd_params) | grid=(2, 1, 16) block=(128, 1, 1)","vlm.vision.camera2/void pytorch_flash::flash_fwd_kernel<Flash_fwd_kernel_traits<(int)96, (int)128, (int)64, (int)4, (bool)0, (bool)0, cutlass::bfloat16_t, Flash_kernel_traits<(int)96, (int)128, (int)64, (int)4, cutlass::bfloat16_t>>, (bool)0, (bool)0, (bool)0, (bool)0, (bool)0, (bool)0, (bool)0, (bool)0>(pytorch_flash::Flash_fwd_params)",vlm.vision.camera2,vlm,20,bf16_tensor,30624.000000000004,l2,5481824.0,,402653184.0,73.45241000075887,13.148288401253916,ok,
791,2728813,0,1,7,"void pytorch_flash::flash_fwd_kernel<Flash_fwd_kernel_traits<96, 128, 64, 4, 0, 0, cutlass::bfloat16_t, Flash_kernel_traits<96, 128, 64, 4, cutlass::bfloat16_t>>, 0, 0, 0, 0, 0, 0, 0, 0>(pytorch_flash::Flash_fwd_params)","(2, 1, 16)","(128, 1, 1)","Vision: FlashAttention | void pytorch_flash::flash_fwd_kernel<Flash_fwd_kernel_traits<96, 128, 64, 4, 0, 0, cutlass::bfloat16_t, Flash_kernel_traits<96, 128, 64, 4, cutlass::bfloat16_t>>, 0, 0, 0, 0, 0, 0, 0, 0>(pytorch_flash::Flash_fwd_params) | grid=(2, 1, 16) block=(128, 1, 1)","vlm.vision.camera2/void pytorch_flash::flash_fwd_kernel<Flash_fwd_kernel_traits<(int)96, (int)128, (int)64, (int)4, (bool)0, (bool)0, cutlass::bfloat16_t, Flash_kernel_traits<(int)96, (int)128, (int)64, (int)4, cutlass::bfloat16_t>>, (bool)0, (bool)0, (bool)0, (bool)0, (bool)0, (bool)0, (bool)0, (bool)0>(pytorch_flash::Flash_fwd_params)",vlm.vision.camera2,vlm,20,fp32_simt,30624.000000000004,l2,5481824.0,,5079040.0,0.9265237264093119,0.1658516196447231,ok,
792,2728813,0,1,7,nvjet_sm110_tst_128x128_64x6_1x2_h_bz_bias_TNT,"(18, 1, 1)","(256, 1, 1)","Vision: attention Q/K/V/O projections | nvjet_sm110_tst_128x128_64x6_1x2_h_bz_bias_TNT | grid=(18, 1, 1) block=(256, 1, 1)",vlm.vision.camera2/nvjet_sm110_tst_128x128_64x6_1x2_h_bz_bias_TNT,vlm.vision.camera2,vlm,24,bf16_tensor,29728.0,l2,8003424.0,,679477248.0,84.89831951924576,22.85647362755651,ok,
792,2728813,0,1,7,nvjet_sm110_tst_128x128_64x6_1x2_h_bz_bias_TNT,"(18, 1, 1)","(256, 1, 1)","Vision: attention Q/K/V/O projections | nvjet_sm110_tst_128x128_64x6_1x2_h_bz_bias_TNT | grid=(18, 1, 1) block=(256, 1, 1)",vlm.vision.camera2/nvjet_sm110_tst_128x128_64x6_1x2_h_bz_bias_TNT,vlm.vision.camera2,vlm,24,fp32_simt,29728.0,l2,8003424.0,,884736.0,0.11054468687401792,0.029761033369214207,ok,
793,2728813,0,1,7,triton_red_fused_add_native_layer_norm_view_9,"(256, 1, 1)","(512, 1, 1)","Vision: residual/LayerNorm fusion 9 | triton_red_fused_add_native_layer_norm_view_9 | grid=(256, 1, 1) block=(512, 1, 1)",vlm.vision.camera2/triton_red_fused_add_native_layer_norm_view_9,vlm.vision.camera2,vlm,37,bf16_tensor,29120.000000000004,l2,4272672.0,,0.0,,,zero_counted_flops,
793,2728813,0,1,7,triton_red_fused_add_native_layer_norm_view_9,"(256, 1, 1)","(512, 1, 1)","Vision: residual/LayerNorm fusion 9 | triton_red_fused_add_native_layer_norm_view_9 | grid=(256, 1, 1) block=(512, 1, 1)",vlm.vision.camera2/triton_red_fused_add_native_layer_norm_view_9,vlm.vision.camera2,vlm,37,fp32_simt,29120.000000000004,l2,4272672.0,,21904016.0,5.126538147557313,0.7521983516483516,ok,
794,2728813,0,1,7,nvjet_sm110_tst_224x128_64x7_1x2_2cta_h_bz_bias_TNN,"(40, 1, 1)","(256, 1, 1)","Vision: FFN expansion + bias | nvjet_sm110_tst_224x128_64x7_1x2_2cta_h_bz_bias_TNN | grid=(40, 1, 1) block=(256, 1, 1)",vlm.vision.camera2/nvjet_sm110_tst_224x128_64x7_1x2_2cta_h_bz_bias_TNN,vlm.vision.camera2,vlm,19,bf16_tensor,65504.0,l2,23140288.0,,2642411520.0,114.19095216101027,40.339697117733266,ok,
794,2728813,0,1,7,nvjet_sm110_tst_224x128_64x7_1x2_2cta_h_bz_bias_TNN,"(40, 1, 1)","(256, 1, 1)","Vision: FFN expansion + bias | nvjet_sm110_tst_224x128_64x7_1x2_2cta_h_bz_bias_TNN | grid=(40, 1, 1) block=(256, 1, 1)",vlm.vision.camera2/nvjet_sm110_tst_224x128_64x7_1x2_2cta_h_bz_bias_TNN,vlm.vision.camera2,vlm,19,fp32_simt,65504.0,l2,23140288.0,,3440640.0,0.14868613562631544,0.05252564728871519,ok,
795,2728813,0,1,7,triton_poi_fused_gelu_view_5,"(2152, 1, 1)","(128, 1, 1)","Vision: FFN GELU | triton_poi_fused_gelu_view_5 | grid=(2152, 1, 1) block=(128, 1, 1)",vlm.vision.camera2/triton_poi_fused_gelu_view_5,vlm.vision.camera2,vlm,17,bf16_tensor,24672.0,l2,4461824.0,,0.0,,,zero_counted_flops,
795,2728813,0,1,7,triton_poi_fused_gelu_view_5,"(2152, 1, 1)","(128, 1, 1)","Vision: FFN GELU | triton_poi_fused_gelu_view_5 | grid=(2152, 1, 1) block=(128, 1, 1)",vlm.vision.camera2/triton_poi_fused_gelu_view_5,vlm.vision.camera2,vlm,17,fp32_simt,24672.0,l2,4461824.0,,14336130.0,3.2130648810889895,0.5810688229571985,ok,
796,2728813,0,1,7,nvjet_sm110_tst_144x128_64x6_4x1_v_bz_bias_TNN,"(16, 1, 1)","(256, 1, 1)","Vision: FFN contraction + bias | nvjet_sm110_tst_144x128_64x6_4x1_v_bz_bias_TNN | grid=(16, 1, 1) block=(256, 1, 1)",vlm.vision.camera2/nvjet_sm110_tst_144x128_64x6_4x1_v_bz_bias_TNN,vlm.vision.camera2,vlm,18,bf16_tensor,85184.0,l2,24633184.0,,2566914048.0,104.20553217968087,30.13375807663411,ok,
796,2728813,0,1,7,nvjet_sm110_tst_144x128_64x6_4x1_v_bz_bias_TNN,"(16, 1, 1)","(256, 1, 1)","Vision: FFN contraction + bias | nvjet_sm110_tst_144x128_64x6_4x1_v_bz_bias_TNN | grid=(16, 1, 1) block=(256, 1, 1)",vlm.vision.camera2/nvjet_sm110_tst_144x128_64x6_4x1_v_bz_bias_TNN,vlm.vision.camera2,vlm,18,fp32_simt,85184.0,l2,24633184.0,,884736.0,0.0359164288303128,0.01038617580766341,ok,
797,2728813,0,1,7,triton_red_fused_add_native_layer_norm_view_6,"(128, 1, 1)","(128, 1, 1)","Vision: residual/LayerNorm fusion 6 | triton_red_fused_add_native_layer_norm_view_6 | grid=(128, 1, 1) block=(128, 1, 1)",vlm.vision.camera2/triton_red_fused_add_native_layer_norm_view_6,vlm.vision.camera2,vlm,34,bf16_tensor,24640.0,l2,1921600.0,,0.0,,,zero_counted_flops,
797,2728813,0,1,7,triton_red_fused_add_native_layer_norm_view_6,"(128, 1, 1)","(128, 1, 1)","Vision: residual/LayerNorm fusion 6 | triton_red_fused_add_native_layer_norm_view_6 | grid=(128, 1, 1) block=(128, 1, 1)",vlm.vision.camera2/triton_red_fused_add_native_layer_norm_view_6,vlm.vision.camera2,vlm,34,fp32_simt,24640.0,l2,1921600.0,,5217256.0,2.715058284762698,0.2117392857142857,ok,
798,2728813,0,1,7,nvjet_sm110_tst_128x128_64x6_1x2_h_bz_bias_TNT,"(18, 1, 1)","(256, 1, 1)","Vision: attention Q/K/V/O projections | nvjet_sm110_tst_128x128_64x6_1x2_h_bz_bias_TNT | grid=(18, 1, 1) block=(256, 1, 1)",vlm.vision.camera2/nvjet_sm110_tst_128x128_64x6_1x2_h_bz_bias_TNT,vlm.vision.camera2,vlm,24,bf16_tensor,23424.0,l2,7990912.0,,679477248.0,85.03125150170594,29.007737704918032,ok,
798,2728813,0,1,7,nvjet_sm110_tst_128x128_64x6_1x2_h_bz_bias_TNT,"(18, 1, 1)","(256, 1, 1)","Vision: attention Q/K/V/O projections | nvjet_sm110_tst_128x128_64x6_1x2_h_bz_bias_TNT | grid=(18, 1, 1) block=(256, 1, 1)",vlm.vision.camera2/nvjet_sm110_tst_128x128_64x6_1x2_h_bz_bias_TNT,vlm.vision.camera2,vlm,24,fp32_simt,23424.0,l2,7990912.0,,884736.0,0.11071777539284627,0.03777049180327869,ok,
799,2728813,0,1,7,nvjet_sm110_tst_128x128_64x6_1x2_h_bz_bias_TNT,"(18, 1, 1)","(256, 1, 1)","Vision: attention Q/K/V/O projections | nvjet_sm110_tst_128x128_64x6_1x2_h_bz_bias_TNT | grid=(18, 1, 1) block=(256, 1, 1)",vlm.vision.camera2/nvjet_sm110_tst_128x128_64x6_1x2_h_bz_bias_TNT,vlm.vision.camera2,vlm,24,bf16_tensor,30912.000000000004,l2,7997824.0,,679477248.0,84.95776451194725,21.981018633540373,ok,
799,2728813,0,1,7,nvjet_sm110_tst_128x128_64x6_1x2_h_bz_bias_TNT,"(18, 1, 1)","(256, 1, 1)","Vision: attention Q/K/V/O projections | nvjet_sm110_tst_128x128_64x6_1x2_h_bz_bias_TNT | grid=(18, 1, 1) block=(256, 1, 1)",vlm.vision.camera2/nvjet_sm110_tst_128x128_64x6_1x2_h_bz_bias_TNT,vlm.vision.camera2,vlm,24,fp32_simt,30912.000000000004,l2,7997824.0,,884736.0,0.11062208920826465,0.028621118012422356,ok,
800,2728813,0,1,7,nvjet_sm110_tst_128x128_64x6_1x2_h_bz_bias_TNT,"(18, 1, 1)","(256, 1, 1)","Vision: attention Q/K/V/O projections | nvjet_sm110_tst_128x128_64x6_1x2_h_bz_bias_TNT | grid=(18, 1, 1) block=(256, 1, 1)",vlm.vision.camera2/nvjet_sm110_tst_128x128_64x6_1x2_h_bz_bias_TNT,vlm.vision.camera2,vlm,24,bf16_tensor,26624.0,l2,8000032.0,,679477248.0,84.93431626273495,25.52123076923077,ok,
800,2728813,0,1,7,nvjet_sm110_tst_128x128_64x6_1x2_h_bz_bias_TNT,"(18, 1, 1)","(256, 1, 1)","Vision: attention Q/K/V/O projections | nvjet_sm110_tst_128x128_64x6_1x2_h_bz_bias_TNT | grid=(18, 1, 1) block=(256, 1, 1)",vlm.vision.camera2/nvjet_sm110_tst_128x128_64x6_1x2_h_bz_bias_TNT,vlm.vision.camera2,vlm,24,fp32_simt,26624.0,l2,8000032.0,,884736.0,0.11059155763376946,0.03323076923076923,ok,
801,2728813,0,1,7,"void pytorch_flash::flash_fwd_kernel<Flash_fwd_kernel_traits<96, 128, 64, 4, 0, 0, cutlass::bfloat16_t, Flash_kernel_traits<96, 128, 64, 4, cutlass::bfloat16_t>>, 0, 0, 0, 0, 0, 0, 0, 0>(pytorch_flash::Flash_fwd_params)","(2, 1, 16)","(128, 1, 1)","Vision: FlashAttention | void pytorch_flash::flash_fwd_kernel<Flash_fwd_kernel_traits<96, 128, 64, 4, 0, 0, cutlass::bfloat16_t, Flash_kernel_traits<96, 128, 64, 4, cutlass::bfloat16_t>>, 0, 0, 0, 0, 0, 0, 0, 0>(pytorch_flash::Flash_fwd_params) | grid=(2, 1, 16) block=(128, 1, 1)","vlm.vision.camera2/void pytorch_flash::flash_fwd_kernel<Flash_fwd_kernel_traits<(int)96, (int)128, (int)64, (int)4, (bool)0, (bool)0, cutlass::bfloat16_t, Flash_kernel_traits<(int)96, (int)128, (int)64, (int)4, cutlass::bfloat16_t>>, (bool)0, (bool)0, (bool)0, (bool)0, (bool)0, (bool)0, (bool)0, (bool)0>(pytorch_flash::Flash_fwd_params)",vlm.vision.camera2,vlm,20,bf16_tensor,31200.0,l2,5477056.0,,402653184.0,73.51635331097583,12.90555076923077,ok,
801,2728813,0,1,7,"void pytorch_flash::flash_fwd_kernel<Flash_fwd_kernel_traits<96, 128, 64, 4, 0, 0, cutlass::bfloat16_t, Flash_kernel_traits<96, 128, 64, 4, cutlass::bfloat16_t>>, 0, 0, 0, 0, 0, 0, 0, 0>(pytorch_flash::Flash_fwd_params)","(2, 1, 16)","(128, 1, 1)","Vision: FlashAttention | void pytorch_flash::flash_fwd_kernel<Flash_fwd_kernel_traits<96, 128, 64, 4, 0, 0, cutlass::bfloat16_t, Flash_kernel_traits<96, 128, 64, 4, cutlass::bfloat16_t>>, 0, 0, 0, 0, 0, 0, 0, 0>(pytorch_flash::Flash_fwd_params) | grid=(2, 1, 16) block=(128, 1, 1)","vlm.vision.camera2/void pytorch_flash::flash_fwd_kernel<Flash_fwd_kernel_traits<(int)96, (int)128, (int)64, (int)4, (bool)0, (bool)0, cutlass::bfloat16_t, Flash_kernel_traits<(int)96, (int)128, (int)64, (int)4, cutlass::bfloat16_t>>, (bool)0, (bool)0, (bool)0, (bool)0, (bool)0, (bool)0, (bool)0, (bool)0>(pytorch_flash::Flash_fwd_params)",vlm.vision.camera2,vlm,20,fp32_simt,31200.0,l2,5477056.0,,5079040.0,0.9273303029948936,0.1627897435897436,ok,
802,2728813,0,1,7,nvjet_sm110_tst_128x128_64x6_1x2_h_bz_bias_TNT,"(18, 1, 1)","(256, 1, 1)","Vision: attention Q/K/V/O projections | nvjet_sm110_tst_128x128_64x6_1x2_h_bz_bias_TNT | grid=(18, 1, 1) block=(256, 1, 1)",vlm.vision.camera2/nvjet_sm110_tst_128x128_64x6_1x2_h_bz_bias_TNT,vlm.vision.camera2,vlm,24,bf16_tensor,27040.000000000004,l2,7999648.0,,679477248.0,84.93839328930473,25.12859644970414,ok,
802,2728813,0,1,7,nvjet_sm110_tst_128x128_64x6_1x2_h_bz_bias_TNT,"(18, 1, 1)","(256, 1, 1)","Vision: attention Q/K/V/O projections | nvjet_sm110_tst_128x128_64x6_1x2_h_bz_bias_TNT | grid=(18, 1, 1) block=(256, 1, 1)",vlm.vision.camera2/nvjet_sm110_tst_128x128_64x6_1x2_h_bz_bias_TNT,vlm.vision.camera2,vlm,24,fp32_simt,27040.000000000004,l2,7999648.0,,884736.0,0.11059686626211554,0.032719526627218935,ok,
803,2728813,0,1,7,triton_red_fused_add_native_layer_norm_view_7,"(256, 1, 1)","(64, 1, 1)","Vision: residual/LayerNorm fusion 7 | triton_red_fused_add_native_layer_norm_view_7 | grid=(256, 1, 1) block=(64, 1, 1)",vlm.vision.camera2/triton_red_fused_add_native_layer_norm_view_7,vlm.vision.camera2,vlm,35,bf16_tensor,23456.0,l2,2565152.0,,0.0,,,zero_counted_flops,
803,2728813,0,1,7,triton_red_fused_add_native_layer_norm_view_7,"(256, 1, 1)","(64, 1, 1)","Vision: residual/LayerNorm fusion 7 | triton_red_fused_add_native_layer_norm_view_7 | grid=(256, 1, 1) block=(64, 1, 1)",vlm.vision.camera2/triton_red_fused_add_native_layer_norm_view_7,vlm.vision.camera2,vlm,35,fp32_simt,23456.0,l2,2565152.0,,5392196.0,2.1020960941106024,0.2298855729877217,ok,
804,2728813,0,1,7,nvjet_sm110_tst_224x128_64x7_1x2_2cta_h_bz_bias_TNN,"(40, 1, 1)","(256, 1, 1)","Vision: FFN expansion + bias | nvjet_sm110_tst_224x128_64x7_1x2_2cta_h_bz_bias_TNN | grid=(40, 1, 1) block=(256, 1, 1)",vlm.vision.camera2/nvjet_sm110_tst_224x128_64x7_1x2_2cta_h_bz_bias_TNN,vlm.vision.camera2,vlm,19,bf16_tensor,57024.0,l2,23469536.0,,2642411520.0,112.58899707263066,46.33858585858586,ok,
804,2728813,0,1,7,nvjet_sm110_tst_224x128_64x7_1x2_2cta_h_bz_bias_TNN,"(40, 1, 1)","(256, 1, 1)","Vision: FFN expansion + bias | nvjet_sm110_tst_224x128_64x7_1x2_2cta_h_bz_bias_TNN | grid=(40, 1, 1) block=(256, 1, 1)",vlm.vision.camera2/nvjet_sm110_tst_224x128_64x7_1x2_2cta_h_bz_bias_TNN,vlm.vision.camera2,vlm,19,fp32_simt,57024.0,l2,23469536.0,,3440640.0,0.14660025660498785,0.060336700336700334,ok,
805,2728813,0,1,7,triton_poi_fused_gelu_view_5,"(2152, 1, 1)","(128, 1, 1)","Vision: FFN GELU | triton_poi_fused_gelu_view_5 | grid=(2152, 1, 1) block=(128, 1, 1)",vlm.vision.camera2/triton_poi_fused_gelu_view_5,vlm.vision.camera2,vlm,17,bf16_tensor,27360.000000000004,l2,4454560.0,,0.0,,,zero_counted_flops,
805,2728813,0,1,7,triton_poi_fused_gelu_view_5,"(2152, 1, 1)","(128, 1, 1)","Vision: FFN GELU | triton_poi_fused_gelu_view_5 | grid=(2152, 1, 1) block=(128, 1, 1)",vlm.vision.camera2/triton_poi_fused_gelu_view_5,vlm.vision.camera2,vlm,17,fp32_simt,27360.000000000004,l2,4454560.0,,14330082.0,3.2169466793577817,0.5237603070175438,ok,
806,2728813,0,1,7,nvjet_sm110_tst_144x128_64x6_4x1_v_bz_bias_TNN,"(16, 1, 1)","(256, 1, 1)","Vision: FFN contraction + bias | nvjet_sm110_tst_144x128_64x6_4x1_v_bz_bias_TNN | grid=(16, 1, 1) block=(256, 1, 1)",vlm.vision.camera2/nvjet_sm110_tst_144x128_64x6_4x1_v_bz_bias_TNN,vlm.vision.camera2,vlm,18,bf16_tensor,72416.0,l2,24653888.0,,2566914048.0,104.1180217903156,35.44678038002651,ok,
806,2728813,0,1,7,nvjet_sm110_tst_144x128_64x6_4x1_v_bz_bias_TNN,"(16, 1, 1)","(256, 1, 1)","Vision: FFN contraction + bias | nvjet_sm110_tst_144x128_64x6_4x1_v_bz_bias_TNN | grid=(16, 1, 1) block=(256, 1, 1)",vlm.vision.camera2/nvjet_sm110_tst_144x128_64x6_4x1_v_bz_bias_TNN,vlm.vision.camera2,vlm,18,fp32_simt,72416.0,l2,24653888.0,,884736.0,0.03588626670162532,0.012217410517012814,ok,
807,2728813,0,1,7,triton_red_fused_add_native_layer_norm_view_8,"(256, 1, 1)","(64, 1, 1)","Vision: residual/LayerNorm fusion 8 | triton_red_fused_add_native_layer_norm_view_8 | grid=(256, 1, 1) block=(64, 1, 1)",vlm.vision.camera2/triton_red_fused_add_native_layer_norm_view_8,vlm.vision.camera2,vlm,36,bf16_tensor,28000.000000000004,l2,3189824.0,,0.0,,,zero_counted_flops,
807,2728813,0,1,7,triton_red_fused_add_native_layer_norm_view_8,"(256, 1, 1)","(64, 1, 1)","Vision: residual/LayerNorm fusion 8 | triton_red_fused_add_native_layer_norm_view_8 | grid=(256, 1, 1) block=(64, 1, 1)",vlm.vision.camera2/triton_red_fused_add_native_layer_norm_view_8,vlm.vision.camera2,vlm,36,fp32_simt,28000.000000000004,l2,3189824.0,,6619136.0,2.0750787504263557,0.23639771428571427,ok,
808,2728813,0,1,7,nvjet_sm110_tst_128x128_64x6_1x2_h_bz_bias_TNT,"(18, 1, 1)","(256, 1, 1)","Vision: attention Q/K/V/O projections | nvjet_sm110_tst_128x128_64x6_1x2_h_bz_bias_TNT | grid=(18, 1, 1) block=(256, 1, 1)",vlm.vision.camera2/nvjet_sm110_tst_128x128_64x6_1x2_h_bz_bias_TNT,vlm.vision.camera2,vlm,24,bf16_tensor,26880.0,l2,7998880.0,,679477248.0,84.94654851679235,25.27817142857143,ok,
808,2728813,0,1,7,nvjet_sm110_tst_128x128_64x6_1x2_h_bz_bias_TNT,"(18, 1, 1)","(256, 1, 1)","Vision: attention Q/K/V/O projections | nvjet_sm110_tst_128x128_64x6_1x2_h_bz_bias_TNT | grid=(18, 1, 1) block=(256, 1, 1)",vlm.vision.camera2/nvjet_sm110_tst_128x128_64x6_1x2_h_bz_bias_TNT,vlm.vision.camera2,vlm,24,fp32_simt,26880.0,l2,7998880.0,,884736.0,0.11060748504790671,0.032914285714285715,ok,
809,2728813,0,1,7,nvjet_sm110_tst_128x128_64x6_1x2_h_bz_bias_TNT,"(18, 1, 1)","(256, 1, 1)","Vision: attention Q/K/V/O projections | nvjet_sm110_tst_128x128_64x6_1x2_h_bz_bias_TNT | grid=(18, 1, 1) block=(256, 1, 1)",vlm.vision.camera2/nvjet_sm110_tst_128x128_64x6_1x2_h_bz_bias_TNT,vlm.vision.camera2,vlm,24,bf16_tensor,31168.000000000004,l2,7996384.0,,679477248.0,84.97306382484884,21.80047638603696,ok,
809,2728813,0,1,7,nvjet_sm110_tst_128x128_64x6_1x2_h_bz_bias_TNT,"(18, 1, 1)","(256, 1, 1)","Vision: attention Q/K/V/O projections | nvjet_sm110_tst_128x128_64x6_1x2_h_bz_bias_TNT | grid=(18, 1, 1) block=(256, 1, 1)",vlm.vision.camera2/nvjet_sm110_tst_128x128_64x6_1x2_h_bz_bias_TNT,vlm.vision.camera2,vlm,24,fp32_simt,31168.000000000004,l2,7996384.0,,884736.0,0.11064201018860526,0.02838603696098562,ok,
810,2728813,0,1,7,nvjet_sm110_tst_128x128_64x6_1x2_h_bz_bias_TNT,"(18, 1, 1)","(256, 1, 1)","Vision: attention Q/K/V/O projections | nvjet_sm110_tst_128x128_64x6_1x2_h_bz_bias_TNT | grid=(18, 1, 1) block=(256, 1, 1)",vlm.vision.camera2/nvjet_sm110_tst_128x128_64x6_1x2_h_bz_bias_TNT,vlm.vision.camera2,vlm,24,bf16_tensor,29632.0,l2,7996448.0,,679477248.0,84.97238373837985,22.930522678185746,ok,
810,2728813,0,1,7,nvjet_sm110_tst_128x128_64x6_1x2_h_bz_bias_TNT,"(18, 1, 1)","(256, 1, 1)","Vision: attention Q/K/V/O projections | nvjet_sm110_tst_128x128_64x6_1x2_h_bz_bias_TNT | grid=(18, 1, 1) block=(256, 1, 1)",vlm.vision.camera2/nvjet_sm110_tst_128x128_64x6_1x2_h_bz_bias_TNT,vlm.vision.camera2,vlm,24,fp32_simt,29632.0,l2,7996448.0,,884736.0,0.11064112465934875,0.029857451403887687,ok,
811,2728813,0,1,7,"void pytorch_flash::flash_fwd_kernel<Flash_fwd_kernel_traits<96, 128, 64, 4, 0, 0, cutlass::bfloat16_t, Flash_kernel_traits<96, 128, 64, 4, cutlass::bfloat16_t>>, 0, 0, 0, 0, 0, 0, 0, 0>(pytorch_flash::Flash_fwd_params)","(2, 1, 16)","(128, 1, 1)","Vision: FlashAttention | void pytorch_flash::flash_fwd_kernel<Flash_fwd_kernel_traits<96, 128, 64, 4, 0, 0, cutlass::bfloat16_t, Flash_kernel_traits<96, 128, 64, 4, cutlass::bfloat16_t>>, 0, 0, 0, 0, 0, 0, 0, 0>(pytorch_flash::Flash_fwd_params) | grid=(2, 1, 16) block=(128, 1, 1)","vlm.vision.camera2/void pytorch_flash::flash_fwd_kernel<Flash_fwd_kernel_traits<(int)96, (int)128, (int)64, (int)4, (bool)0, (bool)0, cutlass::bfloat16_t, Flash_kernel_traits<(int)96, (int)128, (int)64, (int)4, cutlass::bfloat16_t>>, (bool)0, (bool)0, (bool)0, (bool)0, (bool)0, (bool)0, (bool)0, (bool)0>(pytorch_flash::Flash_fwd_params)",vlm.vision.camera2,vlm,20,bf16_tensor,34016.0,l2,5478656.0,,402653184.0,73.49488341666277,11.837170272812793,ok,
811,2728813,0,1,7,"void pytorch_flash::flash_fwd_kernel<Flash_fwd_kernel_traits<96, 128, 64, 4, 0, 0, cutlass::bfloat16_t, Flash_kernel_traits<96, 128, 64, 4, cutlass::bfloat16_t>>, 0, 0, 0, 0, 0, 0, 0, 0>(pytorch_flash::Flash_fwd_params)","(2, 1, 16)","(128, 1, 1)","Vision: FlashAttention | void pytorch_flash::flash_fwd_kernel<Flash_fwd_kernel_traits<96, 128, 64, 4, 0, 0, cutlass::bfloat16_t, Flash_kernel_traits<96, 128, 64, 4, cutlass::bfloat16_t>>, 0, 0, 0, 0, 0, 0, 0, 0>(pytorch_flash::Flash_fwd_params) | grid=(2, 1, 16) block=(128, 1, 1)","vlm.vision.camera2/void pytorch_flash::flash_fwd_kernel<Flash_fwd_kernel_traits<(int)96, (int)128, (int)64, (int)4, (bool)0, (bool)0, cutlass::bfloat16_t, Flash_kernel_traits<(int)96, (int)128, (int)64, (int)4, cutlass::bfloat16_t>>, (bool)0, (bool)0, (bool)0, (bool)0, (bool)0, (bool)0, (bool)0, (bool)0>(pytorch_flash::Flash_fwd_params)",vlm.vision.camera2,vlm,20,fp32_simt,34016.0,l2,5478656.0,,5079040.0,0.9270594832017195,0.14931326434619002,ok,
812,2728813,0,1,7,nvjet_sm110_tst_128x128_64x6_1x2_h_bz_bias_TNT,"(18, 1, 1)","(256, 1, 1)","Vision: attention Q/K/V/O projections | nvjet_sm110_tst_128x128_64x6_1x2_h_bz_bias_TNT | grid=(18, 1, 1) block=(256, 1, 1)",vlm.vision.camera2/nvjet_sm110_tst_128x128_64x6_1x2_h_bz_bias_TNT,vlm.vision.camera2,vlm,24,bf16_tensor,23072.000000000004,l2,7991840.0,,679477248.0,85.02137780536147,29.450296809986128,ok,
812,2728813,0,1,7,nvjet_sm110_tst_128x128_64x6_1x2_h_bz_bias_TNT,"(18, 1, 1)","(256, 1, 1)","Vision: attention Q/K/V/O projections | nvjet_sm110_tst_128x128_64x6_1x2_h_bz_bias_TNT | grid=(18, 1, 1) block=(256, 1, 1)",vlm.vision.camera2/nvjet_sm110_tst_128x128_64x6_1x2_h_bz_bias_TNT,vlm.vision.camera2,vlm,24,fp32_simt,23072.000000000004,l2,7991840.0,,884736.0,0.11070491901739775,0.03834674063800277,ok,
813,2728813,0,1,7,triton_red_fused_add_native_layer_norm_view_9,"(256, 1, 1)","(512, 1, 1)","Vision: residual/LayerNorm fusion 9 | triton_red_fused_add_native_layer_norm_view_9 | grid=(256, 1, 1) block=(512, 1, 1)",vlm.vision.camera2/triton_red_fused_add_native_layer_norm_view_9,vlm.vision.camera2,vlm,37,bf16_tensor,31008.0,l2,4283328.0,,0.0,,,zero_counted_flops,
813,2728813,0,1,7,triton_red_fused_add_native_layer_norm_view_9,"(256, 1, 1)","(512, 1, 1)","Vision: residual/LayerNorm fusion 9 | triton_red_fused_add_native_layer_norm_view_9 | grid=(256, 1, 1) block=(512, 1, 1)",vlm.vision.camera2/triton_red_fused_add_native_layer_norm_view_9,vlm.vision.camera2,vlm,37,fp32_simt,31008.0,l2,4283328.0,,21892016.0,5.110982861924186,0.7060118679050568,ok,
814,2728813,0,1,7,nvjet_sm110_tst_224x128_64x7_1x2_2cta_h_bz_bias_TNN,"(40, 1, 1)","(256, 1, 1)","Vision: FFN expansion + bias | nvjet_sm110_tst_224x128_64x7_1x2_2cta_h_bz_bias_TNN | grid=(40, 1, 1) block=(256, 1, 1)",vlm.vision.camera2/nvjet_sm110_tst_224x128_64x7_1x2_2cta_h_bz_bias_TNN,vlm.vision.camera2,vlm,19,bf16_tensor,60704.00000000001,l2,23265600.0,,2642411520.0,113.57590262017743,43.529446494464935,ok,
814,2728813,0,1,7,nvjet_sm110_tst_224x128_64x7_1x2_2cta_h_bz_bias_TNN,"(40, 1, 1)","(256, 1, 1)","Vision: FFN expansion + bias | nvjet_sm110_tst_224x128_64x7_1x2_2cta_h_bz_bias_TNN | grid=(40, 1, 1) block=(256, 1, 1)",vlm.vision.camera2/nvjet_sm110_tst_224x128_64x7_1x2_2cta_h_bz_bias_TNN,vlm.vision.camera2,vlm,19,fp32_simt,60704.00000000001,l2,23265600.0,,3440640.0,0.1478852898700227,0.05667896678966789,ok,
815,2728813,0,1,7,triton_poi_fused_gelu_view_5,"(2152, 1, 1)","(128, 1, 1)","Vision: FFN GELU | triton_poi_fused_gelu_view_5 | grid=(2152, 1, 1) block=(128, 1, 1)",vlm.vision.camera2/triton_poi_fused_gelu_view_5,vlm.vision.camera2,vlm,17,bf16_tensor,27232.000000000004,l2,4457088.0,,0.0,,,zero_counted_flops,
815,2728813,0,1,7,triton_poi_fused_gelu_view_5,"(2152, 1, 1)","(128, 1, 1)","Vision: FFN GELU | triton_poi_fused_gelu_view_5 | grid=(2152, 1, 1) block=(128, 1, 1)",vlm.vision.camera2/triton_poi_fused_gelu_view_5,vlm.vision.camera2,vlm,17,fp32_simt,27232.000000000004,l2,4457088.0,,14336438.0,3.2165481139255045,0.5264555669800235,ok,
816,2728813,0,1,7,nvjet_sm110_tst_144x128_64x6_4x1_v_bz_bias_TNN,"(16, 1, 1)","(256, 1, 1)","Vision: FFN contraction + bias | nvjet_sm110_tst_144x128_64x6_4x1_v_bz_bias_TNN | grid=(16, 1, 1) block=(256, 1, 1)",vlm.vision.camera2/nvjet_sm110_tst_144x128_64x6_4x1_v_bz_bias_TNN,vlm.vision.camera2,vlm,18,bf16_tensor,67808.0,l2,24622784.0,,2566914048.0,104.24954578653657,37.85562246342615,ok,
816,2728813,0,1,7,nvjet_sm110_tst_144x128_64x6_4x1_v_bz_bias_TNN,"(16, 1, 1)","(256, 1, 1)","Vision: FFN contraction + bias | nvjet_sm110_tst_144x128_64x6_4x1_v_bz_bias_TNN | grid=(16, 1, 1) block=(256, 1, 1)",vlm.vision.camera2/nvjet_sm110_tst_144x128_64x6_4x1_v_bz_bias_TNN,vlm.vision.camera2,vlm,18,fp32_simt,67808.0,l2,24622784.0,,884736.0,0.035931598961352215,0.013047663992449268,ok,
817,2728813,0,1,7,triton_red_fused_add_native_layer_norm_view_6,"(128, 1, 1)","(128, 1, 1)","Vision: residual/LayerNorm fusion 6 | triton_red_fused_add_native_layer_norm_view_6 | grid=(128, 1, 1) block=(128, 1, 1)",vlm.vision.camera2/triton_red_fused_add_native_layer_norm_view_6,vlm.vision.camera2,vlm,34,bf16_tensor,22048.000000000004,l2,1923200.0,,0.0,,,zero_counted_flops,
817,2728813,0,1,7,triton_red_fused_add_native_layer_norm_view_6,"(128, 1, 1)","(128, 1, 1)","Vision: residual/LayerNorm fusion 6 | triton_red_fused_add_native_layer_norm_view_6 | grid=(128, 1, 1) block=(128, 1, 1)",vlm.vision.camera2/triton_red_fused_add_native_layer_norm_view_6,vlm.vision.camera2,vlm,34,fp32_simt,22048.000000000004,l2,1923200.0,,5216480.0,2.712396006655574,0.2365965166908563,ok,
818,2728813,0,1,7,nvjet_sm110_tst_128x128_64x6_1x2_h_bz_bias_TNT,"(18, 1, 1)","(256, 1, 1)","Vision: attention Q/K/V/O projections | nvjet_sm110_tst_128x128_64x6_1x2_h_bz_bias_TNT | grid=(18, 1, 1) block=(256, 1, 1)",vlm.vision.camera2/nvjet_sm110_tst_128x128_64x6_1x2_h_bz_bias_TNT,vlm.vision.camera2,vlm,24,bf16_tensor,31168.000000000004,l2,7996512.0,,679477248.0,84.97170366279698,21.80047638603696,ok,
818,2728813,0,1,7,nvjet_sm110_tst_128x128_64x6_1x2_h_bz_bias_TNT,"(18, 1, 1)","(256, 1, 1)","Vision: attention Q/K/V/O projections | nvjet_sm110_tst_128x128_64x6_1x2_h_bz_bias_TNT | grid=(18, 1, 1) block=(256, 1, 1)",vlm.vision.camera2/nvjet_sm110_tst_128x128_64x6_1x2_h_bz_bias_TNT,vlm.vision.camera2,vlm,24,fp32_simt,31168.000000000004,l2,7996512.0,,884736.0,0.1106402391442669,0.02838603696098562,ok,
819,2728813,0,1,7,nvjet_sm110_tst_128x128_64x6_1x2_h_bz_bias_TNT,"(18, 1, 1)","(256, 1, 1)","Vision: attention Q/K/V/O projections | nvjet_sm110_tst_128x128_64x6_1x2_h_bz_bias_TNT | grid=(18, 1, 1) block=(256, 1, 1)",vlm.vision.camera2/nvjet_sm110_tst_128x128_64x6_1x2_h_bz_bias_TNT,vlm.vision.camera2,vlm,24,bf16_tensor,30400.0,l2,7996032.0,,679477248.0,84.97680449502954,22.351225263157893,ok,
819,2728813,0,1,7,nvjet_sm110_tst_128x128_64x6_1x2_h_bz_bias_TNT,"(18, 1, 1)","(256, 1, 1)","Vision: attention Q/K/V/O projections | nvjet_sm110_tst_128x128_64x6_1x2_h_bz_bias_TNT | grid=(18, 1, 1) block=(256, 1, 1)",vlm.vision.camera2/nvjet_sm110_tst_128x128_64x6_1x2_h_bz_bias_TNT,vlm.vision.camera2,vlm,24,fp32_simt,30400.0,l2,7996032.0,,884736.0,0.11064688085290304,0.029103157894736845,ok,
820,2728813,0,1,7,nvjet_sm110_tst_128x128_64x6_1x2_h_bz_bias_TNT,"(18, 1, 1)","(256, 1, 1)","Vision: attention Q/K/V/O projections | nvjet_sm110_tst_128x128_64x6_1x2_h_bz_bias_TNT | grid=(18, 1, 1) block=(256, 1, 1)",vlm.vision.camera2/nvjet_sm110_tst_128x128_64x6_1x2_h_bz_bias_TNT,vlm.vision.camera2,vlm,24,bf16_tensor,27072.0,l2,8000096.0,,679477248.0,84.93363679635844,25.09889361702128,ok,
820,2728813,0,1,7,nvjet_sm110_tst_128x128_64x6_1x2_h_bz_bias_TNT,"(18, 1, 1)","(256, 1, 1)","Vision: attention Q/K/V/O projections | nvjet_sm110_tst_128x128_64x6_1x2_h_bz_bias_TNT | grid=(18, 1, 1) block=(256, 1, 1)",vlm.vision.camera2/nvjet_sm110_tst_128x128_64x6_1x2_h_bz_bias_TNT,vlm.vision.camera2,vlm,24,fp32_simt,27072.0,l2,8000096.0,,884736.0,0.11059067291192505,0.032680851063829786,ok,
821,2728813,0,1,7,"void pytorch_flash::flash_fwd_kernel<Flash_fwd_kernel_traits<96, 128, 64, 4, 0, 0, cutlass::bfloat16_t, Flash_kernel_traits<96, 128, 64, 4, cutlass::bfloat16_t>>, 0, 0, 0, 0, 0, 0, 0, 0>(pytorch_flash::Flash_fwd_params)","(2, 1, 16)","(128, 1, 1)","Vision: FlashAttention | void pytorch_flash::flash_fwd_kernel<Flash_fwd_kernel_traits<96, 128, 64, 4, 0, 0, cutlass::bfloat16_t, Flash_kernel_traits<96, 128, 64, 4, cutlass::bfloat16_t>>, 0, 0, 0, 0, 0, 0, 0, 0>(pytorch_flash::Flash_fwd_params) | grid=(2, 1, 16) block=(128, 1, 1)","vlm.vision.camera2/void pytorch_flash::flash_fwd_kernel<Flash_fwd_kernel_traits<(int)96, (int)128, (int)64, (int)4, (bool)0, (bool)0, cutlass::bfloat16_t, Flash_kernel_traits<(int)96, (int)128, (int)64, (int)4, cutlass::bfloat16_t>>, (bool)0, (bool)0, (bool)0, (bool)0, (bool)0, (bool)0, (bool)0, (bool)0>(pytorch_flash::Flash_fwd_params)",vlm.vision.camera2,vlm,20,bf16_tensor,34336.00000000001,l2,5479808.0,,402653184.0,73.47943285604167,11.726851817334575,ok,
821,2728813,0,1,7,"void pytorch_flash::flash_fwd_kernel<Flash_fwd_kernel_traits<96, 128, 64, 4, 0, 0, cutlass::bfloat16_t, Flash_kernel_traits<96, 128, 64, 4, cutlass::bfloat16_t>>, 0, 0, 0, 0, 0, 0, 0, 0>(pytorch_flash::Flash_fwd_params)","(2, 1, 16)","(128, 1, 1)","Vision: FlashAttention | void pytorch_flash::flash_fwd_kernel<Flash_fwd_kernel_traits<96, 128, 64, 4, 0, 0, cutlass::bfloat16_t, Flash_kernel_traits<96, 128, 64, 4, cutlass::bfloat16_t>>, 0, 0, 0, 0, 0, 0, 0, 0>(pytorch_flash::Flash_fwd_params) | grid=(2, 1, 16) block=(128, 1, 1)","vlm.vision.camera2/void pytorch_flash::flash_fwd_kernel<Flash_fwd_kernel_traits<(int)96, (int)128, (int)64, (int)4, (bool)0, (bool)0, cutlass::bfloat16_t, Flash_kernel_traits<(int)96, (int)128, (int)64, (int)4, cutlass::bfloat16_t>>, (bool)0, (bool)0, (bool)0, (bool)0, (bool)0, (bool)0, (bool)0, (bool)0>(pytorch_flash::Flash_fwd_params)",vlm.vision.camera2,vlm,20,fp32_simt,34336.00000000001,l2,5479808.0,,5079040.0,0.9268645908761767,0.14792171481826652,ok,
822,2728813,0,1,7,nvjet_sm110_tst_128x128_64x6_1x2_h_bz_bias_TNT,"(18, 1, 1)","(256, 1, 1)","Vision: attention Q/K/V/O projections | nvjet_sm110_tst_128x128_64x6_1x2_h_bz_bias_TNT | grid=(18, 1, 1) block=(256, 1, 1)",vlm.vision.camera2/nvjet_sm110_tst_128x128_64x6_1x2_h_bz_bias_TNT,vlm.vision.camera2,vlm,24,bf16_tensor,30624.000000000004,l2,8003136.0,,679477248.0,84.90137466113283,22.187736677115986,ok,
822,2728813,0,1,7,nvjet_sm110_tst_128x128_64x6_1x2_h_bz_bias_TNT,"(18, 1, 1)","(256, 1, 1)","Vision: attention Q/K/V/O projections | nvjet_sm110_tst_128x128_64x6_1x2_h_bz_bias_TNT | grid=(18, 1, 1) block=(256, 1, 1)",vlm.vision.camera2/nvjet_sm110_tst_128x128_64x6_1x2_h_bz_bias_TNT,vlm.vision.camera2,vlm,24,fp32_simt,30624.000000000004,l2,8003136.0,,884736.0,0.11054866492335004,0.02889028213166144,ok,
823,2728813,0,1,7,triton_red_fused_add_native_layer_norm_view_7,"(256, 1, 1)","(64, 1, 1)","Vision: residual/LayerNorm fusion 7 | triton_red_fused_add_native_layer_norm_view_7 | grid=(256, 1, 1) block=(64, 1, 1)",vlm.vision.camera2/triton_red_fused_add_native_layer_norm_view_7,vlm.vision.camera2,vlm,35,bf16_tensor,20480.0,l2,2547744.0,,0.0,,,zero_counted_flops,
823,2728813,0,1,7,triton_red_fused_add_native_layer_norm_view_7,"(256, 1, 1)","(64, 1, 1)","Vision: residual/LayerNorm fusion 7 | triton_red_fused_add_native_layer_norm_view_7 | grid=(256, 1, 1) block=(64, 1, 1)",vlm.vision.camera2/triton_red_fused_add_native_layer_norm_view_7,vlm.vision.camera2,vlm,35,fp32_simt,20480.0,l2,2547744.0,,5392628.0,2.1166286722684853,0.2633119140625,ok,
824,2728813,0,1,7,nvjet_sm110_tst_224x128_64x7_1x2_2cta_h_bz_bias_TNN,"(40, 1, 1)","(256, 1, 1)","Vision: FFN expansion + bias | nvjet_sm110_tst_224x128_64x7_1x2_2cta_h_bz_bias_TNN | grid=(40, 1, 1) block=(256, 1, 1)",vlm.vision.camera2/nvjet_sm110_tst_224x128_64x7_1x2_2cta_h_bz_bias_TNN,vlm.vision.camera2,vlm,19,bf16_tensor,63616.00000000001,l2,23293728.0,,2642411520.0,113.43875570282266,41.536901408450696,ok,
824,2728813,0,1,7,nvjet_sm110_tst_224x128_64x7_1x2_2cta_h_bz_bias_TNN,"(40, 1, 1)","(256, 1, 1)","Vision: FFN expansion + bias | nvjet_sm110_tst_224x128_64x7_1x2_2cta_h_bz_bias_TNN | grid=(40, 1, 1) block=(256, 1, 1)",vlm.vision.camera2/nvjet_sm110_tst_224x128_64x7_1x2_2cta_h_bz_bias_TNN,vlm.vision.camera2,vlm,19,fp32_simt,63616.00000000001,l2,23293728.0,,3440640.0,0.147706713154717,0.05408450704225352,ok,
825,2728813,0,1,7,triton_poi_fused_gelu_view_5,"(2152, 1, 1)","(128, 1, 1)","Vision: FFN GELU | triton_poi_fused_gelu_view_5 | grid=(2152, 1, 1) block=(128, 1, 1)",vlm.vision.camera2/triton_poi_fused_gelu_view_5,vlm.vision.camera2,vlm,17,bf16_tensor,22848.000000000004,l2,4458304.0,,0.0,,,zero_counted_flops,
825,2728813,0,1,7,triton_poi_fused_gelu_view_5,"(2152, 1, 1)","(128, 1, 1)","Vision: FFN GELU | triton_poi_fused_gelu_view_5 | grid=(2152, 1, 1) block=(128, 1, 1)",vlm.vision.camera2/triton_poi_fused_gelu_view_5,vlm.vision.camera2,vlm,17,fp32_simt,22848.000000000004,l2,4458304.0,,14381833.0,3.225852925237938,0.6294569765406162,ok,
826,2728813,0,1,7,nvjet_sm110_tst_144x128_64x6_4x1_v_bz_bias_TNN,"(16, 1, 1)","(256, 1, 1)","Vision: FFN contraction + bias | nvjet_sm110_tst_144x128_64x6_4x1_v_bz_bias_TNN | grid=(16, 1, 1) block=(256, 1, 1)",vlm.vision.camera2/nvjet_sm110_tst_144x128_64x6_4x1_v_bz_bias_TNN,vlm.vision.camera2,vlm,18,bf16_tensor,66048.0,l2,24629920.0,,2566914048.0,104.2193416787387,38.864372093023256,ok,
826,2728813,0,1,7,nvjet_sm110_tst_144x128_64x6_4x1_v_bz_bias_TNN,"(16, 1, 1)","(256, 1, 1)","Vision: FFN contraction + bias | nvjet_sm110_tst_144x128_64x6_4x1_v_bz_bias_TNN | grid=(16, 1, 1) block=(256, 1, 1)",vlm.vision.camera2/nvjet_sm110_tst_144x128_64x6_4x1_v_bz_bias_TNN,vlm.vision.camera2,vlm,18,fp32_simt,66048.0,l2,24629920.0,,884736.0,0.03592118853816821,0.013395348837209302,ok,
827,2728813,0,1,7,triton_red_fused_add_native_layer_norm_view_8,"(256, 1, 1)","(64, 1, 1)","Vision: residual/LayerNorm fusion 8 | triton_red_fused_add_native_layer_norm_view_8 | grid=(256, 1, 1) block=(64, 1, 1)",vlm.vision.camera2/triton_red_fused_add_native_layer_norm_view_8,vlm.vision.camera2,vlm,36,bf16_tensor,31008.0,l2,3211264.0,,0.0,,,zero_counted_flops,
827,2728813,0,1,7,triton_red_fused_add_native_layer_norm_view_8,"(256, 1, 1)","(64, 1, 1)","Vision: residual/LayerNorm fusion 8 | triton_red_fused_add_native_layer_norm_view_8 | grid=(256, 1, 1) block=(64, 1, 1)",vlm.vision.camera2/triton_red_fused_add_native_layer_norm_view_8,vlm.vision.camera2,vlm,36,fp32_simt,31008.0,l2,3211264.0,,6619136.0,2.061224489795918,0.2134654282765738,ok,
828,2728813,0,1,7,nvjet_sm110_tst_128x128_64x6_1x2_h_bz_bias_TNT,"(18, 1, 1)","(256, 1, 1)","Vision: attention Q/K/V/O projections | nvjet_sm110_tst_128x128_64x6_1x2_h_bz_bias_TNT | grid=(18, 1, 1) block=(256, 1, 1)",vlm.vision.camera2/nvjet_sm110_tst_128x128_64x6_1x2_h_bz_bias_TNT,vlm.vision.camera2,vlm,24,bf16_tensor,28640.0,l2,8001152.0,,679477248.0,84.92242717048745,23.724764245810054,ok,
828,2728813,0,1,7,nvjet_sm110_tst_128x128_64x6_1x2_h_bz_bias_TNT,"(18, 1, 1)","(256, 1, 1)","Vision: attention Q/K/V/O projections | nvjet_sm110_tst_128x128_64x6_1x2_h_bz_bias_TNT | grid=(18, 1, 1) block=(256, 1, 1)",vlm.vision.camera2/nvjet_sm110_tst_128x128_64x6_1x2_h_bz_bias_TNT,vlm.vision.camera2,vlm,24,fp32_simt,28640.0,l2,8001152.0,,884736.0,0.11057607704490553,0.03089162011173184,ok,
829,2728813,0,1,7,nvjet_sm110_tst_128x128_64x6_1x2_h_bz_bias_TNT,"(18, 1, 1)","(256, 1, 1)","Vision: attention Q/K/V/O projections | nvjet_sm110_tst_128x128_64x6_1x2_h_bz_bias_TNT | grid=(18, 1, 1) block=(256, 1, 1)",vlm.vision.camera2/nvjet_sm110_tst_128x128_64x6_1x2_h_bz_bias_TNT,vlm.vision.camera2,vlm,24,bf16_tensor,23616.000000000004,l2,7992320.0,,679477248.0,85.01627162075593,28.771902439024387,ok,
829,2728813,0,1,7,nvjet_sm110_tst_128x128_64x6_1x2_h_bz_bias_TNT,"(18, 1, 1)","(256, 1, 1)","Vision: attention Q/K/V/O projections | nvjet_sm110_tst_128x128_64x6_1x2_h_bz_bias_TNT | grid=(18, 1, 1) block=(256, 1, 1)",vlm.vision.camera2/nvjet_sm110_tst_128x128_64x6_1x2_h_bz_bias_TNT,vlm.vision.camera2,vlm,24,fp32_simt,23616.000000000004,l2,7992320.0,,884736.0,0.11069827033952595,0.03746341463414634,ok,
830,2728813,0,1,7,nvjet_sm110_tst_128x128_64x6_1x2_h_bz_bias_TNT,"(18, 1, 1)","(256, 1, 1)","Vision: attention Q/K/V/O projections | nvjet_sm110_tst_128x128_64x6_1x2_h_bz_bias_TNT | grid=(18, 1, 1) block=(256, 1, 1)",vlm.vision.camera2/nvjet_sm110_tst_128x128_64x6_1x2_h_bz_bias_TNT,vlm.vision.camera2,vlm,24,bf16_tensor,30688.0,l2,7997568.0,,679477248.0,84.9604839871321,22.141464025026067,ok,
830,2728813,0,1,7,nvjet_sm110_tst_128x128_64x6_1x2_h_bz_bias_TNT,"(18, 1, 1)","(256, 1, 1)","Vision: attention Q/K/V/O projections | nvjet_sm110_tst_128x128_64x6_1x2_h_bz_bias_TNT | grid=(18, 1, 1) block=(256, 1, 1)",vlm.vision.camera2/nvjet_sm110_tst_128x128_64x6_1x2_h_bz_bias_TNT,vlm.vision.camera2,vlm,24,fp32_simt,30688.0,l2,7997568.0,,884736.0,0.11062563019157824,0.028830031282586027,ok,
831,2728813,0,1,7,"void pytorch_flash::flash_fwd_kernel<Flash_fwd_kernel_traits<96, 128, 64, 4, 0, 0, cutlass::bfloat16_t, Flash_kernel_traits<96, 128, 64, 4, cutlass::bfloat16_t>>, 0, 0, 0, 0, 0, 0, 0, 0>(pytorch_flash::Flash_fwd_params)","(2, 1, 16)","(128, 1, 1)","Vision: FlashAttention | void pytorch_flash::flash_fwd_kernel<Flash_fwd_kernel_traits<96, 128, 64, 4, 0, 0, cutlass::bfloat16_t, Flash_kernel_traits<96, 128, 64, 4, cutlass::bfloat16_t>>, 0, 0, 0, 0, 0, 0, 0, 0>(pytorch_flash::Flash_fwd_params) | grid=(2, 1, 16) block=(128, 1, 1)","vlm.vision.camera2/void pytorch_flash::flash_fwd_kernel<Flash_fwd_kernel_traits<(int)96, (int)128, (int)64, (int)4, (bool)0, (bool)0, cutlass::bfloat16_t, Flash_kernel_traits<(int)96, (int)128, (int)64, (int)4, cutlass::bfloat16_t>>, (bool)0, (bool)0, (bool)0, (bool)0, (bool)0, (bool)0, (bool)0, (bool)0>(pytorch_flash::Flash_fwd_params)",vlm.vision.camera2,vlm,20,bf16_tensor,32160.000000000004,l2,5469536.0,,402653184.0,73.61743007085062,12.520310447761194,ok,
831,2728813,0,1,7,"void pytorch_flash::flash_fwd_kernel<Flash_fwd_kernel_traits<96, 128, 64, 4, 0, 0, cutlass::bfloat16_t, Flash_kernel_traits<96, 128, 64, 4, cutlass::bfloat16_t>>, 0, 0, 0, 0, 0, 0, 0, 0>(pytorch_flash::Flash_fwd_params)","(2, 1, 16)","(128, 1, 1)","Vision: FlashAttention | void pytorch_flash::flash_fwd_kernel<Flash_fwd_kernel_traits<96, 128, 64, 4, 0, 0, cutlass::bfloat16_t, Flash_kernel_traits<96, 128, 64, 4, cutlass::bfloat16_t>>, 0, 0, 0, 0, 0, 0, 0, 0>(pytorch_flash::Flash_fwd_params) | grid=(2, 1, 16) block=(128, 1, 1)","vlm.vision.camera2/void pytorch_flash::flash_fwd_kernel<Flash_fwd_kernel_traits<(int)96, (int)128, (int)64, (int)4, (bool)0, (bool)0, cutlass::bfloat16_t, Flash_kernel_traits<(int)96, (int)128, (int)64, (int)4, cutlass::bfloat16_t>>, (bool)0, (bool)0, (bool)0, (bool)0, (bool)0, (bool)0, (bool)0, (bool)0>(pytorch_flash::Flash_fwd_params)",vlm.vision.camera2,vlm,20,fp32_simt,32160.000000000004,l2,5469536.0,,5079040.0,0.9286052784002153,0.15793034825870644,ok,
832,2728813,0,1,7,nvjet_sm110_tst_128x128_64x6_1x2_h_bz_bias_TNT,"(18, 1, 1)","(256, 1, 1)","Vision: attention Q/K/V/O projections | nvjet_sm110_tst_128x128_64x6_1x2_h_bz_bias_TNT | grid=(18, 1, 1) block=(256, 1, 1)",vlm.vision.camera2/nvjet_sm110_tst_128x128_64x6_1x2_h_bz_bias_TNT,vlm.vision.camera2,vlm,24,bf16_tensor,29632.0,l2,7995840.0,,679477248.0,84.97884499939968,22.930522678185746,ok,
832,2728813,0,1,7,nvjet_sm110_tst_128x128_64x6_1x2_h_bz_bias_TNT,"(18, 1, 1)","(256, 1, 1)","Vision: attention Q/K/V/O projections | nvjet_sm110_tst_128x128_64x6_1x2_h_bz_bias_TNT | grid=(18, 1, 1) block=(256, 1, 1)",vlm.vision.camera2/nvjet_sm110_tst_128x128_64x6_1x2_h_bz_bias_TNT,vlm.vision.camera2,vlm,24,fp32_simt,29632.0,l2,7995840.0,,884736.0,0.11064953775963501,0.029857451403887687,ok,
833,2728813,0,1,7,triton_red_fused_add_native_layer_norm_view_9,"(256, 1, 1)","(512, 1, 1)","Vision: residual/LayerNorm fusion 9 | triton_red_fused_add_native_layer_norm_view_9 | grid=(256, 1, 1) block=(512, 1, 1)",vlm.vision.camera2/triton_red_fused_add_native_layer_norm_view_9,vlm.vision.camera2,vlm,37,bf16_tensor,34080.0,l2,4277056.0,,0.0,,,zero_counted_flops,
833,2728813,0,1,7,triton_red_fused_add_native_layer_norm_view_9,"(256, 1, 1)","(512, 1, 1)","Vision: residual/LayerNorm fusion 9 | triton_red_fused_add_native_layer_norm_view_9 | grid=(256, 1, 1) block=(512, 1, 1)",vlm.vision.camera2/triton_red_fused_add_native_layer_norm_view_9,vlm.vision.camera2,vlm,37,fp32_simt,34080.0,l2,4277056.0,,21903808.0,5.121234793278367,0.6427173708920187,ok,
834,2728813,0,1,7,nvjet_sm110_tst_224x128_64x7_1x2_2cta_h_bz_bias_TNN,"(40, 1, 1)","(256, 1, 1)","Vision: FFN expansion + bias | nvjet_sm110_tst_224x128_64x7_1x2_2cta_h_bz_bias_TNN | grid=(40, 1, 1) block=(256, 1, 1)",vlm.vision.camera2/nvjet_sm110_tst_224x128_64x7_1x2_2cta_h_bz_bias_TNN,vlm.vision.camera2,vlm,19,bf16_tensor,55264.00000000001,l2,23228128.0,,2642411520.0,113.75912514344677,47.81433700057903,ok,
834,2728813,0,1,7,nvjet_sm110_tst_224x128_64x7_1x2_2cta_h_bz_bias_TNN,"(40, 1, 1)","(256, 1, 1)","Vision: FFN expansion + bias | nvjet_sm110_tst_224x128_64x7_1x2_2cta_h_bz_bias_TNN | grid=(40, 1, 1) block=(256, 1, 1)",vlm.vision.camera2/nvjet_sm110_tst_224x128_64x7_1x2_2cta_h_bz_bias_TNN,vlm.vision.camera2,vlm,19,fp32_simt,55264.00000000001,l2,23228128.0,,3440640.0,0.14812386086386298,0.06225825130283729,ok,
835,2728813,0,1,7,triton_poi_fused_gelu_view_5,"(2152, 1, 1)","(128, 1, 1)","Vision: FFN GELU | triton_poi_fused_gelu_view_5 | grid=(2152, 1, 1) block=(128, 1, 1)",vlm.vision.camera2/triton_poi_fused_gelu_view_5,vlm.vision.camera2,vlm,17,bf16_tensor,22976.0,l2,4457536.0,,0.0,,,zero_counted_flops,
835,2728813,0,1,7,triton_poi_fused_gelu_view_5,"(2152, 1, 1)","(128, 1, 1)","Vision: FFN GELU | triton_poi_fused_gelu_view_5 | grid=(2152, 1, 1) block=(128, 1, 1)",vlm.vision.camera2/triton_poi_fused_gelu_view_5,vlm.vision.camera2,vlm,17,fp32_simt,22976.0,l2,4457536.0,,14461885.0,3.2443675160447385,0.6294344098189414,ok,
836,2728813,0,1,7,nvjet_sm110_tst_144x128_64x6_4x1_v_bz_bias_TNN,"(16, 1, 1)","(256, 1, 1)","Vision: FFN contraction + bias | nvjet_sm110_tst_144x128_64x6_4x1_v_bz_bias_TNN | grid=(16, 1, 1) block=(256, 1, 1)",vlm.vision.camera2/nvjet_sm110_tst_144x128_64x6_4x1_v_bz_bias_TNN,vlm.vision.camera2,vlm,18,bf16_tensor,67776.00000000001,l2,24652416.0,,2566914048.0,104.12423869530679,37.87349575070821,ok,
836,2728813,0,1,7,nvjet_sm110_tst_144x128_64x6_4x1_v_bz_bias_TNN,"(16, 1, 1)","(256, 1, 1)","Vision: FFN contraction + bias | nvjet_sm110_tst_144x128_64x6_4x1_v_bz_bias_TNN | grid=(16, 1, 1) block=(256, 1, 1)",vlm.vision.camera2/nvjet_sm110_tst_144x128_64x6_4x1_v_bz_bias_TNN,vlm.vision.camera2,vlm,18,fp32_simt,67776.00000000001,l2,24652416.0,,884736.0,0.03588840947678313,0.01305382436260623,ok,
837,2728813,0,1,7,triton_red_fused_add_native_layer_norm_view_10,"(256, 1, 1)","(64, 1, 1)","Vision: residual/LayerNorm fusion 10 | triton_red_fused_add_native_layer_norm_view_10 | grid=(256, 1, 1) block=(64, 1, 1)",vlm.vision.camera2/triton_red_fused_add_native_layer_norm_view_10,vlm.vision.camera2,vlm,32,bf16_tensor,25568.000000000004,l2,1929312.0,,0.0,,,zero_counted_flops,
837,2728813,0,1,7,triton_red_fused_add_native_layer_norm_view_10,"(256, 1, 1)","(64, 1, 1)","Vision: residual/LayerNorm fusion 10 | triton_red_fused_add_native_layer_norm_view_10 | grid=(256, 1, 1) block=(64, 1, 1)",vlm.vision.camera2/triton_red_fused_add_native_layer_norm_view_10,vlm.vision.camera2,vlm,32,fp32_simt,25568.000000000004,l2,1929312.0,,4802620.0,2.4892915194639333,0.187837140175219,ok,
838,2728813,0,1,7,nvjet_sm110_tst_512x64_64x2_1x4_h_bz_bias_TNT,"(16, 1, 1)","(256, 1, 1)","Vision: image-to-text projection + bias | nvjet_sm110_tst_512x64_64x2_1x4_h_bz_bias_TNT | grid=(16, 1, 1) block=(256, 1, 1)",vlm.vision.camera2/nvjet_sm110_tst_512x64_64x2_1x4_h_bz_bias_TNT,vlm.vision.camera2,vlm,26,bf16_tensor,48672.00000000001,l2,8169472.0,,1207959552.0,147.86262221108046,24.818366863905325,ok,
838,2728813,0,1,7,nvjet_sm110_tst_512x64_64x2_1x4_h_bz_bias_TNT,"(16, 1, 1)","(256, 1, 1)","Vision: image-to-text projection + bias | nvjet_sm110_tst_512x64_64x2_1x4_h_bz_bias_TNT | grid=(16, 1, 1) block=(256, 1, 1)",vlm.vision.camera2/nvjet_sm110_tst_512x64_64x2_1x4_h_bz_bias_TNT,vlm.vision.camera2,vlm,26,fp32_simt,48672.00000000001,l2,8169472.0,,1572864.0,0.19252945600401103,0.03231558185404339,ok,
839,2728813,0,1,7,triton_poi_fused_mul_view_11,"(1024, 1, 1)","(128, 1, 1)","Vision: image embedding scale | triton_poi_fused_mul_view_11 | grid=(1024, 1, 1) block=(128, 1, 1)",vlm.vision.camera2/triton_poi_fused_mul_view_11,vlm.vision.camera2,vlm,25,bf16_tensor,17888.000000000004,l2,2142304.0,,0.0,,,zero_counted_flops,
839,2728813,0,1,7,triton_poi_fused_mul_view_11,"(1024, 1, 1)","(128, 1, 1)","Vision: image embedding scale | triton_poi_fused_mul_view_11 | grid=(1024, 1, 1) block=(128, 1, 1)",vlm.vision.camera2/triton_poi_fused_mul_view_11,vlm.vision.camera2,vlm,25,fp32_simt,17888.000000000004,l2,2142304.0,,524288.0,0.24473090653800766,0.029309481216457958,ok,
840,2728813,0,1,7,"void at::vectorized_gather_kernel<16, long>(char *, char *, T2 *, int, long, long, long, long, bool)","(200, 1, 1)","(256, 1, 1)","Text: embedding lookup | void at::vectorized_gather_kernel<16, long>(char *, char *, T2 *, int, long, long, long, long, bool) | grid=(200, 1, 1) block=(256, 1, 1)","vlm.text_embedding/void at::native::vectorized_gather_kernel<(int)16, long>(char *, char *, T2 *, int, long, long, long, long, bool)",vlm.text_embedding,vlm,15,bf16_tensor,18560.000000000004,l2,1181088.0,,0.0,,,zero_counted_flops,
840,2728813,0,1,7,"void at::vectorized_gather_kernel<16, long>(char *, char *, T2 *, int, long, long, long, long, bool)","(200, 1, 1)","(256, 1, 1)","Text: embedding lookup | void at::vectorized_gather_kernel<16, long>(char *, char *, T2 *, int, long, long, long, long, bool) | grid=(200, 1, 1) block=(256, 1, 1)","vlm.text_embedding/void at::native::vectorized_gather_kernel<(int)16, long>(char *, char *, T2 *, int, long, long, long, long, bool)",vlm.text_embedding,vlm,15,fp32_simt,18560.000000000004,l2,1181088.0,,0.0,,,zero_counted_flops,
841,2728813,0,1,7,"void at::elementwise_kernel<128, 4, void at::gpu_kernel_impl_nocast<at::BinaryFunctor<c10::BFloat16, c10::BFloat16, c10::BFloat16, binary_internal::MulFunctor<float>>>(at::TensorIteratorBase &, const T1 &)::[lambda(int) (instance 1)]>(int, T3)","(800, 1, 1)","(128, 1, 1)","Text: embedding scale | void at::elementwise_kernel<128, 4, void at::gpu_kernel_impl_nocast<at::BinaryFunctor<c10::BFloat16, c10::BFloat16, c10::BFloat16, binary_internal::MulFunctor<float>>>(at::TensorIteratorBase &, const T1 &)::[lambda(int) (instance 1)]>(int, T3) | grid=(800, 1, 1) block=(128, 1, 1)","vlm.text_embedding/void at::native::elementwise_kernel<(int)128, (int)4, void at::native::gpu_kernel_impl_nocast<at::native::BinaryFunctor<c10::BFloat16, c10::BFloat16, c10::BFloat16, at::native::binary_internal::MulFunctor<float>>>(at::TensorIteratorBase &, const T1 &)::[lambda(int) (instance 1)]>(int, T3)",vlm.text_embedding,vlm,16,bf16_tensor,20064.0,l2,1759424.0,,0.0,,,zero_counted_flops,
841,2728813,0,1,7,"void at::elementwise_kernel<128, 4, void at::gpu_kernel_impl_nocast<at::BinaryFunctor<c10::BFloat16, c10::BFloat16, c10::BFloat16, binary_internal::MulFunctor<float>>>(at::TensorIteratorBase &, const T1 &)::[lambda(int) (instance 1)]>(int, T3)","(800, 1, 1)","(128, 1, 1)","Text: embedding scale | void at::elementwise_kernel<128, 4, void at::gpu_kernel_impl_nocast<at::BinaryFunctor<c10::BFloat16, c10::BFloat16, c10::BFloat16, binary_internal::MulFunctor<float>>>(at::TensorIteratorBase &, const T1 &)::[lambda(int) (instance 1)]>(int, T3) | grid=(800, 1, 1) block=(128, 1, 1)","vlm.text_embedding/void at::native::elementwise_kernel<(int)128, (int)4, void at::native::gpu_kernel_impl_nocast<at::native::BinaryFunctor<c10::BFloat16, c10::BFloat16, c10::BFloat16, at::native::binary_internal::MulFunctor<float>>>(at::TensorIteratorBase &, const T1 &)::[lambda(int) (instance 1)]>(int, T3)",vlm.text_embedding,vlm,16,fp32_simt,20064.0,l2,1759424.0,,409600.0,0.23280346295151141,0.020414673046251997,ok,
842,2728813,0,1,7,"void at::<unnamed>::CatArrayBatchedCopy_vectorized<at::<unnamed>::OpaqueType<2>, unsigned int, 2, 128, 1, 16, 8>(char *, at::<unnamed>::CatArrInputTensorMetadata<T1, T2, T4, T5>, at::<unnamed>::TensorSizeStride<T2, 4>, int, T2)","(512, 4, 1)","(128, 1, 1)","Prefix: concatenate image/text embeddings | void at::<unnamed>::CatArrayBatchedCopy_vectorized<at::<unnamed>::OpaqueType<2>, unsigned int, 2, 128, 1, 16, 8>(char *, at::<unnamed>::CatArrInputTensorMetadata<T1, T2, T4, T5>, at::<unnamed>::TensorSizeStride<T2, 4>, int, T2) | grid=(512, 4, 1) block=(128, 1, 1)","vlm.concat/void at::native::<unnamed>::CatArrayBatchedCopy_vectorized<at::native::<unnamed>::OpaqueType<(unsigned int)2>, unsigned int, (int)2, (int)128, (int)1, (int)16, (int)8>(char *, at::native::<unnamed>::CatArrInputTensorMetadata<T1, T2, T4, T5>, at::native::<unnamed>::TensorSizeStride<T2, (unsigned int)4>, int, T2)",vlm.concat,vlm,12,bf16_tensor,28000.000000000004,l2,7985632.0,,0.0,,,zero_counted_flops,
842,2728813,0,1,7,"void at::<unnamed>::CatArrayBatchedCopy_vectorized<at::<unnamed>::OpaqueType<2>, unsigned int, 2, 128, 1, 16, 8>(char *, at::<unnamed>::CatArrInputTensorMetadata<T1, T2, T4, T5>, at::<unnamed>::TensorSizeStride<T2, 4>, int, T2)","(512, 4, 1)","(128, 1, 1)","Prefix: concatenate image/text embeddings | void at::<unnamed>::CatArrayBatchedCopy_vectorized<at::<unnamed>::OpaqueType<2>, unsigned int, 2, 128, 1, 16, 8>(char *, at::<unnamed>::CatArrInputTensorMetadata<T1, T2, T4, T5>, at::<unnamed>::TensorSizeStride<T2, 4>, int, T2) | grid=(512, 4, 1) block=(128, 1, 1)","vlm.concat/void at::native::<unnamed>::CatArrayBatchedCopy_vectorized<at::native::<unnamed>::OpaqueType<(unsigned int)2>, unsigned int, (int)2, (int)128, (int)1, (int)16, (int)8>(char *, at::native::<unnamed>::CatArrInputTensorMetadata<T1, T2, T4, T5>, at::native::<unnamed>::TensorSizeStride<T2, (unsigned int)4>, int, T2)",vlm.concat,vlm,12,fp32_simt,28000.000000000004,l2,7985632.0,,0.0,,,zero_counted_flops,
843,2728813,0,1,7,"void at::vectorized_elementwise_kernel<4, at::FillFunctor<int>, std::array<char *, 1>>(int, T2, T3)","(1, 1, 1)","(128, 1, 1)","Prefix: valid-length fill | void at::vectorized_elementwise_kernel<4, at::FillFunctor<int>, std::array<char *, 1>>(int, T2, T3) | grid=(1, 1, 1) block=(128, 1, 1)","vlm.prefix/void at::native::vectorized_elementwise_kernel<(int)4, at::native::FillFunctor<int>, std::array<char *, (unsigned long)1>>(int, T2, T3)",vlm.prefix,vlm,14,bf16_tensor,12288.000000000002,l2,33440.0,,0.0,,,zero_counted_flops,
843,2728813,0,1,7,"void at::vectorized_elementwise_kernel<4, at::FillFunctor<int>, std::array<char *, 1>>(int, T2, T3)","(1, 1, 1)","(128, 1, 1)","Prefix: valid-length fill | void at::vectorized_elementwise_kernel<4, at::FillFunctor<int>, std::array<char *, 1>>(int, T2, T3) | grid=(1, 1, 1) block=(128, 1, 1)","vlm.prefix/void at::native::vectorized_elementwise_kernel<(int)4, at::native::FillFunctor<int>, std::array<char *, (unsigned long)1>>(int, T2, T3)",vlm.prefix,vlm,14,fp32_simt,12288.000000000002,l2,33440.0,,0.0,,,zero_counted_flops,
844,2728813,0,1,7,"void at::unrolled_elementwise_kernel<at::direct_copy_kernel_cuda(at::TensorIteratorBase &)::[lambda() (instance 3)]::operator ()() const::[lambda() (instance 3)]::operator ()() const::[lambda(int) (instance 1)], std::array<char *, 2>, 4, TrivialOffsetCalculator<1, unsigned int>, TrivialOffsetCalculator<1, unsigned int>, memory::LoadWithCast<1>, memory::StoreWithCast<1>>(int, T1, T2, T4, T5, T6, T7)","(2, 1, 1)","(128, 1, 1)","Prefix: mask conversion/copy | void at::unrolled_elementwise_kernel<at::direct_copy_kernel_cuda(at::TensorIteratorBase &)::[lambda() (instance 3)]::operator ()() const::[lambda() (instance 3)]::operator ()() const::[lambda(int) (instance 1)], std::array<char *, 2>, 4, TrivialOffsetCalculator<1, unsigned int>, TrivialOffsetCalculator<1, unsigned int>, memory::LoadWithCast<1>, memory::StoreWithCast<1>>(int, T1, T2, T4, T5, T6, T7) | grid=(2, 1, 1) block=(128, 1, 1)","vlm.prefix/void at::native::unrolled_elementwise_kernel<at::native::direct_copy_kernel_cuda(at::TensorIteratorBase &)::[lambda() (instance 3)]::operator ()() const::[lambda() (instance 3)]::operator ()() const::[lambda(int) (instance 1)], std::array<char *, (unsigned long)2>, (int)4, TrivialOffsetCalculator<(int)1, unsigned int>, TrivialOffsetCalculator<(int)1, unsigned int>, at::native::memory::LoadWithCast<(int)1>, at::native::memory::StoreWithCast<(int)1>>(int, T1, T2, T4, T5, T6, T7)",vlm.prefix,vlm,13,bf16_tensor,15872.0,l2,129856.0,,0.0,,,zero_counted_flops,
844,2728813,0,1,7,"void at::unrolled_elementwise_kernel<at::direct_copy_kernel_cuda(at::TensorIteratorBase &)::[lambda() (instance 3)]::operator ()() const::[lambda() (instance 3)]::operator ()() const::[lambda(int) (instance 1)], std::array<char *, 2>, 4, TrivialOffsetCalculator<1, unsigned int>, TrivialOffsetCalculator<1, unsigned int>, memory::LoadWithCast<1>, memory::StoreWithCast<1>>(int, T1, T2, T4, T5, T6, T7)","(2, 1, 1)","(128, 1, 1)","Prefix: mask conversion/copy | void at::unrolled_elementwise_kernel<at::direct_copy_kernel_cuda(at::TensorIteratorBase &)::[lambda() (instance 3)]::operator ()() const::[lambda() (instance 3)]::operator ()() const::[lambda(int) (instance 1)], std::array<char *, 2>, 4, TrivialOffsetCalculator<1, unsigned int>, TrivialOffsetCalculator<1, unsigned int>, memory::LoadWithCast<1>, memory::StoreWithCast<1>>(int, T1, T2, T4, T5, T6, T7) | grid=(2, 1, 1) block=(128, 1, 1)","vlm.prefix/void at::native::unrolled_elementwise_kernel<at::native::direct_copy_kernel_cuda(at::TensorIteratorBase &)::[lambda() (instance 3)]::operator ()() const::[lambda() (instance 3)]::operator ()() const::[lambda(int) (instance 1)], std::array<char *, (unsigned long)2>, (int)4, TrivialOffsetCalculator<(int)1, unsigned int>, TrivialOffsetCalculator<(int)1, unsigned int>, at::native::memory::LoadWithCast<(int)1>, at::native::memory::StoreWithCast<(int)1>>(int, T1, T2, T4, T5, T6, T7)",vlm.prefix,vlm,13,fp32_simt,15872.0,l2,129856.0,,0.0,,,zero_counted_flops,
845,2728813,0,1,7,_build_gemma_rope_from_positions,"(58, 1, 1)","(128, 1, 1)","Prefix: Prefix RoPE table | _build_gemma_rope_from_positions | grid=(58, 1, 1) block=(128, 1, 1)",vlm.prefix.step-1.layer-1._build_gemma_rope_from_positions.line1414/_build_gemma_rope_from_positions,vlm.prefix.step-1.layer-1._build_gemma_rope_from_positions.line1414,vlm,7,bf16_tensor,18784.0,l2,1149056.0,,0.0,,,zero_counted_flops,1414
845,2728813,0,1,7,_build_gemma_rope_from_positions,"(58, 1, 1)","(128, 1, 1)","Prefix: Prefix RoPE table | _build_gemma_rope_from_positions | grid=(58, 1, 1) block=(128, 1, 1)",vlm.prefix.step-1.layer-1._build_gemma_rope_from_positions.line1414/_build_gemma_rope_from_positions,vlm.prefix.step-1.layer-1._build_gemma_rope_from_positions.line1414,vlm,7,fp32_simt,18784.0,l2,1149056.0,,4678494.0,4.0715979029742675,0.2490680366269165,ok,1414
846,2728813,0,1,7,_rms_norm_kernel,"(918, 1, 1)","(128, 1, 1)","Prefix: RMSNorm (pre-attention) | _rms_norm_kernel | grid=(918, 1, 1) block=(128, 1, 1)",vlm.prefix.step-1.layer00._rms_norm_kernel.line1429/_rms_norm_kernel,vlm.prefix.step-1.layer00._rms_norm_kernel.line1429,vlm,11,bf16_tensor,28416.0,l2,8376576.0,,0.0,,,zero_counted_flops,1429
846,2728813,0,1,7,_rms_norm_kernel,"(918, 1, 1)","(128, 1, 1)","Prefix: RMSNorm (pre-attention) | _rms_norm_kernel | grid=(918, 1, 1) block=(128, 1, 1)",vlm.prefix.step-1.layer00._rms_norm_kernel.line1429/_rms_norm_kernel,vlm.prefix.step-1.layer00._rms_norm_kernel.line1429,vlm,11,fp32_simt,28416.0,l2,8376576.0,,10340352.0,1.2344366003484002,0.3638918918918919,ok,1429
847,2728813,0,1,7,_matmul_gemma_rope_qkv,"(29, 10, 1)","(128, 1, 1)","Prefix: QKV projection + Gemma RoPE | _matmul_gemma_rope_qkv | grid=(29, 10, 1) block=(128, 1, 1)",vlm.prefix.step-1.layer00._matmul_gemma_rope_qkv.line1437/_matmul_gemma_rope_qkv,vlm.prefix.step-1.layer00._matmul_gemma_rope_qkv.line1437,vlm,9,bf16_tensor,254304.0,l2,344612448.0,,9730785280.0,28.236894332963853,38.264381527620486,ok,1437
847,2728813,0,1,7,_matmul_gemma_rope_qkv,"(29, 10, 1)","(128, 1, 1)","Prefix: QKV projection + Gemma RoPE | _matmul_gemma_rope_qkv | grid=(29, 10, 1) block=(128, 1, 1)",vlm.prefix.step-1.layer00._matmul_gemma_rope_qkv.line1437/_matmul_gemma_rope_qkv,vlm.prefix.step-1.layer00._matmul_gemma_rope_qkv.line1437,vlm,9,fp32_simt,254304.0,l2,344612448.0,,6414336.0,0.018613187182373633,0.025223103057757646,ok,1437
848,2728813,0,1,7,_matmul_abt_scale,"(6670, 1, 1)","(128, 1, 1)","Prefix: Attention QKᵀ + scale | _matmul_abt_scale | grid=(6670, 1, 1) block=(128, 1, 1)",vlm.prefix.step-1.layer00._matmul_abt_scale.line1455/_matmul_abt_scale,vlm.prefix.step-1.layer00._matmul_abt_scale.line1455,vlm,5,bf16_tensor,253792.00000000003,l2,243001376.0,,3497000960.0,14.39086896363912,13.779003908712644,ok,1455
848,2728813,0,1,7,_matmul_abt_scale,"(6670, 1, 1)","(128, 1, 1)","Prefix: Attention QKᵀ + scale | _matmul_abt_scale | grid=(6670, 1, 1) block=(128, 1, 1)",vlm.prefix.step-1.layer00._matmul_abt_scale.line1455/_matmul_abt_scale,vlm.prefix.step-1.layer00._matmul_abt_scale.line1455,vlm,5,fp32_simt,253792.00000000003,l2,243001376.0,,6830080.0,0.028107165944607656,0.026912117009204383,ok,1455
849,2728813,0,1,7,_softmax_mask_vector,"(1836, 1, 1)","(128, 1, 1)","Prefix: Prefix masked softmax | _softmax_mask_vector | grid=(1836, 1, 1) block=(128, 1, 1)",vlm.prefix.step-1.layer00._softmax_mask_vector.line1467/_softmax_mask_vector,vlm.prefix.step-1.layer00._softmax_mask_vector.line1467,vlm,8,bf16_tensor,153952.0,l2,41586976.0,,0.0,,,zero_counted_flops,1467
849,2728813,0,1,7,_softmax_mask_vector,"(1836, 1, 1)","(128, 1, 1)","Prefix: Prefix masked softmax | _softmax_mask_vector | grid=(1836, 1, 1) block=(128, 1, 1)",vlm.prefix.step-1.layer00._softmax_mask_vector.line1467/_softmax_mask_vector,vlm.prefix.step-1.layer00._softmax_mask_vector.line1467,vlm,8,fp32_simt,153952.0,l2,41586976.0,,35871138.0,0.8625570178509734,0.23300209156100601,ok,1467
850,2728813,0,1,7,_matmul_small,"(1840, 1, 1)","(128, 1, 1)","Prefix: Attention P × V | _matmul_small | grid=(1840, 1, 1) block=(128, 1, 1)",vlm.prefix.step-1.layer00._matmul_small.line1476/_matmul_small,vlm.prefix.step-1.layer00._matmul_small.line1476,vlm,4,bf16_tensor,287072.00000000006,l2,222967424.0,,3617587200.0,16.224734246380315,12.601672054397502,ok,1476
850,2728813,0,1,7,_matmul_small,"(1840, 1, 1)","(128, 1, 1)","Prefix: Attention P × V | _matmul_small | grid=(1840, 1, 1) block=(128, 1, 1)",vlm.prefix.step-1.layer00._matmul_small.line1476/_matmul_small,vlm.prefix.step-1.layer00._matmul_small.line1476,vlm,4,fp32_simt,287072.00000000006,l2,222967424.0,,0.0,,,zero_counted_flops,1476
851,2728813,0,1,7,_matmul_small_res,"(480, 1, 1)","(128, 1, 1)","Prefix: Attention output + residual | _matmul_small_res | grid=(480, 1, 1) block=(128, 1, 1)",vlm.prefix.step-1.layer00._matmul_small_res.line1487/_matmul_small_res,vlm.prefix.step-1.layer00._matmul_small_res.line1487,vlm,6,bf16_tensor,216032.0,l2,249214208.0,,8053063680.0,32.3138224928171,37.277179677084874,ok,1487
851,2728813,0,1,7,_matmul_small_res,"(480, 1, 1)","(128, 1, 1)","Prefix: Attention output + residual | _matmul_small_res | grid=(480, 1, 1) block=(128, 1, 1)",vlm.prefix.step-1.layer00._matmul_small_res.line1487/_matmul_small_res,vlm.prefix.step-1.layer00._matmul_small_res.line1487,vlm,6,fp32_simt,216032.0,l2,249214208.0,,0.0,,,zero_counted_flops,1487
852,2728813,0,1,7,_rms_norm_kernel,"(918, 1, 1)","(128, 1, 1)","Prefix: RMSNorm (pre-FFN) | _rms_norm_kernel | grid=(918, 1, 1) block=(128, 1, 1)",vlm.prefix.step-1.layer00._rms_norm_kernel.line1499/_rms_norm_kernel,vlm.prefix.step-1.layer00._rms_norm_kernel.line1499,vlm,10,bf16_tensor,28160.0,l2,8289568.0,,0.0,,,zero_counted_flops,1499
852,2728813,0,1,7,_rms_norm_kernel,"(918, 1, 1)","(128, 1, 1)","Prefix: RMSNorm (pre-FFN) | _rms_norm_kernel | grid=(918, 1, 1) block=(128, 1, 1)",vlm.prefix.step-1.layer00._rms_norm_kernel.line1499/_rms_norm_kernel,vlm.prefix.step-1.layer00._rms_norm_kernel.line1499,vlm,10,fp32_simt,28160.0,l2,8289568.0,,10340352.0,1.2473933502928019,0.3672,ok,1499
853,2728813,0,1,7,nvjet_sm110_tst_256x232_64x3_1x2_h_bz_NNT,"(512, 1, 1)","(256, 1, 1)","Prefix FFN: gate/up projection | nvjet_sm110_tst_256x232_64x3_1x2_h_bz_NNT | grid=(512, 1, 1) block=(256, 1, 1)",vlm.prefix.layer00.FFN/nvjet_sm110_tst_256x232_64x3_1x2_h_bz_NNT,vlm.prefix.layer00.FFN,vlm,3,bf16_tensor,851552.0000000001,l2,812293952.0,,124554051584.0,153.33617993501937,146.2671117958739,ok,
853,2728813,0,1,7,nvjet_sm110_tst_256x232_64x3_1x2_h_bz_NNT,"(512, 1, 1)","(256, 1, 1)","Prefix FFN: gate/up projection | nvjet_sm110_tst_256x232_64x3_1x2_h_bz_NNT | grid=(512, 1, 1) block=(256, 1, 1)",vlm.prefix.layer00.FFN/nvjet_sm110_tst_256x232_64x3_1x2_h_bz_NNT,vlm.prefix.layer00.FFN,vlm,3,fp32_simt,851552.0000000001,l2,812293952.0,,60817408.0,0.07487118160889618,0.07141948818157905,ok,
854,2728813,0,1,7,triton_poi_fused_gelu_mul_split_0,"(29376, 1, 1)","(128, 1, 1)","Prefix FFN: GELU product | triton_poi_fused_gelu_mul_split_0 | grid=(29376, 1, 1) block=(128, 1, 1)",vlm.prefix.layer00.FFN/triton_poi_fused_gelu_mul_split_0,vlm.prefix.layer00.FFN,vlm,1,bf16_tensor,343424.0,l2,90345024.0,,0.0,,,zero_counted_flops,
854,2728813,0,1,7,triton_poi_fused_gelu_mul_split_0,"(29376, 1, 1)","(128, 1, 1)","Prefix FFN: GELU product | triton_poi_fused_gelu_mul_split_0 | grid=(29376, 1, 1) block=(128, 1, 1)",vlm.prefix.layer00.FFN/triton_poi_fused_gelu_mul_split_0,vlm.prefix.layer00.FFN,vlm,1,fp32_simt,343424.0,l2,90345024.0,,234773714.0,2.5986346962506754,0.6836264035128587,ok,
855,2728813,0,1,7,nvjet_sm110_tst_256x184_64x3_2x1_v_badd_NNT,"(40, 1, 1)","(256, 1, 1)","Prefix FFN: down + residual | nvjet_sm110_tst_256x184_64x3_2x1_v_badd_NNT | grid=(40, 1, 1) block=(256, 1, 1)",vlm.prefix.layer00.FFN/nvjet_sm110_tst_256x184_64x3_2x1_v_badd_NNT,vlm.prefix.layer00.FFN,vlm,2,bf16_tensor,777120.0000000001,l2,449250144.0,,61740154880.0,137.4293491155787,79.4473889232036,ok,
855,2728813,0,1,7,nvjet_sm110_tst_256x184_64x3_2x1_v_badd_NNT,"(40, 1, 1)","(256, 1, 1)","Prefix FFN: down + residual | nvjet_sm110_tst_256x184_64x3_2x1_v_badd_NNT | grid=(40, 1, 1) block=(256, 1, 1)",vlm.prefix.layer00.FFN/nvjet_sm110_tst_256x184_64x3_2x1_v_badd_NNT,vlm.prefix.layer00.FFN,vlm,2,fp32_simt,777120.0000000001,l2,449250144.0,,3768320.0,0.008388021796605145,0.004849083796582251,ok,
856,2728813,0,1,7,_rms_norm_kernel,"(918, 1, 1)","(128, 1, 1)","Prefix: RMSNorm (pre-attention) | _rms_norm_kernel | grid=(918, 1, 1) block=(128, 1, 1)",vlm.prefix.step-1.layer01._rms_norm_kernel.line1429/_rms_norm_kernel,vlm.prefix.step-1.layer01._rms_norm_kernel.line1429,vlm,11,bf16_tensor,28128.000000000004,l2,8296832.0,,0.0,,,zero_counted_flops,1429
856,2728813,0,1,7,_rms_norm_kernel,"(918, 1, 1)","(128, 1, 1)","Prefix: RMSNorm (pre-attention) | _rms_norm_kernel | grid=(918, 1, 1) block=(128, 1, 1)",vlm.prefix.step-1.layer01._rms_norm_kernel.line1429/_rms_norm_kernel,vlm.prefix.step-1.layer01._rms_norm_kernel.line1429,vlm,11,fp32_simt,28128.000000000004,l2,8296832.0,,10340352.0,1.2463012388342924,0.36761774744027303,ok,1429
857,2728813,0,1,7,_matmul_gemma_rope_qkv,"(29, 10, 1)","(128, 1, 1)","Prefix: QKV projection + Gemma RoPE | _matmul_gemma_rope_qkv | grid=(29, 10, 1) block=(128, 1, 1)",vlm.prefix.step-1.layer01._matmul_gemma_rope_qkv.line1437/_matmul_gemma_rope_qkv,vlm.prefix.step-1.layer01._matmul_gemma_rope_qkv.line1437,vlm,9,bf16_tensor,257376.00000000003,l2,344256640.0,,9730785280.0,28.26607870221472,37.80766380703717,ok,1437
857,2728813,0,1,7,_matmul_gemma_rope_qkv,"(29, 10, 1)","(128, 1, 1)","Prefix: QKV projection + Gemma RoPE | _matmul_gemma_rope_qkv | grid=(29, 10, 1) block=(128, 1, 1)",vlm.prefix.step-1.layer01._matmul_gemma_rope_qkv.line1437/_matmul_gemma_rope_qkv,vlm.prefix.step-1.layer01._matmul_gemma_rope_qkv.line1437,vlm,9,fp32_simt,257376.00000000003,l2,344256640.0,,6414336.0,0.018632424925776304,0.024922044013427822,ok,1437
858,2728813,0,1,7,_matmul_abt_scale,"(6670, 1, 1)","(128, 1, 1)","Prefix: Attention QKᵀ + scale | _matmul_abt_scale | grid=(6670, 1, 1) block=(128, 1, 1)",vlm.prefix.step-1.layer01._matmul_abt_scale.line1455/_matmul_abt_scale,vlm.prefix.step-1.layer01._matmul_abt_scale.line1455,vlm,5,bf16_tensor,261632.00000000003,l2,242996512.0,,3497000960.0,14.391157022039888,13.36610567514677,ok,1455
858,2728813,0,1,7,_matmul_abt_scale,"(6670, 1, 1)","(128, 1, 1)","Prefix: Attention QKᵀ + scale | _matmul_abt_scale | grid=(6670, 1, 1) block=(128, 1, 1)",vlm.prefix.step-1.layer01._matmul_abt_scale.line1455/_matmul_abt_scale,vlm.prefix.step-1.layer01._matmul_abt_scale.line1455,vlm,5,fp32_simt,261632.00000000003,l2,242996512.0,,6830080.0,0.028107728558671656,0.026105675146771035,ok,1455
859,2728813,0,1,7,_softmax_mask_vector,"(1836, 1, 1)","(128, 1, 1)","Prefix: Prefix masked softmax | _softmax_mask_vector | grid=(1836, 1, 1) block=(128, 1, 1)",vlm.prefix.step-1.layer01._softmax_mask_vector.line1467/_softmax_mask_vector,vlm.prefix.step-1.layer01._softmax_mask_vector.line1467,vlm,8,bf16_tensor,158272.00000000003,l2,41686528.0,,0.0,,,zero_counted_flops,1467
859,2728813,0,1,7,_softmax_mask_vector,"(1836, 1, 1)","(128, 1, 1)","Prefix: Prefix masked softmax | _softmax_mask_vector | grid=(1836, 1, 1) block=(128, 1, 1)",vlm.prefix.step-1.layer01._softmax_mask_vector.line1467/_softmax_mask_vector,vlm.prefix.step-1.layer01._softmax_mask_vector.line1467,vlm,8,fp32_simt,158272.00000000003,l2,41686528.0,,35868096.0,0.8604241638929488,0.22662312980186008,ok,1467
860,2728813,0,1,7,_matmul_small,"(1840, 1, 1)","(128, 1, 1)","Prefix: Attention P × V | _matmul_small | grid=(1840, 1, 1) block=(128, 1, 1)",vlm.prefix.step-1.layer01._matmul_small.line1476/_matmul_small,vlm.prefix.step-1.layer01._matmul_small.line1476,vlm,4,bf16_tensor,262720.00000000006,l2,222380512.0,,3617587200.0,16.26755495553495,13.769744214372714,ok,1476
860,2728813,0,1,7,_matmul_small,"(1840, 1, 1)","(128, 1, 1)","Prefix: Attention P × V | _matmul_small | grid=(1840, 1, 1) block=(128, 1, 1)",vlm.prefix.step-1.layer01._matmul_small.line1476/_matmul_small,vlm.prefix.step-1.layer01._matmul_small.line1476,vlm,4,fp32_simt,262720.00000000006,l2,222380512.0,,0.0,,,zero_counted_flops,1476
861,2728813,0,1,7,_matmul_small_res,"(480, 1, 1)","(128, 1, 1)","Prefix: Attention output + residual | _matmul_small_res | grid=(480, 1, 1) block=(128, 1, 1)",vlm.prefix.step-1.layer01._matmul_small_res.line1487/_matmul_small_res,vlm.prefix.step-1.layer01._matmul_small_res.line1487,vlm,6,bf16_tensor,211232.0,l2,249544640.0,,8053063680.0,32.271034473030554,38.12425996061203,ok,1487
861,2728813,0,1,7,_matmul_small_res,"(480, 1, 1)","(128, 1, 1)","Prefix: Attention output + residual | _matmul_small_res | grid=(480, 1, 1) block=(128, 1, 1)",vlm.prefix.step-1.layer01._matmul_small_res.line1487/_matmul_small_res,vlm.prefix.step-1.layer01._matmul_small_res.line1487,vlm,6,fp32_simt,211232.0,l2,249544640.0,,0.0,,,zero_counted_flops,1487
862,2728813,0,1,7,_rms_norm_kernel,"(918, 1, 1)","(128, 1, 1)","Prefix: RMSNorm (pre-FFN) | _rms_norm_kernel | grid=(918, 1, 1) block=(128, 1, 1)",vlm.prefix.step-1.layer01._rms_norm_kernel.line1499/_rms_norm_kernel,vlm.prefix.step-1.layer01._rms_norm_kernel.line1499,vlm,10,bf16_tensor,33344.00000000001,l2,8354688.0,,0.0,,,zero_counted_flops,1499
862,2728813,0,1,7,_rms_norm_kernel,"(918, 1, 1)","(128, 1, 1)","Prefix: RMSNorm (pre-FFN) | _rms_norm_kernel | grid=(918, 1, 1) block=(128, 1, 1)",vlm.prefix.step-1.layer01._rms_norm_kernel.line1499/_rms_norm_kernel,vlm.prefix.step-1.layer01._rms_norm_kernel.line1499,vlm,10,fp32_simt,33344.00000000001,l2,8354688.0,,10340352.0,1.2376706347382451,0.3101113243761996,ok,1499
863,2728813,0,1,7,nvjet_sm110_tst_256x232_64x3_1x2_h_bz_NNT,"(512, 1, 1)","(256, 1, 1)","Prefix FFN: gate/up projection | nvjet_sm110_tst_256x232_64x3_1x2_h_bz_NNT | grid=(512, 1, 1) block=(256, 1, 1)",vlm.prefix.layer01.FFN/nvjet_sm110_tst_256x232_64x3_1x2_h_bz_NNT,vlm.prefix.layer01.FFN,vlm,3,bf16_tensor,892384.0000000001,l2,812673440.0,,124554051584.0,153.26457769310142,139.57450109369955,ok,
863,2728813,0,1,7,nvjet_sm110_tst_256x232_64x3_1x2_h_bz_NNT,"(512, 1, 1)","(256, 1, 1)","Prefix FFN: gate/up projection | nvjet_sm110_tst_256x232_64x3_1x2_h_bz_NNT | grid=(512, 1, 1) block=(256, 1, 1)",vlm.prefix.layer01.FFN/nvjet_sm110_tst_256x232_64x3_1x2_h_bz_NNT,vlm.prefix.layer01.FFN,vlm,3,fp32_simt,892384.0000000001,l2,812673440.0,,60817408.0,0.07483621957670968,0.06815161186215798,ok,
864,2728813,0,1,7,triton_poi_fused_gelu_mul_split_0,"(29376, 1, 1)","(128, 1, 1)","Prefix FFN: GELU product | triton_poi_fused_gelu_mul_split_0 | grid=(29376, 1, 1) block=(128, 1, 1)",vlm.prefix.layer01.FFN/triton_poi_fused_gelu_mul_split_0,vlm.prefix.layer01.FFN,vlm,1,bf16_tensor,339552.0,l2,90534720.0,,0.0,,,zero_counted_flops,
864,2728813,0,1,7,triton_poi_fused_gelu_mul_split_0,"(29376, 1, 1)","(128, 1, 1)","Prefix FFN: GELU product | triton_poi_fused_gelu_mul_split_0 | grid=(29376, 1, 1) block=(128, 1, 1)",vlm.prefix.layer01.FFN/triton_poi_fused_gelu_mul_split_0,vlm.prefix.layer01.FFN,vlm,1,fp32_simt,339552.0,l2,90534720.0,,232875923.0,2.5722277928290938,0.6858328709593817,ok,
865,2728813,0,1,7,nvjet_sm110_tst_256x184_64x3_2x1_v_badd_NNT,"(40, 1, 1)","(256, 1, 1)","Prefix FFN: down + residual | nvjet_sm110_tst_256x184_64x3_2x1_v_badd_NNT | grid=(40, 1, 1) block=(256, 1, 1)",vlm.prefix.layer01.FFN/nvjet_sm110_tst_256x184_64x3_2x1_v_badd_NNT,vlm.prefix.layer01.FFN,vlm,2,bf16_tensor,792128.0,l2,448877792.0,,61740154880.0,137.54334917063574,77.94214429991112,ok,
865,2728813,0,1,7,nvjet_sm110_tst_256x184_64x3_2x1_v_badd_NNT,"(40, 1, 1)","(256, 1, 1)","Prefix FFN: down + residual | nvjet_sm110_tst_256x184_64x3_2x1_v_badd_NNT | grid=(40, 1, 1) block=(256, 1, 1)",vlm.prefix.layer01.FFN/nvjet_sm110_tst_256x184_64x3_2x1_v_badd_NNT,vlm.prefix.layer01.FFN,vlm,2,fp32_simt,792128.0,l2,448877792.0,,3768320.0,0.00839497980777806,0.004757210955805122,ok,
866,2728813,0,1,7,_rms_norm_kernel,"(918, 1, 1)","(128, 1, 1)","Prefix: RMSNorm (pre-attention) | _rms_norm_kernel | grid=(918, 1, 1) block=(128, 1, 1)",vlm.prefix.step-1.layer02._rms_norm_kernel.line1429/_rms_norm_kernel,vlm.prefix.step-1.layer02._rms_norm_kernel.line1429,vlm,11,bf16_tensor,27872.0,l2,8324864.0,,0.0,,,zero_counted_flops,1429
866,2728813,0,1,7,_rms_norm_kernel,"(918, 1, 1)","(128, 1, 1)","Prefix: RMSNorm (pre-attention) | _rms_norm_kernel | grid=(918, 1, 1) block=(128, 1, 1)",vlm.prefix.step-1.layer02._rms_norm_kernel.line1429/_rms_norm_kernel,vlm.prefix.step-1.layer02._rms_norm_kernel.line1429,vlm,11,fp32_simt,27872.0,l2,8324864.0,,10340352.0,1.2421046157630924,0.3709942594718714,ok,1429
867,2728813,0,1,7,_matmul_gemma_rope_qkv,"(29, 10, 1)","(128, 1, 1)","Prefix: QKV projection + Gemma RoPE | _matmul_gemma_rope_qkv | grid=(29, 10, 1) block=(128, 1, 1)",vlm.prefix.step-1.layer02._matmul_gemma_rope_qkv.line1437/_matmul_gemma_rope_qkv,vlm.prefix.step-1.layer02._matmul_gemma_rope_qkv.line1437,vlm,9,bf16_tensor,258528.0,l2,344612704.0,,9730785280.0,28.23687335682204,37.63919296942691,ok,1437
867,2728813,0,1,7,_matmul_gemma_rope_qkv,"(29, 10, 1)","(128, 1, 1)","Prefix: QKV projection + Gemma RoPE | _matmul_gemma_rope_qkv | grid=(29, 10, 1) block=(128, 1, 1)",vlm.prefix.step-1.layer02._matmul_gemma_rope_qkv.line1437/_matmul_gemma_rope_qkv,vlm.prefix.step-1.layer02._matmul_gemma_rope_qkv.line1437,vlm,9,fp32_simt,258528.0,l2,344612704.0,,6414336.0,0.01861317335532703,0.024810991459339026,ok,1437
868,2728813,0,1,7,_matmul_abt_scale,"(6670, 1, 1)","(128, 1, 1)","Prefix: Attention QKᵀ + scale | _matmul_abt_scale | grid=(6670, 1, 1) block=(128, 1, 1)",vlm.prefix.step-1.layer02._matmul_abt_scale.line1455/_matmul_abt_scale,vlm.prefix.step-1.layer02._matmul_abt_scale.line1455,vlm,5,bf16_tensor,258304.0,l2,243064608.0,,3497000960.0,14.387125253545756,13.538315163528246,ok,1455
868,2728813,0,1,7,_matmul_abt_scale,"(6670, 1, 1)","(128, 1, 1)","Prefix: Attention QKᵀ + scale | _matmul_abt_scale | grid=(6670, 1, 1) block=(128, 1, 1)",vlm.prefix.step-1.layer02._matmul_abt_scale.line1455/_matmul_abt_scale,vlm.prefix.step-1.layer02._matmul_abt_scale.line1455,vlm,5,fp32_simt,258304.0,l2,243064608.0,,6830080.0,0.028099854010831555,0.026442021803766105,ok,1455
869,2728813,0,1,7,_softmax_mask_vector,"(1836, 1, 1)","(128, 1, 1)","Prefix: Prefix masked softmax | _softmax_mask_vector | grid=(1836, 1, 1) block=(128, 1, 1)",vlm.prefix.step-1.layer02._softmax_mask_vector.line1467/_softmax_mask_vector,vlm.prefix.step-1.layer02._softmax_mask_vector.line1467,vlm,8,bf16_tensor,132768.0,l2,41660640.0,,0.0,,,zero_counted_flops,1467
869,2728813,0,1,7,_softmax_mask_vector,"(1836, 1, 1)","(128, 1, 1)","Prefix: Prefix masked softmax | _softmax_mask_vector | grid=(1836, 1, 1) block=(128, 1, 1)",vlm.prefix.step-1.layer02._softmax_mask_vector.line1467/_softmax_mask_vector,vlm.prefix.step-1.layer02._softmax_mask_vector.line1467,vlm,8,fp32_simt,132768.0,l2,41660640.0,,35868096.0,0.8609588330856175,0.2701561822125813,ok,1467
870,2728813,0,1,7,_matmul_small,"(1840, 1, 1)","(128, 1, 1)","Prefix: Attention P × V | _matmul_small | grid=(1840, 1, 1) block=(128, 1, 1)",vlm.prefix.step-1.layer02._matmul_small.line1476/_matmul_small,vlm.prefix.step-1.layer02._matmul_small.line1476,vlm,4,bf16_tensor,273184.0,l2,222031712.0,,3617587200.0,16.293110418389244,13.24230994494553,ok,1476
870,2728813,0,1,7,_matmul_small,"(1840, 1, 1)","(128, 1, 1)","Prefix: Attention P × V | _matmul_small | grid=(1840, 1, 1) block=(128, 1, 1)",vlm.prefix.step-1.layer02._matmul_small.line1476/_matmul_small,vlm.prefix.step-1.layer02._matmul_small.line1476,vlm,4,fp32_simt,273184.0,l2,222031712.0,,0.0,,,zero_counted_flops,1476
871,2728813,0,1,7,_matmul_small_res,"(480, 1, 1)","(128, 1, 1)","Prefix: Attention output + residual | _matmul_small_res | grid=(480, 1, 1) block=(128, 1, 1)",vlm.prefix.step-1.layer02._matmul_small_res.line1487/_matmul_small_res,vlm.prefix.step-1.layer02._matmul_small_res.line1487,vlm,6,bf16_tensor,213792.0,l2,250052128.0,,8053063680.0,32.20553947855225,37.66775033677593,ok,1487
871,2728813,0,1,7,_matmul_small_res,"(480, 1, 1)","(128, 1, 1)","Prefix: Attention output + residual | _matmul_small_res | grid=(480, 1, 1) block=(128, 1, 1)",vlm.prefix.step-1.layer02._matmul_small_res.line1487/_matmul_small_res,vlm.prefix.step-1.layer02._matmul_small_res.line1487,vlm,6,fp32_simt,213792.0,l2,250052128.0,,0.0,,,zero_counted_flops,1487
872,2728813,0,1,7,_rms_norm_kernel,"(918, 1, 1)","(128, 1, 1)","Prefix: RMSNorm (pre-FFN) | _rms_norm_kernel | grid=(918, 1, 1) block=(128, 1, 1)",vlm.prefix.step-1.layer02._rms_norm_kernel.line1499/_rms_norm_kernel,vlm.prefix.step-1.layer02._rms_norm_kernel.line1499,vlm,10,bf16_tensor,22208.0,l2,8273760.0,,0.0,,,zero_counted_flops,1499
872,2728813,0,1,7,_rms_norm_kernel,"(918, 1, 1)","(128, 1, 1)","Prefix: RMSNorm (pre-FFN) | _rms_norm_kernel | grid=(918, 1, 1) block=(128, 1, 1)",vlm.prefix.step-1.layer02._rms_norm_kernel.line1499/_rms_norm_kernel,vlm.prefix.step-1.layer02._rms_norm_kernel.line1499,vlm,10,fp32_simt,22208.0,l2,8273760.0,,10340352.0,1.24977664326739,0.4656138328530259,ok,1499
873,2728813,0,1,7,nvjet_sm110_tst_256x232_64x3_1x2_h_bz_NNT,"(512, 1, 1)","(256, 1, 1)","Prefix FFN: gate/up projection | nvjet_sm110_tst_256x232_64x3_1x2_h_bz_NNT | grid=(512, 1, 1) block=(256, 1, 1)",vlm.prefix.layer02.FFN/nvjet_sm110_tst_256x232_64x3_1x2_h_bz_NNT,vlm.prefix.layer02.FFN,vlm,3,bf16_tensor,842848.0000000001,l2,812541504.0,,124554051584.0,153.28946394841634,147.77759641596109,ok,
873,2728813,0,1,7,nvjet_sm110_tst_256x232_64x3_1x2_h_bz_NNT,"(512, 1, 1)","(256, 1, 1)","Prefix FFN: gate/up projection | nvjet_sm110_tst_256x232_64x3_1x2_h_bz_NNT | grid=(512, 1, 1) block=(256, 1, 1)",vlm.prefix.layer02.FFN/nvjet_sm110_tst_256x232_64x3_1x2_h_bz_NNT,vlm.prefix.layer02.FFN,vlm,3,fp32_simt,842848.0000000001,l2,812541504.0,,60817408.0,0.07484837106856267,0.072157029499981,ok,
874,2728813,0,1,7,triton_poi_fused_gelu_mul_split_0,"(29376, 1, 1)","(128, 1, 1)","Prefix FFN: GELU product | triton_poi_fused_gelu_mul_split_0 | grid=(29376, 1, 1) block=(128, 1, 1)",vlm.prefix.layer02.FFN/triton_poi_fused_gelu_mul_split_0,vlm.prefix.layer02.FFN,vlm,1,bf16_tensor,360864.0,l2,90357696.0,,0.0,,,zero_counted_flops,
874,2728813,0,1,7,triton_poi_fused_gelu_mul_split_0,"(29376, 1, 1)","(128, 1, 1)","Prefix FFN: GELU product | triton_poi_fused_gelu_mul_split_0 | grid=(29376, 1, 1) block=(128, 1, 1)",vlm.prefix.layer02.FFN/triton_poi_fused_gelu_mul_split_0,vlm.prefix.layer02.FFN,vlm,1,fp32_simt,360864.0,l2,90357696.0,,231269668.0,2.5594905385812403,0.6408776381129733,ok,
875,2728813,0,1,7,nvjet_sm110_tst_256x184_64x3_2x1_v_badd_NNT,"(40, 1, 1)","(256, 1, 1)","Prefix FFN: down + residual | nvjet_sm110_tst_256x184_64x3_2x1_v_badd_NNT | grid=(40, 1, 1) block=(256, 1, 1)",vlm.prefix.layer02.FFN/nvjet_sm110_tst_256x184_64x3_2x1_v_badd_NNT,vlm.prefix.layer02.FFN,vlm,2,bf16_tensor,785440.0000000001,l2,448991968.0,,61740154880.0,137.50837271102364,78.60581951517621,ok,
875,2728813,0,1,7,nvjet_sm110_tst_256x184_64x3_2x1_v_badd_NNT,"(40, 1, 1)","(256, 1, 1)","Prefix FFN: down + residual | nvjet_sm110_tst_256x184_64x3_2x1_v_badd_NNT | grid=(40, 1, 1) block=(256, 1, 1)",vlm.prefix.layer02.FFN/nvjet_sm110_tst_256x184_64x3_2x1_v_badd_NNT,vlm.prefix.layer02.FFN,vlm,2,fp32_simt,785440.0000000001,l2,448991968.0,,3768320.0,0.008392845014100564,0.004797718476268079,ok,
876,2728813,0,1,7,_rms_norm_kernel,"(918, 1, 1)","(128, 1, 1)","Prefix: RMSNorm (pre-attention) | _rms_norm_kernel | grid=(918, 1, 1) block=(128, 1, 1)",vlm.prefix.step-1.layer03._rms_norm_kernel.line1429/_rms_norm_kernel,vlm.prefix.step-1.layer03._rms_norm_kernel.line1429,vlm,11,bf16_tensor,27936.0,l2,8408192.0,,0.0,,,zero_counted_flops,1429
876,2728813,0,1,7,_rms_norm_kernel,"(918, 1, 1)","(128, 1, 1)","Prefix: RMSNorm (pre-attention) | _rms_norm_kernel | grid=(918, 1, 1) block=(128, 1, 1)",vlm.prefix.step-1.layer03._rms_norm_kernel.line1429/_rms_norm_kernel,vlm.prefix.step-1.layer03._rms_norm_kernel.line1429,vlm,11,fp32_simt,27936.0,l2,8408192.0,,10340352.0,1.2297949428367,0.37014432989690715,ok,1429
877,2728813,0,1,7,_matmul_gemma_rope_qkv,"(29, 10, 1)","(128, 1, 1)","Prefix: QKV projection + Gemma RoPE | _matmul_gemma_rope_qkv | grid=(29, 10, 1) block=(128, 1, 1)",vlm.prefix.step-1.layer03._matmul_gemma_rope_qkv.line1437/_matmul_gemma_rope_qkv,vlm.prefix.step-1.layer03._matmul_gemma_rope_qkv.line1437,vlm,9,bf16_tensor,265440.00000000006,l2,343412448.0,,9730785280.0,28.335563654349535,36.65907655213984,ok,1437
877,2728813,0,1,7,_matmul_gemma_rope_qkv,"(29, 10, 1)","(128, 1, 1)","Prefix: QKV projection + Gemma RoPE | _matmul_gemma_rope_qkv | grid=(29, 10, 1) block=(128, 1, 1)",vlm.prefix.step-1.layer03._matmul_gemma_rope_qkv.line1437/_matmul_gemma_rope_qkv,vlm.prefix.step-1.layer03._matmul_gemma_rope_qkv.line1437,vlm,9,fp32_simt,265440.00000000006,l2,343412448.0,,6414336.0,0.018678227994810486,0.024164918625678117,ok,1437
878,2728813,0,1,7,_matmul_abt_scale,"(6670, 1, 1)","(128, 1, 1)","Prefix: Attention QKᵀ + scale | _matmul_abt_scale | grid=(6670, 1, 1) block=(128, 1, 1)",vlm.prefix.step-1.layer03._matmul_abt_scale.line1455/_matmul_abt_scale,vlm.prefix.step-1.layer03._matmul_abt_scale.line1455,vlm,5,bf16_tensor,255776.00000000003,l2,243083808.0,,3497000960.0,14.385988884952798,13.672123107719251,ok,1455
878,2728813,0,1,7,_matmul_abt_scale,"(6670, 1, 1)","(128, 1, 1)","Prefix: Attention QKᵀ + scale | _matmul_abt_scale | grid=(6670, 1, 1) block=(128, 1, 1)",vlm.prefix.step-1.layer03._matmul_abt_scale.line1455/_matmul_abt_scale,vlm.prefix.step-1.layer03._matmul_abt_scale.line1455,vlm,5,fp32_simt,255776.00000000003,l2,243083808.0,,6830080.0,0.028097634540923434,0.026703365444764163,ok,1455
879,2728813,0,1,7,_softmax_mask_vector,"(1836, 1, 1)","(128, 1, 1)","Prefix: Prefix masked softmax | _softmax_mask_vector | grid=(1836, 1, 1) block=(128, 1, 1)",vlm.prefix.step-1.layer03._softmax_mask_vector.line1467/_softmax_mask_vector,vlm.prefix.step-1.layer03._softmax_mask_vector.line1467,vlm,8,bf16_tensor,133824.0,l2,41592992.0,,0.0,,,zero_counted_flops,1467
879,2728813,0,1,7,_softmax_mask_vector,"(1836, 1, 1)","(128, 1, 1)","Prefix: Prefix masked softmax | _softmax_mask_vector | grid=(1836, 1, 1) block=(128, 1, 1)",vlm.prefix.step-1.layer03._softmax_mask_vector.line1467/_softmax_mask_vector,vlm.prefix.step-1.layer03._softmax_mask_vector.line1467,vlm,8,fp32_simt,133824.0,l2,41592992.0,,35868096.0,0.8623591204979916,0.26802439024390246,ok,1467
880,2728813,0,1,7,_matmul_small,"(1840, 1, 1)","(128, 1, 1)","Prefix: Attention P × V | _matmul_small | grid=(1840, 1, 1) block=(128, 1, 1)",vlm.prefix.step-1.layer03._matmul_small.line1476/_matmul_small,vlm.prefix.step-1.layer03._matmul_small.line1476,vlm,4,bf16_tensor,263008.0,l2,222520416.0,,3617587200.0,16.257327147905386,13.754666017763716,ok,1476
880,2728813,0,1,7,_matmul_small,"(1840, 1, 1)","(128, 1, 1)","Prefix: Attention P × V | _matmul_small | grid=(1840, 1, 1) block=(128, 1, 1)",vlm.prefix.step-1.layer03._matmul_small.line1476/_matmul_small,vlm.prefix.step-1.layer03._matmul_small.line1476,vlm,4,fp32_simt,263008.0,l2,222520416.0,,0.0,,,zero_counted_flops,1476
881,2728813,0,1,7,_matmul_small_res,"(480, 1, 1)","(128, 1, 1)","Prefix: Attention output + residual | _matmul_small_res | grid=(480, 1, 1) block=(128, 1, 1)",vlm.prefix.step-1.layer03._matmul_small_res.line1487/_matmul_small_res,vlm.prefix.step-1.layer03._matmul_small_res.line1487,vlm,6,bf16_tensor,217696.00000000003,l2,249876512.0,,8053063680.0,32.22817389094978,36.99224459797148,ok,1487
881,2728813,0,1,7,_matmul_small_res,"(480, 1, 1)","(128, 1, 1)","Prefix: Attention output + residual | _matmul_small_res | grid=(480, 1, 1) block=(128, 1, 1)",vlm.prefix.step-1.layer03._matmul_small_res.line1487/_matmul_small_res,vlm.prefix.step-1.layer03._matmul_small_res.line1487,vlm,6,fp32_simt,217696.00000000003,l2,249876512.0,,0.0,,,zero_counted_flops,1487
882,2728813,0,1,7,_rms_norm_kernel,"(918, 1, 1)","(128, 1, 1)","Prefix: RMSNorm (pre-FFN) | _rms_norm_kernel | grid=(918, 1, 1) block=(128, 1, 1)",vlm.prefix.step-1.layer03._rms_norm_kernel.line1499/_rms_norm_kernel,vlm.prefix.step-1.layer03._rms_norm_kernel.line1499,vlm,10,bf16_tensor,30080.000000000004,l2,8252768.0,,0.0,,,zero_counted_flops,1499
882,2728813,0,1,7,_rms_norm_kernel,"(918, 1, 1)","(128, 1, 1)","Prefix: RMSNorm (pre-FFN) | _rms_norm_kernel | grid=(918, 1, 1) block=(128, 1, 1)",vlm.prefix.step-1.layer03._rms_norm_kernel.line1499/_rms_norm_kernel,vlm.prefix.step-1.layer03._rms_norm_kernel.line1499,vlm,10,fp32_simt,30080.000000000004,l2,8252768.0,,10340352.0,1.2529556144071905,0.34376170212765955,ok,1499
883,2728813,0,1,7,nvjet_sm110_tst_256x232_64x3_1x2_h_bz_NNT,"(512, 1, 1)","(256, 1, 1)","Prefix FFN: gate/up projection | nvjet_sm110_tst_256x232_64x3_1x2_h_bz_NNT | grid=(512, 1, 1) block=(256, 1, 1)",vlm.prefix.layer03.FFN/nvjet_sm110_tst_256x232_64x3_1x2_h_bz_NNT,vlm.prefix.layer03.FFN,vlm,3,bf16_tensor,895680.0,l2,811520448.0,,124554051584.0,153.48233293562063,139.06088288674528,ok,
883,2728813,0,1,7,nvjet_sm110_tst_256x232_64x3_1x2_h_bz_NNT,"(512, 1, 1)","(256, 1, 1)","Prefix FFN: gate/up projection | nvjet_sm110_tst_256x232_64x3_1x2_h_bz_NNT | grid=(512, 1, 1) block=(256, 1, 1)",vlm.prefix.layer03.FFN/nvjet_sm110_tst_256x232_64x3_1x2_h_bz_NNT,vlm.prefix.layer03.FFN,vlm,3,fp32_simt,895680.0,l2,811520448.0,,60817408.0,0.07494254537872101,0.06790082172204359,ok,
884,2728813,0,1,7,triton_poi_fused_gelu_mul_split_0,"(29376, 1, 1)","(128, 1, 1)","Prefix FFN: GELU product | triton_poi_fused_gelu_mul_split_0 | grid=(29376, 1, 1) block=(128, 1, 1)",vlm.prefix.layer03.FFN/triton_poi_fused_gelu_mul_split_0,vlm.prefix.layer03.FFN,vlm,1,bf16_tensor,343680.0,l2,90359072.0,,0.0,,,zero_counted_flops,
884,2728813,0,1,7,triton_poi_fused_gelu_mul_split_0,"(29376, 1, 1)","(128, 1, 1)","Prefix FFN: GELU product | triton_poi_fused_gelu_mul_split_0 | grid=(29376, 1, 1) block=(128, 1, 1)",vlm.prefix.layer03.FFN/triton_poi_fused_gelu_mul_split_0,vlm.prefix.layer03.FFN,vlm,1,fp32_simt,343680.0,l2,90359072.0,,231111167.0,2.5576974385040163,0.6724603322858473,ok,
885,2728813,0,1,7,nvjet_sm110_tst_256x184_64x3_2x1_v_badd_NNT,"(40, 1, 1)","(256, 1, 1)","Prefix FFN: down + residual | nvjet_sm110_tst_256x184_64x3_2x1_v_badd_NNT | grid=(40, 1, 1) block=(256, 1, 1)",vlm.prefix.layer03.FFN/nvjet_sm110_tst_256x184_64x3_2x1_v_badd_NNT,vlm.prefix.layer03.FFN,vlm,2,bf16_tensor,791968.0000000001,l2,450756352.0,,61740154880.0,136.9701272229659,77.95789082387165,ok,
885,2728813,0,1,7,nvjet_sm110_tst_256x184_64x3_2x1_v_badd_NNT,"(40, 1, 1)","(256, 1, 1)","Prefix FFN: down + residual | nvjet_sm110_tst_256x184_64x3_2x1_v_badd_NNT | grid=(40, 1, 1) block=(256, 1, 1)",vlm.prefix.layer03.FFN/nvjet_sm110_tst_256x184_64x3_2x1_v_badd_NNT,vlm.prefix.layer03.FFN,vlm,2,fp32_simt,791968.0000000001,l2,450756352.0,,3768320.0,0.008359993116636103,0.0047581720473554474,ok,
886,2728813,0,1,7,_rms_norm_kernel,"(918, 1, 1)","(128, 1, 1)","Prefix: RMSNorm (pre-attention) | _rms_norm_kernel | grid=(918, 1, 1) block=(128, 1, 1)",vlm.prefix.step-1.layer04._rms_norm_kernel.line1429/_rms_norm_kernel,vlm.prefix.step-1.layer04._rms_norm_kernel.line1429,vlm,11,bf16_tensor,28672.000000000004,l2,8299808.0,,0.0,,,zero_counted_flops,1429
886,2728813,0,1,7,_rms_norm_kernel,"(918, 1, 1)","(128, 1, 1)","Prefix: RMSNorm (pre-attention) | _rms_norm_kernel | grid=(918, 1, 1) block=(128, 1, 1)",vlm.prefix.step-1.layer04._rms_norm_kernel.line1429/_rms_norm_kernel,vlm.prefix.step-1.layer04._rms_norm_kernel.line1429,vlm,11,fp32_simt,28672.000000000004,l2,8299808.0,,10340352.0,1.2458543619322278,0.3606428571428571,ok,1429
887,2728813,0,1,7,_matmul_gemma_rope_qkv,"(29, 10, 1)","(128, 1, 1)","Prefix: QKV projection + Gemma RoPE | _matmul_gemma_rope_qkv | grid=(29, 10, 1) block=(128, 1, 1)",vlm.prefix.step-1.layer04._matmul_gemma_rope_qkv.line1437/_matmul_gemma_rope_qkv,vlm.prefix.step-1.layer04._matmul_gemma_rope_qkv.line1437,vlm,9,bf16_tensor,254112.00000000003,l2,345351552.0,,9730785280.0,28.176463153696787,38.29329303614154,ok,1437
887,2728813,0,1,7,_matmul_gemma_rope_qkv,"(29, 10, 1)","(128, 1, 1)","Prefix: QKV projection + Gemma RoPE | _matmul_gemma_rope_qkv | grid=(29, 10, 1) block=(128, 1, 1)",vlm.prefix.step-1.layer04._matmul_gemma_rope_qkv.line1437/_matmul_gemma_rope_qkv,vlm.prefix.step-1.layer04._matmul_gemma_rope_qkv.line1437,vlm,9,fp32_simt,254112.00000000003,l2,345351552.0,,6414336.0,0.018573352176509114,0.025242160936909706,ok,1437
888,2728813,0,1,7,_matmul_abt_scale,"(6670, 1, 1)","(128, 1, 1)","Prefix: Attention QKᵀ + scale | _matmul_abt_scale | grid=(6670, 1, 1) block=(128, 1, 1)",vlm.prefix.step-1.layer04._matmul_abt_scale.line1455/_matmul_abt_scale,vlm.prefix.step-1.layer04._matmul_abt_scale.line1455,vlm,5,bf16_tensor,257920.00000000003,l2,243129472.0,,3497000960.0,14.383286942687063,13.55847146401985,ok,1455
888,2728813,0,1,7,_matmul_abt_scale,"(6670, 1, 1)","(128, 1, 1)","Prefix: Attention QKᵀ + scale | _matmul_abt_scale | grid=(6670, 1, 1) block=(128, 1, 1)",vlm.prefix.step-1.layer04._matmul_abt_scale.line1455/_matmul_abt_scale,vlm.prefix.step-1.layer04._matmul_abt_scale.line1455,vlm,5,fp32_simt,257920.00000000003,l2,243129472.0,,6830080.0,0.02809235730993567,0.026481389578163768,ok,1455
889,2728813,0,1,7,_softmax_mask_vector,"(1836, 1, 1)","(128, 1, 1)","Prefix: Prefix masked softmax | _softmax_mask_vector | grid=(1836, 1, 1) block=(128, 1, 1)",vlm.prefix.step-1.layer04._softmax_mask_vector.line1467/_softmax_mask_vector,vlm.prefix.step-1.layer04._softmax_mask_vector.line1467,vlm,8,bf16_tensor,125024.0,l2,41581984.0,,0.0,,,zero_counted_flops,1467
889,2728813,0,1,7,_softmax_mask_vector,"(1836, 1, 1)","(128, 1, 1)","Prefix: Prefix masked softmax | _softmax_mask_vector | grid=(1836, 1, 1) block=(128, 1, 1)",vlm.prefix.step-1.layer04._softmax_mask_vector.line1467/_softmax_mask_vector,vlm.prefix.step-1.layer04._softmax_mask_vector.line1467,vlm,8,fp32_simt,125024.0,l2,41581984.0,,35868096.0,0.8625874128564909,0.2868896851804454,ok,1467
890,2728813,0,1,7,_matmul_small,"(1840, 1, 1)","(128, 1, 1)","Prefix: Attention P × V | _matmul_small | grid=(1840, 1, 1) block=(128, 1, 1)",vlm.prefix.step-1.layer04._matmul_small.line1476/_matmul_small,vlm.prefix.step-1.layer04._matmul_small.line1476,vlm,4,bf16_tensor,262208.0,l2,221864320.0,,3617587200.0,16.305403230226474,13.79663168171833,ok,1476
890,2728813,0,1,7,_matmul_small,"(1840, 1, 1)","(128, 1, 1)","Prefix: Attention P × V | _matmul_small | grid=(1840, 1, 1) block=(128, 1, 1)",vlm.prefix.step-1.layer04._matmul_small.line1476/_matmul_small,vlm.prefix.step-1.layer04._matmul_small.line1476,vlm,4,fp32_simt,262208.0,l2,221864320.0,,0.0,,,zero_counted_flops,1476
891,2728813,0,1,7,_matmul_small_res,"(480, 1, 1)","(128, 1, 1)","Prefix: Attention output + residual | _matmul_small_res | grid=(480, 1, 1) block=(128, 1, 1)",vlm.prefix.step-1.layer04._matmul_small_res.line1487/_matmul_small_res,vlm.prefix.step-1.layer04._matmul_small_res.line1487,vlm,6,bf16_tensor,210944.00000000003,l2,248910656.0,,8053063680.0,32.353229907521516,38.176310679611646,ok,1487
891,2728813,0,1,7,_matmul_small_res,"(480, 1, 1)","(128, 1, 1)","Prefix: Attention output + residual | _matmul_small_res | grid=(480, 1, 1) block=(128, 1, 1)",vlm.prefix.step-1.layer04._matmul_small_res.line1487/_matmul_small_res,vlm.prefix.step-1.layer04._matmul_small_res.line1487,vlm,6,fp32_simt,210944.00000000003,l2,248910656.0,,0.0,,,zero_counted_flops,1487
892,2728813,0,1,7,_rms_norm_kernel,"(918, 1, 1)","(128, 1, 1)","Prefix: RMSNorm (pre-FFN) | _rms_norm_kernel | grid=(918, 1, 1) block=(128, 1, 1)",vlm.prefix.step-1.layer04._rms_norm_kernel.line1499/_rms_norm_kernel,vlm.prefix.step-1.layer04._rms_norm_kernel.line1499,vlm,10,bf16_tensor,32608.000000000004,l2,8201088.0,,0.0,,,zero_counted_flops,1499
892,2728813,0,1,7,_rms_norm_kernel,"(918, 1, 1)","(128, 1, 1)","Prefix: RMSNorm (pre-FFN) | _rms_norm_kernel | grid=(918, 1, 1) block=(128, 1, 1)",vlm.prefix.step-1.layer04._rms_norm_kernel.line1499/_rms_norm_kernel,vlm.prefix.step-1.layer04._rms_norm_kernel.line1499,vlm,10,fp32_simt,32608.000000000004,l2,8201088.0,,10340352.0,1.2608512431521282,0.31711089303238466,ok,1499
893,2728813,0,1,7,nvjet_sm110_tst_256x232_64x3_1x2_h_bz_NNT,"(512, 1, 1)","(256, 1, 1)","Prefix FFN: gate/up projection | nvjet_sm110_tst_256x232_64x3_1x2_h_bz_NNT | grid=(512, 1, 1) block=(256, 1, 1)",vlm.prefix.layer04.FFN/nvjet_sm110_tst_256x232_64x3_1x2_h_bz_NNT,vlm.prefix.layer04.FFN,vlm,3,bf16_tensor,856800.0,l2,811531424.0,,124554051584.0,153.48025707997724,145.37120866479924,ok,
893,2728813,0,1,7,nvjet_sm110_tst_256x232_64x3_1x2_h_bz_NNT,"(512, 1, 1)","(256, 1, 1)","Prefix FFN: gate/up projection | nvjet_sm110_tst_256x232_64x3_1x2_h_bz_NNT | grid=(512, 1, 1) block=(256, 1, 1)",vlm.prefix.layer04.FFN/nvjet_sm110_tst_256x232_64x3_1x2_h_bz_NNT,vlm.prefix.layer04.FFN,vlm,3,fp32_simt,856800.0,l2,811531424.0,,60817408.0,0.07494153177733263,0.070982035480859,ok,
894,2728813,0,1,7,triton_poi_fused_gelu_mul_split_0,"(29376, 1, 1)","(128, 1, 1)","Prefix FFN: GELU product | triton_poi_fused_gelu_mul_split_0 | grid=(29376, 1, 1) block=(128, 1, 1)",vlm.prefix.layer04.FFN/triton_poi_fused_gelu_mul_split_0,vlm.prefix.layer04.FFN,vlm,1,bf16_tensor,340416.0,l2,90349888.0,,0.0,,,zero_counted_flops,
894,2728813,0,1,7,triton_poi_fused_gelu_mul_split_0,"(29376, 1, 1)","(128, 1, 1)","Prefix FFN: GELU product | triton_poi_fused_gelu_mul_split_0 | grid=(29376, 1, 1) block=(128, 1, 1)",vlm.prefix.layer04.FFN/triton_poi_fused_gelu_mul_split_0,vlm.prefix.layer04.FFN,vlm,1,fp32_simt,340416.0,l2,90349888.0,,228213370.0,2.525884370769779,0.6703955454502726,ok,
895,2728813,0,1,7,nvjet_sm110_tst_256x184_64x3_2x1_v_badd_NNT,"(40, 1, 1)","(256, 1, 1)","Prefix FFN: down + residual | nvjet_sm110_tst_256x184_64x3_2x1_v_badd_NNT | grid=(40, 1, 1) block=(256, 1, 1)",vlm.prefix.layer04.FFN/nvjet_sm110_tst_256x184_64x3_2x1_v_badd_NNT,vlm.prefix.layer04.FFN,vlm,2,bf16_tensor,767360.0,l2,445778496.0,,61740154880.0,138.499625787243,80.45787489574646,ok,
895,2728813,0,1,7,nvjet_sm110_tst_256x184_64x3_2x1_v_badd_NNT,"(40, 1, 1)","(256, 1, 1)","Prefix FFN: down + residual | nvjet_sm110_tst_256x184_64x3_2x1_v_badd_NNT | grid=(40, 1, 1) block=(256, 1, 1)",vlm.prefix.layer04.FFN/nvjet_sm110_tst_256x184_64x3_2x1_v_badd_NNT,vlm.prefix.layer04.FFN,vlm,2,fp32_simt,767360.0,l2,445778496.0,,3768320.0,0.008453346300490905,0.0049107589658048375,ok,
896,2728813,0,1,7,_rms_norm_kernel,"(918, 1, 1)","(128, 1, 1)","Prefix: RMSNorm (pre-attention) | _rms_norm_kernel | grid=(918, 1, 1) block=(128, 1, 1)",vlm.prefix.step-1.layer05._rms_norm_kernel.line1429/_rms_norm_kernel,vlm.prefix.step-1.layer05._rms_norm_kernel.line1429,vlm,11,bf16_tensor,29728.0,l2,8256000.0,,0.0,,,zero_counted_flops,1429
896,2728813,0,1,7,_rms_norm_kernel,"(918, 1, 1)","(128, 1, 1)","Prefix: RMSNorm (pre-attention) | _rms_norm_kernel | grid=(918, 1, 1) block=(128, 1, 1)",vlm.prefix.step-1.layer05._rms_norm_kernel.line1429/_rms_norm_kernel,vlm.prefix.step-1.layer05._rms_norm_kernel.line1429,vlm,11,fp32_simt,29728.0,l2,8256000.0,,10340352.0,1.2524651162790699,0.347832077502691,ok,1429
897,2728813,0,1,7,_matmul_gemma_rope_qkv,"(29, 10, 1)","(128, 1, 1)","Prefix: QKV projection + Gemma RoPE | _matmul_gemma_rope_qkv | grid=(29, 10, 1) block=(128, 1, 1)",vlm.prefix.step-1.layer05._matmul_gemma_rope_qkv.line1437/_matmul_gemma_rope_qkv,vlm.prefix.step-1.layer05._matmul_gemma_rope_qkv.line1437,vlm,9,bf16_tensor,254592.0,l2,344006784.0,,9730785280.0,28.286608673391743,38.221096028154854,ok,1437
897,2728813,0,1,7,_matmul_gemma_rope_qkv,"(29, 10, 1)","(128, 1, 1)","Prefix: QKV projection + Gemma RoPE | _matmul_gemma_rope_qkv | grid=(29, 10, 1) block=(128, 1, 1)",vlm.prefix.step-1.layer05._matmul_gemma_rope_qkv.line1437/_matmul_gemma_rope_qkv,vlm.prefix.step-1.layer05._matmul_gemma_rope_qkv.line1437,vlm,9,fp32_simt,254592.0,l2,344006784.0,,6414336.0,0.01864595786576116,0.025194570135746608,ok,1437
898,2728813,0,1,7,_matmul_abt_scale,"(6670, 1, 1)","(128, 1, 1)","Prefix: Attention QKᵀ + scale | _matmul_abt_scale | grid=(6670, 1, 1) block=(128, 1, 1)",vlm.prefix.step-1.layer05._matmul_abt_scale.line1455/_matmul_abt_scale,vlm.prefix.step-1.layer05._matmul_abt_scale.line1455,vlm,5,bf16_tensor,252096.0,l2,242984352.0,,3497000960.0,14.39187721849677,13.87170347804011,ok,1455
898,2728813,0,1,7,_matmul_abt_scale,"(6670, 1, 1)","(128, 1, 1)","Prefix: Attention QKᵀ + scale | _matmul_abt_scale | grid=(6670, 1, 1) block=(128, 1, 1)",vlm.prefix.step-1.layer05._matmul_abt_scale.line1455/_matmul_abt_scale,vlm.prefix.step-1.layer05._matmul_abt_scale.line1455,vlm,5,fp32_simt,252096.0,l2,242984352.0,,6830080.0,0.028109135192376504,0.02709317085554709,ok,1455
899,2728813,0,1,7,_softmax_mask_vector,"(1836, 1, 1)","(128, 1, 1)","Prefix: Prefix masked softmax | _softmax_mask_vector | grid=(1836, 1, 1) block=(128, 1, 1)",vlm.prefix.step-1.layer05._softmax_mask_vector.line1467/_softmax_mask_vector,vlm.prefix.step-1.layer05._softmax_mask_vector.line1467,vlm,8,bf16_tensor,139552.0,l2,41604672.0,,0.0,,,zero_counted_flops,1467
899,2728813,0,1,7,_softmax_mask_vector,"(1836, 1, 1)","(128, 1, 1)","Prefix: Prefix masked softmax | _softmax_mask_vector | grid=(1836, 1, 1) block=(128, 1, 1)",vlm.prefix.step-1.layer05._softmax_mask_vector.line1467/_softmax_mask_vector,vlm.prefix.step-1.layer05._softmax_mask_vector.line1467,vlm,8,fp32_simt,139552.0,l2,41604672.0,,35868096.0,0.8621170237804062,0.25702315982572804,ok,1467
900,2728813,0,1,7,_matmul_small,"(1840, 1, 1)","(128, 1, 1)","Prefix: Attention P × V | _matmul_small | grid=(1840, 1, 1) block=(128, 1, 1)",vlm.prefix.step-1.layer05._matmul_small.line1476/_matmul_small,vlm.prefix.step-1.layer05._matmul_small.line1476,vlm,4,bf16_tensor,264256.00000000006,l2,221780864.0,,3617587200.0,16.311538943233625,13.68970695083555,ok,1476
900,2728813,0,1,7,_matmul_small,"(1840, 1, 1)","(128, 1, 1)","Prefix: Attention P × V | _matmul_small | grid=(1840, 1, 1) block=(128, 1, 1)",vlm.prefix.step-1.layer05._matmul_small.line1476/_matmul_small,vlm.prefix.step-1.layer05._matmul_small.line1476,vlm,4,fp32_simt,264256.00000000006,l2,221780864.0,,0.0,,,zero_counted_flops,1476
901,2728813,0,1,7,_matmul_small_res,"(480, 1, 1)","(128, 1, 1)","Prefix: Attention output + residual | _matmul_small_res | grid=(480, 1, 1) block=(128, 1, 1)",vlm.prefix.step-1.layer05._matmul_small_res.line1487/_matmul_small_res,vlm.prefix.step-1.layer05._matmul_small_res.line1487,vlm,6,bf16_tensor,214656.00000000003,l2,249671104.0,,8053063680.0,32.254688472078854,37.51613595706619,ok,1487
901,2728813,0,1,7,_matmul_small_res,"(480, 1, 1)","(128, 1, 1)","Prefix: Attention output + residual | _matmul_small_res | grid=(480, 1, 1) block=(128, 1, 1)",vlm.prefix.step-1.layer05._matmul_small_res.line1487/_matmul_small_res,vlm.prefix.step-1.layer05._matmul_small_res.line1487,vlm,6,fp32_simt,214656.00000000003,l2,249671104.0,,0.0,,,zero_counted_flops,1487
902,2728813,0,1,7,_rms_norm_kernel,"(918, 1, 1)","(128, 1, 1)","Prefix: RMSNorm (pre-FFN) | _rms_norm_kernel | grid=(918, 1, 1) block=(128, 1, 1)",vlm.prefix.step-1.layer05._rms_norm_kernel.line1499/_rms_norm_kernel,vlm.prefix.step-1.layer05._rms_norm_kernel.line1499,vlm,10,bf16_tensor,26560.000000000004,l2,8228960.0,,0.0,,,zero_counted_flops,1499
902,2728813,0,1,7,_rms_norm_kernel,"(918, 1, 1)","(128, 1, 1)","Prefix: RMSNorm (pre-FFN) | _rms_norm_kernel | grid=(918, 1, 1) block=(128, 1, 1)",vlm.prefix.step-1.layer05._rms_norm_kernel.line1499/_rms_norm_kernel,vlm.prefix.step-1.layer05._rms_norm_kernel.line1499,vlm,10,fp32_simt,26560.000000000004,l2,8228960.0,,10340352.0,1.256580661468764,0.3893204819277108,ok,1499
903,2728813,0,1,7,nvjet_sm110_tst_256x232_64x3_1x2_h_bz_NNT,"(512, 1, 1)","(256, 1, 1)","Prefix FFN: gate/up projection | nvjet_sm110_tst_256x232_64x3_1x2_h_bz_NNT | grid=(512, 1, 1) block=(256, 1, 1)",vlm.prefix.layer05.FFN/nvjet_sm110_tst_256x232_64x3_1x2_h_bz_NNT,vlm.prefix.layer05.FFN,vlm,3,bf16_tensor,863136.0,l2,812400224.0,,124554051584.0,153.31612166566808,144.30408601193787,ok,
903,2728813,0,1,7,nvjet_sm110_tst_256x232_64x3_1x2_h_bz_NNT,"(512, 1, 1)","(256, 1, 1)","Prefix FFN: gate/up projection | nvjet_sm110_tst_256x232_64x3_1x2_h_bz_NNT | grid=(512, 1, 1) block=(256, 1, 1)",vlm.prefix.layer05.FFN/nvjet_sm110_tst_256x232_64x3_1x2_h_bz_NNT,vlm.prefix.layer05.FFN,vlm,3,fp32_simt,863136.0,l2,812400224.0,,60817408.0,0.07486138753206449,0.07046097949801654,ok,
904,2728813,0,1,7,triton_poi_fused_gelu_mul_split_0,"(29376, 1, 1)","(128, 1, 1)","Prefix FFN: GELU product | triton_poi_fused_gelu_mul_split_0 | grid=(29376, 1, 1) block=(128, 1, 1)",vlm.prefix.layer05.FFN/triton_poi_fused_gelu_mul_split_0,vlm.prefix.layer05.FFN,vlm,1,bf16_tensor,360192.0,l2,90359072.0,,0.0,,,zero_counted_flops,
904,2728813,0,1,7,triton_poi_fused_gelu_mul_split_0,"(29376, 1, 1)","(128, 1, 1)","Prefix FFN: GELU product | triton_poi_fused_gelu_mul_split_0 | grid=(29376, 1, 1) block=(128, 1, 1)",vlm.prefix.layer05.FFN/triton_poi_fused_gelu_mul_split_0,vlm.prefix.layer05.FFN,vlm,1,fp32_simt,360192.0,l2,90359072.0,,227096163.0,2.5132635602986273,0.6304864155783582,ok,
905,2728813,0,1,7,nvjet_sm110_tst_256x184_64x3_2x1_v_badd_NNT,"(40, 1, 1)","(256, 1, 1)","Prefix FFN: down + residual | nvjet_sm110_tst_256x184_64x3_2x1_v_badd_NNT | grid=(40, 1, 1) block=(256, 1, 1)",vlm.prefix.layer05.FFN/nvjet_sm110_tst_256x184_64x3_2x1_v_badd_NNT,vlm.prefix.layer05.FFN,vlm,2,bf16_tensor,770816.0,l2,446677120.0,,61740154880.0,138.22099255945773,80.09713716373298,ok,
905,2728813,0,1,7,nvjet_sm110_tst_256x184_64x3_2x1_v_badd_NNT,"(40, 1, 1)","(256, 1, 1)","Prefix FFN: down + residual | nvjet_sm110_tst_256x184_64x3_2x1_v_badd_NNT | grid=(40, 1, 1) block=(256, 1, 1)",vlm.prefix.layer05.FFN/nvjet_sm110_tst_256x184_64x3_2x1_v_badd_NNT,vlm.prefix.layer05.FFN,vlm,2,fp32_simt,770816.0,l2,446677120.0,,3768320.0,0.00843633987789659,0.004888741281966124,ok,
906,2728813,0,1,7,_rms_norm_kernel,"(918, 1, 1)","(128, 1, 1)","Prefix: RMSNorm (pre-attention) | _rms_norm_kernel | grid=(918, 1, 1) block=(128, 1, 1)",vlm.prefix.step-1.layer06._rms_norm_kernel.line1429/_rms_norm_kernel,vlm.prefix.step-1.layer06._rms_norm_kernel.line1429,vlm,11,bf16_tensor,29984.000000000004,l2,8254048.0,,0.0,,,zero_counted_flops,1429
906,2728813,0,1,7,_rms_norm_kernel,"(918, 1, 1)","(128, 1, 1)","Prefix: RMSNorm (pre-attention) | _rms_norm_kernel | grid=(918, 1, 1) block=(128, 1, 1)",vlm.prefix.step-1.layer06._rms_norm_kernel.line1429/_rms_norm_kernel,vlm.prefix.step-1.layer06._rms_norm_kernel.line1429,vlm,11,fp32_simt,29984.000000000004,l2,8254048.0,,10340352.0,1.2527613117830185,0.3448623265741729,ok,1429
907,2728813,0,1,7,_matmul_gemma_rope_qkv,"(29, 10, 1)","(128, 1, 1)","Prefix: QKV projection + Gemma RoPE | _matmul_gemma_rope_qkv | grid=(29, 10, 1) block=(128, 1, 1)",vlm.prefix.step-1.layer06._matmul_gemma_rope_qkv.line1437/_matmul_gemma_rope_qkv,vlm.prefix.step-1.layer06._matmul_gemma_rope_qkv.line1437,vlm,9,bf16_tensor,256096.00000000003,l2,343648608.0,,9730785280.0,28.316091069398425,37.996631263276264,ok,1437
907,2728813,0,1,7,_matmul_gemma_rope_qkv,"(29, 10, 1)","(128, 1, 1)","Prefix: QKV projection + Gemma RoPE | _matmul_gemma_rope_qkv | grid=(29, 10, 1) block=(128, 1, 1)",vlm.prefix.step-1.layer06._matmul_gemma_rope_qkv.line1437/_matmul_gemma_rope_qkv,vlm.prefix.step-1.layer06._matmul_gemma_rope_qkv.line1437,vlm,9,fp32_simt,256096.00000000003,l2,343648608.0,,6414336.0,0.018665392062347595,0.02504660752217918,ok,1437
908,2728813,0,1,7,_matmul_abt_scale,"(6670, 1, 1)","(128, 1, 1)","Prefix: Attention QKᵀ + scale | _matmul_abt_scale | grid=(6670, 1, 1) block=(128, 1, 1)",vlm.prefix.step-1.layer06._matmul_abt_scale.line1455/_matmul_abt_scale,vlm.prefix.step-1.layer06._matmul_abt_scale.line1455,vlm,5,bf16_tensor,253088.0,l2,243013440.0,,3497000960.0,14.390154552768768,13.817332153243141,ok,1455
908,2728813,0,1,7,_matmul_abt_scale,"(6670, 1, 1)","(128, 1, 1)","Prefix: Attention QKᵀ + scale | _matmul_abt_scale | grid=(6670, 1, 1) block=(128, 1, 1)",vlm.prefix.step-1.layer06._matmul_abt_scale.line1455/_matmul_abt_scale,vlm.prefix.step-1.layer06._matmul_abt_scale.line1455,vlm,5,fp32_simt,253088.0,l2,243013440.0,,6830080.0,0.0281057706108765,0.02698697686180301,ok,1455
909,2728813,0,1,7,_softmax_mask_vector,"(1836, 1, 1)","(128, 1, 1)","Prefix: Prefix masked softmax | _softmax_mask_vector | grid=(1836, 1, 1) block=(128, 1, 1)",vlm.prefix.step-1.layer06._softmax_mask_vector.line1467/_softmax_mask_vector,vlm.prefix.step-1.layer06._softmax_mask_vector.line1467,vlm,8,bf16_tensor,149056.0,l2,41637472.0,,0.0,,,zero_counted_flops,1467
909,2728813,0,1,7,_softmax_mask_vector,"(1836, 1, 1)","(128, 1, 1)","Prefix: Prefix masked softmax | _softmax_mask_vector | grid=(1836, 1, 1) block=(128, 1, 1)",vlm.prefix.step-1.layer06._softmax_mask_vector.line1467/_softmax_mask_vector,vlm.prefix.step-1.layer06._softmax_mask_vector.line1467,vlm,8,fp32_simt,149056.0,l2,41637472.0,,35878596.0,0.8616900661019958,0.2407054798196651,ok,1467
910,2728813,0,1,7,_matmul_small,"(1840, 1, 1)","(128, 1, 1)","Prefix: Attention P × V | _matmul_small | grid=(1840, 1, 1) block=(128, 1, 1)",vlm.prefix.step-1.layer06._matmul_small.line1476/_matmul_small,vlm.prefix.step-1.layer06._matmul_small.line1476,vlm,4,bf16_tensor,265088.0,l2,221799456.0,,3617587200.0,16.310171653441746,13.64674070497344,ok,1476
910,2728813,0,1,7,_matmul_small,"(1840, 1, 1)","(128, 1, 1)","Prefix: Attention P × V | _matmul_small | grid=(1840, 1, 1) block=(128, 1, 1)",vlm.prefix.step-1.layer06._matmul_small.line1476/_matmul_small,vlm.prefix.step-1.layer06._matmul_small.line1476,vlm,4,fp32_simt,265088.0,l2,221799456.0,,0.0,,,zero_counted_flops,1476
911,2728813,0,1,7,_matmul_small_res,"(480, 1, 1)","(128, 1, 1)","Prefix: Attention output + residual | _matmul_small_res | grid=(480, 1, 1) block=(128, 1, 1)",vlm.prefix.step-1.layer06._matmul_small_res.line1487/_matmul_small_res,vlm.prefix.step-1.layer06._matmul_small_res.line1487,vlm,6,bf16_tensor,214144.00000000003,l2,249260640.0,,8053063680.0,32.30780310922735,37.60583383144052,ok,1487
911,2728813,0,1,7,_matmul_small_res,"(480, 1, 1)","(128, 1, 1)","Prefix: Attention output + residual | _matmul_small_res | grid=(480, 1, 1) block=(128, 1, 1)",vlm.prefix.step-1.layer06._matmul_small_res.line1487/_matmul_small_res,vlm.prefix.step-1.layer06._matmul_small_res.line1487,vlm,6,fp32_simt,214144.00000000003,l2,249260640.0,,0.0,,,zero_counted_flops,1487
912,2728813,0,1,7,_rms_norm_kernel,"(918, 1, 1)","(128, 1, 1)","Prefix: RMSNorm (pre-FFN) | _rms_norm_kernel | grid=(918, 1, 1) block=(128, 1, 1)",vlm.prefix.step-1.layer06._rms_norm_kernel.line1499/_rms_norm_kernel,vlm.prefix.step-1.layer06._rms_norm_kernel.line1499,vlm,10,bf16_tensor,28448.000000000004,l2,8251072.0,,0.0,,,zero_counted_flops,1499
912,2728813,0,1,7,_rms_norm_kernel,"(918, 1, 1)","(128, 1, 1)","Prefix: RMSNorm (pre-FFN) | _rms_norm_kernel | grid=(918, 1, 1) block=(128, 1, 1)",vlm.prefix.step-1.layer06._rms_norm_kernel.line1499/_rms_norm_kernel,vlm.prefix.step-1.layer06._rms_norm_kernel.line1499,vlm,10,fp32_simt,28448.000000000004,l2,8251072.0,,10340352.0,1.2532131582417412,0.36348256467941503,ok,1499
913,2728813,0,1,7,nvjet_sm110_tst_256x232_64x3_1x2_h_bz_NNT,"(512, 1, 1)","(256, 1, 1)","Prefix FFN: gate/up projection | nvjet_sm110_tst_256x232_64x3_1x2_h_bz_NNT | grid=(512, 1, 1) block=(256, 1, 1)",vlm.prefix.layer06.FFN/nvjet_sm110_tst_256x232_64x3_1x2_h_bz_NNT,vlm.prefix.layer06.FFN,vlm,3,bf16_tensor,832000.0,l2,811698752.0,,124554051584.0,153.44861782416538,149.70438892307692,ok,
913,2728813,0,1,7,nvjet_sm110_tst_256x232_64x3_1x2_h_bz_NNT,"(512, 1, 1)","(256, 1, 1)","Prefix FFN: gate/up projection | nvjet_sm110_tst_256x232_64x3_1x2_h_bz_NNT | grid=(512, 1, 1) block=(256, 1, 1)",vlm.prefix.layer06.FFN/nvjet_sm110_tst_256x232_64x3_1x2_h_bz_NNT,vlm.prefix.layer06.FFN,vlm,3,fp32_simt,832000.0,l2,811698752.0,,60817408.0,0.07492608292195575,0.07309784615384615,ok,
914,2728813,0,1,7,triton_poi_fused_gelu_mul_split_0,"(29376, 1, 1)","(128, 1, 1)","Prefix FFN: GELU product | triton_poi_fused_gelu_mul_split_0 | grid=(29376, 1, 1) block=(128, 1, 1)",vlm.prefix.layer06.FFN/triton_poi_fused_gelu_mul_split_0,vlm.prefix.layer06.FFN,vlm,1,bf16_tensor,346144.0,l2,90351744.0,,0.0,,,zero_counted_flops,
914,2728813,0,1,7,triton_poi_fused_gelu_mul_split_0,"(29376, 1, 1)","(128, 1, 1)","Prefix FFN: GELU product | triton_poi_fused_gelu_mul_split_0 | grid=(29376, 1, 1) block=(128, 1, 1)",vlm.prefix.layer06.FFN/triton_poi_fused_gelu_mul_split_0,vlm.prefix.layer06.FFN,vlm,1,fp32_simt,346144.0,l2,90351744.0,,225755138.0,2.4986251289183747,0.6522000612461866,ok,
915,2728813,0,1,7,nvjet_sm110_tst_256x184_64x3_2x1_v_badd_NNT,"(40, 1, 1)","(256, 1, 1)","Prefix FFN: down + residual | nvjet_sm110_tst_256x184_64x3_2x1_v_badd_NNT | grid=(40, 1, 1) block=(256, 1, 1)",vlm.prefix.layer06.FFN/nvjet_sm110_tst_256x184_64x3_2x1_v_badd_NNT,vlm.prefix.layer06.FFN,vlm,2,bf16_tensor,787072.0000000001,l2,447426016.0,,61740154880.0,137.98964001235012,78.44282972841111,ok,
915,2728813,0,1,7,nvjet_sm110_tst_256x184_64x3_2x1_v_badd_NNT,"(40, 1, 1)","(256, 1, 1)","Prefix FFN: down + residual | nvjet_sm110_tst_256x184_64x3_2x1_v_badd_NNT | grid=(40, 1, 1) block=(256, 1, 1)",vlm.prefix.layer06.FFN/nvjet_sm110_tst_256x184_64x3_2x1_v_badd_NNT,vlm.prefix.layer06.FFN,vlm,2,fp32_simt,787072.0000000001,l2,447426016.0,,3768320.0,0.008422219239035042,0.004787770369165717,ok,
916,2728813,0,1,7,_rms_norm_kernel,"(918, 1, 1)","(128, 1, 1)","Prefix: RMSNorm (pre-attention) | _rms_norm_kernel | grid=(918, 1, 1) block=(128, 1, 1)",vlm.prefix.step-1.layer07._rms_norm_kernel.line1429/_rms_norm_kernel,vlm.prefix.step-1.layer07._rms_norm_kernel.line1429,vlm,11,bf16_tensor,34080.0,l2,8371936.0,,0.0,,,zero_counted_flops,1429
916,2728813,0,1,7,_rms_norm_kernel,"(918, 1, 1)","(128, 1, 1)","Prefix: RMSNorm (pre-attention) | _rms_norm_kernel | grid=(918, 1, 1) block=(128, 1, 1)",vlm.prefix.step-1.layer07._rms_norm_kernel.line1429/_rms_norm_kernel,vlm.prefix.step-1.layer07._rms_norm_kernel.line1429,vlm,11,fp32_simt,34080.0,l2,8371936.0,,10340352.0,1.235120765376133,0.3034140845070422,ok,1429
917,2728813,0,1,7,_matmul_gemma_rope_qkv,"(29, 10, 1)","(128, 1, 1)","Prefix: QKV projection + Gemma RoPE | _matmul_gemma_rope_qkv | grid=(29, 10, 1) block=(128, 1, 1)",vlm.prefix.step-1.layer07._matmul_gemma_rope_qkv.line1437/_matmul_gemma_rope_qkv,vlm.prefix.step-1.layer07._matmul_gemma_rope_qkv.line1437,vlm,9,bf16_tensor,254208.00000000003,l2,344237216.0,,9730785280.0,28.26767364978922,38.278831822759315,ok,1437
917,2728813,0,1,7,_matmul_gemma_rope_qkv,"(29, 10, 1)","(128, 1, 1)","Prefix: QKV projection + Gemma RoPE | _matmul_gemma_rope_qkv | grid=(29, 10, 1) block=(128, 1, 1)",vlm.prefix.step-1.layer07._matmul_gemma_rope_qkv.line1437/_matmul_gemma_rope_qkv,vlm.prefix.step-1.layer07._matmul_gemma_rope_qkv.line1437,vlm,9,fp32_simt,254208.00000000003,l2,344237216.0,,6414336.0,0.01863347628282004,0.025232628398791538,ok,1437
918,2728813,0,1,7,_matmul_abt_scale,"(6670, 1, 1)","(128, 1, 1)","Prefix: Attention QKᵀ + scale | _matmul_abt_scale | grid=(6670, 1, 1) block=(128, 1, 1)",vlm.prefix.step-1.layer07._matmul_abt_scale.line1455/_matmul_abt_scale,vlm.prefix.step-1.layer07._matmul_abt_scale.line1455,vlm,5,bf16_tensor,259584.00000000003,l2,243010816.0,,3497000960.0,14.390309935834296,13.471558185404337,ok,1455
918,2728813,0,1,7,_matmul_abt_scale,"(6670, 1, 1)","(128, 1, 1)","Prefix: Attention QKᵀ + scale | _matmul_abt_scale | grid=(6670, 1, 1) block=(128, 1, 1)",vlm.prefix.step-1.layer07._matmul_abt_scale.line1455/_matmul_abt_scale,vlm.prefix.step-1.layer07._matmul_abt_scale.line1455,vlm,5,fp32_simt,259584.00000000003,l2,243010816.0,,6830080.0,0.02810607409342636,0.026311637080867846,ok,1455
919,2728813,0,1,7,_softmax_mask_vector,"(1836, 1, 1)","(128, 1, 1)","Prefix: Prefix masked softmax | _softmax_mask_vector | grid=(1836, 1, 1) block=(128, 1, 1)",vlm.prefix.step-1.layer07._softmax_mask_vector.line1467/_softmax_mask_vector,vlm.prefix.step-1.layer07._softmax_mask_vector.line1467,vlm,8,bf16_tensor,143968.00000000003,l2,41621536.0,,0.0,,,zero_counted_flops,1467
919,2728813,0,1,7,_softmax_mask_vector,"(1836, 1, 1)","(128, 1, 1)","Prefix: Prefix masked softmax | _softmax_mask_vector | grid=(1836, 1, 1) block=(128, 1, 1)",vlm.prefix.step-1.layer07._softmax_mask_vector.line1467/_softmax_mask_vector,vlm.prefix.step-1.layer07._softmax_mask_vector.line1467,vlm,8,fp32_simt,143968.00000000003,l2,41621536.0,,35868096.0,0.8617677156364436,0.24913936430317846,ok,1467
920,2728813,0,1,7,_matmul_small,"(1840, 1, 1)","(128, 1, 1)","Prefix: Attention P × V | _matmul_small | grid=(1840, 1, 1) block=(128, 1, 1)",vlm.prefix.step-1.layer07._matmul_small.line1476/_matmul_small,vlm.prefix.step-1.layer07._matmul_small.line1476,vlm,4,bf16_tensor,266336.0,l2,222288704.0,,3617587200.0,16.274273658098252,13.582794665385078,ok,1476
920,2728813,0,1,7,_matmul_small,"(1840, 1, 1)","(128, 1, 1)","Prefix: Attention P × V | _matmul_small | grid=(1840, 1, 1) block=(128, 1, 1)",vlm.prefix.step-1.layer07._matmul_small.line1476/_matmul_small,vlm.prefix.step-1.layer07._matmul_small.line1476,vlm,4,fp32_simt,266336.0,l2,222288704.0,,0.0,,,zero_counted_flops,1476
921,2728813,0,1,7,_matmul_small_res,"(480, 1, 1)","(128, 1, 1)","Prefix: Attention output + residual | _matmul_small_res | grid=(480, 1, 1) block=(128, 1, 1)",vlm.prefix.step-1.layer07._matmul_small_res.line1487/_matmul_small_res,vlm.prefix.step-1.layer07._matmul_small_res.line1487,vlm,6,bf16_tensor,215200.00000000003,l2,248621152.0,,8053063680.0,32.39090324865038,37.42129962825278,ok,1487
921,2728813,0,1,7,_matmul_small_res,"(480, 1, 1)","(128, 1, 1)","Prefix: Attention output + residual | _matmul_small_res | grid=(480, 1, 1) block=(128, 1, 1)",vlm.prefix.step-1.layer07._matmul_small_res.line1487/_matmul_small_res,vlm.prefix.step-1.layer07._matmul_small_res.line1487,vlm,6,fp32_simt,215200.00000000003,l2,248621152.0,,0.0,,,zero_counted_flops,1487
922,2728813,0,1,7,_rms_norm_kernel,"(918, 1, 1)","(128, 1, 1)","Prefix: RMSNorm (pre-FFN) | _rms_norm_kernel | grid=(918, 1, 1) block=(128, 1, 1)",vlm.prefix.step-1.layer07._rms_norm_kernel.line1499/_rms_norm_kernel,vlm.prefix.step-1.layer07._rms_norm_kernel.line1499,vlm,10,bf16_tensor,33376.0,l2,8296352.0,,0.0,,,zero_counted_flops,1499
922,2728813,0,1,7,_rms_norm_kernel,"(918, 1, 1)","(128, 1, 1)","Prefix: RMSNorm (pre-FFN) | _rms_norm_kernel | grid=(918, 1, 1) block=(128, 1, 1)",vlm.prefix.step-1.layer07._rms_norm_kernel.line1499/_rms_norm_kernel,vlm.prefix.step-1.layer07._rms_norm_kernel.line1499,vlm,10,fp32_simt,33376.0,l2,8296352.0,,10340352.0,1.246373345778964,0.30981399808245447,ok,1499
923,2728813,0,1,7,nvjet_sm110_tst_256x232_64x3_1x2_h_bz_NNT,"(512, 1, 1)","(256, 1, 1)","Prefix FFN: gate/up projection | nvjet_sm110_tst_256x232_64x3_1x2_h_bz_NNT | grid=(512, 1, 1) block=(256, 1, 1)",vlm.prefix.layer07.FFN/nvjet_sm110_tst_256x232_64x3_1x2_h_bz_NNT,vlm.prefix.layer07.FFN,vlm,3,bf16_tensor,837056.0000000001,l2,811642528.0,,124554051584.0,153.45924749768656,148.8001419068736,ok,
923,2728813,0,1,7,nvjet_sm110_tst_256x232_64x3_1x2_h_bz_NNT,"(512, 1, 1)","(256, 1, 1)","Prefix FFN: gate/up projection | nvjet_sm110_tst_256x232_64x3_1x2_h_bz_NNT | grid=(512, 1, 1) block=(256, 1, 1)",vlm.prefix.layer07.FFN/nvjet_sm110_tst_256x232_64x3_1x2_h_bz_NNT,vlm.prefix.layer07.FFN,vlm,3,fp32_simt,837056.0000000001,l2,811642528.0,,60817408.0,0.07493127319222977,0.07265631929046562,ok,
924,2728813,0,1,7,triton_poi_fused_gelu_mul_split_0,"(29376, 1, 1)","(128, 1, 1)","Prefix FFN: GELU product | triton_poi_fused_gelu_mul_split_0 | grid=(29376, 1, 1) block=(128, 1, 1)",vlm.prefix.layer07.FFN/triton_poi_fused_gelu_mul_split_0,vlm.prefix.layer07.FFN,vlm,1,bf16_tensor,339424.0,l2,90349888.0,,0.0,,,zero_counted_flops,
924,2728813,0,1,7,triton_poi_fused_gelu_mul_split_0,"(29376, 1, 1)","(128, 1, 1)","Prefix FFN: GELU product | triton_poi_fused_gelu_mul_split_0 | grid=(29376, 1, 1) block=(128, 1, 1)",vlm.prefix.layer07.FFN/triton_poi_fused_gelu_mul_split_0,vlm.prefix.layer07.FFN,vlm,1,fp32_simt,339424.0,l2,90349888.0,,228015662.0,2.523696122346051,0.6717723614122749,ok,
925,2728813,0,1,7,nvjet_sm110_tst_256x184_64x3_2x1_v_badd_NNT,"(40, 1, 1)","(256, 1, 1)","Prefix FFN: down + residual | nvjet_sm110_tst_256x184_64x3_2x1_v_badd_NNT | grid=(40, 1, 1) block=(256, 1, 1)",vlm.prefix.layer07.FFN/nvjet_sm110_tst_256x184_64x3_2x1_v_badd_NNT,vlm.prefix.layer07.FFN,vlm,2,bf16_tensor,774336.0,l2,448403712.0,,61740154880.0,137.6887684640755,79.73302917596496,ok,
925,2728813,0,1,7,nvjet_sm110_tst_256x184_64x3_2x1_v_badd_NNT,"(40, 1, 1)","(256, 1, 1)","Prefix FFN: down + residual | nvjet_sm110_tst_256x184_64x3_2x1_v_badd_NNT | grid=(40, 1, 1) block=(256, 1, 1)",vlm.prefix.layer07.FFN/nvjet_sm110_tst_256x184_64x3_2x1_v_badd_NNT,vlm.prefix.layer07.FFN,vlm,2,fp32_simt,774336.0,l2,448403712.0,,3768320.0,0.008403855497074921,0.00486651789404083,ok,
926,2728813,0,1,7,_rms_norm_kernel,"(918, 1, 1)","(128, 1, 1)","Prefix: RMSNorm (pre-attention) | _rms_norm_kernel | grid=(918, 1, 1) block=(128, 1, 1)",vlm.prefix.step-1.layer08._rms_norm_kernel.line1429/_rms_norm_kernel,vlm.prefix.step-1.layer08._rms_norm_kernel.line1429,vlm,11,bf16_tensor,31360.000000000004,l2,8216992.0,,0.0,,,zero_counted_flops,1429
926,2728813,0,1,7,_rms_norm_kernel,"(918, 1, 1)","(128, 1, 1)","Prefix: RMSNorm (pre-attention) | _rms_norm_kernel | grid=(918, 1, 1) block=(128, 1, 1)",vlm.prefix.step-1.layer08._rms_norm_kernel.line1429/_rms_norm_kernel,vlm.prefix.step-1.layer08._rms_norm_kernel.line1429,vlm,11,fp32_simt,31360.000000000004,l2,8216992.0,,10340352.0,1.2584108637321296,0.3297306122448979,ok,1429
927,2728813,0,1,7,_matmul_gemma_rope_qkv,"(29, 10, 1)","(128, 1, 1)","Prefix: QKV projection + Gemma RoPE | _matmul_gemma_rope_qkv | grid=(29, 10, 1) block=(128, 1, 1)",vlm.prefix.step-1.layer08._matmul_gemma_rope_qkv.line1437/_matmul_gemma_rope_qkv,vlm.prefix.step-1.layer08._matmul_gemma_rope_qkv.line1437,vlm,9,bf16_tensor,255104.00000000003,l2,344268192.0,,9730785280.0,28.265130227308365,38.14438534872052,ok,1437
927,2728813,0,1,7,_matmul_gemma_rope_qkv,"(29, 10, 1)","(128, 1, 1)","Prefix: QKV projection + Gemma RoPE | _matmul_gemma_rope_qkv | grid=(29, 10, 1) block=(128, 1, 1)",vlm.prefix.step-1.layer08._matmul_gemma_rope_qkv.line1437/_matmul_gemma_rope_qkv,vlm.prefix.step-1.layer08._matmul_gemma_rope_qkv.line1437,vlm,9,fp32_simt,255104.00000000003,l2,344268192.0,,6414336.0,0.018631799710383933,0.02514400401404917,ok,1437
928,2728813,0,1,7,_matmul_abt_scale,"(6670, 1, 1)","(128, 1, 1)","Prefix: Attention QKᵀ + scale | _matmul_abt_scale | grid=(6670, 1, 1) block=(128, 1, 1)",vlm.prefix.step-1.layer08._matmul_abt_scale.line1455/_matmul_abt_scale,vlm.prefix.step-1.layer08._matmul_abt_scale.line1455,vlm,5,bf16_tensor,256096.00000000003,l2,242957664.0,,3497000960.0,14.393458112932795,13.655039360239908,ok,1455
928,2728813,0,1,7,_matmul_abt_scale,"(6670, 1, 1)","(128, 1, 1)","Prefix: Attention QKᵀ + scale | _matmul_abt_scale | grid=(6670, 1, 1) block=(128, 1, 1)",vlm.prefix.step-1.layer08._matmul_abt_scale.line1455/_matmul_abt_scale,vlm.prefix.step-1.layer08._matmul_abt_scale.line1455,vlm,5,fp32_simt,256096.00000000003,l2,242957664.0,,6830080.0,0.028112222876821864,0.02666999875046857,ok,1455
929,2728813,0,1,7,_softmax_mask_vector,"(1836, 1, 1)","(128, 1, 1)","Prefix: Prefix masked softmax | _softmax_mask_vector | grid=(1836, 1, 1) block=(128, 1, 1)",vlm.prefix.step-1.layer08._softmax_mask_vector.line1467/_softmax_mask_vector,vlm.prefix.step-1.layer08._softmax_mask_vector.line1467,vlm,8,bf16_tensor,146656.0,l2,41700096.0,,0.0,,,zero_counted_flops,1467
929,2728813,0,1,7,_softmax_mask_vector,"(1836, 1, 1)","(128, 1, 1)","Prefix: Prefix masked softmax | _softmax_mask_vector | grid=(1836, 1, 1) block=(128, 1, 1)",vlm.prefix.step-1.layer08._softmax_mask_vector.line1467/_softmax_mask_vector,vlm.prefix.step-1.layer08._softmax_mask_vector.line1467,vlm,8,fp32_simt,146656.0,l2,41700096.0,,35868096.0,0.8601442068622576,0.24457298712633646,ok,1467
930,2728813,0,1,7,_matmul_small,"(1840, 1, 1)","(128, 1, 1)","Prefix: Attention P × V | _matmul_small | grid=(1840, 1, 1) block=(128, 1, 1)",vlm.prefix.step-1.layer08._matmul_small.line1476/_matmul_small,vlm.prefix.step-1.layer08._matmul_small.line1476,vlm,4,bf16_tensor,261472.0,l2,221877120.0,,3617587200.0,16.30446257820545,13.835466895116877,ok,1476
930,2728813,0,1,7,_matmul_small,"(1840, 1, 1)","(128, 1, 1)","Prefix: Attention P × V | _matmul_small | grid=(1840, 1, 1) block=(128, 1, 1)",vlm.prefix.step-1.layer08._matmul_small.line1476/_matmul_small,vlm.prefix.step-1.layer08._matmul_small.line1476,vlm,4,fp32_simt,261472.0,l2,221877120.0,,0.0,,,zero_counted_flops,1476
931,2728813,0,1,7,_matmul_small_res,"(480, 1, 1)","(128, 1, 1)","Prefix: Attention output + residual | _matmul_small_res | grid=(480, 1, 1) block=(128, 1, 1)",vlm.prefix.step-1.layer08._matmul_small_res.line1487/_matmul_small_res,vlm.prefix.step-1.layer08._matmul_small_res.line1487,vlm,6,bf16_tensor,215456.00000000003,l2,249520416.0,,8053063680.0,32.274167417226494,37.37683647705331,ok,1487
931,2728813,0,1,7,_matmul_small_res,"(480, 1, 1)","(128, 1, 1)","Prefix: Attention output + residual | _matmul_small_res | grid=(480, 1, 1) block=(128, 1, 1)",vlm.prefix.step-1.layer08._matmul_small_res.line1487/_matmul_small_res,vlm.prefix.step-1.layer08._matmul_small_res.line1487,vlm,6,fp32_simt,215456.00000000003,l2,249520416.0,,0.0,,,zero_counted_flops,1487
932,2728813,0,1,7,_rms_norm_kernel,"(918, 1, 1)","(128, 1, 1)","Prefix: RMSNorm (pre-FFN) | _rms_norm_kernel | grid=(918, 1, 1) block=(128, 1, 1)",vlm.prefix.step-1.layer08._rms_norm_kernel.line1499/_rms_norm_kernel,vlm.prefix.step-1.layer08._rms_norm_kernel.line1499,vlm,10,bf16_tensor,31584.0,l2,8359520.0,,0.0,,,zero_counted_flops,1499
932,2728813,0,1,7,_rms_norm_kernel,"(918, 1, 1)","(128, 1, 1)","Prefix: RMSNorm (pre-FFN) | _rms_norm_kernel | grid=(918, 1, 1) block=(128, 1, 1)",vlm.prefix.step-1.layer08._rms_norm_kernel.line1499/_rms_norm_kernel,vlm.prefix.step-1.layer08._rms_norm_kernel.line1499,vlm,10,fp32_simt,31584.0,l2,8359520.0,,10340352.0,1.2369552318793424,0.3273920972644377,ok,1499
933,2728813,0,1,7,nvjet_sm110_tst_256x232_64x3_1x2_h_bz_NNT,"(512, 1, 1)","(256, 1, 1)","Prefix FFN: gate/up projection | nvjet_sm110_tst_256x232_64x3_1x2_h_bz_NNT | grid=(512, 1, 1) block=(256, 1, 1)",vlm.prefix.layer08.FFN/nvjet_sm110_tst_256x232_64x3_1x2_h_bz_NNT,vlm.prefix.layer08.FFN,vlm,3,bf16_tensor,883968.0000000001,l2,812481088.0,,124554051584.0,153.30086253527665,140.90334897190846,ok,
933,2728813,0,1,7,nvjet_sm110_tst_256x232_64x3_1x2_h_bz_NNT,"(512, 1, 1)","(256, 1, 1)","Prefix FFN: gate/up projection | nvjet_sm110_tst_256x232_64x3_1x2_h_bz_NNT | grid=(512, 1, 1) block=(256, 1, 1)",vlm.prefix.layer08.FFN/nvjet_sm110_tst_256x232_64x3_1x2_h_bz_NNT,vlm.prefix.layer08.FFN,vlm,3,fp32_simt,883968.0000000001,l2,812481088.0,,60817408.0,0.07485393678480305,0.06880046336518968,ok,
934,2728813,0,1,7,triton_poi_fused_gelu_mul_split_0,"(29376, 1, 1)","(128, 1, 1)","Prefix FFN: GELU product | triton_poi_fused_gelu_mul_split_0 | grid=(29376, 1, 1) block=(128, 1, 1)",vlm.prefix.layer08.FFN/triton_poi_fused_gelu_mul_split_0,vlm.prefix.layer08.FFN,vlm,1,bf16_tensor,338720.00000000006,l2,90352928.0,,0.0,,,zero_counted_flops,
934,2728813,0,1,7,triton_poi_fused_gelu_mul_split_0,"(29376, 1, 1)","(128, 1, 1)","Prefix FFN: GELU product | triton_poi_fused_gelu_mul_split_0 | grid=(29376, 1, 1) block=(128, 1, 1)",vlm.prefix.layer08.FFN/triton_poi_fused_gelu_mul_split_0,vlm.prefix.layer08.FFN,vlm,1,fp32_simt,338720.00000000006,l2,90352928.0,,229433239.0,2.5393005415386205,0.6773536815068493,ok,
935,2728813,0,1,7,nvjet_sm110_tst_256x184_64x3_2x1_v_badd_NNT,"(40, 1, 1)","(256, 1, 1)","Prefix FFN: down + residual | nvjet_sm110_tst_256x184_64x3_2x1_v_badd_NNT | grid=(40, 1, 1) block=(256, 1, 1)",vlm.prefix.layer08.FFN/nvjet_sm110_tst_256x184_64x3_2x1_v_badd_NNT,vlm.prefix.layer08.FFN,vlm,2,bf16_tensor,788864.0,l2,453370560.0,,61740154880.0,136.1803353089358,78.26463735193899,ok,
935,2728813,0,1,7,nvjet_sm110_tst_256x184_64x3_2x1_v_badd_NNT,"(40, 1, 1)","(256, 1, 1)","Prefix FFN: down + residual | nvjet_sm110_tst_256x184_64x3_2x1_v_badd_NNT | grid=(40, 1, 1) block=(256, 1, 1)",vlm.prefix.layer08.FFN/nvjet_sm110_tst_256x184_64x3_2x1_v_badd_NNT,vlm.prefix.layer08.FFN,vlm,2,fp32_simt,788864.0,l2,453370560.0,,3768320.0,0.00831178804375829,0.004776894369625182,ok,
936,2728813,0,1,7,_rms_norm_kernel,"(918, 1, 1)","(128, 1, 1)","Prefix: RMSNorm (pre-attention) | _rms_norm_kernel | grid=(918, 1, 1) block=(128, 1, 1)",vlm.prefix.step-1.layer09._rms_norm_kernel.line1429/_rms_norm_kernel,vlm.prefix.step-1.layer09._rms_norm_kernel.line1429,vlm,11,bf16_tensor,27456.000000000004,l2,8295776.0,,0.0,,,zero_counted_flops,1429
936,2728813,0,1,7,_rms_norm_kernel,"(918, 1, 1)","(128, 1, 1)","Prefix: RMSNorm (pre-attention) | _rms_norm_kernel | grid=(918, 1, 1) block=(128, 1, 1)",vlm.prefix.step-1.layer09._rms_norm_kernel.line1429/_rms_norm_kernel,vlm.prefix.step-1.layer09._rms_norm_kernel.line1429,vlm,11,fp32_simt,27456.000000000004,l2,8295776.0,,10340352.0,1.2464598851270816,0.3766153846153846,ok,1429
937,2728813,0,1,7,_matmul_gemma_rope_qkv,"(29, 10, 1)","(128, 1, 1)","Prefix: QKV projection + Gemma RoPE | _matmul_gemma_rope_qkv | grid=(29, 10, 1) block=(128, 1, 1)",vlm.prefix.step-1.layer09._matmul_gemma_rope_qkv.line1437/_matmul_gemma_rope_qkv,vlm.prefix.step-1.layer09._matmul_gemma_rope_qkv.line1437,vlm,9,bf16_tensor,257856.0,l2,344829792.0,,9730785280.0,28.21909680008159,37.737284686026314,ok,1437
937,2728813,0,1,7,_matmul_gemma_rope_qkv,"(29, 10, 1)","(128, 1, 1)","Prefix: QKV projection + Gemma RoPE | _matmul_gemma_rope_qkv | grid=(29, 10, 1) block=(128, 1, 1)",vlm.prefix.step-1.layer09._matmul_gemma_rope_qkv.line1437/_matmul_gemma_rope_qkv,vlm.prefix.step-1.layer09._matmul_gemma_rope_qkv.line1437,vlm,9,fp32_simt,257856.0,l2,344829792.0,,6414336.0,0.018601455410210032,0.024875651526433357,ok,1437
938,2728813,0,1,7,_matmul_abt_scale,"(6670, 1, 1)","(128, 1, 1)","Prefix: Attention QKᵀ + scale | _matmul_abt_scale | grid=(6670, 1, 1) block=(128, 1, 1)",vlm.prefix.step-1.layer09._matmul_abt_scale.line1455/_matmul_abt_scale,vlm.prefix.step-1.layer09._matmul_abt_scale.line1455,vlm,5,bf16_tensor,258912.00000000003,l2,242938464.0,,3497000960.0,14.394595661887449,13.506523297491038,ok,1455
938,2728813,0,1,7,_matmul_abt_scale,"(6670, 1, 1)","(128, 1, 1)","Prefix: Attention QKᵀ + scale | _matmul_abt_scale | grid=(6670, 1, 1) block=(128, 1, 1)",vlm.prefix.step-1.layer09._matmul_abt_scale.line1455/_matmul_abt_scale,vlm.prefix.step-1.layer09._matmul_abt_scale.line1455,vlm,5,fp32_simt,258912.00000000003,l2,242938464.0,,6830080.0,0.028114444652123923,0.026379928315412183,ok,1455
939,2728813,0,1,7,_softmax_mask_vector,"(1836, 1, 1)","(128, 1, 1)","Prefix: Prefix masked softmax | _softmax_mask_vector | grid=(1836, 1, 1) block=(128, 1, 1)",vlm.prefix.step-1.layer09._softmax_mask_vector.line1467/_softmax_mask_vector,vlm.prefix.step-1.layer09._softmax_mask_vector.line1467,vlm,8,bf16_tensor,135424.0,l2,41535424.0,,0.0,,,zero_counted_flops,1467
939,2728813,0,1,7,_softmax_mask_vector,"(1836, 1, 1)","(128, 1, 1)","Prefix: Prefix masked softmax | _softmax_mask_vector | grid=(1836, 1, 1) block=(128, 1, 1)",vlm.prefix.step-1.layer09._softmax_mask_vector.line1467/_softmax_mask_vector,vlm.prefix.step-1.layer09._softmax_mask_vector.line1467,vlm,8,fp32_simt,135424.0,l2,41535424.0,,35868096.0,0.8635543482113003,0.2648577504725898,ok,1467
940,2728813,0,1,7,_matmul_small,"(1840, 1, 1)","(128, 1, 1)","Prefix: Attention P × V | _matmul_small | grid=(1840, 1, 1) block=(128, 1, 1)",vlm.prefix.step-1.layer09._matmul_small.line1476/_matmul_small,vlm.prefix.step-1.layer09._matmul_small.line1476,vlm,4,bf16_tensor,262848.00000000006,l2,223046656.0,,3617587200.0,16.21897079685427,13.763038714390065,ok,1476
940,2728813,0,1,7,_matmul_small,"(1840, 1, 1)","(128, 1, 1)","Prefix: Attention P × V | _matmul_small | grid=(1840, 1, 1) block=(128, 1, 1)",vlm.prefix.step-1.layer09._matmul_small.line1476/_matmul_small,vlm.prefix.step-1.layer09._matmul_small.line1476,vlm,4,fp32_simt,262848.00000000006,l2,223046656.0,,0.0,,,zero_counted_flops,1476
941,2728813,0,1,7,_matmul_small_res,"(480, 1, 1)","(128, 1, 1)","Prefix: Attention output + residual | _matmul_small_res | grid=(480, 1, 1) block=(128, 1, 1)",vlm.prefix.step-1.layer09._matmul_small_res.line1487/_matmul_small_res,vlm.prefix.step-1.layer09._matmul_small_res.line1487,vlm,6,bf16_tensor,213600.00000000003,l2,249409472.0,,8053063680.0,32.28852382960019,37.701608988764036,ok,1487
941,2728813,0,1,7,_matmul_small_res,"(480, 1, 1)","(128, 1, 1)","Prefix: Attention output + residual | _matmul_small_res | grid=(480, 1, 1) block=(128, 1, 1)",vlm.prefix.step-1.layer09._matmul_small_res.line1487/_matmul_small_res,vlm.prefix.step-1.layer09._matmul_small_res.line1487,vlm,6,fp32_simt,213600.00000000003,l2,249409472.0,,0.0,,,zero_counted_flops,1487
942,2728813,0,1,7,_rms_norm_kernel,"(918, 1, 1)","(128, 1, 1)","Prefix: RMSNorm (pre-FFN) | _rms_norm_kernel | grid=(918, 1, 1) block=(128, 1, 1)",vlm.prefix.step-1.layer09._rms_norm_kernel.line1499/_rms_norm_kernel,vlm.prefix.step-1.layer09._rms_norm_kernel.line1499,vlm,10,bf16_tensor,24448.0,l2,8237376.0,,0.0,,,zero_counted_flops,1499
942,2728813,0,1,7,_rms_norm_kernel,"(918, 1, 1)","(128, 1, 1)","Prefix: RMSNorm (pre-FFN) | _rms_norm_kernel | grid=(918, 1, 1) block=(128, 1, 1)",vlm.prefix.step-1.layer09._rms_norm_kernel.line1499/_rms_norm_kernel,vlm.prefix.step-1.layer09._rms_norm_kernel.line1499,vlm,10,fp32_simt,24448.0,l2,8237376.0,,10340352.0,1.2552968323893434,0.42295287958115185,ok,1499
943,2728813,0,1,7,nvjet_sm110_tst_256x232_64x3_1x2_h_bz_NNT,"(512, 1, 1)","(256, 1, 1)","Prefix FFN: gate/up projection | nvjet_sm110_tst_256x232_64x3_1x2_h_bz_NNT | grid=(512, 1, 1) block=(256, 1, 1)",vlm.prefix.layer09.FFN/nvjet_sm110_tst_256x232_64x3_1x2_h_bz_NNT,vlm.prefix.layer09.FFN,vlm,3,bf16_tensor,850720.0,l2,811508928.0,,124554051584.0,153.4845117366349,146.41016031596766,ok,
943,2728813,0,1,7,nvjet_sm110_tst_256x232_64x3_1x2_h_bz_NNT,"(512, 1, 1)","(256, 1, 1)","Prefix FFN: gate/up projection | nvjet_sm110_tst_256x232_64x3_1x2_h_bz_NNT | grid=(512, 1, 1) block=(256, 1, 1)",vlm.prefix.layer09.FFN/nvjet_sm110_tst_256x232_64x3_1x2_h_bz_NNT,vlm.prefix.layer09.FFN,vlm,3,fp32_simt,850720.0,l2,811508928.0,,60817408.0,0.07494360924640375,0.07148933609178108,ok,
944,2728813,0,1,7,triton_poi_fused_gelu_mul_split_0,"(29376, 1, 1)","(128, 1, 1)","Prefix FFN: GELU product | triton_poi_fused_gelu_mul_split_0 | grid=(29376, 1, 1) block=(128, 1, 1)",vlm.prefix.layer09.FFN/triton_poi_fused_gelu_mul_split_0,vlm.prefix.layer09.FFN,vlm,1,bf16_tensor,349056.00000000006,l2,90354112.0,,0.0,,,zero_counted_flops,
944,2728813,0,1,7,triton_poi_fused_gelu_mul_split_0,"(29376, 1, 1)","(128, 1, 1)","Prefix FFN: GELU product | triton_poi_fused_gelu_mul_split_0 | grid=(29376, 1, 1) block=(128, 1, 1)",vlm.prefix.layer09.FFN/triton_poi_fused_gelu_mul_split_0,vlm.prefix.layer09.FFN,vlm,1,fp32_simt,349056.00000000006,l2,90354112.0,,229947928.0,2.544963620471418,0.6587708791712503,ok,
945,2728813,0,1,7,nvjet_sm110_tst_256x184_64x3_2x1_v_badd_NNT,"(40, 1, 1)","(256, 1, 1)","Prefix FFN: down + residual | nvjet_sm110_tst_256x184_64x3_2x1_v_badd_NNT | grid=(40, 1, 1) block=(256, 1, 1)",vlm.prefix.layer09.FFN/nvjet_sm110_tst_256x184_64x3_2x1_v_badd_NNT,vlm.prefix.layer09.FFN,vlm,2,bf16_tensor,776096.0000000001,l2,444680512.0,,61740154880.0,138.8416024851568,79.55221374675297,ok,
945,2728813,0,1,7,nvjet_sm110_tst_256x184_64x3_2x1_v_badd_NNT,"(40, 1, 1)","(256, 1, 1)","Prefix FFN: down + residual | nvjet_sm110_tst_256x184_64x3_2x1_v_badd_NNT | grid=(40, 1, 1) block=(256, 1, 1)",vlm.prefix.layer09.FFN/nvjet_sm110_tst_256x184_64x3_2x1_v_badd_NNT,vlm.prefix.layer09.FFN,vlm,2,fp32_simt,776096.0000000001,l2,444680512.0,,3768320.0,0.008474218901681934,0.004855481796066465,ok,
946,2728813,0,1,7,_rms_norm_kernel,"(918, 1, 1)","(128, 1, 1)","Prefix: RMSNorm (pre-attention) | _rms_norm_kernel | grid=(918, 1, 1) block=(128, 1, 1)",vlm.prefix.step-1.layer10._rms_norm_kernel.line1429/_rms_norm_kernel,vlm.prefix.step-1.layer10._rms_norm_kernel.line1429,vlm,11,bf16_tensor,30016.000000000004,l2,8382144.0,,0.0,,,zero_counted_flops,1429
946,2728813,0,1,7,_rms_norm_kernel,"(918, 1, 1)","(128, 1, 1)","Prefix: RMSNorm (pre-attention) | _rms_norm_kernel | grid=(918, 1, 1) block=(128, 1, 1)",vlm.prefix.step-1.layer10._rms_norm_kernel.line1429/_rms_norm_kernel,vlm.prefix.step-1.layer10._rms_norm_kernel.line1429,vlm,11,fp32_simt,30016.000000000004,l2,8382144.0,,10340352.0,1.2336166021485673,0.34449466950959484,ok,1429
947,2728813,0,1,7,_matmul_gemma_rope_qkv,"(29, 10, 1)","(128, 1, 1)","Prefix: QKV projection + Gemma RoPE | _matmul_gemma_rope_qkv | grid=(29, 10, 1) block=(128, 1, 1)",vlm.prefix.step-1.layer10._matmul_gemma_rope_qkv.line1437/_matmul_gemma_rope_qkv,vlm.prefix.step-1.layer10._matmul_gemma_rope_qkv.line1437,vlm,9,bf16_tensor,253536.0,l2,344370464.0,,9730785280.0,28.25673597837938,38.380290294080524,ok,1437
947,2728813,0,1,7,_matmul_gemma_rope_qkv,"(29, 10, 1)","(128, 1, 1)","Prefix: QKV projection + Gemma RoPE | _matmul_gemma_rope_qkv | grid=(29, 10, 1) block=(128, 1, 1)",vlm.prefix.step-1.layer10._matmul_gemma_rope_qkv.line1437/_matmul_gemma_rope_qkv,vlm.prefix.step-1.layer10._matmul_gemma_rope_qkv.line1437,vlm,9,fp32_simt,253536.0,l2,344370464.0,,6414336.0,0.018626266391998124,0.025299507762211286,ok,1437
948,2728813,0,1,7,_matmul_abt_scale,"(6670, 1, 1)","(128, 1, 1)","Prefix: Attention QKᵀ + scale | _matmul_abt_scale | grid=(6670, 1, 1) block=(128, 1, 1)",vlm.prefix.step-1.layer10._matmul_abt_scale.line1455/_matmul_abt_scale,vlm.prefix.step-1.layer10._matmul_abt_scale.line1455,vlm,5,bf16_tensor,254496.0,l2,243018144.0,,3497000960.0,14.389876008599588,13.740887715327549,ok,1455
948,2728813,0,1,7,_matmul_abt_scale,"(6670, 1, 1)","(128, 1, 1)","Prefix: Attention QKᵀ + scale | _matmul_abt_scale | grid=(6670, 1, 1) block=(128, 1, 1)",vlm.prefix.step-1.layer10._matmul_abt_scale.line1455/_matmul_abt_scale,vlm.prefix.step-1.layer10._matmul_abt_scale.line1455,vlm,5,fp32_simt,254496.0,l2,243018144.0,,6830080.0,0.02810522657929607,0.02683767131899912,ok,1455
949,2728813,0,1,7,_softmax_mask_vector,"(1836, 1, 1)","(128, 1, 1)","Prefix: Prefix masked softmax | _softmax_mask_vector | grid=(1836, 1, 1) block=(128, 1, 1)",vlm.prefix.step-1.layer10._softmax_mask_vector.line1467/_softmax_mask_vector,vlm.prefix.step-1.layer10._softmax_mask_vector.line1467,vlm,8,bf16_tensor,157376.0,l2,41684416.0,,0.0,,,zero_counted_flops,1467
949,2728813,0,1,7,_softmax_mask_vector,"(1836, 1, 1)","(128, 1, 1)","Prefix: Prefix masked softmax | _softmax_mask_vector | grid=(1836, 1, 1) block=(128, 1, 1)",vlm.prefix.step-1.layer10._softmax_mask_vector.line1467/_softmax_mask_vector,vlm.prefix.step-1.layer10._softmax_mask_vector.line1467,vlm,8,fp32_simt,157376.0,l2,41684416.0,,35868096.0,0.8604677585023621,0.22791337942252948,ok,1467
950,2728813,0,1,7,_matmul_small,"(1840, 1, 1)","(128, 1, 1)","Prefix: Attention P × V | _matmul_small | grid=(1840, 1, 1) block=(128, 1, 1)",vlm.prefix.step-1.layer10._matmul_small.line1476/_matmul_small,vlm.prefix.step-1.layer10._matmul_small.line1476,vlm,4,bf16_tensor,265184.0,l2,221847584.0,,3617587200.0,16.30663329648882,13.641800410281162,ok,1476
950,2728813,0,1,7,_matmul_small,"(1840, 1, 1)","(128, 1, 1)","Prefix: Attention P × V | _matmul_small | grid=(1840, 1, 1) block=(128, 1, 1)",vlm.prefix.step-1.layer10._matmul_small.line1476/_matmul_small,vlm.prefix.step-1.layer10._matmul_small.line1476,vlm,4,fp32_simt,265184.0,l2,221847584.0,,0.0,,,zero_counted_flops,1476
951,2728813,0,1,7,_matmul_small_res,"(480, 1, 1)","(128, 1, 1)","Prefix: Attention output + residual | _matmul_small_res | grid=(480, 1, 1) block=(128, 1, 1)",vlm.prefix.step-1.layer10._matmul_small_res.line1487/_matmul_small_res,vlm.prefix.step-1.layer10._matmul_small_res.line1487,vlm,6,bf16_tensor,213664.00000000003,l2,249498624.0,,8053063680.0,32.27698634522329,37.69031601018421,ok,1487
951,2728813,0,1,7,_matmul_small_res,"(480, 1, 1)","(128, 1, 1)","Prefix: Attention output + residual | _matmul_small_res | grid=(480, 1, 1) block=(128, 1, 1)",vlm.prefix.step-1.layer10._matmul_small_res.line1487/_matmul_small_res,vlm.prefix.step-1.layer10._matmul_small_res.line1487,vlm,6,fp32_simt,213664.00000000003,l2,249498624.0,,0.0,,,zero_counted_flops,1487
952,2728813,0,1,7,_rms_norm_kernel,"(918, 1, 1)","(128, 1, 1)","Prefix: RMSNorm (pre-FFN) | _rms_norm_kernel | grid=(918, 1, 1) block=(128, 1, 1)",vlm.prefix.step-1.layer10._rms_norm_kernel.line1499/_rms_norm_kernel,vlm.prefix.step-1.layer10._rms_norm_kernel.line1499,vlm,10,bf16_tensor,31392.0,l2,8315072.0,,0.0,,,zero_counted_flops,1499
952,2728813,0,1,7,_rms_norm_kernel,"(918, 1, 1)","(128, 1, 1)","Prefix: RMSNorm (pre-FFN) | _rms_norm_kernel | grid=(918, 1, 1) block=(128, 1, 1)",vlm.prefix.step-1.layer10._rms_norm_kernel.line1499/_rms_norm_kernel,vlm.prefix.step-1.layer10._rms_norm_kernel.line1499,vlm,10,fp32_simt,31392.0,l2,8315072.0,,10340352.0,1.2435673437343657,0.32939449541284405,ok,1499
953,2728813,0,1,7,nvjet_sm110_tst_256x232_64x3_1x2_h_bz_NNT,"(512, 1, 1)","(256, 1, 1)","Prefix FFN: gate/up projection | nvjet_sm110_tst_256x232_64x3_1x2_h_bz_NNT | grid=(512, 1, 1) block=(256, 1, 1)",vlm.prefix.layer10.FFN/nvjet_sm110_tst_256x232_64x3_1x2_h_bz_NNT,vlm.prefix.layer10.FFN,vlm,3,bf16_tensor,861216.0,l2,811719808.0,,124554051584.0,153.4446373692534,144.6257983873964,ok,
953,2728813,0,1,7,nvjet_sm110_tst_256x232_64x3_1x2_h_bz_NNT,"(512, 1, 1)","(256, 1, 1)","Prefix FFN: gate/up projection | nvjet_sm110_tst_256x232_64x3_1x2_h_bz_NNT | grid=(512, 1, 1) block=(256, 1, 1)",vlm.prefix.layer10.FFN/nvjet_sm110_tst_256x232_64x3_1x2_h_bz_NNT,vlm.prefix.layer10.FFN,vlm,3,fp32_simt,861216.0,l2,811719808.0,,60817408.0,0.07492413934045576,0.0706180656188459,ok,
954,2728813,0,1,7,triton_poi_fused_gelu_mul_split_0,"(29376, 1, 1)","(128, 1, 1)","Prefix FFN: GELU product | triton_poi_fused_gelu_mul_split_0 | grid=(29376, 1, 1) block=(128, 1, 1)",vlm.prefix.layer10.FFN/triton_poi_fused_gelu_mul_split_0,vlm.prefix.layer10.FFN,vlm,1,bf16_tensor,340192.0,l2,90354080.0,,0.0,,,zero_counted_flops,
954,2728813,0,1,7,triton_poi_fused_gelu_mul_split_0,"(29376, 1, 1)","(128, 1, 1)","Prefix FFN: GELU product | triton_poi_fused_gelu_mul_split_0 | grid=(29376, 1, 1) block=(128, 1, 1)",vlm.prefix.layer10.FFN/triton_poi_fused_gelu_mul_split_0,vlm.prefix.layer10.FFN,vlm,1,fp32_simt,340192.0,l2,90354080.0,,230881623.0,2.5552982554855297,0.6786803422773022,ok,
955,2728813,0,1,7,nvjet_sm110_tst_256x184_64x3_2x1_v_badd_NNT,"(40, 1, 1)","(256, 1, 1)","Prefix FFN: down + residual | nvjet_sm110_tst_256x184_64x3_2x1_v_badd_NNT | grid=(40, 1, 1) block=(256, 1, 1)",vlm.prefix.layer10.FFN/nvjet_sm110_tst_256x184_64x3_2x1_v_badd_NNT,vlm.prefix.layer10.FFN,vlm,2,bf16_tensor,784128.0,l2,445275360.0,,61740154880.0,138.65612253954498,78.737342474698,ok,
955,2728813,0,1,7,nvjet_sm110_tst_256x184_64x3_2x1_v_badd_NNT,"(40, 1, 1)","(256, 1, 1)","Prefix FFN: down + residual | nvjet_sm110_tst_256x184_64x3_2x1_v_badd_NNT | grid=(40, 1, 1) block=(256, 1, 1)",vlm.prefix.layer10.FFN/nvjet_sm110_tst_256x184_64x3_2x1_v_badd_NNT,vlm.prefix.layer10.FFN,vlm,2,fp32_simt,784128.0,l2,445275360.0,,3768320.0,0.008462898104220275,0.004805746000652954,ok,
956,2728813,0,1,7,_rms_norm_kernel,"(918, 1, 1)","(128, 1, 1)","Prefix: RMSNorm (pre-attention) | _rms_norm_kernel | grid=(918, 1, 1) block=(128, 1, 1)",vlm.prefix.step-1.layer11._rms_norm_kernel.line1429/_rms_norm_kernel,vlm.prefix.step-1.layer11._rms_norm_kernel.line1429,vlm,11,bf16_tensor,29824.0,l2,8374272.0,,0.0,,,zero_counted_flops,1429
956,2728813,0,1,7,_rms_norm_kernel,"(918, 1, 1)","(128, 1, 1)","Prefix: RMSNorm (pre-attention) | _rms_norm_kernel | grid=(918, 1, 1) block=(128, 1, 1)",vlm.prefix.step-1.layer11._rms_norm_kernel.line1429/_rms_norm_kernel,vlm.prefix.step-1.layer11._rms_norm_kernel.line1429,vlm,11,fp32_simt,29824.0,l2,8374272.0,,10340352.0,1.2347762289068231,0.3467124463519313,ok,1429
957,2728813,0,1,7,_matmul_gemma_rope_qkv,"(29, 10, 1)","(128, 1, 1)","Prefix: QKV projection + Gemma RoPE | _matmul_gemma_rope_qkv | grid=(29, 10, 1) block=(128, 1, 1)",vlm.prefix.step-1.layer11._matmul_gemma_rope_qkv.line1437/_matmul_gemma_rope_qkv,vlm.prefix.step-1.layer11._matmul_gemma_rope_qkv.line1437,vlm,9,bf16_tensor,252288.00000000003,l2,344499648.0,,9730785280.0,28.2461399786394,38.570147133434794,ok,1437
957,2728813,0,1,7,_matmul_gemma_rope_qkv,"(29, 10, 1)","(128, 1, 1)","Prefix: QKV projection + Gemma RoPE | _matmul_gemma_rope_qkv | grid=(29, 10, 1) block=(128, 1, 1)",vlm.prefix.step-1.layer11._matmul_gemma_rope_qkv.line1437/_matmul_gemma_rope_qkv,vlm.prefix.step-1.layer11._matmul_gemma_rope_qkv.line1437,vlm,9,fp32_simt,252288.00000000003,l2,344499648.0,,6414336.0,0.018619281724200774,0.02542465753424657,ok,1437
958,2728813,0,1,7,_matmul_abt_scale,"(6670, 1, 1)","(128, 1, 1)","Prefix: Attention QKᵀ + scale | _matmul_abt_scale | grid=(6670, 1, 1) block=(128, 1, 1)",vlm.prefix.step-1.layer11._matmul_abt_scale.line1455/_matmul_abt_scale,vlm.prefix.step-1.layer11._matmul_abt_scale.line1455,vlm,5,bf16_tensor,258592.00000000003,l2,243069760.0,,3497000960.0,14.386820310350412,13.523237223115949,ok,1455
958,2728813,0,1,7,_matmul_abt_scale,"(6670, 1, 1)","(128, 1, 1)","Prefix: Attention QKᵀ + scale | _matmul_abt_scale | grid=(6670, 1, 1) block=(128, 1, 1)",vlm.prefix.step-1.layer11._matmul_abt_scale.line1455/_matmul_abt_scale,vlm.prefix.step-1.layer11._matmul_abt_scale.line1455,vlm,5,fp32_simt,258592.00000000003,l2,243069760.0,,6830080.0,0.02809925841865315,0.026412572701398337,ok,1455
959,2728813,0,1,7,_softmax_mask_vector,"(1836, 1, 1)","(128, 1, 1)","Prefix: Prefix masked softmax | _softmax_mask_vector | grid=(1836, 1, 1) block=(128, 1, 1)",vlm.prefix.step-1.layer11._softmax_mask_vector.line1467/_softmax_mask_vector,vlm.prefix.step-1.layer11._softmax_mask_vector.line1467,vlm,8,bf16_tensor,160800.0,l2,41550784.0,,0.0,,,zero_counted_flops,1467
959,2728813,0,1,7,_softmax_mask_vector,"(1836, 1, 1)","(128, 1, 1)","Prefix: Prefix masked softmax | _softmax_mask_vector | grid=(1836, 1, 1) block=(128, 1, 1)",vlm.prefix.step-1.layer11._softmax_mask_vector.line1467/_softmax_mask_vector,vlm.prefix.step-1.layer11._softmax_mask_vector.line1467,vlm,8,fp32_simt,160800.0,l2,41550784.0,,35868096.0,0.8632351197031565,0.22306029850746267,ok,1467
960,2728813,0,1,7,_matmul_small,"(1840, 1, 1)","(128, 1, 1)","Prefix: Attention P × V | _matmul_small | grid=(1840, 1, 1) block=(128, 1, 1)",vlm.prefix.step-1.layer11._matmul_small.line1476/_matmul_small,vlm.prefix.step-1.layer11._matmul_small.line1476,vlm,4,bf16_tensor,264512.0,l2,221696512.0,,3617587200.0,16.31774522460687,13.676457778853132,ok,1476
960,2728813,0,1,7,_matmul_small,"(1840, 1, 1)","(128, 1, 1)","Prefix: Attention P × V | _matmul_small | grid=(1840, 1, 1) block=(128, 1, 1)",vlm.prefix.step-1.layer11._matmul_small.line1476/_matmul_small,vlm.prefix.step-1.layer11._matmul_small.line1476,vlm,4,fp32_simt,264512.0,l2,221696512.0,,0.0,,,zero_counted_flops,1476
961,2728813,0,1,7,_matmul_small_res,"(480, 1, 1)","(128, 1, 1)","Prefix: Attention output + residual | _matmul_small_res | grid=(480, 1, 1) block=(128, 1, 1)",vlm.prefix.step-1.layer11._matmul_small_res.line1487/_matmul_small_res,vlm.prefix.step-1.layer11._matmul_small_res.line1487,vlm,6,bf16_tensor,219808.00000000003,l2,250036960.0,,8053063680.0,32.207493164210604,36.63680885136119,ok,1487
961,2728813,0,1,7,_matmul_small_res,"(480, 1, 1)","(128, 1, 1)","Prefix: Attention output + residual | _matmul_small_res | grid=(480, 1, 1) block=(128, 1, 1)",vlm.prefix.step-1.layer11._matmul_small_res.line1487/_matmul_small_res,vlm.prefix.step-1.layer11._matmul_small_res.line1487,vlm,6,fp32_simt,219808.00000000003,l2,250036960.0,,0.0,,,zero_counted_flops,1487
962,2728813,0,1,7,_rms_norm_kernel,"(918, 1, 1)","(128, 1, 1)","Prefix: RMSNorm (pre-FFN) | _rms_norm_kernel | grid=(918, 1, 1) block=(128, 1, 1)",vlm.prefix.step-1.layer11._rms_norm_kernel.line1499/_rms_norm_kernel,vlm.prefix.step-1.layer11._rms_norm_kernel.line1499,vlm,10,bf16_tensor,30432.000000000004,l2,8372768.0,,0.0,,,zero_counted_flops,1499
962,2728813,0,1,7,_rms_norm_kernel,"(918, 1, 1)","(128, 1, 1)","Prefix: RMSNorm (pre-FFN) | _rms_norm_kernel | grid=(918, 1, 1) block=(128, 1, 1)",vlm.prefix.step-1.layer11._rms_norm_kernel.line1499/_rms_norm_kernel,vlm.prefix.step-1.layer11._rms_norm_kernel.line1499,vlm,10,fp32_simt,30432.000000000004,l2,8372768.0,,10340352.0,1.234998031714243,0.33978548895899047,ok,1499
963,2728813,0,1,7,nvjet_sm110_tst_256x232_64x3_1x2_h_bz_NNT,"(512, 1, 1)","(256, 1, 1)","Prefix FFN: gate/up projection | nvjet_sm110_tst_256x232_64x3_1x2_h_bz_NNT | grid=(512, 1, 1) block=(256, 1, 1)",vlm.prefix.layer11.FFN/nvjet_sm110_tst_256x232_64x3_1x2_h_bz_NNT,vlm.prefix.layer11.FFN,vlm,3,bf16_tensor,861408.0,l2,812731552.0,,124554051584.0,153.2536189563365,144.59356261376723,ok,
963,2728813,0,1,7,nvjet_sm110_tst_256x232_64x3_1x2_h_bz_NNT,"(512, 1, 1)","(256, 1, 1)","Prefix FFN: gate/up projection | nvjet_sm110_tst_256x232_64x3_1x2_h_bz_NNT | grid=(512, 1, 1) block=(256, 1, 1)",vlm.prefix.layer11.FFN/nvjet_sm110_tst_256x232_64x3_1x2_h_bz_NNT,vlm.prefix.layer11.FFN,vlm,3,fp32_simt,861408.0,l2,812731552.0,,60817408.0,0.07483086863102369,0.07060232549500353,ok,
964,2728813,0,1,7,triton_poi_fused_gelu_mul_split_0,"(29376, 1, 1)","(128, 1, 1)","Prefix FFN: GELU product | triton_poi_fused_gelu_mul_split_0 | grid=(29376, 1, 1) block=(128, 1, 1)",vlm.prefix.layer11.FFN/triton_poi_fused_gelu_mul_split_0,vlm.prefix.layer11.FFN,vlm,1,bf16_tensor,345120.00000000006,l2,90353472.0,,0.0,,,zero_counted_flops,
964,2728813,0,1,7,triton_poi_fused_gelu_mul_split_0,"(29376, 1, 1)","(128, 1, 1)","Prefix FFN: GELU product | triton_poi_fused_gelu_mul_split_0 | grid=(29376, 1, 1) block=(128, 1, 1)",vlm.prefix.layer11.FFN/triton_poi_fused_gelu_mul_split_0,vlm.prefix.layer11.FFN,vlm,1,fp32_simt,345120.00000000006,l2,90353472.0,,232575525.0,2.5740629535520227,0.673897557371349,ok,
965,2728813,0,1,7,nvjet_sm110_tst_256x184_64x3_2x1_v_badd_NNT,"(40, 1, 1)","(256, 1, 1)","Prefix FFN: down + residual | nvjet_sm110_tst_256x184_64x3_2x1_v_badd_NNT | grid=(40, 1, 1) block=(256, 1, 1)",vlm.prefix.layer11.FFN/nvjet_sm110_tst_256x184_64x3_2x1_v_badd_NNT,vlm.prefix.layer11.FFN,vlm,2,bf16_tensor,811008.0,l2,446384128.0,,61740154880.0,138.31171631622172,76.12767676767676,ok,
965,2728813,0,1,7,nvjet_sm110_tst_256x184_64x3_2x1_v_badd_NNT,"(40, 1, 1)","(256, 1, 1)","Prefix FFN: down + residual | nvjet_sm110_tst_256x184_64x3_2x1_v_badd_NNT | grid=(40, 1, 1) block=(256, 1, 1)",vlm.prefix.layer11.FFN/nvjet_sm110_tst_256x184_64x3_2x1_v_badd_NNT,vlm.prefix.layer11.FFN,vlm,2,fp32_simt,811008.0,l2,446384128.0,,3768320.0,0.008441877216566267,0.004646464646464646,ok,
966,2728813,0,1,7,_rms_norm_kernel,"(918, 1, 1)","(128, 1, 1)","Prefix: RMSNorm (pre-attention) | _rms_norm_kernel | grid=(918, 1, 1) block=(128, 1, 1)",vlm.prefix.step-1.layer12._rms_norm_kernel.line1429/_rms_norm_kernel,vlm.prefix.step-1.layer12._rms_norm_kernel.line1429,vlm,11,bf16_tensor,31776.000000000004,l2,8275360.0,,0.0,,,zero_counted_flops,1429
966,2728813,0,1,7,_rms_norm_kernel,"(918, 1, 1)","(128, 1, 1)","Prefix: RMSNorm (pre-attention) | _rms_norm_kernel | grid=(918, 1, 1) block=(128, 1, 1)",vlm.prefix.step-1.layer12._rms_norm_kernel.line1429/_rms_norm_kernel,vlm.prefix.step-1.layer12._rms_norm_kernel.line1429,vlm,11,fp32_simt,31776.000000000004,l2,8275360.0,,10340352.0,1.2495350051236442,0.32541389728096676,ok,1429
967,2728813,0,1,7,_matmul_gemma_rope_qkv,"(29, 10, 1)","(128, 1, 1)","Prefix: QKV projection + Gemma RoPE | _matmul_gemma_rope_qkv | grid=(29, 10, 1) block=(128, 1, 1)",vlm.prefix.step-1.layer12._matmul_gemma_rope_qkv.line1437/_matmul_gemma_rope_qkv,vlm.prefix.step-1.layer12._matmul_gemma_rope_qkv.line1437,vlm,9,bf16_tensor,250976.00000000003,l2,344260768.0,,9730785280.0,28.26573976619956,38.77177610608185,ok,1437
967,2728813,0,1,7,_matmul_gemma_rope_qkv,"(29, 10, 1)","(128, 1, 1)","Prefix: QKV projection + Gemma RoPE | _matmul_gemma_rope_qkv | grid=(29, 10, 1) block=(128, 1, 1)",vlm.prefix.step-1.layer12._matmul_gemma_rope_qkv.line1437/_matmul_gemma_rope_qkv,vlm.prefix.step-1.layer12._matmul_gemma_rope_qkv.line1437,vlm,9,fp32_simt,250976.00000000003,l2,344260768.0,,6414336.0,0.018632201506039746,0.025557567257427003,ok,1437
968,2728813,0,1,7,_matmul_abt_scale,"(6670, 1, 1)","(128, 1, 1)","Prefix: Attention QKᵀ + scale | _matmul_abt_scale | grid=(6670, 1, 1) block=(128, 1, 1)",vlm.prefix.step-1.layer12._matmul_abt_scale.line1455/_matmul_abt_scale,vlm.prefix.step-1.layer12._matmul_abt_scale.line1455,vlm,5,bf16_tensor,250752.00000000003,l2,242978752.0,,3497000960.0,14.392208912160353,13.946054109239407,ok,1455
968,2728813,0,1,7,_matmul_abt_scale,"(6670, 1, 1)","(128, 1, 1)","Prefix: Attention QKᵀ + scale | _matmul_abt_scale | grid=(6670, 1, 1) block=(128, 1, 1)",vlm.prefix.step-1.layer12._matmul_abt_scale.line1455/_matmul_abt_scale,vlm.prefix.step-1.layer12._matmul_abt_scale.line1455,vlm,5,fp32_simt,250752.00000000003,l2,242978752.0,,6830080.0,0.02810978303156319,0.027238386932108217,ok,1455
969,2728813,0,1,7,_softmax_mask_vector,"(1836, 1, 1)","(128, 1, 1)","Prefix: Prefix masked softmax | _softmax_mask_vector | grid=(1836, 1, 1) block=(128, 1, 1)",vlm.prefix.step-1.layer12._softmax_mask_vector.line1467/_softmax_mask_vector,vlm.prefix.step-1.layer12._softmax_mask_vector.line1467,vlm,8,bf16_tensor,137728.00000000003,l2,41628544.0,,0.0,,,zero_counted_flops,1467
969,2728813,0,1,7,_softmax_mask_vector,"(1836, 1, 1)","(128, 1, 1)","Prefix: Prefix masked softmax | _softmax_mask_vector | grid=(1836, 1, 1) block=(128, 1, 1)",vlm.prefix.step-1.layer12._softmax_mask_vector.line1467/_softmax_mask_vector,vlm.prefix.step-1.layer12._softmax_mask_vector.line1467,vlm,8,fp32_simt,137728.00000000003,l2,41628544.0,,35868096.0,0.8616226404651578,0.26042704460966537,ok,1467
970,2728813,0,1,7,_matmul_small,"(1840, 1, 1)","(128, 1, 1)","Prefix: Attention P × V | _matmul_small | grid=(1840, 1, 1) block=(128, 1, 1)",vlm.prefix.step-1.layer12._matmul_small.line1476/_matmul_small,vlm.prefix.step-1.layer12._matmul_small.line1476,vlm,4,bf16_tensor,264928.0,l2,222835680.0,,3617587200.0,16.234326567450957,13.654982485807464,ok,1476
970,2728813,0,1,7,_matmul_small,"(1840, 1, 1)","(128, 1, 1)","Prefix: Attention P × V | _matmul_small | grid=(1840, 1, 1) block=(128, 1, 1)",vlm.prefix.step-1.layer12._matmul_small.line1476/_matmul_small,vlm.prefix.step-1.layer12._matmul_small.line1476,vlm,4,fp32_simt,264928.0,l2,222835680.0,,0.0,,,zero_counted_flops,1476
971,2728813,0,1,7,_matmul_small_res,"(480, 1, 1)","(128, 1, 1)","Prefix: Attention output + residual | _matmul_small_res | grid=(480, 1, 1) block=(128, 1, 1)",vlm.prefix.step-1.layer12._matmul_small_res.line1487/_matmul_small_res,vlm.prefix.step-1.layer12._matmul_small_res.line1487,vlm,6,bf16_tensor,212416.00000000003,l2,249902016.0,,8053063680.0,32.22488481245385,37.91175655317866,ok,1487
971,2728813,0,1,7,_matmul_small_res,"(480, 1, 1)","(128, 1, 1)","Prefix: Attention output + residual | _matmul_small_res | grid=(480, 1, 1) block=(128, 1, 1)",vlm.prefix.step-1.layer12._matmul_small_res.line1487/_matmul_small_res,vlm.prefix.step-1.layer12._matmul_small_res.line1487,vlm,6,fp32_simt,212416.00000000003,l2,249902016.0,,0.0,,,zero_counted_flops,1487
972,2728813,0,1,7,_rms_norm_kernel,"(918, 1, 1)","(128, 1, 1)","Prefix: RMSNorm (pre-FFN) | _rms_norm_kernel | grid=(918, 1, 1) block=(128, 1, 1)",vlm.prefix.step-1.layer12._rms_norm_kernel.line1499/_rms_norm_kernel,vlm.prefix.step-1.layer12._rms_norm_kernel.line1499,vlm,10,bf16_tensor,27072.0,l2,8317888.0,,0.0,,,zero_counted_flops,1499
972,2728813,0,1,7,_rms_norm_kernel,"(918, 1, 1)","(128, 1, 1)","Prefix: RMSNorm (pre-FFN) | _rms_norm_kernel | grid=(918, 1, 1) block=(128, 1, 1)",vlm.prefix.step-1.layer12._rms_norm_kernel.line1499/_rms_norm_kernel,vlm.prefix.step-1.layer12._rms_norm_kernel.line1499,vlm,10,fp32_simt,27072.0,l2,8317888.0,,10340352.0,1.2431463371471219,0.3819574468085106,ok,1499
973,2728813,0,1,7,nvjet_sm110_tst_256x232_64x3_1x2_h_bz_NNT,"(512, 1, 1)","(256, 1, 1)","Prefix FFN: gate/up projection | nvjet_sm110_tst_256x232_64x3_1x2_h_bz_NNT | grid=(512, 1, 1) block=(256, 1, 1)",vlm.prefix.layer12.FFN/nvjet_sm110_tst_256x232_64x3_1x2_h_bz_NNT,vlm.prefix.layer12.FFN,vlm,3,bf16_tensor,867840.0,l2,812462688.0,,124554051584.0,153.30433436962954,143.52190678466076,ok,
973,2728813,0,1,7,nvjet_sm110_tst_256x232_64x3_1x2_h_bz_NNT,"(512, 1, 1)","(256, 1, 1)","Prefix FFN: gate/up projection | nvjet_sm110_tst_256x232_64x3_1x2_h_bz_NNT | grid=(512, 1, 1) block=(256, 1, 1)",vlm.prefix.layer12.FFN/nvjet_sm110_tst_256x232_64x3_1x2_h_bz_NNT,vlm.prefix.layer12.FFN,vlm,3,fp32_simt,867840.0,l2,812462688.0,,60817408.0,0.07485563201642068,0.07007905604719764,ok,
974,2728813,0,1,7,triton_poi_fused_gelu_mul_split_0,"(29376, 1, 1)","(128, 1, 1)","Prefix FFN: GELU product | triton_poi_fused_gelu_mul_split_0 | grid=(29376, 1, 1) block=(128, 1, 1)",vlm.prefix.layer12.FFN/triton_poi_fused_gelu_mul_split_0,vlm.prefix.layer12.FFN,vlm,1,bf16_tensor,340064.0,l2,90358528.0,,0.0,,,zero_counted_flops,
974,2728813,0,1,7,triton_poi_fused_gelu_mul_split_0,"(29376, 1, 1)","(128, 1, 1)","Prefix FFN: GELU product | triton_poi_fused_gelu_mul_split_0 | grid=(29376, 1, 1) block=(128, 1, 1)",vlm.prefix.layer12.FFN/triton_poi_fused_gelu_mul_split_0,vlm.prefix.layer12.FFN,vlm,1,fp32_simt,340064.0,l2,90358528.0,,233139270.0,2.5801579016426652,0.6855746859414699,ok,
975,2728813,0,1,7,nvjet_sm110_tst_256x184_64x3_2x1_v_badd_NNT,"(40, 1, 1)","(256, 1, 1)","Prefix FFN: down + residual | nvjet_sm110_tst_256x184_64x3_2x1_v_badd_NNT | grid=(40, 1, 1) block=(256, 1, 1)",vlm.prefix.layer12.FFN/nvjet_sm110_tst_256x184_64x3_2x1_v_badd_NNT,vlm.prefix.layer12.FFN,vlm,2,bf16_tensor,749088.0000000001,l2,446212576.0,,61740154880.0,138.36489198368088,82.42042974924173,ok,
975,2728813,0,1,7,nvjet_sm110_tst_256x184_64x3_2x1_v_badd_NNT,"(40, 1, 1)","(256, 1, 1)","Prefix FFN: down + residual | nvjet_sm110_tst_256x184_64x3_2x1_v_badd_NNT | grid=(40, 1, 1) block=(256, 1, 1)",vlm.prefix.layer12.FFN/nvjet_sm110_tst_256x184_64x3_2x1_v_badd_NNT,vlm.prefix.layer12.FFN,vlm,2,fp32_simt,749088.0000000001,l2,446212576.0,,3768320.0,0.008445122801738335,0.0050305438079371175,ok,
976,2728813,0,1,7,_rms_norm_kernel,"(918, 1, 1)","(128, 1, 1)","Prefix: RMSNorm (pre-attention) | _rms_norm_kernel | grid=(918, 1, 1) block=(128, 1, 1)",vlm.prefix.step-1.layer13._rms_norm_kernel.line1429/_rms_norm_kernel,vlm.prefix.step-1.layer13._rms_norm_kernel.line1429,vlm,11,bf16_tensor,29600.0,l2,8392448.0,,0.0,,,zero_counted_flops,1429
976,2728813,0,1,7,_rms_norm_kernel,"(918, 1, 1)","(128, 1, 1)","Prefix: RMSNorm (pre-attention) | _rms_norm_kernel | grid=(918, 1, 1) block=(128, 1, 1)",vlm.prefix.step-1.layer13._rms_norm_kernel.line1429/_rms_norm_kernel,vlm.prefix.step-1.layer13._rms_norm_kernel.line1429,vlm,11,fp32_simt,29600.0,l2,8392448.0,,10340352.0,1.2321020040874844,0.3493362162162162,ok,1429
977,2728813,0,1,7,_matmul_gemma_rope_qkv,"(29, 10, 1)","(128, 1, 1)","Prefix: QKV projection + Gemma RoPE | _matmul_gemma_rope_qkv | grid=(29, 10, 1) block=(128, 1, 1)",vlm.prefix.step-1.layer13._matmul_gemma_rope_qkv.line1437/_matmul_gemma_rope_qkv,vlm.prefix.step-1.layer13._matmul_gemma_rope_qkv.line1437,vlm,9,bf16_tensor,254432.00000000003,l2,343936064.0,,9730785280.0,28.29242495488929,38.245131430008804,ok,1437
977,2728813,0,1,7,_matmul_gemma_rope_qkv,"(29, 10, 1)","(128, 1, 1)","Prefix: QKV projection + Gemma RoPE | _matmul_gemma_rope_qkv | grid=(29, 10, 1) block=(128, 1, 1)",vlm.prefix.step-1.layer13._matmul_gemma_rope_qkv.line1437/_matmul_gemma_rope_qkv,vlm.prefix.step-1.layer13._matmul_gemma_rope_qkv.line1437,vlm,9,fp32_simt,254432.00000000003,l2,343936064.0,,6414336.0,0.018649791840381125,0.02521041378442963,ok,1437
978,2728813,0,1,7,_matmul_abt_scale,"(6670, 1, 1)","(128, 1, 1)","Prefix: Attention QKᵀ + scale | _matmul_abt_scale | grid=(6670, 1, 1) block=(128, 1, 1)",vlm.prefix.step-1.layer13._matmul_abt_scale.line1455/_matmul_abt_scale,vlm.prefix.step-1.layer13._matmul_abt_scale.line1455,vlm,5,bf16_tensor,254752.00000000003,l2,242884864.0,,3497000960.0,14.397772271227243,13.72707951262404,ok,1455
978,2728813,0,1,7,_matmul_abt_scale,"(6670, 1, 1)","(128, 1, 1)","Prefix: Attention QKᵀ + scale | _matmul_abt_scale | grid=(6670, 1, 1) block=(128, 1, 1)",vlm.prefix.step-1.layer13._matmul_abt_scale.line1455/_matmul_abt_scale,vlm.prefix.step-1.layer13._matmul_abt_scale.line1455,vlm,5,fp32_simt,254752.00000000003,l2,242884864.0,,6830080.0,0.02812064896724071,0.02681070217309383,ok,1455
979,2728813,0,1,7,_softmax_mask_vector,"(1836, 1, 1)","(128, 1, 1)","Prefix: Prefix masked softmax | _softmax_mask_vector | grid=(1836, 1, 1) block=(128, 1, 1)",vlm.prefix.step-1.layer13._softmax_mask_vector.line1467/_softmax_mask_vector,vlm.prefix.step-1.layer13._softmax_mask_vector.line1467,vlm,8,bf16_tensor,166976.00000000003,l2,41633856.0,,0.0,,,zero_counted_flops,1467
979,2728813,0,1,7,_softmax_mask_vector,"(1836, 1, 1)","(128, 1, 1)","Prefix: Prefix masked softmax | _softmax_mask_vector | grid=(1836, 1, 1) block=(128, 1, 1)",vlm.prefix.step-1.layer13._softmax_mask_vector.line1467/_softmax_mask_vector,vlm.prefix.step-1.layer13._softmax_mask_vector.line1467,vlm,8,fp32_simt,166976.00000000003,l2,41633856.0,,35868096.0,0.8615127073504794,0.21480988884630123,ok,1467
980,2728813,0,1,7,_matmul_small,"(1840, 1, 1)","(128, 1, 1)","Prefix: Attention P × V | _matmul_small | grid=(1840, 1, 1) block=(128, 1, 1)",vlm.prefix.step-1.layer13._matmul_small.line1476/_matmul_small,vlm.prefix.step-1.layer13._matmul_small.line1476,vlm,4,bf16_tensor,268192.0,l2,222093760.0,,3617587200.0,16.288558489891837,13.488796086385873,ok,1476
980,2728813,0,1,7,_matmul_small,"(1840, 1, 1)","(128, 1, 1)","Prefix: Attention P × V | _matmul_small | grid=(1840, 1, 1) block=(128, 1, 1)",vlm.prefix.step-1.layer13._matmul_small.line1476/_matmul_small,vlm.prefix.step-1.layer13._matmul_small.line1476,vlm,4,fp32_simt,268192.0,l2,222093760.0,,0.0,,,zero_counted_flops,1476
981,2728813,0,1,7,_matmul_small_res,"(480, 1, 1)","(128, 1, 1)","Prefix: Attention output + residual | _matmul_small_res | grid=(480, 1, 1) block=(128, 1, 1)",vlm.prefix.step-1.layer13._matmul_small_res.line1487/_matmul_small_res,vlm.prefix.step-1.layer13._matmul_small_res.line1487,vlm,6,bf16_tensor,225696.0,l2,249470528.0,,8053063680.0,32.28062146082442,35.68102084219481,ok,1487
981,2728813,0,1,7,_matmul_small_res,"(480, 1, 1)","(128, 1, 1)","Prefix: Attention output + residual | _matmul_small_res | grid=(480, 1, 1) block=(128, 1, 1)",vlm.prefix.step-1.layer13._matmul_small_res.line1487/_matmul_small_res,vlm.prefix.step-1.layer13._matmul_small_res.line1487,vlm,6,fp32_simt,225696.0,l2,249470528.0,,0.0,,,zero_counted_flops,1487
982,2728813,0,1,7,_rms_norm_kernel,"(918, 1, 1)","(128, 1, 1)","Prefix: RMSNorm (pre-FFN) | _rms_norm_kernel | grid=(918, 1, 1) block=(128, 1, 1)",vlm.prefix.step-1.layer13._rms_norm_kernel.line1499/_rms_norm_kernel,vlm.prefix.step-1.layer13._rms_norm_kernel.line1499,vlm,10,bf16_tensor,25536.0,l2,8332832.0,,0.0,,,zero_counted_flops,1499
982,2728813,0,1,7,_rms_norm_kernel,"(918, 1, 1)","(128, 1, 1)","Prefix: RMSNorm (pre-FFN) | _rms_norm_kernel | grid=(918, 1, 1) block=(128, 1, 1)",vlm.prefix.step-1.layer13._rms_norm_kernel.line1499/_rms_norm_kernel,vlm.prefix.step-1.layer13._rms_norm_kernel.line1499,vlm,10,fp32_simt,25536.0,l2,8332832.0,,10340352.0,1.2409168935603165,0.40493233082706764,ok,1499
983,2728813,0,1,7,nvjet_sm110_tst_256x232_64x3_1x2_h_bz_NNT,"(512, 1, 1)","(256, 1, 1)","Prefix FFN: gate/up projection | nvjet_sm110_tst_256x232_64x3_1x2_h_bz_NNT | grid=(512, 1, 1) block=(256, 1, 1)",vlm.prefix.layer13.FFN/nvjet_sm110_tst_256x232_64x3_1x2_h_bz_NNT,vlm.prefix.layer13.FFN,vlm,3,bf16_tensor,862496.0,l2,810956736.0,,124554051584.0,153.58902152827054,144.4111643230809,ok,
983,2728813,0,1,7,nvjet_sm110_tst_256x232_64x3_1x2_h_bz_NNT,"(512, 1, 1)","(256, 1, 1)","Prefix FFN: gate/up projection | nvjet_sm110_tst_256x232_64x3_1x2_h_bz_NNT | grid=(512, 1, 1) block=(256, 1, 1)",vlm.prefix.layer13.FFN/nvjet_sm110_tst_256x232_64x3_1x2_h_bz_NNT,vlm.prefix.layer13.FFN,vlm,3,fp32_simt,862496.0,l2,810956736.0,,60817408.0,0.07499463941810085,0.07051326382962934,ok,
984,2728813,0,1,7,triton_poi_fused_gelu_mul_split_0,"(29376, 1, 1)","(128, 1, 1)","Prefix FFN: GELU product | triton_poi_fused_gelu_mul_split_0 | grid=(29376, 1, 1) block=(128, 1, 1)",vlm.prefix.layer13.FFN/triton_poi_fused_gelu_mul_split_0,vlm.prefix.layer13.FFN,vlm,1,bf16_tensor,332032.0,l2,90404992.0,,0.0,,,zero_counted_flops,
984,2728813,0,1,7,triton_poi_fused_gelu_mul_split_0,"(29376, 1, 1)","(128, 1, 1)","Prefix FFN: GELU product | triton_poi_fused_gelu_mul_split_0 | grid=(29376, 1, 1) block=(128, 1, 1)",vlm.prefix.layer13.FFN/triton_poi_fused_gelu_mul_split_0,vlm.prefix.layer13.FFN,vlm,1,fp32_simt,332032.0,l2,90404992.0,,232354871.0,2.570155318414275,0.6997966190005782,ok,
985,2728813,0,1,7,nvjet_sm110_tst_256x184_64x3_2x1_v_badd_NNT,"(40, 1, 1)","(256, 1, 1)","Prefix FFN: down + residual | nvjet_sm110_tst_256x184_64x3_2x1_v_badd_NNT | grid=(40, 1, 1) block=(256, 1, 1)",vlm.prefix.layer13.FFN/nvjet_sm110_tst_256x184_64x3_2x1_v_badd_NNT,vlm.prefix.layer13.FFN,vlm,2,bf16_tensor,824544.0000000001,l2,453137120.0,,61740154880.0,136.25049053584488,74.87793844840299,ok,
985,2728813,0,1,7,nvjet_sm110_tst_256x184_64x3_2x1_v_badd_NNT,"(40, 1, 1)","(256, 1, 1)","Prefix FFN: down + residual | nvjet_sm110_tst_256x184_64x3_2x1_v_badd_NNT | grid=(40, 1, 1) block=(256, 1, 1)",vlm.prefix.layer13.FFN/nvjet_sm110_tst_256x184_64x3_2x1_v_badd_NNT,vlm.prefix.layer13.FFN,vlm,2,fp32_simt,824544.0000000001,l2,453137120.0,,3768320.0,0.008316069978994438,0.004570186672876159,ok,
986,2728813,0,1,7,_rms_norm_kernel,"(918, 1, 1)","(128, 1, 1)","Prefix: RMSNorm (pre-attention) | _rms_norm_kernel | grid=(918, 1, 1) block=(128, 1, 1)",vlm.prefix.step-1.layer14._rms_norm_kernel.line1429/_rms_norm_kernel,vlm.prefix.step-1.layer14._rms_norm_kernel.line1429,vlm,11,bf16_tensor,22112.0,l2,8257760.0,,0.0,,,zero_counted_flops,1429
986,2728813,0,1,7,_rms_norm_kernel,"(918, 1, 1)","(128, 1, 1)","Prefix: RMSNorm (pre-attention) | _rms_norm_kernel | grid=(918, 1, 1) block=(128, 1, 1)",vlm.prefix.step-1.layer14._rms_norm_kernel.line1429/_rms_norm_kernel,vlm.prefix.step-1.layer14._rms_norm_kernel.line1429,vlm,11,fp32_simt,22112.0,l2,8257760.0,,10340352.0,1.252198174807696,0.4676353111432706,ok,1429
987,2728813,0,1,7,_matmul_gemma_rope_qkv,"(29, 10, 1)","(128, 1, 1)","Prefix: QKV projection + Gemma RoPE | _matmul_gemma_rope_qkv | grid=(29, 10, 1) block=(128, 1, 1)",vlm.prefix.step-1.layer14._matmul_gemma_rope_qkv.line1437/_matmul_gemma_rope_qkv,vlm.prefix.step-1.layer14._matmul_gemma_rope_qkv.line1437,vlm,9,bf16_tensor,254656.00000000003,l2,344668320.0,,9730785280.0,28.232317028730694,38.21149032420205,ok,1437
987,2728813,0,1,7,_matmul_gemma_rope_qkv,"(29, 10, 1)","(128, 1, 1)","Prefix: QKV projection + Gemma RoPE | _matmul_gemma_rope_qkv | grid=(29, 10, 1) block=(128, 1, 1)",vlm.prefix.step-1.layer14._matmul_gemma_rope_qkv.line1437/_matmul_gemma_rope_qkv,vlm.prefix.step-1.layer14._matmul_gemma_rope_qkv.line1437,vlm,9,fp32_simt,254656.00000000003,l2,344668320.0,,6414336.0,0.018610169916399626,0.02518823825081679,ok,1437
988,2728813,0,1,7,_matmul_abt_scale,"(6670, 1, 1)","(128, 1, 1)","Prefix: Attention QKᵀ + scale | _matmul_abt_scale | grid=(6670, 1, 1) block=(128, 1, 1)",vlm.prefix.step-1.layer14._matmul_abt_scale.line1455/_matmul_abt_scale,vlm.prefix.step-1.layer14._matmul_abt_scale.line1455,vlm,5,bf16_tensor,252416.0,l2,242470176.0,,3497000960.0,14.422396262045853,13.854117647058825,ok,1455
988,2728813,0,1,7,_matmul_abt_scale,"(6670, 1, 1)","(128, 1, 1)","Prefix: Attention QKᵀ + scale | _matmul_abt_scale | grid=(6670, 1, 1) block=(128, 1, 1)",vlm.prefix.step-1.layer14._matmul_abt_scale.line1455/_matmul_abt_scale,vlm.prefix.step-1.layer14._matmul_abt_scale.line1455,vlm,5,fp32_simt,252416.0,l2,242470176.0,,6830080.0,0.028168742699308306,0.027058823529411767,ok,1455
989,2728813,0,1,7,_softmax_mask_vector,"(1836, 1, 1)","(128, 1, 1)","Prefix: Prefix masked softmax | _softmax_mask_vector | grid=(1836, 1, 1) block=(128, 1, 1)",vlm.prefix.step-1.layer14._softmax_mask_vector.line1467/_softmax_mask_vector,vlm.prefix.step-1.layer14._softmax_mask_vector.line1467,vlm,8,bf16_tensor,143040.0,l2,41548192.0,,0.0,,,zero_counted_flops,1467
989,2728813,0,1,7,_softmax_mask_vector,"(1836, 1, 1)","(128, 1, 1)","Prefix: Prefix masked softmax | _softmax_mask_vector | grid=(1836, 1, 1) block=(128, 1, 1)",vlm.prefix.step-1.layer14._softmax_mask_vector.line1467/_softmax_mask_vector,vlm.prefix.step-1.layer14._softmax_mask_vector.line1467,vlm,8,fp32_simt,143040.0,l2,41548192.0,,35868096.0,0.863288972959401,0.2507557046979865,ok,1467
990,2728813,0,1,7,_matmul_small,"(1840, 1, 1)","(128, 1, 1)","Prefix: Attention P × V | _matmul_small | grid=(1840, 1, 1) block=(128, 1, 1)",vlm.prefix.step-1.layer14._matmul_small.line1476/_matmul_small,vlm.prefix.step-1.layer14._matmul_small.line1476,vlm,4,bf16_tensor,262208.0,l2,221700960.0,,3617587200.0,16.317417840680527,13.79663168171833,ok,1476
990,2728813,0,1,7,_matmul_small,"(1840, 1, 1)","(128, 1, 1)","Prefix: Attention P × V | _matmul_small | grid=(1840, 1, 1) block=(128, 1, 1)",vlm.prefix.step-1.layer14._matmul_small.line1476/_matmul_small,vlm.prefix.step-1.layer14._matmul_small.line1476,vlm,4,fp32_simt,262208.0,l2,221700960.0,,0.0,,,zero_counted_flops,1476
991,2728813,0,1,7,_matmul_small_res,"(480, 1, 1)","(128, 1, 1)","Prefix: Attention output + residual | _matmul_small_res | grid=(480, 1, 1) block=(128, 1, 1)",vlm.prefix.step-1.layer14._matmul_small_res.line1487/_matmul_small_res,vlm.prefix.step-1.layer14._matmul_small_res.line1487,vlm,6,bf16_tensor,217632.00000000003,l2,250128896.0,,8053063680.0,32.195655155332396,37.003123070136745,ok,1487
991,2728813,0,1,7,_matmul_small_res,"(480, 1, 1)","(128, 1, 1)","Prefix: Attention output + residual | _matmul_small_res | grid=(480, 1, 1) block=(128, 1, 1)",vlm.prefix.step-1.layer14._matmul_small_res.line1487/_matmul_small_res,vlm.prefix.step-1.layer14._matmul_small_res.line1487,vlm,6,fp32_simt,217632.00000000003,l2,250128896.0,,0.0,,,zero_counted_flops,1487
992,2728813,0,1,7,_rms_norm_kernel,"(918, 1, 1)","(128, 1, 1)","Prefix: RMSNorm (pre-FFN) | _rms_norm_kernel | grid=(918, 1, 1) block=(128, 1, 1)",vlm.prefix.step-1.layer14._rms_norm_kernel.line1499/_rms_norm_kernel,vlm.prefix.step-1.layer14._rms_norm_kernel.line1499,vlm,10,bf16_tensor,34592.0,l2,8382304.0,,0.0,,,zero_counted_flops,1499
992,2728813,0,1,7,_rms_norm_kernel,"(918, 1, 1)","(128, 1, 1)","Prefix: RMSNorm (pre-FFN) | _rms_norm_kernel | grid=(918, 1, 1) block=(128, 1, 1)",vlm.prefix.step-1.layer14._rms_norm_kernel.line1499/_rms_norm_kernel,vlm.prefix.step-1.layer14._rms_norm_kernel.line1499,vlm,10,fp32_simt,34592.0,l2,8382304.0,,10340352.0,1.233593055083662,0.29892321924144305,ok,1499
993,2728813,0,1,7,nvjet_sm110_tst_256x232_64x3_1x2_h_bz_NNT,"(512, 1, 1)","(256, 1, 1)","Prefix FFN: gate/up projection | nvjet_sm110_tst_256x232_64x3_1x2_h_bz_NNT | grid=(512, 1, 1) block=(256, 1, 1)",vlm.prefix.layer14.FFN/nvjet_sm110_tst_256x232_64x3_1x2_h_bz_NNT,vlm.prefix.layer14.FFN,vlm,3,bf16_tensor,863296.0,l2,812126880.0,,124554051584.0,153.3677244915228,144.2773412410112,ok,
993,2728813,0,1,7,nvjet_sm110_tst_256x232_64x3_1x2_h_bz_NNT,"(512, 1, 1)","(256, 1, 1)","Prefix FFN: gate/up projection | nvjet_sm110_tst_256x232_64x3_1x2_h_bz_NNT | grid=(512, 1, 1) block=(256, 1, 1)",vlm.prefix.layer14.FFN/nvjet_sm110_tst_256x232_64x3_1x2_h_bz_NNT,vlm.prefix.layer14.FFN,vlm,3,fp32_simt,863296.0,l2,812126880.0,,60817408.0,0.07488658422437637,0.0704479205278375,ok,
994,2728813,0,1,7,triton_poi_fused_gelu_mul_split_0,"(29376, 1, 1)","(128, 1, 1)","Prefix FFN: GELU product | triton_poi_fused_gelu_mul_split_0 | grid=(29376, 1, 1) block=(128, 1, 1)",vlm.prefix.layer14.FFN/triton_poi_fused_gelu_mul_split_0,vlm.prefix.layer14.FFN,vlm,1,bf16_tensor,342944.0,l2,90354208.0,,0.0,,,zero_counted_flops,
994,2728813,0,1,7,triton_poi_fused_gelu_mul_split_0,"(29376, 1, 1)","(128, 1, 1)","Prefix FFN: GELU product | triton_poi_fused_gelu_mul_split_0 | grid=(29376, 1, 1) block=(128, 1, 1)",vlm.prefix.layer14.FFN/triton_poi_fused_gelu_mul_split_0,vlm.prefix.layer14.FFN,vlm,1,fp32_simt,342944.0,l2,90354208.0,,234049865.0,2.5903593222797103,0.6824725465382102,ok,
995,2728813,0,1,7,nvjet_sm110_tst_256x184_64x3_2x1_v_badd_NNT,"(40, 1, 1)","(256, 1, 1)","Prefix FFN: down + residual | nvjet_sm110_tst_256x184_64x3_2x1_v_badd_NNT | grid=(40, 1, 1) block=(256, 1, 1)",vlm.prefix.layer14.FFN/nvjet_sm110_tst_256x184_64x3_2x1_v_badd_NNT,vlm.prefix.layer14.FFN,vlm,2,bf16_tensor,790976.0000000001,l2,450303200.0,,61740154880.0,137.10796387856004,78.05566146128326,ok,
995,2728813,0,1,7,nvjet_sm110_tst_256x184_64x3_2x1_v_badd_NNT,"(40, 1, 1)","(256, 1, 1)","Prefix FFN: down + residual | nvjet_sm110_tst_256x184_64x3_2x1_v_badd_NNT | grid=(40, 1, 1) block=(256, 1, 1)",vlm.prefix.layer14.FFN/nvjet_sm110_tst_256x184_64x3_2x1_v_badd_NNT,vlm.prefix.layer14.FFN,vlm,2,fp32_simt,790976.0000000001,l2,450303200.0,,3768320.0,0.008368405998447268,0.004764139493486527,ok,
996,2728813,0,1,7,_rms_norm_kernel,"(918, 1, 1)","(128, 1, 1)","Prefix: RMSNorm (pre-attention) | _rms_norm_kernel | grid=(918, 1, 1) block=(128, 1, 1)",vlm.prefix.step-1.layer15._rms_norm_kernel.line1429/_rms_norm_kernel,vlm.prefix.step-1.layer15._rms_norm_kernel.line1429,vlm,11,bf16_tensor,28864.0,l2,8371744.0,,0.0,,,zero_counted_flops,1429
996,2728813,0,1,7,_rms_norm_kernel,"(918, 1, 1)","(128, 1, 1)","Prefix: RMSNorm (pre-attention) | _rms_norm_kernel | grid=(918, 1, 1) block=(128, 1, 1)",vlm.prefix.step-1.layer15._rms_norm_kernel.line1429/_rms_norm_kernel,vlm.prefix.step-1.layer15._rms_norm_kernel.line1429,vlm,11,fp32_simt,28864.0,l2,8371744.0,,10340352.0,1.2351490919932573,0.35824390243902443,ok,1429
997,2728813,0,1,7,_matmul_gemma_rope_qkv,"(29, 10, 1)","(128, 1, 1)","Prefix: QKV projection + Gemma RoPE | _matmul_gemma_rope_qkv | grid=(29, 10, 1) block=(128, 1, 1)",vlm.prefix.step-1.layer15._matmul_gemma_rope_qkv.line1437/_matmul_gemma_rope_qkv,vlm.prefix.step-1.layer15._matmul_gemma_rope_qkv.line1437,vlm,9,bf16_tensor,257440.0,l2,344459424.0,,9730785280.0,28.249438401197583,37.79826476072095,ok,1437
997,2728813,0,1,7,_matmul_gemma_rope_qkv,"(29, 10, 1)","(128, 1, 1)","Prefix: QKV projection + Gemma RoPE | _matmul_gemma_rope_qkv | grid=(29, 10, 1) block=(128, 1, 1)",vlm.prefix.step-1.layer15._matmul_gemma_rope_qkv.line1437/_matmul_gemma_rope_qkv,vlm.prefix.step-1.layer15._matmul_gemma_rope_qkv.line1437,vlm,9,fp32_simt,257440.0,l2,344459424.0,,6414336.0,0.01862145597735192,0.024915848353014292,ok,1437
998,2728813,0,1,7,_matmul_abt_scale,"(6670, 1, 1)","(128, 1, 1)","Prefix: Attention QKᵀ + scale | _matmul_abt_scale | grid=(6670, 1, 1) block=(128, 1, 1)",vlm.prefix.step-1.layer15._matmul_abt_scale.line1455/_matmul_abt_scale,vlm.prefix.step-1.layer15._matmul_abt_scale.line1455,vlm,5,bf16_tensor,254816.0,l2,243095040.0,,3497000960.0,14.385324192546257,13.72363179706141,ok,1455
998,2728813,0,1,7,_matmul_abt_scale,"(6670, 1, 1)","(128, 1, 1)","Prefix: Attention QKᵀ + scale | _matmul_abt_scale | grid=(6670, 1, 1) block=(128, 1, 1)",vlm.prefix.step-1.layer15._matmul_abt_scale.line1455/_matmul_abt_scale,vlm.prefix.step-1.layer15._matmul_abt_scale.line1455,vlm,5,fp32_simt,254816.0,l2,243095040.0,,6830080.0,0.028096336313566908,0.026803968353635566,ok,1455
999,2728813,0,1,7,_softmax_mask_vector,"(1836, 1, 1)","(128, 1, 1)","Prefix: Prefix masked softmax | _softmax_mask_vector | grid=(1836, 1, 1) block=(128, 1, 1)",vlm.prefix.step-1.layer15._softmax_mask_vector.line1467/_softmax_mask_vector,vlm.prefix.step-1.layer15._softmax_mask_vector.line1467,vlm,8,bf16_tensor,173088.0,l2,41604640.0,,0.0,,,zero_counted_flops,1467
999,2728813,0,1,7,_softmax_mask_vector,"(1836, 1, 1)","(128, 1, 1)","Prefix: Prefix masked softmax | _softmax_mask_vector | grid=(1836, 1, 1) block=(128, 1, 1)",vlm.prefix.step-1.layer15._softmax_mask_vector.line1467/_softmax_mask_vector,vlm.prefix.step-1.layer15._softmax_mask_vector.line1467,vlm,8,fp32_simt,173088.0,l2,41604640.0,,35868096.0,0.8621176868733872,0.20722462562396005,ok,1467
1000,2728813,0,1,7,_matmul_small,"(1840, 1, 1)","(128, 1, 1)","Prefix: Attention P × V | _matmul_small | grid=(1840, 1, 1) block=(128, 1, 1)",vlm.prefix.step-1.layer15._matmul_small.line1476/_matmul_small,vlm.prefix.step-1.layer15._matmul_small.line1476,vlm,4,bf16_tensor,267200.0,l2,221951232.0,,3617587200.0,16.299018335703582,13.538874251497006,ok,1476
1000,2728813,0,1,7,_matmul_small,"(1840, 1, 1)","(128, 1, 1)","Prefix: Attention P × V | _matmul_small | grid=(1840, 1, 1) block=(128, 1, 1)",vlm.prefix.step-1.layer15._matmul_small.line1476/_matmul_small,vlm.prefix.step-1.layer15._matmul_small.line1476,vlm,4,fp32_simt,267200.0,l2,221951232.0,,0.0,,,zero_counted_flops,1476
1001,2728813,0,1,7,_matmul_small_res,"(480, 1, 1)","(128, 1, 1)","Prefix: Attention output + residual | _matmul_small_res | grid=(480, 1, 1) block=(128, 1, 1)",vlm.prefix.step-1.layer15._matmul_small_res.line1487/_matmul_small_res,vlm.prefix.step-1.layer15._matmul_small_res.line1487,vlm,6,bf16_tensor,215616.00000000003,l2,250328352.0,,8053063680.0,32.170002381512106,37.34910062333036,ok,1487
1001,2728813,0,1,7,_matmul_small_res,"(480, 1, 1)","(128, 1, 1)","Prefix: Attention output + residual | _matmul_small_res | grid=(480, 1, 1) block=(128, 1, 1)",vlm.prefix.step-1.layer15._matmul_small_res.line1487/_matmul_small_res,vlm.prefix.step-1.layer15._matmul_small_res.line1487,vlm,6,fp32_simt,215616.00000000003,l2,250328352.0,,0.0,,,zero_counted_flops,1487
1002,2728813,0,1,7,_rms_norm_kernel,"(918, 1, 1)","(128, 1, 1)","Prefix: RMSNorm (pre-FFN) | _rms_norm_kernel | grid=(918, 1, 1) block=(128, 1, 1)",vlm.prefix.step-1.layer15._rms_norm_kernel.line1499/_rms_norm_kernel,vlm.prefix.step-1.layer15._rms_norm_kernel.line1499,vlm,10,bf16_tensor,30912.000000000004,l2,8361824.0,,0.0,,,zero_counted_flops,1499
1002,2728813,0,1,7,_rms_norm_kernel,"(918, 1, 1)","(128, 1, 1)","Prefix: RMSNorm (pre-FFN) | _rms_norm_kernel | grid=(918, 1, 1) block=(128, 1, 1)",vlm.prefix.step-1.layer15._rms_norm_kernel.line1499/_rms_norm_kernel,vlm.prefix.step-1.layer15._rms_norm_kernel.line1499,vlm,10,fp32_simt,30912.000000000004,l2,8361824.0,,10340352.0,1.2366144037473163,0.3345093167701863,ok,1499
1003,2728813,0,1,7,nvjet_sm110_tst_256x232_64x3_1x2_h_bz_NNT,"(512, 1, 1)","(256, 1, 1)","Prefix FFN: gate/up projection | nvjet_sm110_tst_256x232_64x3_1x2_h_bz_NNT | grid=(512, 1, 1) block=(256, 1, 1)",vlm.prefix.layer15.FFN/nvjet_sm110_tst_256x232_64x3_1x2_h_bz_NNT,vlm.prefix.layer15.FFN,vlm,3,bf16_tensor,839680.0000000001,l2,811975136.0,,124554051584.0,153.39638624599462,148.33514146341463,ok,
1003,2728813,0,1,7,nvjet_sm110_tst_256x232_64x3_1x2_h_bz_NNT,"(512, 1, 1)","(256, 1, 1)","Prefix FFN: gate/up projection | nvjet_sm110_tst_256x232_64x3_1x2_h_bz_NNT | grid=(512, 1, 1) block=(256, 1, 1)",vlm.prefix.layer15.FFN/nvjet_sm110_tst_256x232_64x3_1x2_h_bz_NNT,vlm.prefix.layer15.FFN,vlm,3,fp32_simt,839680.0000000001,l2,811975136.0,,60817408.0,0.07490057922167706,0.07242926829268292,ok,
1004,2728813,0,1,7,triton_poi_fused_gelu_mul_split_0,"(29376, 1, 1)","(128, 1, 1)","Prefix FFN: GELU product | triton_poi_fused_gelu_mul_split_0 | grid=(29376, 1, 1) block=(128, 1, 1)",vlm.prefix.layer15.FFN/triton_poi_fused_gelu_mul_split_0,vlm.prefix.layer15.FFN,vlm,1,bf16_tensor,340032.00000000006,l2,90353696.0,,0.0,,,zero_counted_flops,
1004,2728813,0,1,7,triton_poi_fused_gelu_mul_split_0,"(29376, 1, 1)","(128, 1, 1)","Prefix FFN: GELU product | triton_poi_fused_gelu_mul_split_0 | grid=(29376, 1, 1) block=(128, 1, 1)",vlm.prefix.layer15.FFN/triton_poi_fused_gelu_mul_split_0,vlm.prefix.layer15.FFN,vlm,1,fp32_simt,340032.00000000006,l2,90353696.0,,232868846.0,2.577302936229637,0.684843914690382,ok,
1005,2728813,0,1,7,nvjet_sm110_tst_256x184_64x3_2x1_v_badd_NNT,"(40, 1, 1)","(256, 1, 1)","Prefix FFN: down + residual | nvjet_sm110_tst_256x184_64x3_2x1_v_badd_NNT | grid=(40, 1, 1) block=(256, 1, 1)",vlm.prefix.layer15.FFN/nvjet_sm110_tst_256x184_64x3_2x1_v_badd_NNT,vlm.prefix.layer15.FFN,vlm,2,bf16_tensor,782336.0,l2,447115200.0,,61740154880.0,138.08556470457725,78.91769633507853,ok,
1005,2728813,0,1,7,nvjet_sm110_tst_256x184_64x3_2x1_v_badd_NNT,"(40, 1, 1)","(256, 1, 1)","Prefix FFN: down + residual | nvjet_sm110_tst_256x184_64x3_2x1_v_badd_NNT | grid=(40, 1, 1) block=(256, 1, 1)",vlm.prefix.layer15.FFN/nvjet_sm110_tst_256x184_64x3_2x1_v_badd_NNT,vlm.prefix.layer15.FFN,vlm,2,fp32_simt,782336.0,l2,447115200.0,,3768320.0,0.008428074017613358,0.0048167539267015705,ok,
1006,2728813,0,1,7,_rms_norm_kernel,"(918, 1, 1)","(128, 1, 1)","Prefix: RMSNorm (pre-attention) | _rms_norm_kernel | grid=(918, 1, 1) block=(128, 1, 1)",vlm.prefix.step-1.layer16._rms_norm_kernel.line1429/_rms_norm_kernel,vlm.prefix.step-1.layer16._rms_norm_kernel.line1429,vlm,11,bf16_tensor,28928.0,l2,8287584.0,,0.0,,,zero_counted_flops,1429
1006,2728813,0,1,7,_rms_norm_kernel,"(918, 1, 1)","(128, 1, 1)","Prefix: RMSNorm (pre-attention) | _rms_norm_kernel | grid=(918, 1, 1) block=(128, 1, 1)",vlm.prefix.step-1.layer16._rms_norm_kernel.line1429/_rms_norm_kernel,vlm.prefix.step-1.layer16._rms_norm_kernel.line1429,vlm,11,fp32_simt,28928.0,l2,8287584.0,,10340352.0,1.247691969094974,0.3574513274336283,ok,1429
1007,2728813,0,1,7,_matmul_gemma_rope_qkv,"(29, 10, 1)","(128, 1, 1)","Prefix: QKV projection + Gemma RoPE | _matmul_gemma_rope_qkv | grid=(29, 10, 1) block=(128, 1, 1)",vlm.prefix.step-1.layer16._matmul_gemma_rope_qkv.line1437/_matmul_gemma_rope_qkv,vlm.prefix.step-1.layer16._matmul_gemma_rope_qkv.line1437,vlm,9,bf16_tensor,251872.0,l2,344572096.0,,9730785280.0,28.24020108697368,38.633850844873585,ok,1437
1007,2728813,0,1,7,_matmul_gemma_rope_qkv,"(29, 10, 1)","(128, 1, 1)","Prefix: QKV projection + Gemma RoPE | _matmul_gemma_rope_qkv | grid=(29, 10, 1) block=(128, 1, 1)",vlm.prefix.step-1.layer16._matmul_gemma_rope_qkv.line1437/_matmul_gemma_rope_qkv,vlm.prefix.step-1.layer16._matmul_gemma_rope_qkv.line1437,vlm,9,fp32_simt,251872.0,l2,344572096.0,,6414336.0,0.018615366927448473,0.025466649726845383,ok,1437
1008,2728813,0,1,7,_matmul_abt_scale,"(6670, 1, 1)","(128, 1, 1)","Prefix: Attention QKᵀ + scale | _matmul_abt_scale | grid=(6670, 1, 1) block=(128, 1, 1)",vlm.prefix.step-1.layer16._matmul_abt_scale.line1455/_matmul_abt_scale,vlm.prefix.step-1.layer16._matmul_abt_scale.line1455,vlm,5,bf16_tensor,254208.00000000003,l2,243142912.0,,3497000960.0,14.382491890201594,13.756455186304128,ok,1455
1008,2728813,0,1,7,_matmul_abt_scale,"(6670, 1, 1)","(128, 1, 1)","Prefix: Attention QKᵀ + scale | _matmul_abt_scale | grid=(6670, 1, 1) block=(128, 1, 1)",vlm.prefix.step-1.layer16._matmul_abt_scale.line1455/_matmul_abt_scale,vlm.prefix.step-1.layer16._matmul_abt_scale.line1455,vlm,5,fp32_simt,254208.00000000003,l2,243142912.0,,6830080.0,0.02809080447304999,0.02686807653575025,ok,1455
1009,2728813,0,1,7,_softmax_mask_vector,"(1836, 1, 1)","(128, 1, 1)","Prefix: Prefix masked softmax | _softmax_mask_vector | grid=(1836, 1, 1) block=(128, 1, 1)",vlm.prefix.step-1.layer16._softmax_mask_vector.line1467/_softmax_mask_vector,vlm.prefix.step-1.layer16._softmax_mask_vector.line1467,vlm,8,bf16_tensor,133888.0,l2,41590112.0,,0.0,,,zero_counted_flops,1467
1009,2728813,0,1,7,_softmax_mask_vector,"(1836, 1, 1)","(128, 1, 1)","Prefix: Prefix masked softmax | _softmax_mask_vector | grid=(1836, 1, 1) block=(128, 1, 1)",vlm.prefix.step-1.layer16._softmax_mask_vector.line1467/_softmax_mask_vector,vlm.prefix.step-1.layer16._softmax_mask_vector.line1467,vlm,8,fp32_simt,133888.0,l2,41590112.0,,35868096.0,0.8624188364772858,0.26789627151051626,ok,1467
1010,2728813,0,1,7,_matmul_small,"(1840, 1, 1)","(128, 1, 1)","Prefix: Attention P × V | _matmul_small | grid=(1840, 1, 1) block=(128, 1, 1)",vlm.prefix.step-1.layer16._matmul_small.line1476/_matmul_small,vlm.prefix.step-1.layer16._matmul_small.line1476,vlm,4,bf16_tensor,262272.0,l2,221914656.0,,3617587200.0,16.301704741844542,13.793265007320642,ok,1476
1010,2728813,0,1,7,_matmul_small,"(1840, 1, 1)","(128, 1, 1)","Prefix: Attention P × V | _matmul_small | grid=(1840, 1, 1) block=(128, 1, 1)",vlm.prefix.step-1.layer16._matmul_small.line1476/_matmul_small,vlm.prefix.step-1.layer16._matmul_small.line1476,vlm,4,fp32_simt,262272.0,l2,221914656.0,,0.0,,,zero_counted_flops,1476
1011,2728813,0,1,7,_matmul_small_res,"(480, 1, 1)","(128, 1, 1)","Prefix: Attention output + residual | _matmul_small_res | grid=(480, 1, 1) block=(128, 1, 1)",vlm.prefix.step-1.layer16._matmul_small_res.line1487/_matmul_small_res,vlm.prefix.step-1.layer16._matmul_small_res.line1487,vlm,6,bf16_tensor,214048.00000000003,l2,249472288.0,,8053063680.0,32.280393724532644,37.62269995515024,ok,1487
1011,2728813,0,1,7,_matmul_small_res,"(480, 1, 1)","(128, 1, 1)","Prefix: Attention output + residual | _matmul_small_res | grid=(480, 1, 1) block=(128, 1, 1)",vlm.prefix.step-1.layer16._matmul_small_res.line1487/_matmul_small_res,vlm.prefix.step-1.layer16._matmul_small_res.line1487,vlm,6,fp32_simt,214048.00000000003,l2,249472288.0,,0.0,,,zero_counted_flops,1487
1012,2728813,0,1,7,_rms_norm_kernel,"(918, 1, 1)","(128, 1, 1)","Prefix: RMSNorm (pre-FFN) | _rms_norm_kernel | grid=(918, 1, 1) block=(128, 1, 1)",vlm.prefix.step-1.layer16._rms_norm_kernel.line1499/_rms_norm_kernel,vlm.prefix.step-1.layer16._rms_norm_kernel.line1499,vlm,10,bf16_tensor,27616.0,l2,8315840.0,,0.0,,,zero_counted_flops,1499
1012,2728813,0,1,7,_rms_norm_kernel,"(918, 1, 1)","(128, 1, 1)","Prefix: RMSNorm (pre-FFN) | _rms_norm_kernel | grid=(918, 1, 1) block=(128, 1, 1)",vlm.prefix.step-1.layer16._rms_norm_kernel.line1499/_rms_norm_kernel,vlm.prefix.step-1.layer16._rms_norm_kernel.line1499,vlm,10,fp32_simt,27616.0,l2,8315840.0,,10340352.0,1.2434524954785084,0.374433371958285,ok,1499
1013,2728813,0,1,7,nvjet_sm110_tst_256x232_64x3_1x2_h_bz_NNT,"(512, 1, 1)","(256, 1, 1)","Prefix FFN: gate/up projection | nvjet_sm110_tst_256x232_64x3_1x2_h_bz_NNT | grid=(512, 1, 1) block=(256, 1, 1)",vlm.prefix.layer16.FFN/nvjet_sm110_tst_256x232_64x3_1x2_h_bz_NNT,vlm.prefix.layer16.FFN,vlm,3,bf16_tensor,850592.0,l2,812395712.0,,124554051584.0,153.31697317476733,146.43219261878784,ok,
1013,2728813,0,1,7,nvjet_sm110_tst_256x232_64x3_1x2_h_bz_NNT,"(512, 1, 1)","(256, 1, 1)","Prefix FFN: gate/up projection | nvjet_sm110_tst_256x232_64x3_1x2_h_bz_NNT | grid=(512, 1, 1) block=(256, 1, 1)",vlm.prefix.layer16.FFN/nvjet_sm110_tst_256x232_64x3_1x2_h_bz_NNT,vlm.prefix.layer16.FFN,vlm,3,fp32_simt,850592.0,l2,812395712.0,,60817408.0,0.07486180330799186,0.0715000940521425,ok,
1014,2728813,0,1,7,triton_poi_fused_gelu_mul_split_0,"(29376, 1, 1)","(128, 1, 1)","Prefix FFN: GELU product | triton_poi_fused_gelu_mul_split_0 | grid=(29376, 1, 1) block=(128, 1, 1)",vlm.prefix.layer16.FFN/triton_poi_fused_gelu_mul_split_0,vlm.prefix.layer16.FFN,vlm,1,bf16_tensor,338720.00000000006,l2,90353728.0,,0.0,,,zero_counted_flops,
1014,2728813,0,1,7,triton_poi_fused_gelu_mul_split_0,"(29376, 1, 1)","(128, 1, 1)","Prefix FFN: GELU product | triton_poi_fused_gelu_mul_split_0 | grid=(29376, 1, 1) block=(128, 1, 1)",vlm.prefix.layer16.FFN/triton_poi_fused_gelu_mul_split_0,vlm.prefix.layer16.FFN,vlm,1,fp32_simt,338720.00000000006,l2,90353728.0,,231130900.0,2.5580671115197373,0.6823656707605101,ok,
1015,2728813,0,1,7,nvjet_sm110_tst_256x184_64x3_2x1_v_badd_NNT,"(40, 1, 1)","(256, 1, 1)","Prefix FFN: down + residual | nvjet_sm110_tst_256x184_64x3_2x1_v_badd_NNT | grid=(40, 1, 1) block=(256, 1, 1)",vlm.prefix.layer16.FFN/nvjet_sm110_tst_256x184_64x3_2x1_v_badd_NNT,vlm.prefix.layer16.FFN,vlm,2,bf16_tensor,823488.0,l2,446856992.0,,61740154880.0,138.16535487935255,74.97395818761171,ok,
1015,2728813,0,1,7,nvjet_sm110_tst_256x184_64x3_2x1_v_badd_NNT,"(40, 1, 1)","(256, 1, 1)","Prefix FFN: down + residual | nvjet_sm110_tst_256x184_64x3_2x1_v_badd_NNT | grid=(40, 1, 1) block=(256, 1, 1)",vlm.prefix.layer16.FFN/nvjet_sm110_tst_256x184_64x3_2x1_v_badd_NNT,vlm.prefix.layer16.FFN,vlm,2,fp32_simt,823488.0,l2,446856992.0,,3768320.0,0.008432944023397983,0.004576047252661848,ok,
1016,2728813,0,1,7,_rms_norm_kernel,"(918, 1, 1)","(128, 1, 1)","Prefix: RMSNorm (pre-attention) | _rms_norm_kernel | grid=(918, 1, 1) block=(128, 1, 1)",vlm.prefix.step-1.layer17._rms_norm_kernel.line1429/_rms_norm_kernel,vlm.prefix.step-1.layer17._rms_norm_kernel.line1429,vlm,11,bf16_tensor,29696.0,l2,8323168.0,,0.0,,,zero_counted_flops,1429
1016,2728813,0,1,7,_rms_norm_kernel,"(918, 1, 1)","(128, 1, 1)","Prefix: RMSNorm (pre-attention) | _rms_norm_kernel | grid=(918, 1, 1) block=(128, 1, 1)",vlm.prefix.step-1.layer17._rms_norm_kernel.line1429/_rms_norm_kernel,vlm.prefix.step-1.layer17._rms_norm_kernel.line1429,vlm,11,fp32_simt,29696.0,l2,8323168.0,,10340352.0,1.2423577176382838,0.3482068965517241,ok,1429
1017,2728813,0,1,7,_matmul_gemma_rope_qkv,"(29, 10, 1)","(128, 1, 1)","Prefix: QKV projection + Gemma RoPE | _matmul_gemma_rope_qkv | grid=(29, 10, 1) block=(128, 1, 1)",vlm.prefix.step-1.layer17._matmul_gemma_rope_qkv.line1437/_matmul_gemma_rope_qkv,vlm.prefix.step-1.layer17._matmul_gemma_rope_qkv.line1437,vlm,9,bf16_tensor,251424.00000000003,l2,343948224.0,,9730785280.0,28.291424700015313,38.70269059437444,ok,1437
1017,2728813,0,1,7,_matmul_gemma_rope_qkv,"(29, 10, 1)","(128, 1, 1)","Prefix: QKV projection + Gemma RoPE | _matmul_gemma_rope_qkv | grid=(29, 10, 1) block=(128, 1, 1)",vlm.prefix.step-1.layer17._matmul_gemma_rope_qkv.line1437/_matmul_gemma_rope_qkv,vlm.prefix.step-1.layer17._matmul_gemma_rope_qkv.line1437,vlm,9,fp32_simt,251424.00000000003,l2,343948224.0,,6414336.0,0.018649132492685877,0.02551202749140893,ok,1437
